symptom_text,true_department,predicted_department,top1_probability,top2_probability,confidence_margin,is_correct
My muscles in my lower back are aching. 😣,Orthopedics,Orthopedics,0.4725,0.0502,0.4223,True
My hair is falling when I am combing it 💇‍♀️.,Dermatology,Dermatology,0.7363,0.0366,0.6997,True
"Can't carry anything, my shoulder's in pain 😣",Orthopedics,Orthopedics,0.7492,0.0199,0.7293,True
"I get stuck on the first sound of a word, like... uh... like that",Neurology,Neurology,0.1563,0.1532,0.0031,True
I have blurry vision after I used some wrong medicine. 👁️,Ophthalmology,Ophthalmology,0.7080,0.0270,0.6810,True
I can’t stand up without feeling like my brain’s moving inside my skull. It’s excruciating 😫,Neurology,Neurology,0.5362,0.0708,0.4654,True
"Every morning when I wake up, my neck feels like I slept in the wrong position. It’s stiff and sore 😣",Orthopedics,Orthopedics,0.5537,0.0483,0.5054,True
"My body is weak, even vitamins aren't helping 🥱",General Medicine,General Medicine,0.4984,0.0658,0.4326,True
"I get shoulder pain whenever I try to carry my groceries, it’s painful 💪",Orthopedics,Orthopedics,0.6956,0.0287,0.6668,True
"I feel increased heart rate and sharp pricks in my chest, should I be concerned? 💔",Cardiology,Cardiology,0.6533,0.0598,0.5936,True
My left shoulder pain is unbearable right now 😣,Orthopedics,Orthopedics,0.6492,0.0794,0.5697,True
I’ve been feeling more fatigued lately. is that a sign?,Endocrinology,Psychiatry,0.2959,0.1123,0.1837,False
"My throat feels so dry, like I can’t even swallow properly 😣",Pulmonology,Pulmonology,0.3007,0.1010,0.1997,True
"I’m having trouble hearing, like it’s all muffled and distant 🎧",ENT,Urology,0.1557,0.1150,0.0407,False
"I have found some issues in my skin and tried to use cream but it doesn’t get better, it's getting worse 😣",Dermatology,Dermatology,0.3946,0.0785,0.3161,True
"I have a problem seeing objects clearly, it’s too difficult to see anything properly 👓",Ophthalmology,Ophthalmology,0.2458,0.1090,0.1368,True
I'm not feeling good; I can’t catch my breath. 😰,Pulmonology,Pulmonology,0.4382,0.0765,0.3616,True
"My wrist and finger are swolen, I can't even hold my coffee cup properly 😩",Orthopedics,Orthopedics,0.1824,0.0815,0.1009,True
I really hate that my kid has to get shots so often. Can we skip some?,Pediatrics,Pediatrics,0.4702,0.1638,0.3064,True
I get really moody if I miss my snack time. 😡,Endocrinology,Orthopedics,0.1212,0.1043,0.0169,False
"Chest acne never goes away, it’s so frustrating 🌞😡",Dermatology,Dermatology,0.5442,0.0702,0.4740,True
Have severe cold and cough 🤧.,Pulmonology,Pulmonology,0.5731,0.1141,0.4590,True
My shoulder feels like it's on fire! The muscles are burning so much. 🔥,Orthopedics,Orthopedics,0.5390,0.0659,0.4731,True
My shoulder muscle hurts when I try to reach up. 💪,Orthopedics,Orthopedics,0.6221,0.0435,0.5786,True
"i have severe dry cough, it's been going on for weeks",Pulmonology,Pulmonology,0.6318,0.0547,0.5771,True
"Hard to breathe, especially after running or any effort 😤",Pulmonology,Pulmonology,0.5240,0.0737,0.4503,True
There’s this sharp shooting pain in my kneecap whenever I work out. It’s so intense 🦵,Orthopedics,Orthopedics,0.5167,0.0491,0.4675,True
"Started as a tinnitus, now it’s throbbing and unbearable 😖",ENT,ENT,0.5270,0.0682,0.4588,True
"Can’t stop coughing, it’s so annoying 😤",Pulmonology,Pulmonology,0.5600,0.0469,0.5131,True
"I can't stop coughing, it’s relentless and keeping me awake 😷",Pulmonology,Pulmonology,0.4456,0.0605,0.3851,True
"I have a strong shoulder pain, it's been going on for days now 🤕",Orthopedics,Orthopedics,0.6162,0.0333,0.5829,True
I'm suffering from a sharp cough accompanied by phlegm 🤧.,Pulmonology,Pulmonology,0.5675,0.0518,0.5157,True
I have cloudy eyes 👓,Ophthalmology,Ophthalmology,0.6447,0.0366,0.6081,True
"My asthma flares up every time the weather changes, is that normal? 😣",Pulmonology,Pulmonology,0.2307,0.0817,0.1490,True
"My chest broke out with red pimples and whiteheads, feels terrible 🧴",Dermatology,Dermatology,0.4623,0.0905,0.3717,True
"I’m having trouble breathing, is it possible that I’m having a heart attack? 😧",Pulmonology,Pulmonology,0.2648,0.1282,0.1366,True
I can’t walk at all because my foot ache is sooo bad ??,Orthopedics,Orthopedics,0.5952,0.0549,0.5403,True
Why am i bleeding after sex? so awkward to tell my bf..,Gynecology,Gynecology,0.5521,0.0511,0.5010,True
I cannot breathe because of this dull ache below my left shoulder. 💓,Cardiology,Cardiology,0.4893,0.1595,0.3298,True
I have a pain in my elbow joint 💪.,Orthopedics,Orthopedics,0.5025,0.0487,0.4538,True
My hair falls out just by running a comb through it. It’s really stressing me out 😰,Dermatology,Dermatology,0.4531,0.0721,0.3810,True
"i get joint pain when i try to bend my leg or arm, it's so stiff 🤕",Orthopedics,Orthopedics,0.7235,0.0261,0.6973,True
"I’m havin’ troubel followin’ conversashuns, and it’s makin’ me feel lost",Neurology,Neurology,0.1895,0.1013,0.0881,True
"Right shoulder clicks when I move it, really annoying and painful 🤕",Orthopedics,Orthopedics,0.5140,0.0661,0.4479,True
i can't move my shoulder because of pain 🦵,Orthopedics,Orthopedics,0.8593,0.0192,0.8401,True
I heard some kids need more shots than others... how do they decide? 🤔,Pediatrics,Pediatrics,0.5750,0.0541,0.5209,True
"When I tried to answer the phone, I couldn’t hear the speaker’s voice clearly 👂",ENT,ENT,0.1872,0.0929,0.0943,True
I feel like my memory is just fading away... it’s scary!,Neurology,Psychiatry,0.2584,0.1249,0.1336,False
I’m feeling cold though the temperature is high. It’s likke I’m freezing all the time ❄️,General Medicine,General Medicine,0.6612,0.0334,0.6278,True
"When I extend my leg, there’s pain in my knee joint, it’s really bothering me 😣",Orthopedics,Orthopedics,0.6663,0.0363,0.6300,True
"I can't stand with this horrible feeling in my stomach, it’s unbearable 😖",Gastroenterology,Gastroenterology,0.6518,0.0526,0.5992,True
"I often get a sharp pain in my chest and I can't figure out what's causing it, sometimes I think it's just stress 💔",Cardiology,Cardiology,0.3265,0.0910,0.2355,True
"My knee hurts so badly when I walk, it’s really painful 😵.",Orthopedics,Orthopedics,0.6356,0.0438,0.5918,True
"I have pain in my colon and stomach like something’s cutting it, it’s really painful 😖",Gastroenterology,Gastroenterology,0.5790,0.1145,0.4645,True
"I get these sharp pains in my elbows and shoulders, especially when I try to lift things",Orthopedics,Orthopedics,0.3758,0.0788,0.2970,True
i feel a horrible pain in my stomch 😖,Gastroenterology,Orthopedics,0.3460,0.1060,0.2400,False
My cough is really heavy and I’ve got mucus. It’s making it hard to breathe properly 😢,Pulmonology,Pulmonology,0.6992,0.0319,0.6674,True
"I feel so sore in my stomach area, it’s like a constant ache that’s hard to ignore 😖",Gastroenterology,Gastroenterology,0.5680,0.0537,0.5143,True
"My skin is super pale compared to before, am I lacking something?",Dermatology,Dermatology,0.4329,0.0738,0.3591,True
"There’s something dark on my arm, not sure what it is but it’s bothering me 😟",Dermatology,Dermatology,0.3800,0.1017,0.2782,True
Feel sharp pain in my heart when I wake up in the morning 😓,Cardiology,Cardiology,0.5728,0.1162,0.4567,True
"I feel joint pain every time I move, it's like my joints are on fire 🔥",Orthopedics,Orthopedics,0.5787,0.0576,0.5211,True
"My calves feel tight as knots and keep throbbing, it’s so uncomfortable 😖",Orthopedics,Orthopedics,0.2865,0.0879,0.1986,True
I feel really sad and like there’s a heavy emotional pain inside me 💔,Psychiatry,Psychiatry,0.6706,0.0695,0.6011,True
"I feel disoriented an cant remember where I am somtimes, it’s scary 😢",Neurology,Psychiatry,0.3197,0.1383,0.1814,False
There’s a sharp pain in my bicep and even after applying pain relief cream it doesn't seem to help 💪,Orthopedics,Orthopedics,0.5044,0.0619,0.4426,True
"I feel a sharp pain in the stomach after eating, it’s really uncomfortable 😣",Gastroenterology,Gastroenterology,0.7301,0.0571,0.6730,True
"I keep gettin random nosebleeds, like outta nowhere, what’s happenin’?",Hematology,Hematology,0.2346,0.0964,0.1382,True
"I have trouble walkin’ and I’m feelin’ unsteaddy on my feets, it’s really scarin’ me 😕",Neurology,Neurology,0.1360,0.1322,0.0038,True
"Soccer accident made my knee buckle, now I can't trust it while walking ⚽🦵",Orthopedics,Orthopedics,0.6094,0.0358,0.5736,True
Feeling like something's stuck when I cough 🤧,Pulmonology,Pulmonology,0.4967,0.0880,0.4087,True
"I get tired too fast, I can barely put on my clothes in the morning. 💪",General Medicine,General Medicine,0.5470,0.0489,0.4981,True
"My acne is so bad, it’s super red and I hate how it looks 😡",Dermatology,Dermatology,0.5228,0.0888,0.4340,True
My ankle's killing me rn 😣,Orthopedics,Orthopedics,0.3455,0.0876,0.2579,True
"My hair is falling out just from combing it, it’s so upsetting 💇‍♀️.",Dermatology,Dermatology,0.6679,0.0422,0.6258,True
When I was washing my hair it was falling out heavily 🧑‍🦲,Dermatology,Dermatology,0.6532,0.0395,0.6137,True
My heart is pumpin' fast and I’m having a hard time breathing 💔,Pulmonology,Pulmonology,0.5094,0.1248,0.3846,True
"I get chills and aches all over my body, it’s really hard to stay warm 🥶",General Medicine,General Medicine,0.5950,0.0452,0.5498,True
"I bleed so much, its like im on my period all month 😣",Gynecology,Gynecology,0.2683,0.0892,0.1791,True
"Lately, I just feel so down all the time, and I can’t seem to shake it off. It’s like a heavy cloud just hovering over me, and even when there’s no reason to be sad, I just feel this constant weight. 😞",Psychiatry,Psychiatry,0.5431,0.0564,0.4867,True
"There's this pain radiating from my chest up to my left arm, I don't know what's going on 💥",Cardiology,Cardiology,0.4081,0.1204,0.2877,True
"My right elbow is hurting really bad after lifting weights, it’s really stiff 😖",Orthopedics,Orthopedics,0.3323,0.1000,0.2323,True
Feels like my entire body is just complaining 😖,Orthopedics,General Medicine,0.4159,0.0906,0.3253,False
Feels like I went to acupuncture and had a hundred needles in my shoulder 🏃‍♂️😳,Orthopedics,Orthopedics,0.4551,0.0672,0.3879,True
"Feels like my lungs are being squeezed, hard to breathe 😫",Pulmonology,Pulmonology,0.6277,0.0514,0.5763,True
"I have a lot of mucus when I cough, it’s gross and makes me feel worse 🤧",Pulmonology,Pulmonology,0.5282,0.0672,0.4610,True
"My head hurts in the back and the pain lasts all day, nothing helps 🤕",Neurology,Neurology,0.6400,0.1037,0.5363,True
"My tooth has been hurtin' for days and it's gettin' worse, what should I do about this pain? 😩",Dentistry,Dentistry,0.4685,0.1354,0.3331,True
"After playing football, I have muscle pain with my both legs, it’s so sore 😫",Orthopedics,Orthopedics,0.7317,0.0240,0.7078,True
I get an ear ache when it is cold 👂.,ENT,ENT,0.7397,0.0801,0.6596,True
"Can’t work well because of this pain in my knee, it’s really affecting my productivity 😢",Orthopedics,Orthopedics,0.4646,0.0564,0.4082,True
"Powerful pain inside my neck, feels like it's being squeezed tight 🤕",Orthopedics,Orthopedics,0.5230,0.1459,0.3771,True
I bumped my foot and it's hurting a lot now 😖.,Orthopedics,Orthopedics,0.4661,0.0750,0.3911,True
When do we need to start thinking about the next vaccines?,Pediatrics,Pediatrics,0.1736,0.1359,0.0377,True
My shoulder muscle hurts when I try to reach up. 😣,Orthopedics,Orthopedics,0.6221,0.0435,0.5786,True
Shower drain's full of hair 😭,Dermatology,Dermatology,0.5827,0.0471,0.5356,True
Been trying for twins but its not working out at all,Gynecology,Orthopedics,0.1613,0.0934,0.0679,False
"Knee pain when I extend my leg, joints r hurting 😖",Orthopedics,Orthopedics,0.7548,0.0212,0.7336,True
"I get joint pain whenever I try to bend my leg or arm, it’s constant and annoying 🤕",Orthopedics,Orthopedics,0.6609,0.0334,0.6274,True
"I’m so stressed out, its been 5 yrs nd still no baby",Gynecology,Gynecology,0.3934,0.2447,0.1487,True
"Got pain in my muscle, tried stretching but it still hurts 😣",Orthopedics,Orthopedics,0.5578,0.0393,0.5185,True
"Back is hurting a lot, can’t get comfortable 🛏️",Orthopedics,Orthopedics,0.2575,0.1091,0.1484,True
"I couldn't stop shaking or unclench my jaw, that's how cold I was. 🥶",General Medicine,General Medicine,0.4589,0.0618,0.3971,True
I feel pain in my back. 🥵,Orthopedics,Orthopedics,0.6808,0.1341,0.5467,True
"Have severe cold and cough, it’s making me feel miserable 🤒",Pulmonology,Pulmonology,0.4136,0.1103,0.3032,True
"I think I might’ve sprained my ankle, it really hurts and is swollen 😖",Orthopedics,Orthopedics,0.4032,0.0817,0.3215,True
Couldn’t work out due to this terrible pain in my nee. It’s just so bad,Orthopedics,Orthopedics,0.2108,0.0946,0.1161,True
"When I eat sugar, my vision gets all blurry, it’s kinda weird 👀",Ophthalmology,Ophthalmology,0.3617,0.2593,0.1024,True
"Whenever I do hard exercises, I feel a great pain in my muscles, it’s unbearable 🏋️",Orthopedics,Orthopedics,0.4902,0.0854,0.4049,True
My knee hurts when I walk 🦵,Orthopedics,Orthopedics,0.7636,0.0230,0.7405,True
"Big patches of irritated pimples on my back, really hurts 😖",Dermatology,Dermatology,0.4290,0.1050,0.3240,True
"Chest breakout with red pimples and whiteheads, so annoying 😣",Dermatology,Dermatology,0.5848,0.0720,0.5128,True
"I had a blood transfushun last month, and now I feel off, is that normall?",Hematology,Hematology,0.5400,0.0595,0.4806,True
I can't move my shoulder at all.. so much pain even when I try 😣,Orthopedics,Orthopedics,0.7884,0.0186,0.7698,True
I feel like I fell in hot water 🥵,Dermatology,Dermatology,0.2335,0.1032,0.1304,True
"My liver tests show elevated levels and I’m feelin' unwell, what should I do next? 😣",Hepatology,Hepatology,0.5491,0.0421,0.5070,True
I’m having a hard time reading because the letters are all fuzzy and it’s straining my eyes 📖,Ophthalmology,Ophthalmology,0.6561,0.0608,0.5952,True
I get breakouts on my chest with red patches that get worse when I get hot,Dermatology,Dermatology,0.4828,0.0728,0.4099,True
"Shoulder hurts so much, can’t lift it properly 😣",Orthopedics,Orthopedics,0.6525,0.0310,0.6215,True
"When I eat sugar, my vision blurs a lot, it’s so strange 🍬",Ophthalmology,Ophthalmology,0.4886,0.0795,0.4091,True
"Every time I take a deep breath I start coughing, it's so annoying! 🤧",Pulmonology,Pulmonology,0.6138,0.0401,0.5738,True
I get so confused with all the numbers on my glucose meter!,Endocrinology,Orthopedics,0.1249,0.1198,0.0051,False
"There’s a sharp pain in my bicep, I’ve tried to apply pain relief cream but it doesn’t help 😣",Orthopedics,Orthopedics,0.4104,0.0788,0.3316,True
"I have pain in my colon and my stomach, like something cutting it, it’s very sharp 😣",Gastroenterology,Gastroenterology,0.6082,0.0752,0.5330,True
My breath always has an unpleasant odor and I don’t kno what to do to fix it 😓,Dentistry,Dentistry,0.4525,0.1034,0.3490,True
"My foot hurts and I can't turn it properly, maybe it’s broken or sprained 🚶‍♂️",Orthopedics,Orthopedics,0.5198,0.0448,0.4750,True
"My son has a lot of acne, it's spreading and it's really bothering him 🤕",Dermatology,Dermatology,0.5215,0.0661,0.4554,True
I have a migraine and I took Panadol but it doesn’t help 🤕,Neurology,Neurology,0.2970,0.0979,0.1991,True
"I feel like my back's killing me right now, hurts when I move 😣",Orthopedics,Orthopedics,0.2801,0.1212,0.1588,True
"Chronic bone issue in my legs, it's just getting worse... help 🦵",Orthopedics,Dermatology,0.1282,0.1145,0.0137,False
I have dry skin 😕,Dermatology,Dermatology,0.6707,0.0396,0.6311,True
"My shoulder aches when I try to lift five pounds, even the smallest weight feels heavy 😖",Orthopedics,Orthopedics,0.4410,0.0771,0.3639,True
"Sometimes I get this sharp pain in my chest, and I don't know what's causing it. It's really worrying. 😬",Cardiology,Cardiology,0.4396,0.0950,0.3446,True
Knife-like pain in my shoulder every time I lift my arm 🔪,Orthopedics,Orthopedics,0.6944,0.0330,0.6614,True
"I feel strong pain in my knee after it was hit during the football match, it's really bad 😣",Orthopedics,Orthopedics,0.5954,0.0484,0.5470,True
"My movemints are very slow and I get tyred so quikly, it’s frustratin’ 😣",Neurology,Neurology,0.1541,0.1125,0.0415,True
"My hormones r a mess, I just want to get pregnant",Gynecology,Gynecology,0.3893,0.1135,0.2757,True
"B12 anemia, always feeling cold now 🥶",General Medicine,General Medicine,0.6276,0.0468,0.5808,True
I feel a great pain in my shoulder when I try to lift something heavy 💪.,Orthopedics,Orthopedics,0.6574,0.0604,0.5970,True
"My breath smells bad even after brushin' my teeth, what could be the reason for this? 😓",Dentistry,Dentistry,0.6132,0.0747,0.5386,True
"I’ve been feeling really sad lately, it’s just overwhelming 😔.",Psychiatry,Psychiatry,0.6358,0.0382,0.5976,True
"Feels like there are pins and needles sticking in my joints, it's rlyyy irritating 🤕",Orthopedics,Orthopedics,0.3567,0.1004,0.2563,True
Don’t do much at home but still feel exhausted all the time 😴,General Medicine,General Medicine,0.4582,0.0822,0.3760,True
"I can't stop coughing, it’s been going on for days now 😷",Pulmonology,Pulmonology,0.4508,0.0627,0.3881,True
Knee pain stopped me from exercising today 😔,Orthopedics,Orthopedics,0.6712,0.0310,0.6402,True
It feels like someone stuck a knife into my shoulder 🤕,Orthopedics,Orthopedics,0.4690,0.0667,0.4023,True
I have acne in my face and other problems in my derma like itching 🩺,Dermatology,Dermatology,0.6042,0.0420,0.5622,True
"I’ve got a strong shoulder pain, it’s killing me 🤕",Orthopedics,Orthopedics,0.5839,0.0633,0.5206,True
Put on my glasses but still can't see anything better 🤓,Ophthalmology,Ophthalmology,0.2611,0.1254,0.1358,True
i can't rotate my neck 🤕,Orthopedics,Orthopedics,0.5588,0.0427,0.5162,True
I have a strange rash on my arm 🦵,Orthopedics,Dermatology,0.4726,0.0842,0.3884,False
When I carry heavy things I feel like breaking my back 🩺,Orthopedics,Orthopedics,0.2129,0.1417,0.0713,True
"I keep coughing with tons of mucus, it's disgusting 🤢",Pulmonology,Pulmonology,0.4395,0.0665,0.3730,True
"My acne itches and oozes, it's really bad 🤕",Dermatology,Dermatology,0.5085,0.0682,0.4403,True
"My stomach starts hurting but then it feels better after I eat something mild, kind of weird 🤔",Gastroenterology,Gastroenterology,0.5326,0.0810,0.4516,True
"I'm feeling really nauseous, it's making me so uncomfortable 🤮.",Gastroenterology,Gastroenterology,0.2600,0.0916,0.1683,True
I feel cold and get chills even though I’m wearing heavy clothes 😣,General Medicine,General Medicine,0.6314,0.0416,0.5897,True
"Got acne after eating spicy food, can't win 😤",Dermatology,Dermatology,0.3208,0.1561,0.1647,True
I feel like my musles are always tence and it’s hard to reeelax 😩,Neurology,Psychiatry,0.2912,0.2618,0.0295,False
"Sharp abdominal pain that just won’t quit, especially after meals 🤯",Gastroenterology,Orthopedics,0.1886,0.1719,0.0167,False
"Heart hurts when I’m sad, can’t explain it 💔",Cardiology,Cardiology,0.6409,0.1309,0.5100,True
"I’ve got a really sharp pain in my neck, it’s intense 🤕",Orthopedics,Orthopedics,0.5256,0.0796,0.4460,True
"My newborn has a cough and fever, they said it's a sign of an infection, how do I help him",Pediatrics,Pediatrics,0.4671,0.1208,0.3463,True
"When I brush my hair, I see big clumps coming out in the brush, it’s so upsetting 😥",Dermatology,Dermatology,0.5139,0.0511,0.4628,True
"Sharp pain in my stomach right after eating, it’s becoming unbearable 🤯",Gastroenterology,Gastroenterology,0.6643,0.0624,0.6019,True
"Seeing my hair fall out makes me feel so down, don’t know what to do 😢",Dermatology,Dermatology,0.3383,0.1827,0.1555,True
"My body feels weak and my face looks pale, can't sleep well either 😴",General Medicine,General Medicine,0.6438,0.0638,0.5801,True
"I have blurry vision during my swimming training in the pool, why? 🏊",Ophthalmology,Ophthalmology,0.6988,0.0340,0.6648,True
I get paranoid that people are judging me for how I feel.,Psychiatry,Psychiatry,0.2192,0.1122,0.1070,True
"Can't walk properly, my knee's hurting so bad 😩",Orthopedics,Orthopedics,0.5910,0.0435,0.5475,True
Getting tired just trying to get dressed 😔,General Medicine,Gynecology,0.1724,0.1331,0.0394,False
My foot hurts a lot after playing football ⚽.,Orthopedics,Orthopedics,0.7204,0.0301,0.6903,True
My urinary frequency has increased a lot lately and it’s affectin' my daily life in a negative way 🕒,Urology,Urology,0.1895,0.0817,0.1078,True
"My shoulder muscle hurts when I try to reach up, it’s so painful 💪",Orthopedics,Orthopedics,0.6753,0.0382,0.6371,True
"My knees seem to grind whenever I go up or down stairs, it’s so uncomfortable 😕",Orthopedics,Orthopedics,0.3920,0.0602,0.3318,True
"I've tried so many different creams, but my skin is still terrible. It's so itchy and inflamed. 😩",Dermatology,Dermatology,0.4831,0.0518,0.4314,True
"Every time I comb my hair, so many strands are left in the comb, it’s concerning 😢",Dermatology,Dermatology,0.4533,0.0704,0.3829,True
"I'm worried about how cold intolerant I am, always shivering even out in the sun 🥶",General Medicine,General Medicine,0.4916,0.0522,0.4395,True
"Skin is so itchy, need to scratch constantly 😣",Dermatology,Dermatology,0.5433,0.0456,0.4977,True
"All my body is in a bad case and I need a good treatment, everything hurts 😖",Orthopedics,Orthopedics,0.2364,0.1155,0.1209,True
"My heart feels like it's going to explode. The pain is so intense, I can’t breathe 😫",Cardiology,Cardiology,0.6459,0.0733,0.5727,True
"Soccer match injury, ankle sprained, can't walk today ⚽",Orthopedics,Orthopedics,0.5952,0.0365,0.5586,True
I have pimples on my back. 😩,Dermatology,Dermatology,0.6767,0.0343,0.6424,True
My foot had been aching since last Tuesday. 🦶,Orthopedics,Orthopedics,0.4479,0.0582,0.3897,True
"My back is hurting so much, it’s making it hard to sleep or sit properly 😣",Orthopedics,Orthopedics,0.2368,0.2175,0.0194,True
"My foot is aching so bad, can't stand on it 🦶",Orthopedics,Orthopedics,0.4577,0.0673,0.3904,True
I have a dry throat 🤧,Pulmonology,Pulmonology,0.5465,0.0765,0.4700,True
"After a breakup I feel something strange in me, like a deep emptiness 💔",Psychiatry,Psychiatry,0.5095,0.0891,0.4204,True
"Got pain in my elbow joint, it’s been hurting for days 😖",Orthopedics,Orthopedics,0.5269,0.0403,0.4866,True
"When I eat, my stomach hurts a lot, don’t know what’s wrong 🍴🤢",Gastroenterology,Gastroenterology,0.5012,0.1109,0.3903,True
"I fell stiffness in my elbows and shoulders, like they’re stuck 😬",Orthopedics,Orthopedics,0.3170,0.0832,0.2337,True
"Pain radiates from my chest to my left arm, feels intense 🚑❤️",Cardiology,Cardiology,0.5936,0.1029,0.4906,True
"I’ve got a foot ache even though I don’t walk a lot, it’s so annoying 👣.",Orthopedics,Orthopedics,0.3837,0.0709,0.3128,True
I feel pain in my shoulders when I write on the keyboard. It’s like a constant ache 😣,Orthopedics,Orthopedics,0.4487,0.0817,0.3670,True
"My little one’s infection hasn’t cleared, even with antibiotics, should I be worried",Pediatrics,Pediatrics,0.4762,0.0555,0.4208,True
"Get joint pain when trying to bend my leg or arm, it’s so frustrating 🤬",Orthopedics,Orthopedics,0.6649,0.0462,0.6187,True
Tried massaging my foot but it still hurts 🦶🙅,Orthopedics,Orthopedics,0.5981,0.0428,0.5553,True
My entire body is freezing 🧊.,General Medicine,General Medicine,0.6316,0.0463,0.5853,True
"The dr said it's nothing, but I’m like, then why am I bruising?",Hematology,Hematology,0.2572,0.1771,0.0802,True
I have throbbing in my shoulder 🤕,Orthopedics,Orthopedics,0.5484,0.0488,0.4996,True
"I always feel nervous around ppl now, like they can see my past addiction or smth.",Psychiatry,Psychiatry,0.1851,0.1514,0.0337,True
"Muscle pain won’t go away, feels like I pulled something 💪😩",Orthopedics,Orthopedics,0.4710,0.0593,0.4116,True
"My acne itches and oozes, it's so frustrating 😣",Dermatology,Dermatology,0.6455,0.0366,0.6089,True
"My daughter was born early and has jaundice, is that a preemie thing? 😣",Pediatrics,Pediatrics,0.4960,0.0635,0.4325,True
"The heating system in my house is broken and I feel so cold, even with multiple layers 🥶",General Medicine,General Medicine,0.6409,0.0390,0.6019,True
"My shoulder is hurting a lot, like it's sore and stiff, can’t move it properly 🤕",Orthopedics,Orthopedics,0.5116,0.0561,0.4555,True
Sometimes I cough because I'm a smoker 🚬.,Pulmonology,Pulmonology,0.6368,0.0416,0.5952,True
"The joints in my fingers are painful in the morning, it’s really tough to move them 👈",Orthopedics,Orthopedics,0.3856,0.0725,0.3132,True
I have an issue with my skin 🧴.,Dermatology,Dermatology,0.6030,0.0539,0.5492,True
My hair is falling out in huge amount 😭,Dermatology,Dermatology,0.7178,0.0390,0.6789,True
"I often lose track of conversations, like, where did we start? 😵‍💫",Neurology,Neurology,0.2981,0.0909,0.2073,True
"Acne all over my face, it won’t stop coming back 😩",Dermatology,Dermatology,0.6369,0.0495,0.5874,True
I had a pain in my knee when I was swimming 🏊‍♂️🦵,Orthopedics,Orthopedics,0.7492,0.0210,0.7282,True
"omg im exhausted like 24/7, no matter wht i do",General Medicine,General Medicine,0.1745,0.0950,0.0795,True
"I have trouble seeing objects clearly, it's super hard 👓",Ophthalmology,Ophthalmology,0.2398,0.0841,0.1557,True
"I feel pain in my throat, makes it hard to swallow 🤧",Pulmonology,Pulmonology,0.2878,0.2155,0.0723,True
"When I play sports, I have some burning sensation in my spine. Feels like it’s on fire 😣",Orthopedics,Orthopedics,0.4483,0.0877,0.3607,True
"I feel like my immune system’s down, I keep gettin sick, could it be blood-related? 😷",Hematology,Hematology,0.4648,0.0864,0.3785,True
"Walking is a struggle, can't get a good breath at all. Feels like I'm suffocating 😮‍💨",Pulmonology,Pulmonology,0.4318,0.0955,0.3364,True
"There’s acne popping up all over my face, it’s so embarrassing 😬",Dermatology,Dermatology,0.6607,0.0402,0.6205,True
I feel like I can’t talk to anyone about my feelings.,Psychiatry,Neurology,0.1992,0.1911,0.0081,False
"This cough has phlegm and it’s so bad, coughing non-stop 🤧",Pulmonology,Pulmonology,0.5738,0.0611,0.5127,True
My shoulder hurts when I try to reach something above my head. It’s been like this for weeks 😣,Orthopedics,Orthopedics,0.4374,0.2056,0.2318,True
"I can’t stop coughing, it’s relentless 🤧",Pulmonology,Pulmonology,0.5797,0.0465,0.5332,True
"My cbc report indicates 10 hb, I feel soooo tired after a little work, like I'm always outta breath.",General Medicine,General Medicine,0.3367,0.0907,0.2460,True
Feeling cold and shivery even though I’m dressed warmly ❄️,General Medicine,General Medicine,0.5440,0.0552,0.4888,True
When I was young I had an injury from sports in my knee. 🏃‍♂️🦵,Orthopedics,Orthopedics,0.5452,0.0411,0.5042,True
"I am worried for my driving, because I can barely focus when I am at the wheel, my eyes feel teary 🚗",Ophthalmology,Ophthalmology,0.5379,0.0590,0.4789,True
"I feel a tightness in my chest, it’s hard to breathe and feels heavy 😤",Pulmonology,Pulmonology,0.6588,0.0501,0.6087,True
"I can't stand up properly, it feels like my brain is moving inside my skull, it’s really painful 😵",Neurology,Neurology,0.5136,0.1345,0.3791,True
My lower back hurts but it improves if I stretch it 🧘.,Orthopedics,Orthopedics,0.4044,0.0598,0.3446,True
My back hurts me a lot. 🤕,Orthopedics,Orthopedics,0.4309,0.0781,0.3528,True
I can’t get warm no matter how much I wrap up or how high I put the heating on 🥶,General Medicine,General Medicine,0.5513,0.0465,0.5048,True
"Foot ache won’t go away, started last Tuesday, and still hurting 👣",Orthopedics,Orthopedics,0.4738,0.0746,0.3992,True
There is a sharp pain in my bicep. I have tried to apply pain relief cream but it does not help 💪.,Orthopedics,Orthopedics,0.5296,0.0410,0.4886,True
"When I play football, I have joint pain. ⚽",Orthopedics,Orthopedics,0.6660,0.0301,0.6359,True
"My ear’s been aching nonstop, no cold or headache, just earache 😖",ENT,ENT,0.5468,0.0986,0.4482,True
"My baby was born a week ago and already has an infection, why does this happen 😔",Pediatrics,Pediatrics,0.6363,0.0451,0.5912,True
why is my hair falling out all of a sudden 😥,Dermatology,Dermatology,0.7495,0.0420,0.7075,True
"Blurred vision, can’t see things clearly, so frustrating 😵‍💫",Ophthalmology,Ophthalmology,0.6365,0.0451,0.5914,True
"My son’s got so much acne now, it's really affecting his confidence 😩",Dermatology,Dermatology,0.5020,0.0690,0.4330,True
My kneecap feels like it is grating bone on bone when I walk. 😫,Orthopedics,Orthopedics,0.3920,0.0770,0.3150,True
"Was very active in sports, now my body aches everywhere 🏋️‍♂️",Orthopedics,General Medicine,0.2645,0.2184,0.0461,False
My shoulder muscle hurts when I try to reach up. It’s sore and tight 💪,Orthopedics,Orthopedics,0.6426,0.0377,0.6050,True
I feel a great pain in my shoulder joint and it does not go away 💪,Orthopedics,Orthopedics,0.6132,0.0474,0.5657,True
my abdominal muscles have great pain since i was at GYM 🦵,Orthopedics,Orthopedics,0.5491,0.0494,0.4996,True
My skin is very dry and peeling. 🩺,Dermatology,Dermatology,0.6615,0.0352,0.6263,True
I feel like something is squeezing my lungs 😷,Pulmonology,Pulmonology,0.4410,0.0869,0.3541,True
"I have a pounding pain in my head with some vertigo, it’s so debilitating 😵",Neurology,Neurology,0.6102,0.0887,0.5215,True
"Injured and can’t play sports anymore, it’s so frustrating 😔",Orthopedics,Orthopedics,0.4438,0.0723,0.3716,True
"I can't move my leg properly, there’s pain in the joint and it’s so frustrating 🦵",Orthopedics,Orthopedics,0.5892,0.0454,0.5438,True
"My toothache is gettin' worse and I need relief, what can I do to help this pain? 😩",Dentistry,Dentistry,0.3840,0.1387,0.2453,True
My shoulder hurts when I try to reach something above my head. 💪,Orthopedics,Orthopedics,0.5371,0.1433,0.3939,True
I get knee pain when I walk a lot. 😖,Orthopedics,Orthopedics,0.7196,0.0470,0.6725,True
"I hit the ground when trying to shoot a basketball, now it hurts a lot 😣",Orthopedics,Orthopedics,0.4121,0.0605,0.3516,True
Sometimes I cough because I'm a smoker 😷,Pulmonology,Pulmonology,0.6368,0.0416,0.5952,True
"I've got indigestion, ugh! My stomach's been killing me 🔥",Gastroenterology,Gastroenterology,0.5677,0.0799,0.4878,True
"The skin on my face feels itchy and irritated, any suggestions?",Dermatology,Dermatology,0.7030,0.0341,0.6689,True
"I get so tired even with small tasks, like putting on my clothes 😩",General Medicine,General Medicine,0.2175,0.1067,0.1108,True
"I hurt my shoulder when I fell last week, and the pain is just awful 🤕",Orthopedics,Orthopedics,0.5163,0.1007,0.4157,True
😭 My hair's falling out like crazy!!,Dermatology,Dermatology,0.7050,0.0397,0.6653,True
"Every time I move,myjoin are so sore. It’s like an endless ache",Orthopedics,Orthopedics,0.2432,0.1247,0.1185,True
"Chronic disease of hair follicles and sebaceous glaonds, it’s so embarrassing 😩",Dermatology,Dermatology,0.6355,0.0434,0.5921,True
My toothache is so bad I can’t eat properly and it’s really frustratin' 🦷,Dentistry,Dentistry,0.3374,0.0822,0.2552,True
"The skin on my face feels like it’s crawling sometimes, it’s so annoying!",Dermatology,Dermatology,0.5366,0.0714,0.4652,True
I get terrible headaches every few months and when I get them my vision is affected. Feels like there’s pressure in my head 🤕,Neurology,Neurology,0.5417,0.0688,0.4729,True
"I stopped doing sports because I kept getting injured, the pain from sports injuries is just too much 🤕",Orthopedics,Orthopedics,0.4484,0.0631,0.3853,True
"I’ve got dry skin all over, feels rough and itchy 🧴",Dermatology,Dermatology,0.4370,0.0908,0.3461,True
I wish I could just flip a switch and be happy again.,Psychiatry,Psychiatry,0.2626,0.0892,0.1734,True
"Woke up with pain in my neck, probably slept wrong 🤕",Orthopedics,Orthopedics,0.5800,0.0478,0.5321,True
I sometimes forget that I had breakfast... am I okay? 😅,Neurology,Neurology,0.2545,0.1614,0.0931,True
"I feel a great pain in my shoulder joint and it doesn’t go away, it's constant 💥",Orthopedics,Orthopedics,0.5763,0.0627,0.5136,True
"Periods are soo irregular, i bleed evry other day 😥",Gynecology,Gynecology,0.2989,0.0937,0.2052,True
"Arm hurts when I stretch it, so annoying 💪",Orthopedics,Orthopedics,0.4584,0.0751,0.3833,True
"I feel pain in my ears with tinnitus, it’s so distracting 😣",ENT,ENT,0.4571,0.1605,0.2966,True
"There’s a constant tickle in my throat, so annoying",Pulmonology,Pulmonology,0.4372,0.0717,0.3655,True
"Get yar ache whenever it’s cold, very uncomfortable 🎧",ENT,General Medicine,0.2902,0.1571,0.1331,False
"My joints are constantly aching, and even small movements hurt so much 😖",Orthopedics,Orthopedics,0.3421,0.0917,0.2504,True
"My heart rate goes up, feels like sharp pricks 💔",Cardiology,Cardiology,0.6588,0.0509,0.6079,True
"Even with new glasses, everything seems out of focus... what's going on? 😵‍💫",Ophthalmology,Ophthalmology,0.4298,0.1403,0.2895,True
"I have a rash on my skin that won’t heal, really itchy 🤕",Dermatology,Dermatology,0.5954,0.0454,0.5500,True
There's always this annoying pain in my back after a long drive 🤕,Orthopedics,Orthopedics,0.3946,0.0639,0.3307,True
"tried everythin from coffee to naps, nothin helps, always tired 😕",General Medicine,General Medicine,0.1706,0.0855,0.0851,True
I'm having a hard time hearing. Feels like my ear is blocked or something 👂,ENT,ENT,0.5996,0.0935,0.5061,True
I can't really jump on my left foot because my triple fracture of the ankle left me with never-ending pains. 🦶,Orthopedics,Orthopedics,0.3842,0.0590,0.3252,True
"I’ve been feelin' nauseous and my urine is dark, should I be concerned about my liver?",Hepatology,Hepatology,0.5053,0.1406,0.3647,True
"I tried a lot of cream but I still feel the same skin problem, it's really frustrating 😖",Dermatology,Dermatology,0.5050,0.0646,0.4404,True
"Started with tinnitus, now it’s throbbing and unbearable pain. What’s going on? 👂",ENT,ENT,0.5085,0.1324,0.3761,True
My skin is itchy and inflamed 🤧,Dermatology,Dermatology,0.6724,0.0384,0.6340,True
"My stomach has been sore since yesterday, can’t seem to get any relief 😣",Gastroenterology,Gastroenterology,0.6473,0.0652,0.5820,True
I have a migraine and took panadol but it doesn’t seem to help at all 🧠.,Neurology,Neurology,0.2970,0.0979,0.1991,True
"My baby’s fever won’t go down, they said it might be an infection",Pediatrics,Pediatrics,0.5106,0.2099,0.3007,True
"Annoyance starts suddenly, often after an injury or exercise. 🦵",Orthopedics,Orthopedics,0.2469,0.0697,0.1772,True
i have a knee pain when i walk a lot 🦵,Orthopedics,Orthopedics,0.7196,0.0470,0.6725,True
"I have a foot ache in winter, or when it feels cold, why? 🦶",Orthopedics,Orthopedics,0.3992,0.1240,0.2751,True
I feel pain when I think of her 😢,Psychiatry,Psychiatry,0.5665,0.1852,0.3813,True
My shoulders hurt so much whenever I type on my keyboard. I can't even work properly. 🖱️,Orthopedics,Orthopedics,0.2627,0.0734,0.1893,True
"I was diagnosed with B12-deficiency anemia, which explains why I always felt cold. I’m cold all the time ❄️",General Medicine,General Medicine,0.4686,0.0589,0.4096,True
"Every time I swallow, it feels like I'm swallowing a razor blade 🔥",Gastroenterology,Orthopedics,0.1475,0.1241,0.0235,False
"Every time I take a deep breath, I start coughing, it’s so annoying 🤧",Pulmonology,Pulmonology,0.6138,0.0401,0.5738,True
"When I was washing my hair, it was falling out heavily, like a lot of strands at once 😭",Dermatology,Dermatology,0.6065,0.0457,0.5607,True
"I feel back pain every time I carry something heavy, it’s really bad now 😖",Orthopedics,Orthopedics,0.4875,0.0854,0.4020,True
"Can’t do anything, feeling weak all over 😫",General Medicine,General Medicine,0.4841,0.0929,0.3912,True
My foot hurts and I can't turn it. Maybe it's broken. 🦶,Orthopedics,Orthopedics,0.5051,0.0500,0.4551,True
"I have this rash-like sensation near my arms, it’s so uncomfortable 🩹",Dermatology,Dermatology,0.2689,0.1402,0.1287,True
"Pain under my skin when doing sports, weird feeling 🏃‍♂️",Orthopedics,Orthopedics,0.3499,0.1523,0.1976,True
My shower drain is full of hair every time. 😭,Dermatology,Dermatology,0.5531,0.0509,0.5022,True
My head hurts me badly 🤕,Neurology,Neurology,0.6928,0.0574,0.6355,True
"The severe pain in the stomach I feel, it's really hard to deal with 😣",Gastroenterology,Gastroenterology,0.5529,0.1005,0.4524,True
"Got this persistent pain in my head, it’s really affecting my daily life 🤯",Neurology,Neurology,0.3130,0.1149,0.1981,True
"Pain in my joints is unbearable, I can't even deal with it anymore 🦴",Orthopedics,Orthopedics,0.5274,0.0678,0.4597,True
I feel a huge emotional pain after I broke up with my girlfriend. 😢,Psychiatry,Psychiatry,0.6106,0.0768,0.5338,True
Severe pain in the upper left side of chest and may have pain to back 💓,Cardiology,Cardiology,0.5874,0.1100,0.4774,True
My shower drain is full of hair every time I shower 🚿.,Dermatology,Dermatology,0.5389,0.0530,0.4859,True
"My ankle has been hurting for days now, can't even step properly 🦶",Orthopedics,Orthopedics,0.5102,0.0528,0.4574,True
"My skin itches so bad at night, keeps me awake 🩹",Dermatology,Dermatology,0.3763,0.1148,0.2615,True
"I’ve had low sperm count issues and it’s affecting our chances of having a baby together, which is really tough.",Urology,Urology,0.5295,0.0782,0.4513,True
I get a sharp pain in my head whenever I think too hard 🤯.,Neurology,Neurology,0.6733,0.0689,0.6043,True
"I’ve got a rash on my skin that won’t go away, super itchy too 🤕",Dermatology,Dermatology,0.5067,0.0671,0.4396,True
I hate my acne. 😡,Dermatology,Dermatology,0.5341,0.1262,0.4079,True
"Breathing at night is such a hassle, feels like I’m choking or something 😤",Pulmonology,Pulmonology,0.3683,0.1016,0.2667,True
I have a cold and it makes me cough a lot 🤧,Pulmonology,Pulmonology,0.5082,0.1020,0.4062,True
"I feel hurts in my heart, like sharp pains sometimes 💔",Cardiology,Cardiology,0.6264,0.0764,0.5500,True
"Foot ache won’t go away, started last Tuesday, and still hurting 👣",Orthopedics,Orthopedics,0.4738,0.0746,0.3992,True
Sometimes it feels like there’s a huge weight on my chest and I can’t breathe 😨.,Pulmonology,Pulmonology,0.4681,0.1999,0.2682,True
"My chest feels tight, like someone is squeezing it real hard 😤",Pulmonology,Pulmonology,0.2882,0.1418,0.1465,True
"After a hard day at work, my foot aches a lot, don’t know why 👣",Orthopedics,Orthopedics,0.1940,0.1361,0.0579,True
My hair keeps falling out right after I shower. It’s really concerning 🤦‍♀️,Dermatology,Dermatology,0.5819,0.0511,0.5308,True
My friend’s kid had a reaction and it freaked me out! 😨,Pediatrics,Pediatrics,0.2901,0.0961,0.1939,True
"My skin’s so itchy and inflamed, it’s driving me crazy 🩹",Dermatology,Dermatology,0.6044,0.0489,0.5555,True
"There’s this sharp pain in my bicep that just won’t go away, tried ice but no luck 💪",Orthopedics,Orthopedics,0.2423,0.1237,0.1186,True
"My foot ache is worse in cold weather ❄️, idk why!",Orthopedics,Orthopedics,0.2984,0.1262,0.1722,True
"The pain in my tooth is so bad, I don’t know what to do about it at all 😫",Dentistry,Dentistry,0.6388,0.0769,0.5620,True
"When I play football, I end up with muscle pain, especially in my legs 🏃",Orthopedics,Orthopedics,0.5929,0.0388,0.5541,True
"I find it hard to breathe in crowded places, it’s so uncomfortable 😰.",Pulmonology,Pulmonology,0.5942,0.0462,0.5479,True
"Need a cream to help relax my sore muscles, been feeling tight for a while now 😣",Orthopedics,Orthopedics,0.2634,0.0908,0.1726,True
My knees lock and hurt after sitting 😞,Orthopedics,Orthopedics,0.2859,0.0794,0.2065,True
"I have shooting pains up and down my back, it’s so distracting 😥",Orthopedics,Orthopedics,0.2737,0.0739,0.1997,True
"My heart hurts while I'm sad, why? 💔.",Cardiology,Cardiology,0.7028,0.1022,0.6006,True
I've always been very active but now I just don't have the strength or energy to go for even a short walk. 🧍‍♂️💤,General Medicine,General Medicine,0.4939,0.0577,0.4362,True
My ear ache when I'm listening to music. It’s really uncomfortable and painful 😣,ENT,ENT,0.6275,0.0745,0.5529,True
chronic disease of hair follicles and sebaceous glands. 🩺,Dermatology,Dermatology,0.6339,0.0434,0.5905,True
My fertility problems are stressing both of us out and we’re considering specialist help to figure things out 😕,Urology,Urology,0.3342,0.0698,0.2644,True
"My face breaks out around my period, it's the worst! 😤",Dermatology,Dermatology,0.3968,0.1034,0.2934,True
"My heard feels like it’s going to explode, it’s really painful 💥",Cardiology,Cardiology,0.1955,0.1740,0.0215,True
"Can't stand being in crowds anymore, it just stresses me out completely 😔",Psychiatry,Psychiatry,0.1515,0.1251,0.0264,True
"Woke up with soreness all over my body, so stiff 🏋️‍♂️",Orthopedics,Orthopedics,0.2408,0.2075,0.0332,True
"I can’t seem to walk without supprt anymor, and it’s really disheartenin’",Neurology,Orthopedics,0.4426,0.0678,0.3748,False
"Ear ache every time it’s cold outside, feels like it’s blocked or something 👂",ENT,ENT,0.6387,0.0647,0.5740,True
"Keeps bleeding and then stops suddenly, whats wrong with me?",Gynecology,Gynecology,0.4092,0.0738,0.3354,True
"My little toe nail is all funky, it’s like the shape is off or something 🤔",Dermatology,Orthopedics,0.1155,0.1013,0.0142,False
"I have a dry throat and it’s making me cough, can’t seem to find relief 😷",Pulmonology,Pulmonology,0.6404,0.0462,0.5943,True
Have severe cold and cough 🤧,Pulmonology,Pulmonology,0.5731,0.1141,0.4590,True
My foot had been aching since last Tuesday. 🦶,Orthopedics,Orthopedics,0.4479,0.0582,0.3897,True
"I got this great pain in my foot, it’s like throbbing n never stops. Any ideas for pain relief? 🦶",Orthopedics,Orthopedics,0.6834,0.0429,0.6406,True
"I get pain when walking around, mostly near my knees. Maybe I need some support braces for this. 🦵",Orthopedics,Orthopedics,0.4724,0.0486,0.4238,True
"Think my body temp is too low, always freezing 🧊",General Medicine,General Medicine,0.4046,0.2004,0.2042,True
"My stomach aches whenever I eat hot food, it’s burning so much 😫",Gastroenterology,Gastroenterology,0.6708,0.0358,0.6349,True
"Can't breathe properly, my chest feels tight 😮‍💨",Pulmonology,Pulmonology,0.5088,0.1104,0.3983,True
There’s this burning line across my back with hard breathing movements 🔥.,Orthopedics,Pulmonology,0.1901,0.1604,0.0297,False
"Need a muscle cream, these aches r killing me 😩",Orthopedics,Orthopedics,0.3856,0.0663,0.3193,True
My back hurts me and i can't bend it or walk,Orthopedics,Orthopedics,0.7021,0.0307,0.6714,True
I don't have problems taking in breath but out breath is so heavy. Feels like I’m suffocating 😤,Pulmonology,Pulmonology,0.5837,0.0497,0.5340,True
"I keep getting dreams about using, and wake up feeling guilty, so annoying.",Psychiatry,General Medicine,0.1316,0.1169,0.0147,False
I wake up with a stiff neck every morning. Massage helps but then it comes back a few days later 😖,Orthopedics,Orthopedics,0.4589,0.0559,0.4029,True
"Losing hair so fast, it’s freaking me out! 😱",Dermatology,Dermatology,0.4294,0.0724,0.3570,True
Feels like a needle is poking my heart... so painful 💔🪡,Cardiology,Cardiology,0.5814,0.1035,0.4779,True
"I feel a sharp pain in my ankle joint when I stand up, it's awful 😩.",Orthopedics,Orthopedics,0.6527,0.0416,0.6111,True
"I’ve been havin' issues with bad breath for a long time, is it a dental problem I should worry about?",Dentistry,Dentistry,0.4562,0.1138,0.3424,True
I feel sharp pain in my heart 💔 when walking,Cardiology,Cardiology,0.6520,0.1192,0.5328,True
"My heart's racing, and I’m struggling to get a good breath. Feels super uncomfortable 🚨",Pulmonology,Cardiology,0.2643,0.2277,0.0366,False
My hair is falling out in huge amount 💇,Dermatology,Dermatology,0.7178,0.0390,0.6789,True
"My knee doesn’t want to bend well at all, and it’s really painful to walk 🚶‍♂️",Orthopedics,Orthopedics,0.6006,0.0383,0.5623,True
"My mind feels very sad, as if it hurts. The way I feel in my head is awful and when I think about my break-up, I cry with sadness. 💔",Psychiatry,Psychiatry,0.5817,0.0998,0.4819,True
Stomach pain after drinking milk. 🥛,Gastroenterology,Gastroenterology,0.6540,0.0640,0.5900,True
"My head aches since I woke up this morning, it’s been constant all day 😖",Neurology,Neurology,0.4817,0.0673,0.4144,True
I got 4 dia 🥲,Cardiology,Orthopedics,0.1572,0.1074,0.0498,False
This acne is driving me crazy! My skin is so inflamed and I can't seem to get rid of it. 😩,Dermatology,Dermatology,0.6796,0.0412,0.6384,True
Got acne all over after eating spicy chili..so annoying 🌶️😠,Dermatology,Dermatology,0.4898,0.0769,0.4129,True
I have a hair shortage 💇‍♂️.,Dermatology,Dermatology,0.6303,0.0410,0.5893,True
Stomach hurts so bad after drinking milk. It’s like a crampy pain that won’t go away 🤔,Gastroenterology,Gastroenterology,0.5435,0.1095,0.4340,True
I have a problem in my back I cannot extend it 😣,Orthopedics,Orthopedics,0.2181,0.1017,0.1165,True
My kneecap feels like it's grinding bone on bone 🦵,Orthopedics,Orthopedics,0.3247,0.0862,0.2386,True
"My upper back has been sore for a week, can’t get comfy 😣",Orthopedics,Orthopedics,0.2524,0.0713,0.1811,True
"I have a persistent cough that seems to get worse at night, it's so frustrating 😠",Pulmonology,Pulmonology,0.5776,0.0589,0.5187,True
"Can't breathe, feels like something's stuck in my chest, I'm scared 😨",Pulmonology,Pulmonology,0.4633,0.1533,0.3099,True
"I can’t stand this awful feeling in my stomach, it's making me miserable 😣",Gastroenterology,Gastroenterology,0.5097,0.0611,0.4486,True
I feel congestion in my chest and it’s been lingering for days 🤧,Pulmonology,Pulmonology,0.4475,0.0686,0.3789,True
"Whenever I look to my left, I feel this sharp pain in my neck. It’s really bothering me 😣",Orthopedics,Orthopedics,0.6106,0.0527,0.5579,True
I get knee pain when I walk a lot 🦿.,Orthopedics,Orthopedics,0.7196,0.0470,0.6725,True
"My left ear is ok, but the right one feels like it's being stabbed with a nail. 🦻",ENT,ENT,0.6302,0.0544,0.5759,True
"I feel pain in the kneeeee when walking, it's been bothering me for days now. I hope it's nothing serious. 🦵",Orthopedics,Orthopedics,0.4548,0.0943,0.3606,True
My shoulder muscles burn when I move my arm 🔥💪,Orthopedics,Orthopedics,0.5193,0.0638,0.4555,True
"When I play sports I have this burning sensation in my spine, it’s really uncomfortable 😖",Orthopedics,Orthopedics,0.3967,0.1181,0.2785,True
"Every morning when I wake up my neck feels like I slept on it wrong, so stiff 😣",Orthopedics,Orthopedics,0.5394,0.0550,0.4844,True
"Can't move my shoulder, it's too painful 😖",Orthopedics,Orthopedics,0.6047,0.0376,0.5671,True
Head feels like it’s cracking open... worst headache ever 🤯💥,Neurology,Neurology,0.6316,0.0581,0.5735,True
"I feel like there is something swollen and inflamed at the back of my knee, it feels so uncomfortable 😖",Orthopedics,Orthopedics,0.4934,0.0592,0.4341,True
"The doctors said my preemie might have issues with vision later on, what can I do?",Pediatrics,Pediatrics,0.2561,0.1587,0.0974,True
"Even though I'm an adult, my face keeps breaking out in pimples. So frustrating 😩",Dermatology,Dermatology,0.6218,0.0411,0.5808,True
"I feel this deep ache in my ankle whenever I sit for too long, it’s annoyin’ 😕",Orthopedics,Orthopedics,0.3432,0.0688,0.2744,True
"Breathing feels so hard sometimes, especially after running 🏃‍♂️",Pulmonology,Pulmonology,0.3709,0.1158,0.2552,True
"My knees grind as I go up or down the stairs, it's getting more painful lately 😬",Orthopedics,Orthopedics,0.4289,0.0628,0.3662,True
"My neck is annoying me, I can't sleep because of it. 🤦‍♀️",Orthopedics,Orthopedics,0.4249,0.0966,0.3283,True
"My skin is itching a lot, especially around my arms and legs 🤔",Dermatology,Dermatology,0.5784,0.0767,0.5016,True
"Was very active in sports, now my body feels painful and sore all over 🏃‍♂️",Orthopedics,Orthopedics,0.3080,0.2748,0.0332,True
I get so paranoid that everyone is talking about me behind my back.,Psychiatry,Neurology,0.1275,0.1174,0.0102,False
"I’ve got a really dry throat, can’t stop coughing 🤧",Pulmonology,Pulmonology,0.6371,0.0443,0.5928,True
I feel a burning sensation in my shoulder muscle. 🦵,Orthopedics,Orthopedics,0.5117,0.1442,0.3675,True
"Got injured while exercising, it’s been bothering me ever since 😓",Orthopedics,Orthopedics,0.3952,0.0667,0.3285,True
I have back pain since I fell on the floor. 🤕,Orthopedics,Orthopedics,0.3839,0.0631,0.3208,True
"I have a hard muscle pain since I went to the gym, it’s like sore everywhere 😣",Orthopedics,Orthopedics,0.5324,0.0571,0.4753,True
"Doc said I have some sort of blood disorder, but I don’t fully under stand",Hematology,Hematology,0.5548,0.0877,0.4671,True
"Whenever I play sports, there's this burning feeling in my spine 😖",Orthopedics,Orthopedics,0.3530,0.0834,0.2695,True
I have a great stomach ache and I can't eat anything 🍽️.,Gastroenterology,Gastroenterology,0.7322,0.0322,0.6999,True
"Dull headache, probably from staring at my screen all day 😵",Neurology,Neurology,0.4870,0.0639,0.4231,True
"My skin gets so hot at times, like a furnace! Is this part of the deal?",Dermatology,Dermatology,0.3274,0.1413,0.1861,True
"Grandma had trouble breathing last year, ended up in hospital 😤🏥",Pulmonology,Pulmonology,0.2759,0.0759,0.2000,True
I have terrible pain in my heart 💔,Cardiology,Cardiology,0.7134,0.0550,0.6584,True
I had a cold last time I flew and now my ears still feel weird 🛫.,ENT,ENT,0.2979,0.2052,0.0927,True
"My cough is really heavy, and there's mucus, it’s been like this for a while 🤧",Pulmonology,Pulmonology,0.6191,0.0500,0.5691,True
I feel pain in my joints after an injury from the last football match I played 🦴,Orthopedics,Orthopedics,0.6867,0.0403,0.6464,True
"Worst headache ever, felt like my brain was on fire... thought I was gonna die 🤕",Neurology,Neurology,0.5601,0.0470,0.5131,True
My ear aches when I listen to loud music 🎧.,ENT,ENT,0.6150,0.0397,0.5753,True
"My stomach hurts after eating, can't figure out why 🤔",Gastroenterology,Gastroenterology,0.7128,0.0467,0.6661,True
I’ve got some skin issues and tried using cream but it’s not helping 🧴.,Dermatology,Dermatology,0.3060,0.0809,0.2251,True
"I feel cold and chills even though I’m wearing heavy clothes, it’s frustrating 🥶",General Medicine,General Medicine,0.6314,0.0426,0.5888,True
"After playing football last week, I injured my joint, and ever since then, I’ve been feeling pain in that area, especially when I try to put pressure on it. 🏈💥",Orthopedics,Orthopedics,0.5627,0.0599,0.5028,True
"I’m always shivering, even out in the sun. I’m really worried about how cold intolerant I’ve become 🥶",General Medicine,General Medicine,0.3669,0.0768,0.2901,True
"When I get out of bed in the morning my body feels super weak, like I’ve got no energy 😴",General Medicine,General Medicine,0.5834,0.0506,0.5328,True
"I have a sharp pain and clicking sound in my ankle joint when I try to stand on it and walk, it’s very painful 😣",Orthopedics,Orthopedics,0.6900,0.0325,0.6575,True
"Can't keep focus, my head is pounding and hurting a lot 🤕",Neurology,Neurology,0.3998,0.1153,0.2845,True
"I’ve been usin' my inhaler a lot lately, but it’s not helpin' much",Pulmonology,Dermatology,0.1294,0.1135,0.0158,False
I toppled over while jumping to catch the ball 🏀.,Orthopedics,Orthopedics,0.2370,0.0779,0.1591,True
Sometimes I feel lightheaded if I wait too long to eat.,Endocrinology,Endocrinology,0.3535,0.0757,0.2779,True
My neck pain is getting worse by the day. I can't even sleep at night because of it. 😭,Orthopedics,Orthopedics,0.3846,0.1165,0.2681,True
My neck hurts and I can't look down or up. ??,Orthopedics,Orthopedics,0.6845,0.0291,0.6555,True
"My memory feels like a broken record, it skips all the time!",Neurology,Neurology,0.2494,0.1408,0.1087,True
"When I stand up too quickly, I get blurry vision. It's getting scary to be honest 😖",Ophthalmology,Ophthalmology,0.6115,0.0475,0.5641,True
I feel that it's hard to breath for me especially after running or making any effort. It’s so exhausting 😩,Pulmonology,Pulmonology,0.4457,0.0739,0.3718,True
"I’m feeling so cold right now, it’s like I’m freezing 🥶.",General Medicine,General Medicine,0.6390,0.0438,0.5952,True
"My hair’s coming out in chunks, especially when I wash it, it’s really worrying 😱",Dermatology,Dermatology,0.5249,0.0581,0.4669,True
"Annoyance starts suddenly, often after exercise or an injury, it’s really unpredictable 😣",Orthopedics,Orthopedics,0.2278,0.0785,0.1492,True
"This cough won’t let me sleep, been coughing all night 🤧🌙",Pulmonology,Pulmonology,0.6028,0.0498,0.5530,True
"I’ve been having blurry vision since this morning, like everything is out of focus 👀",Ophthalmology,Ophthalmology,0.6364,0.0548,0.5816,True
"I feel pain in the knee when I walk, it's like a constant nagging ache",Orthopedics,Orthopedics,0.6498,0.0468,0.6030,True
"I’m worried about how cold intolerant I am, I shiver even when it's sunny 🥶",General Medicine,General Medicine,0.4289,0.0585,0.3704,True
"I felt my heart hurting bad when I ran a long distance, like a sharp pain 💓",Cardiology,Cardiology,0.5457,0.1504,0.3953,True
"I have a pain in my hip after plying, it's very uncomfortable 😓",Orthopedics,Orthopedics,0.6286,0.1063,0.5223,True
"Head hurts no matter what I do, it’s constant 🥴",Neurology,Neurology,0.6526,0.0596,0.5930,True
"My family thinks I'm just lazy, but I’m really just exhausted mentally.",Psychiatry,Psychiatry,0.1979,0.1398,0.0581,True
I have pimples in patches along with a lot of redness on my face. It’s really embarrassing 😓,Dermatology,Dermatology,0.6133,0.0507,0.5626,True
"Sharp pain in my calf, it’s been hurting a lot lately 😖",Orthopedics,Orthopedics,0.4140,0.0675,0.3466,True
"Vision's so bad, can’t see clearly anymore 👁️",Ophthalmology,Ophthalmology,0.5333,0.0900,0.4433,True
"Feels like my heart's aching, not sure if it's serious or just stress❤️",Cardiology,Cardiology,0.5735,0.0560,0.5174,True
"my bac side hurts a lot when I bend, it’s really painful 😣",Orthopedics,Orthopedics,0.5522,0.0565,0.4958,True
"I feel pain in my neck, it’s stiff and aching, can’t turn it properly 😣",Orthopedics,Orthopedics,0.7654,0.0285,0.7369,True
"I have pain in my colon and my stomach, like something cutting it. 🤢",Gastroenterology,Gastroenterology,0.6268,0.0682,0.5586,True
"i can't drive at night anymore, my vision’s all blurry 🫠",Ophthalmology,Ophthalmology,0.5878,0.0446,0.5432,True
"I used to have acne when I was 15 years old, and now it’s back 😩",Dermatology,Dermatology,0.4693,0.0739,0.3954,True
"I feel so sore in my stomach area, it’s really uncomfortable 🤢",Gastroenterology,Gastroenterology,0.6677,0.0440,0.6237,True
"My knees are hurting so bad, I can't even walk 🦵",Orthopedics,Orthopedics,0.5142,0.0684,0.4458,True
My back hurts a lot when I bend 😩,Orthopedics,Orthopedics,0.5544,0.0536,0.5008,True
Feels like there’s a big knot in my shoulder blade 😬. Pain shoots from it,Orthopedics,Orthopedics,0.4906,0.0586,0.4320,True
"always feeling soooo tired... like i ran a marathon, but i didnt do anything",General Medicine,General Medicine,0.1933,0.1247,0.0686,True
"I walk every day, but now I get short of breath after a very short distance. So frustrating 😤",Pulmonology,Pulmonology,0.4758,0.0722,0.4036,True
My shower drain is full of hair every time. It’s gross and frustrating 🧼,Dermatology,Dermatology,0.5632,0.0490,0.5142,True
I have moments where I just freeze and can’t remember anything!,Neurology,Psychiatry,0.2058,0.1524,0.0534,False
"My foot has been aching since last Tuesday, it’s just getting worse 🦶.",Orthopedics,Orthopedics,0.2920,0.0744,0.2177,True
Feel strong pain in my knee after it was hit during the football match. Hurts a lot ⚽,Orthopedics,Orthopedics,0.7074,0.0265,0.6810,True
They said my son’s organs aren’t fully developed because he’s a preemie,Pediatrics,Pediatrics,0.3561,0.0751,0.2810,True
"I have a pain in my muscle, it’s sore and achy all the time 😣",Orthopedics,Orthopedics,0.4647,0.0543,0.4105,True
"My knee doesn’t want to bend properly, it’s really painful 🦵",Orthopedics,Orthopedics,0.5752,0.0410,0.5342,True
I feel like I'm on a rollercoaster with my sugar levels. 🎢,Endocrinology,Endocrinology,0.2758,0.1443,0.1315,True
"I was playing football and got injured with joint pain, it’s been hurting ever since ⚽",Orthopedics,Orthopedics,0.7553,0.0188,0.7365,True
"My hair is falling out just by combing it. It’s so much, I’m worried 😟",Dermatology,Dermatology,0.6671,0.0476,0.6195,True
"My ear is ringing, it's driving me crazy 😖",ENT,ENT,0.6282,0.0461,0.5821,True
I feel pain in my shoulders whenever I type on the keyboard for too long. It’s unbearable 😖,Orthopedics,Orthopedics,0.4251,0.0752,0.3499,True
"They’re saying my baby has a neonatal infection, I’m so confused about what that means",Pediatrics,Pediatrics,0.5772,0.0457,0.5315,True
"My ear’s been ringing nonstop for days now, so annoying 😖",ENT,ENT,0.6275,0.0400,0.5875,True
My heart’s beating really fast and it’s scaring me a lot 💓,Cardiology,Cardiology,0.5313,0.0587,0.4725,True
"My shoulder is in so much pain, it's hard to move it at all 😖",Orthopedics,Orthopedics,0.7207,0.0325,0.6882,True
"My legs feel so tired after a day of walking, it's exhausting 😫",Orthopedics,General Medicine,0.2352,0.0928,0.1424,False
"My knee hurts a lot when I walk, it’s been like this for days now 🚶‍♀️",Orthopedics,Orthopedics,0.6406,0.0392,0.6014,True
"My speech is like garbled, idk how to fix it",Neurology,Neurology,0.1741,0.1037,0.0704,True
"Whenever it rains, I get these hives on my belly and sides. It’s so itchy",Dermatology,Dermatology,0.3478,0.0871,0.2607,True
"Lungs feel heavy, like filled with mucus, can’t breathe right 😷",Pulmonology,Pulmonology,0.6457,0.0418,0.6039,True
"Shoulder aches when lifting laundry, really bothersome 🧺",Orthopedics,Orthopedics,0.4122,0.0613,0.3509,True
"After walking, I have some pain under my foot, feels like the arch is collapsing 👣",Orthopedics,Orthopedics,0.7204,0.0495,0.6709,True
"I have shoulder pain after doing any home work, it’s so stiff and painful 😣",Orthopedics,Orthopedics,0.7167,0.0310,0.6857,True
"I'm disappointed and feel like I’m constantly on edge, can’t shake off this sadness 😞",Psychiatry,Psychiatry,0.4968,0.0711,0.4257,True
I have a migraine and I took Panadol but it doesn’t help 🤯.,Neurology,Neurology,0.2970,0.0979,0.1991,True
"I’ve been trying to eat low-carb, but it’s sooo hard!",Endocrinology,Urology,0.1968,0.1087,0.0881,False
My body feels weak after my first day in the gym; why? 😓,General Medicine,General Medicine,0.7162,0.0418,0.6744,True
"When I drink a lot, I get a headache, it’s so intense 🤕",Neurology,Neurology,0.4990,0.0684,0.4307,True
"My back hurts so much, can’t bend it or even walk properly 🫠",Orthopedics,Orthopedics,0.6699,0.0337,0.6362,True
Lower back pain is bad after a workout 🏋️‍♂️😖,Orthopedics,Orthopedics,0.4195,0.0908,0.3288,True
Feels like parting with loved ones gives me emotional pain 💔 heart hurts,Psychiatry,Cardiology,0.4427,0.2933,0.1493,False
Even though I'm an adult my face keeps breaking out in pimples. 🌟,Dermatology,Dermatology,0.6152,0.0419,0.5733,True
"Itchy scalp, hair falling out in clumps... is this normal? 💇‍♂️",Dermatology,Dermatology,0.6630,0.0512,0.6118,True
My skin is itching so much 🧴.,Dermatology,Dermatology,0.6997,0.0310,0.6687,True
I feel pain in the knee 🦵,Orthopedics,Orthopedics,0.8332,0.0377,0.7954,True
"Hair's falling out like crazy, so upsetting 😫",Dermatology,Dermatology,0.6689,0.0401,0.6289,True
"I’m gettin' frequent abdominal pain and my skin is yellowin', could this be liver related? 😢",Hepatology,Hepatology,0.5153,0.0776,0.4377,True
"I feel sad, can’t shake this feeling of sadness 😢",Psychiatry,Psychiatry,0.5957,0.0532,0.5425,True
Don't cry 🦵,Orthopedics,Psychiatry,0.1850,0.1730,0.0121,False
When I played football I dislocated my shoulder 🏈🤕,Orthopedics,Orthopedics,0.4524,0.0544,0.3980,True
I get super moody around my period. it’s like clockwork!,Psychiatry,Gynecology,0.1254,0.1229,0.0026,False
"Can’t rotate my neck at all, it’s like it’s stuck or something 😣",Orthopedics,Orthopedics,0.4873,0.0589,0.4284,True
I sometimes wonder if I need help with my emotions.,Psychiatry,Psychiatry,0.1772,0.0987,0.0785,True
"I feel a tightness in my chest, it gets worse at night 🌙",Pulmonology,Pulmonology,0.4853,0.0550,0.4303,True
my ankle is hurting me 🦵,Orthopedics,Orthopedics,0.5862,0.0372,0.5490,True
The acne was causing me to feel embarrassed 😔,Dermatology,Dermatology,0.4795,0.0595,0.4200,True
there is too much pain when i move my arm ❤️,Cardiology,Orthopedics,0.6288,0.0438,0.5850,False
"Worst hangover headache ever, thought I was dying back then 🧠",Neurology,Neurology,0.4858,0.0543,0.4315,True
Everything looks like being in a smoky area 🌫️.,Ophthalmology,Ophthalmology,0.4501,0.0639,0.3862,True
I have a lot of mucus when I cough. 🤧,Pulmonology,Pulmonology,0.6423,0.0467,0.5956,True
"I keep forgettin’ were I put thingz, it’s really frustratin’ 😕",Neurology,Neurology,0.1985,0.1018,0.0967,True
"Had a cold on my last flight, now my ears feel weird 🛫👂",ENT,General Medicine,0.2999,0.2787,0.0212,False
"Can't keep focus, head’s pounding all the time 🤯",Neurology,Neurology,0.5140,0.0567,0.4573,True
"My body feels like it’s been put in a refrigerator, so cold 🧊.",General Medicine,General Medicine,0.7433,0.0384,0.7049,True
"I have trouble seeing objects, like everything’s too blurry. It’s really annoying. 🧐",Ophthalmology,Ophthalmology,0.3368,0.0833,0.2535,True
"Every time I try doing anything, my heed explodes with pain 💥",Neurology,Orthopedics,0.4495,0.1081,0.3414,False
"Wake up with soreness in my body, it’s exhausting 😫",Orthopedics,General Medicine,0.3165,0.1558,0.1607,False
"I have pain in my joint, it’s been throbbing all day long 😟",Orthopedics,Orthopedics,0.4907,0.0946,0.3961,True
"I had an injury from sports when I was younger, and my knee still hurts from it 😥",Orthopedics,Orthopedics,0.6056,0.0372,0.5685,True
"When I was younger, I had a sports injury in my knee that still bothers me from time to time 🥵",Orthopedics,Orthopedics,0.3883,0.0860,0.3023,True
"I feel shoulder pain when I carry groceries, it’s like my shoulder’s gonna give out 😫",Orthopedics,Orthopedics,0.6863,0.0365,0.6498,True
"My knee catches and hurts when I first stand up after sitting for a while, it’s really annoying 🤕",Orthopedics,Orthopedics,0.4777,0.0610,0.4167,True
They said my baby might have asthma but I don’t really understand it 😔,Pulmonology,Pediatrics,0.4992,0.0744,0.4248,False
"When I stand up too quick, my vision goes blurry and it’s hard to focus 🤔",Ophthalmology,Ophthalmology,0.5914,0.1009,0.4905,True
"My mind feels so sad, like it hurts, and when I think about the breakup, I end up crying 😭",Psychiatry,Psychiatry,0.5843,0.0680,0.5163,True
Headache after reading for too long 📖😩,Neurology,Neurology,0.5006,0.0666,0.4340,True
"It's hard to stand up, and I’m moving very slowly. 😓",General Medicine,General Medicine,0.2635,0.1318,0.1318,True
feel soooo tired like all the time... even aftr rest just want to sleep again 😫,General Medicine,General Medicine,0.1490,0.1467,0.0023,True
"My heart hurts while I'm sad, why? 💔.",Cardiology,Cardiology,0.7028,0.1022,0.6006,True
"I've tried reading books, but nothing can cheer me up 😞.",Psychiatry,Psychiatry,0.3893,0.0567,0.3326,True
"Blurry vision after taking some wrong meds, it’s really concerning 😣",Ophthalmology,Ophthalmology,0.6533,0.0389,0.6144,True
"I just want to be happy, but I don’t kno how to get there.",Psychiatry,Psychiatry,0.2823,0.0883,0.1940,True
It feels like someone is hitting my head with a hammer. I feel pain on the top of my head and it throbs so bad 🤕,Neurology,Neurology,0.6670,0.0846,0.5824,True
"I have a problem with my middle ear due to an infection, feels awful 👂",ENT,ENT,0.5165,0.0833,0.4332,True
"Shoulder hurts when I reach above my head, really painful 🙆‍♂️",Orthopedics,Orthopedics,0.5755,0.1062,0.4693,True
"I gave birth early, my baby’s in intensive care, how long will he stay there?",Pediatrics,Pediatrics,0.5526,0.0635,0.4891,True
I love to garden but I get a terrible twinge in my lower back when I lean over 🌿.,Orthopedics,Orthopedics,0.2779,0.0746,0.2032,True
"I get an ear ache whenever it's cold outside, happens all the time 🌬️👂",ENT,ENT,0.6135,0.0621,0.5514,True
"My neck hurts when I sit in front of my laptop for too long, need to stretch more 😖",Orthopedics,Orthopedics,0.5741,0.0443,0.5297,True
"I keep losing my train of thought when I talk, like it just disappears!",Neurology,Neurology,0.2539,0.1586,0.0953,True
"The joints in my fingers are painful in the morning, especially when I wake up 🖐️",Orthopedics,Orthopedics,0.4742,0.0575,0.4166,True
I have this really sharp pain in my tooth that won’t go away at all. What should I do now?,Dentistry,Dentistry,0.6095,0.0978,0.5117,True
My knees ache on cold and rainy days 🌧️.,Orthopedics,Orthopedics,0.3723,0.1054,0.2670,True
"My abs have been in great pain since I was at the gym, feels like I overdid it 😖",Orthopedics,Orthopedics,0.5242,0.0814,0.4428,True
The pain in my ear is unbearable. 😖,ENT,ENT,0.7726,0.0444,0.7283,True
I have shoulder pain after doing any home work. 🤕,Orthopedics,Orthopedics,0.6348,0.0418,0.5931,True
My muscles in my lower back are aching. 🤕,Orthopedics,Orthopedics,0.4725,0.0502,0.4223,True
I feel sad 😔.,Psychiatry,Psychiatry,0.6814,0.0365,0.6449,True
"Pain feels like it's right under my skin, so weird 🧐",Orthopedics,Orthopedics,0.3539,0.1489,0.2050,True
"I feel pain in my right shoulder after the tennis match, maybe I overdid it 🎾",Orthopedics,Orthopedics,0.6696,0.0409,0.6287,True
"These knees 🦵 hurt sooo bad, like bone-on-bone pain when I climb stairs.",Orthopedics,Orthopedics,0.5035,0.0519,0.4517,True
I do not feel better in my muscles. 💪,Orthopedics,Orthopedics,0.3340,0.1062,0.2278,True
"I wish I could just remember things better, it’s exhausting!",Neurology,Psychiatry,0.2404,0.1078,0.1325,False
"Sharp pain in my bicep, feels like something’s wrong 💪",Orthopedics,Orthopedics,0.4176,0.1312,0.2864,True
"My foot aches even though I don’t walk a lot, can’t figure out the cause 😣",Orthopedics,Orthopedics,0.3612,0.0765,0.2848,True
I can’t walk properly because my knee hurts so much 🚶‍♀️.,Orthopedics,Orthopedics,0.6805,0.0316,0.6489,True
"My knees hurted so much when I try to walk, I feel like I’m 90",Orthopedics,Orthopedics,0.3152,0.0904,0.2248,True
"I feel pain in my stomach, especially after eating, it’s really uncomfortable 😖",Gastroenterology,Gastroenterology,0.6874,0.0788,0.6086,True
"Can’t stop feeling cold, even though it’s not that cold outside 🥶",General Medicine,General Medicine,0.5974,0.0590,0.5384,True
"I feel embarrassed by my bad breath and need some help, what should I do about this issue? 😣",Dentistry,Dentistry,0.4372,0.1235,0.3136,True
"I feel really sad all the time, like there's a constant weight on my chest 💔",Psychiatry,Psychiatry,0.5203,0.1023,0.4180,True
I keep forgetting my pills at home. it’s a hassle!,Endocrinology,Neurology,0.1743,0.1189,0.0553,False
"Dry throat making me cough, it’s so annoying 😫",Pulmonology,Pulmonology,0.6197,0.0566,0.5630,True
Bleeding heavy even after taking my birth cntrol pills,Gynecology,Gynecology,0.5554,0.0585,0.4969,True
"Feels like there’s fluid in my ears, so uncomfortable 💧👂",ENT,ENT,0.5704,0.0772,0.4932,True
"Out of nowhere, my knee starts hurting after workouts 🏋️",Orthopedics,Orthopedics,0.5052,0.0440,0.4612,True
My neck has been sore since the accident 🤕.,Orthopedics,Orthopedics,0.4788,0.0510,0.4277,True
When I get out of bed in the morning my body feels very weak. 😩,General Medicine,General Medicine,0.7400,0.0372,0.7028,True
"I feel pain in my heart when I wake up, it's really unsettling 💔",Cardiology,Cardiology,0.5379,0.1120,0.4258,True
I have this sharp pain in my chest from an old heart injury. It’s really intense 💔,Cardiology,Cardiology,0.7205,0.0641,0.6565,True
Feels like there are pins and needles sticking in my joints all the time 🫠,Orthopedics,Orthopedics,0.3639,0.1024,0.2614,True
"Injured my back lifting weights at the gym, pain is intense 😖",Orthopedics,Orthopedics,0.4786,0.0528,0.4258,True
"When I extend my leg, there's pain in my knee joint, it’s quite sharp 😣",Orthopedics,Orthopedics,0.6968,0.0263,0.6705,True
"I feel a great pain in my shoulder when I try to lift something heavy, it’s like an electric shock ⚡",Orthopedics,Orthopedics,0.5829,0.0835,0.4994,True
My knees seem to grind and hurt as I go up or down stairs 🤕,Orthopedics,Orthopedics,0.4629,0.0623,0.4006,True
"My ear hurts so bad, and it gets even worse when I try to swallow. I’ve taken Tylenol, but no relief 😣",ENT,ENT,0.4080,0.0976,0.3104,True
"Head acnes every time I eat ice cream, it’s such a bummer 😣",Neurology,Neurology,0.5624,0.0544,0.5080,True
"There’s a red stain on my skin, not sure why, it’s kinda scary 🩹",Dermatology,Dermatology,0.4975,0.0769,0.4206,True
"My knee is killing me, can't walk at all today 🦵",Orthopedics,Orthopedics,0.6851,0.0319,0.6532,True
"Left chest pain, is it my heart? Should I be concerned? 💓",Cardiology,Cardiology,0.7368,0.0386,0.6982,True
"I have pain in my chest that really saddens me, it’s like a heavy weight on my heart 💔",Cardiology,Cardiology,0.6747,0.0527,0.6220,True
"When I move my shoulder, it's like lightning is being sent through it. 🤦‍♀️",Orthopedics,Orthopedics,0.4266,0.0637,0.3629,True
"My knees hurt so bad, I can't even walk properly anymore, staying seated all day 🦵",Orthopedics,Orthopedics,0.4136,0.0599,0.3537,True
"Had a hangover so bad in my 20s, thought my head was gonna explode 🤯",Neurology,Neurology,0.4352,0.0645,0.3707,True
The worst headache was during a hangover in my twenties: I sincerely thought I was going to die from brain inflammation 😊,Neurology,Neurology,0.4443,0.0622,0.3820,True
I can’t even sit down without feeling pain in my lower back 🤕,Orthopedics,Orthopedics,0.4743,0.0894,0.3849,True
"Sharp pain in my neck, can’t move at all 😖",Orthopedics,Orthopedics,0.8066,0.0300,0.7766,True
"There’s so much pressure in my head, feels like it's gonna explode 🤯💥",Neurology,Neurology,0.5970,0.0640,0.5330,True
"My skin's so dry, it's like peeling off 😬",Dermatology,Dermatology,0.5352,0.0525,0.4827,True
"My lower back’s been aching dullly, makes it hard to move around 😣",Orthopedics,Orthopedics,0.2931,0.1054,0.1877,True
"I can hardly move my neck at all. It's hurting so bad, can’t even look around 🤕",Orthopedics,Orthopedics,0.4758,0.0566,0.4192,True
"My hair is coming out in chunks, especially when I wash it. It's really freakin me out 😱",Dermatology,Dermatology,0.5173,0.0574,0.4599,True
"Had pain in my knee while swimming, it’s been sore since 🏊",Orthopedics,Orthopedics,0.7509,0.0299,0.7210,True
"My body feels so weak, tried to relax, but still in pain.. don't know why it won’t stop 😩",General Medicine,General Medicine,0.6412,0.0584,0.5828,True
My foot is hurting so much. 😖,Orthopedics,Orthopedics,0.5722,0.0391,0.5331,True
I have a pain in my joint 🤕,Orthopedics,Orthopedics,0.7360,0.0232,0.7129,True
"i have a hard pain in my stomach, it’s really uncomfortable 🤔😔🤧",Gastroenterology,Gastroenterology,0.6879,0.0586,0.6293,True
"Losing hair so fast, it’s freaking me out! 😱",Dermatology,Dermatology,0.4294,0.0724,0.3570,True
"I feel hurt, lot of pain in my heart, it's very emotional 💔",Psychiatry,Psychiatry,0.3676,0.3300,0.0376,True
"I feel pain in my leg muscles after running yesterday, took some pain killers but they didn’t help 🏃",Orthopedics,Orthopedics,0.5201,0.0549,0.4652,True
My knees ache especially on cold and rainy days ☔🦵,Orthopedics,Orthopedics,0.3511,0.1078,0.2433,True
I dnt knw why I'm constantly feeling sad 😔,Psychiatry,Psychiatry,0.3635,0.1098,0.2538,True
"I have a sharp pain in my arm after lifting something heavy, it's persistent 💪",Orthopedics,Orthopedics,0.4626,0.0573,0.4054,True
"My shower drain is always full of hair, it’s gross and frustrating 😫",Dermatology,Dermatology,0.5817,0.0466,0.5351,True
Is there a cure for acne? I’ve tried everything and nothing works 😕,Dermatology,Dermatology,0.3886,0.0683,0.3203,True
"I can't bear this squeezing sensation in my chest, feels like my heart is being crushed 💔",Cardiology,Cardiology,0.7043,0.0579,0.6465,True
"My foot is hurting so much, it feels like it's being crushed 🚶‍♀️",Orthopedics,Orthopedics,0.4494,0.0682,0.3811,True
"Annoyance starts suddenly, usually after an injury or exercise, so frustrating 🏃‍♂️",Orthopedics,Orthopedics,0.2137,0.0931,0.1206,True
i feel pain in my knee 🦵,Orthopedics,Orthopedics,0.8332,0.0377,0.7954,True
I have a dull ache in my head 🤕,Neurology,Neurology,0.5723,0.0802,0.4921,True
I feel pain when parting loved ones 😢,Psychiatry,Psychiatry,0.4594,0.1516,0.3078,True
"I can’t sleep well because of this cough, it’s keeping me up all night 😴",Pulmonology,Pulmonology,0.5716,0.0501,0.5215,True
"Got these dark spots on my skin, they’re kinda spreading 🤒",Dermatology,Dermatology,0.5020,0.0895,0.4125,True
"I find it difficult to hold onto new info, my brain just doesn't keep it!",Neurology,Neurology,0.2010,0.0851,0.1158,True
My body feels weak and I think that my face is faded and I can't sleep well. I’m always tired 😴,General Medicine,General Medicine,0.6658,0.0403,0.6255,True
It feels like the pain is just under the skin 😵‍💫,Orthopedics,Orthopedics,0.2398,0.1789,0.0609,True
"Theres this tightness in my ankle, and it feels like it’s gettin’ worse 😣",Orthopedics,Orthopedics,0.2536,0.1176,0.1360,True
"Something dark is there on my arm, not sure what it is... 🤔",Dermatology,Dermatology,0.3887,0.0943,0.2943,True
I’m experiencin' pain while urinating and I’m really concerned about what it could mean 😖,Urology,Urology,0.1971,0.1727,0.0244,True
How do you check if you have a torn meniscus in your knee? 🦵🤔,Orthopedics,Orthopedics,0.4418,0.0591,0.3828,True
I feel a deep tingling when I touch my acne and it’s followed by a bad sensation 🤧,Dermatology,Dermatology,0.4527,0.0714,0.3813,True
"My acne is really embarrassing. It's so red and pimply, ugh 😖",Dermatology,Dermatology,0.6302,0.0411,0.5891,True
"Can’t walk well, have a constant ache in my foot 😣",Orthopedics,Orthopedics,0.5302,0.0524,0.4777,True
"I was injured during a football match and diagnosed with Cruciate ligament damage, it’s been tough 🥅",Orthopedics,Orthopedics,0.4182,0.0534,0.3648,True
Heavy breath with fatigue. 😓,Psychiatry,Psychiatry,0.4362,0.1544,0.2818,True
"My breath is always bad and it’s affectin' my daily life, what can I do to change this?",Dentistry,Dentistry,0.4279,0.1148,0.3130,True
"Fell skull is cracked like nuts, it’s so painful, feels like it’s gonna burst 😖",Neurology,Neurology,0.3813,0.1214,0.2599,True
Tried fertility diet but still nothing happens,Gynecology,Urology,0.2036,0.1381,0.0655,False
"Feels like there’s a swollen knot at my shoulder blade, with shooting pain from that spot 😫",Orthopedics,Orthopedics,0.5706,0.0477,0.5229,True
"The pain in my back feels like a sharp knife cutting through it, so intense 🤕",Orthopedics,Orthopedics,0.4232,0.1083,0.3149,True
Feel increased heart rate with little pricking sensations in my chest... getting worried 💔,Cardiology,Cardiology,0.5420,0.0675,0.4745,True
"Everything looks like being in a smoky area, kinda blurry... 👀",Ophthalmology,Ophthalmology,0.5681,0.0489,0.5192,True
"It hurts so much when I try to raise my arm up, can’t handle it 🤕",Orthopedics,Orthopedics,0.4127,0.0793,0.3334,True
My stomach feels full and upset and bloating after big meals. I feel so uncomfortable 😖,Gastroenterology,Gastroenterology,0.6622,0.0349,0.6273,True
i have muscle pain that my back 🦵 I Have Muscle Pain at my back leg 🦵,Orthopedics,Orthopedics,0.7079,0.0263,0.6816,True
😖 Hair fall is out of control!,Dermatology,Dermatology,0.5937,0.0416,0.5521,True
"cant keep my eyes open most days, been feeling drained since forever",General Medicine,Ophthalmology,0.2274,0.1123,0.1151,False
"When I go down the stairs, my knee feels like it's tearing apart 😵‍💫",Orthopedics,Orthopedics,0.5759,0.0577,0.5182,True
It feels like someone stuck a knife into my shoulder 🦵,Orthopedics,Orthopedics,0.4690,0.0667,0.4023,True
"I may have overdone it with the weightlifting, now I’m afraid I might have torn a muscle on my back 😖",Orthopedics,Orthopedics,0.3396,0.0682,0.2714,True
"Got a rash on my face out of nowhere, it's itchy and painful 🩹",Dermatology,Dermatology,0.5978,0.0740,0.5238,True
"My speech is starting to sound weird, like I'm not speaking clearly",Neurology,Neurology,0.1548,0.1189,0.0359,True
"Cold makes me cough a lot, it’s so disruptive 🤧",Pulmonology,Pulmonology,0.5082,0.1020,0.4062,True
I feel pain in my throat 🤒.,Pulmonology,Orthopedics,0.3188,0.2306,0.0882,False
I keep gettin' these urgent urges to pee but then nothin' happens when I try to go.,Urology,Urology,0.1828,0.1154,0.0674,True
This cough has been hanging around for two weeks now 😷,Pulmonology,Pulmonology,0.5955,0.0436,0.5519,True
Chronic bone disease at the level of the doubles of the lower Estremidades 🤕,Orthopedics,Orthopedics,0.2775,0.0965,0.1809,True
"I feel so alone in this journey, none of my friends understand",Gynecology,Psychiatry,0.3015,0.0912,0.2103,False
Ouch! 🩸⚽️ I cut my finger playing football & that pain relief cream is a dud! Any other suggestions?,Orthopedics,Orthopedics,0.5354,0.0449,0.4904,True
"My grandmother last year went to the hospital because she was having a hard time breathing, she was scared 😨",Pulmonology,Pulmonology,0.4849,0.0598,0.4251,True
"Chronic bone disease in the lower extremities, causing a lot of pain in my knees 🤕",Orthopedics,Orthopedics,0.4265,0.0875,0.3390,True
"My back's in so much pain, can't stretch at all 😢",Orthopedics,Orthopedics,0.6234,0.0363,0.5871,True
"When I play sports I have some burning sensation in my spine, like it's on fire 🔥",Orthopedics,Orthopedics,0.4215,0.0930,0.3285,True
"Annoyance starts suddenly, often after an injury or exercise. 🦵",Orthopedics,Orthopedics,0.2469,0.0697,0.1772,True
"Kneecap feels like it's grinding when I walk, hurts a lot 😖",Orthopedics,Orthopedics,0.5061,0.0744,0.4317,True
"My neck hurts while I’m working, can’t seem to get comfortable 😣",Orthopedics,Orthopedics,0.6841,0.0280,0.6561,True
I'm injured I can't play sports 🏃‍♂️,Orthopedics,Orthopedics,0.5380,0.0427,0.4953,True
I feel so empty and lost after my breakup. Nothing seems to matter anymore. 💔,Psychiatry,Psychiatry,0.3540,0.0917,0.2623,True
Sterilizer for the eye 👁️.,Ophthalmology,Ophthalmology,0.4917,0.0595,0.4323,True
"Metro station air makes it hard for me to breathe, feels suffocating 🌬️",Pulmonology,Pulmonology,0.5922,0.0529,0.5393,True
Severe itching and redness all over my skin. I’ve tried everything and nothing helps! 🩹,Dermatology,Dermatology,0.4245,0.0667,0.3578,True
Feel like something is being jabbed into my joints 😣,Orthopedics,Orthopedics,0.2744,0.1282,0.1462,True
I have a sharp pain in my lower stomach. 🤕,Gastroenterology,Gastroenterology,0.6919,0.1158,0.5760,True
"Lower back aches, but it gets better when I stretch...should I see a doc? 🏋️‍♂️",Orthopedics,Orthopedics,0.2131,0.0807,0.1324,True
"I can’t stop coughing, it’s driving me crazy 😫.",Pulmonology,Pulmonology,0.3998,0.0620,0.3378,True
I can’t remember the last book I read... it's sad!,Neurology,Psychiatry,0.3761,0.1684,0.2077,False
I have dark spots on my skin that just won't fade 😣,Dermatology,Dermatology,0.5115,0.0987,0.4128,True
"My baby’s breathing seems off, and they’re saying it might be a serious infection",Pediatrics,Pediatrics,0.6227,0.0828,0.5400,True
"Muscles feel tired, like I just did a marathon or something 😞",General Medicine,General Medicine,0.2942,0.1467,0.1475,True
"Knee hurts whenever I walk, makes it hard to move 😔",Orthopedics,Orthopedics,0.6543,0.0532,0.6011,True
"It hurts when I bend my arm, feels like something’s not right 😬",Orthopedics,Orthopedics,0.5588,0.0769,0.4819,True
I forget how to do things I’ve done a million times!,Neurology,Neurology,0.2310,0.0852,0.1458,True
"When my grandfather died, I felt an overwhelming emotional pain that’s hard to describe 😢",Psychiatry,Psychiatry,0.5023,0.0988,0.4036,True
"I’ve tried to relieve it but I can’t, this weakness just won’t go away 😩",General Medicine,Dentistry,0.1583,0.1340,0.0243,False
"Stopped sports cuz of injuries, miss it so much 😔",Orthopedics,Orthopedics,0.2471,0.0754,0.1717,True
"I feel hurt, there’s a lot of pain in my heart, it’s just always there 💔",Psychiatry,Cardiology,0.3451,0.3345,0.0106,False
I feel emotionally crushed 😢.,Psychiatry,Psychiatry,0.5896,0.0472,0.5424,True
"Annoyance starts suddenly, often after an injury or exercise. It's like a delayed reaction 😖",Orthopedics,Orthopedics,0.2369,0.0804,0.1565,True
My head hurts in the back and the pain lasts all day. It’s so persistent 🤕,Neurology,Neurology,0.6403,0.1003,0.5400,True
"I have a hard pain in my stomach, don’t know what’s causing it",Gastroenterology,Gastroenterology,0.6048,0.0770,0.5278,True
"Every time I stand, I feel a sharp pain in my ankle joint, it's getting worse 🦶",Orthopedics,Orthopedics,0.5398,0.0789,0.4610,True
"he pain in my knee gets so bad goin down the stairs, like somethin snapped 🦵",Orthopedics,Orthopedics,0.4635,0.0827,0.3808,True
"I’ve got blurry vision 👁️ after I hit my head yesterday, it’s not getting any better",Ophthalmology,Ophthalmology,0.5580,0.0603,0.4977,True
"My hair always falls out and I’ve lost a lot lately, it’s really concerning 💇‍♂️",Dermatology,Dermatology,0.3977,0.0667,0.3310,True
"I hardly have enough stength to get up, it's like my body is failing me 😊",General Medicine,General Medicine,0.4642,0.0879,0.3763,True
Carrying heavy stuff makes my back feel like it’s breaking. It’s so painful,Orthopedics,Psychiatry,0.1802,0.1711,0.0092,False
"My ankle feels reelly weak, like it’s not supportin' me wen I walk 😩",Orthopedics,Orthopedics,0.2958,0.1694,0.1264,True
"My shoulder hurts when I sleep on it, it's a dull and constant ache 😔",Orthopedics,Orthopedics,0.5016,0.0847,0.4169,True
"Feel so sad, can’t shake it off 😞",Psychiatry,Psychiatry,0.6385,0.0376,0.6009,True
I have a red rash that is itchy on my skin 🤕.,Dermatology,Dermatology,0.7196,0.0269,0.6927,True
Sometimes I feel like a claw on my chest that leaves me breathless. 🤯,Pulmonology,Pulmonology,0.4799,0.1069,0.3730,True
"The heating in my house is broken, and I’m freezing cold all the time 🥶",General Medicine,General Medicine,0.5004,0.0537,0.4466,True
"I was playing soccer and I twisted my ankle, it’s swollen and painful 😖",Orthopedics,Orthopedics,0.6530,0.0304,0.6226,True
"My head feels so heavy and foggy, I can't think straight at all 🤕",Neurology,Neurology,0.5848,0.0901,0.4947,True
"I get stuck on words or just can't say them, even tho I know what I mean",Neurology,Neurology,0.1620,0.1415,0.0205,True
"When my grandfather passed away, I felt this deep emotional pain that I can't describe 😢",Psychiatry,Psychiatry,0.3819,0.1306,0.2513,True
I feel great pain in the head 🤕.,Neurology,Neurology,0.6653,0.1425,0.5228,True
My chest hurts when I go to take a breath 💨.,Pulmonology,Pulmonology,0.5382,0.1455,0.3926,True
"Head hurts and I lose sensation in my face, even sight in one eye 😵‍💫",Neurology,Neurology,0.5355,0.1006,0.4349,True
"Couldn’t exercise due to knee pain, been really frustrating 😓",Orthopedics,Orthopedics,0.5287,0.0619,0.4668,True
"I’ve been super stressed lately, and my nails are breaking off more than usual!",Dermatology,Psychiatry,0.1695,0.1631,0.0064,False
I have a powerful pain inside my neck. It’s sharp and makes it hard to move 😣,Orthopedics,Orthopedics,0.4855,0.1123,0.3732,True
"I have constant knee pain whenever I go for a run, it’s getting worse 😣",Orthopedics,Orthopedics,0.5380,0.0529,0.4850,True
"My foot is hurting so much, every step is painful 😣",Orthopedics,Orthopedics,0.5706,0.0403,0.5303,True
"My stomach starts aching badly when I eat spicy food, can’t figure out why 🤢",Gastroenterology,Gastroenterology,0.5137,0.0631,0.4506,True
My acne hurts sooo bad when I touch it 😖,Dermatology,Dermatology,0.2773,0.1565,0.1208,True
"I’ve tried everything to relieve it, but I can’t 😫",General Medicine,General Medicine,0.1895,0.1817,0.0078,True
"I feel back pain whenever I carry heavy stuff, it’s really painful 🤕",Orthopedics,Orthopedics,0.5699,0.0761,0.4938,True
"Lower back hurts, but stretching it helps a bit 🧘‍♀️",Orthopedics,Orthopedics,0.3364,0.0633,0.2732,True
"Body’s weak, even though I take my vitamins every day.. can't figure it out 😩",General Medicine,General Medicine,0.5720,0.0498,0.5222,True
"I have a pain in my trapezius, feels like sore muscles or something 💪",Orthopedics,Orthopedics,0.5150,0.0627,0.4523,True
"Dull headache that never goes away, what could it be? 🤕",Neurology,Neurology,0.4680,0.0642,0.4037,True
"My eyes hurt, can't see clearly, it's foggy all the time 🤓",Ophthalmology,Ophthalmology,0.5806,0.0572,0.5234,True
"Read a book for too long, now my head's aching 😖",Neurology,Neurology,0.4657,0.1005,0.3652,True
"Stomach pain after drinking milk, every time, it's just unbearable 🔥",Gastroenterology,Gastroenterology,0.5407,0.0596,0.4811,True
"My head's been pounding in the back all day long, it just won’t stop. 🤕",Neurology,Neurology,0.3016,0.0777,0.2239,True
"Dull ache in my lower back, hard to move around 🧎‍♂️",Orthopedics,Orthopedics,0.2561,0.1458,0.1103,True
Tried a lot of creams but my skin problem persists. It’s really irritating 😩,Dermatology,Dermatology,0.4994,0.0608,0.4386,True
"I feel really sad all the time, like there's a dark cloud following me 😔",Psychiatry,Psychiatry,0.6062,0.0508,0.5554,True
"My head is under so much pressure, can’t take it anymore 🥴",Neurology,Neurology,0.5652,0.0711,0.4941,True
I have a rash and it itches very badly. It’s spreading and won’t go away 😕,Dermatology,Dermatology,0.4326,0.0627,0.3699,True
"My doctor mentioned liver problems but I’m not sure what it means, should I get a second opinion?",Hepatology,Hepatology,0.5036,0.0668,0.4368,True
"I feel so down, like I can’t go on... 😢",Psychiatry,Psychiatry,0.3627,0.1291,0.2336,True
New glasses but still can't focus on the TV or computer 🤯,Ophthalmology,Ophthalmology,0.4872,0.0996,0.3875,True
"I can’t sleep because of this constant dry cough, it’s keeping me up all night 🤧",Pulmonology,Pulmonology,0.6068,0.0422,0.5646,True
I feel like my skin is breaking out more since starting treatment!,Dermatology,Dermatology,0.3962,0.1022,0.2940,True
I can't drive at night bc my vision gets blurry 🌙🤓,Ophthalmology,Ophthalmology,0.4334,0.1512,0.2823,True
"I feel a stiffness in my elbows and shoulders, feels like I'm getting old 👴",Orthopedics,Orthopedics,0.2800,0.1155,0.1645,True
"My heart rate’s been really high with sharp pains, feeling worried 😓",Cardiology,Cardiology,0.5258,0.0538,0.4720,True
"When I'm driving my eyes see in double, it's so annoying 😵",Ophthalmology,Ophthalmology,0.6220,0.0417,0.5803,True
"My back is killing me, can barely sit without wincing 😖",Orthopedics,Orthopedics,0.2789,0.0753,0.2036,True
I feel a pressure on my chest 😰,Pulmonology,Pulmonology,0.3618,0.1734,0.1884,True
"My body feels weak although I take my vitamins regularly, what’s wrong? 🤔",General Medicine,General Medicine,0.6498,0.0432,0.6066,True
Have severe cold and cough 🤧,Pulmonology,Pulmonology,0.5731,0.1141,0.4590,True
"I have mental suffering, feels like my emotions are out of control 😔",Psychiatry,Psychiatry,0.5344,0.0686,0.4658,True
"Loud noises make my ear ache, can’t handle it 🗣️👂",ENT,ENT,0.5424,0.0567,0.4858,True
"Burning line across my back, hard to breathe deeply, so painful 🔥",Orthopedics,Pulmonology,0.3249,0.1601,0.1648,False
"I'm feeling cold though the temperature is high, it's confusing 😖",General Medicine,General Medicine,0.6412,0.0369,0.6043,True
"I have a hair shortage, it’s been falling out so much lately. 🥵",Dermatology,Dermatology,0.6676,0.0408,0.6268,True
"I get tired way too fast, struggle to get dressed in the morn 😴👗",General Medicine,General Medicine,0.1816,0.0950,0.0867,True
"I have a hard time processing complex info, it just doesn’t stick!",Neurology,Pulmonology,0.1684,0.1326,0.0358,False
"I'm in need of a treatment for my hair fall, it's getting worse and I need help 😔",Dermatology,Dermatology,0.4763,0.0570,0.4193,True
My doc says I need to lose weight before I can concieve,Gynecology,Neurology,0.1427,0.0989,0.0438,False
I don't know why but I keep getting sick every time it's cold 🥶,General Medicine,General Medicine,0.3181,0.0963,0.2219,True
My muscles in my lower back are aching 🩺,Orthopedics,Orthopedics,0.4725,0.0502,0.4223,True
"I can’t move my leg properly, there’s pain in the joint and it’s really limiting me 🤕",Orthopedics,Orthopedics,0.5662,0.0375,0.5287,True
"My muscles feel so tired and heavy, even though I haven't done anything too strenuous. It's like my body is constantly exhausted 😫",General Medicine,General Medicine,0.5707,0.0669,0.5038,True
I often get a sharp pain in my chest and I can't tell what I'm doing that might be triggering it. 💓,Cardiology,Cardiology,0.5684,0.0913,0.4770,True
I can't stop thinking of ways to get revenge on my ex 😡,Psychiatry,Psychiatry,0.3908,0.0685,0.3222,True
"Sharp pain when I look left, like something’s stabbing 😣",Orthopedics,Orthopedics,0.4009,0.1357,0.2652,True
"Remembering her just makes me feel so down, like everything’s falling apart 😔",Psychiatry,Psychiatry,0.2138,0.0963,0.1176,True
"My ear hurts soooo much, can't stand it anymore 👂💔",ENT,ENT,0.5306,0.1014,0.4292,True
"Right ear feels like it's being stabbed, so painful 😖",ENT,ENT,0.6653,0.0834,0.5819,True
Why do I have to carry snacks everywhere? it’s so annoying!,Endocrinology,Orthopedics,0.2295,0.1065,0.1230,False
"My heart is racing and I’m having a hard time breathing, feels like an emergency 🚨",Pulmonology,Pulmonology,0.4083,0.2610,0.1472,True
"Got a rash and it’s itching like crazy, can’t stop scratching 😣",Dermatology,Dermatology,0.2647,0.0949,0.1698,True
"I've been over my cold for weeks but still cough every day, it’s really annoying 🤧",Pulmonology,Pulmonology,0.5641,0.0536,0.5105,True
"My joints ache so much whenever it’s cold outside, can’t handle it 🦴",Orthopedics,Orthopedics,0.2907,0.1270,0.1637,True
"Shoulder pain is insane, can't even lift my arm anymore 😓",Orthopedics,Orthopedics,0.7328,0.0291,0.7036,True
"My knee doesn't want to bend, it’s so stiff! I can barely walk 😩",Orthopedics,Orthopedics,0.6501,0.0318,0.6183,True
"Theres this sharp stabbin’ pain in my ankle when I try to rotate it, hurts so bad",Orthopedics,Orthopedics,0.5658,0.0583,0.5075,True
"Random spotting and heavy flow at times, its confusing.",Gynecology,Gynecology,0.3679,0.0751,0.2928,True
"I’ve developed new acne on my face, and I’m not even a teenager anymore! 😩",Dermatology,Dermatology,0.6328,0.0388,0.5940,True
"My stomach and colon hurt like something’s cutting it, it’s really painful 🤢",Gastroenterology,Gastroenterology,0.4664,0.1103,0.3561,True
"Moving so slow lately, it's hard to stand up even 😫",General Medicine,Neurology,0.1862,0.1497,0.0366,False
"Pain in my joints is just unbearable, can’t stand it anymore 🤕",Orthopedics,Orthopedics,0.4448,0.0873,0.3575,True
"My heart hurts a lot, especially when I’m doing any physical activity 💔",Cardiology,Cardiology,0.4935,0.1167,0.3768,True
"Upper back sore for a week now, won’t go away 💢🕒",Orthopedics,Orthopedics,0.2293,0.1224,0.1069,True
"Constant knee pain, even small movements hurt now 🦵",Orthopedics,Orthopedics,0.6034,0.0454,0.5580,True
My knee catches and hurts a lot when I stand up after sitting for a while 🦵.,Orthopedics,Orthopedics,0.5349,0.0510,0.4839,True
I was playing basketball yesterday and now I’ve got a sprained ankle 🏀.,Orthopedics,Orthopedics,0.4474,0.0643,0.3832,True
"After playing tennis, I had a sharp pain close to my neck, it's been bothering me since 😖",Orthopedics,Orthopedics,0.7040,0.0327,0.6713,True
"My ankle joint throbs when I put pressure on it, like a constant ache 🤕",Orthopedics,Orthopedics,0.3953,0.1125,0.2828,True
"TV and computer are blurry, even though I just got new glasses, what's happening? 👓",Ophthalmology,Ophthalmology,0.5235,0.0518,0.4717,True
"I have a blurry vision during my swimming training in the pool, why? 🩺",Ophthalmology,Ophthalmology,0.6988,0.0340,0.6648,True
"I couldn’t stop shaking or unclench my jaw, that’s how cold I was 🥶.",General Medicine,General Medicine,0.4589,0.0618,0.3971,True
"i feel pain in my neck, its like a stiffness😣",Orthopedics,Orthopedics,0.7674,0.0414,0.7260,True
"Dull headache, probably from staring at my screen all day 😵",Neurology,Neurology,0.4870,0.0639,0.4231,True
I have a hair shortage and it’s really making me self-conscious 😔,Dermatology,Dermatology,0.4325,0.0667,0.3657,True
"My vision gets blurry during swim practice, why does this keep happening? 😵",Ophthalmology,Ophthalmology,0.4248,0.1309,0.2938,True
I feel lost in my own mind sometimes. what’s wrong with me?,Psychiatry,Psychiatry,0.2871,0.1029,0.1842,True
"I have severe shoulder pain, it’s been killing me all day 😖",Orthopedics,Orthopedics,0.6402,0.0371,0.6030,True
"I got my tooth pulled out, but the pain hasn't gone away yet, it’s bad 🤕",Neurology,Dentistry,0.5221,0.1351,0.3870,False
"When I'm doing sport I have pain under my skin, it's deep and annoying 😣",Orthopedics,Orthopedics,0.2636,0.1902,0.0734,True
"When I drink a lot, I always end up with a headache, so annoying 🤕",Neurology,Neurology,0.4248,0.0801,0.3447,True
"My knee hurts when I walk, it's becoming a constant problem 😢",Orthopedics,Orthopedics,0.6867,0.0321,0.6547,True
I can’t walk properly because of this terrible foot ache 🦶.,Orthopedics,Orthopedics,0.6213,0.0425,0.5788,True
Rash on my skin is super itchy and red 🥵,Dermatology,Dermatology,0.6475,0.0370,0.6105,True
"My body feels weak when I wake up, like no energy 😔",General Medicine,General Medicine,0.7579,0.0335,0.7244,True
I got a rash on my skin that’s really itchy n uncomfortable 😠,Dermatology,Dermatology,0.5678,0.0563,0.5115,True
"Joint pain every time I move, hurts so bad 😔",Orthopedics,Orthopedics,0.6377,0.0758,0.5619,True
"The arches of my feet hurt when I wear heels, it’s like a sharp pain 😖",Orthopedics,Orthopedics,0.3882,0.0663,0.3219,True
"Woke up with soreness all over my body, so stiff 🏋️‍♂️",Orthopedics,Orthopedics,0.2408,0.2075,0.0332,True
"I have a foot ache in winter, or when it feels cold, why? ❄",Orthopedics,Orthopedics,0.3992,0.1240,0.2751,True
"My hands are so stiff, I can't even make a fist anymore",Orthopedics,Orthopedics,0.2388,0.1137,0.1252,True
My back got injured while I was lifting at the gym. 💪,Orthopedics,Orthopedics,0.3747,0.0617,0.3130,True
I have a headache every time I eat ice cream 🤕,Neurology,Neurology,0.5790,0.0504,0.5286,True
My shoulder muscle hurts like crazy when I reach up 💪😫,Orthopedics,Orthopedics,0.5704,0.0485,0.5218,True
"Back skin turning red for no reason, kinda worried 🌡️",Dermatology,Dermatology,0.5533,0.0531,0.5002,True
"Red, itchy rash on my skin, getting worse by the day 😖",Dermatology,Dermatology,0.6373,0.0397,0.5977,True
"I hate my acne, it just never clears up and is so visible 🌟",Dermatology,Dermatology,0.4341,0.1969,0.2371,True
"My fingers go numb whenever I type for too long, tingles so much! 🤕",Orthopedics,Orthopedics,0.1981,0.0988,0.0993,True
"My mom always worries about my blood sugar levels. it’s sweet, but...",Endocrinology,Endocrinology,0.2901,0.2446,0.0455,True
"My knee hurts so much when I play squash, even though I'm wearing knee pads. It's really limiting me. 🏸",Orthopedics,Orthopedics,0.6702,0.0298,0.6404,True
"Feeling really sad, like there’s a heavy emotional pain I can’t get rid of 😢",Psychiatry,Psychiatry,0.6414,0.0668,0.5745,True
"My shoulder is hurting a lot, and it’s becoming difficult to move it properly 🫠",Orthopedics,Orthopedics,0.4433,0.0611,0.3822,True
I feel pain in my knee when I climb the stairs. 🤕,Orthopedics,Orthopedics,0.7282,0.0382,0.6899,True
"I can’t carry anything, my shoulder hurts so bad 😣",Orthopedics,Orthopedics,0.5935,0.0654,0.5281,True
omg my back is killing me rn 😫,Orthopedics,Orthopedics,0.1647,0.1319,0.0329,True
"Sometimes my body just feels weak out of nowhere, it’s weird 💤.",General Medicine,General Medicine,0.6110,0.0707,0.5404,True
Head hurts soooo bad 😣,Neurology,Neurology,0.5325,0.0941,0.4384,True
I have found some issues in my skin and tried to use cream but it doesn't get better 🤕,Dermatology,Dermatology,0.4080,0.0821,0.3259,True
"My knee hurts so bad when I play squash, can’t seem to find a comfortable position 😫",Orthopedics,Orthopedics,0.5443,0.0520,0.4923,True
"Every time I eat, my stomach starts hurting 🤢🍽️",Gastroenterology,Gastroenterology,0.5283,0.0684,0.4599,True
"I love gardening but I get a terrible twinge in my lower back when I lean over, it’s so painful 🌿",Orthopedics,Orthopedics,0.3257,0.0692,0.2565,True
"I feel that it's hard to breathe, especially after running or any effort 😤",Pulmonology,Pulmonology,0.5540,0.0634,0.4906,True
"I have an issue in my middle ear caused by an infection, and it’s really bothering me 😢",ENT,ENT,0.4398,0.0970,0.3428,True
I feel a soreness in my knees when I walk 🦵.,Orthopedics,Orthopedics,0.4532,0.0674,0.3858,True
"Can’t read the sign, my vision’s too blurry 👓👀",Ophthalmology,Ophthalmology,0.6373,0.0427,0.5946,True
"My knee hurts a lot when I walk, it’s becoming really hard to get around 🦵",Orthopedics,Orthopedics,0.6331,0.0456,0.5874,True
"My head hurts me badly, can't focus on anything else 🤕",Neurology,Neurology,0.6746,0.0492,0.6254,True
"Head hurts, the light makes it worse 😖",Neurology,Neurology,0.6325,0.0611,0.5713,True
I used to have acne when I was 15 years old. 🧑,Dermatology,Dermatology,0.4693,0.0739,0.3954,True
My back hurts a lot when I bend 😩,Orthopedics,Orthopedics,0.5544,0.0536,0.5008,True
"I can't turn my neck to the left without feeling a stabbing pain, it's so sharp 😖",Orthopedics,Orthopedics,0.5785,0.0536,0.5250,True
"It's hard to see things clearly, especially when reading or driving. 👓",Ophthalmology,Ophthalmology,0.5578,0.0648,0.4930,True
What’s the point of getting the flu shot if they still get sick? 🤷‍♂️,Pediatrics,Pediatrics,0.2879,0.0814,0.2065,True
"Sometimes I cough a lot bc I'm a smoker, it's really annoying 😷",Pulmonology,Pulmonology,0.4870,0.1044,0.3826,True
I feel a pain in my neck 🤦‍♀️,Orthopedics,Orthopedics,0.8456,0.0348,0.8108,True
I feel pain in the lower back 😣,Orthopedics,Orthopedics,0.6059,0.0737,0.5322,True
I have a feeling like my whole body is complaining 🦵,Orthopedics,General Medicine,0.2681,0.1626,0.1055,False
"Can’t jump on my left foot due to a triple fracture, pain never ends 😵",Orthopedics,Orthopedics,0.4436,0.0546,0.3889,True
"I feel pain in the knee when walking, it's been bothering me for days now. I hope it's nothing serious. 🦵",Orthopedics,Orthopedics,0.6478,0.0490,0.5988,True
"It feels like my muscles are locked up, and no matter how much I try to strech or rest, the pain doesn’t go away. It’s really frustrating because I want to keep working out💪",Orthopedics,Orthopedics,0.3499,0.0728,0.2771,True
"Doc, I feel some powerful pain in my ribs. it's hard to breath 😰",Cardiology,Pulmonology,0.3747,0.1283,0.2463,False
I get angry at myself for feeling sad. why can’t I just be happy?,Psychiatry,Psychiatry,0.5452,0.0497,0.4955,True
"Knee pain gets worse every time I try to walk, I sit all day now 😔",Orthopedics,Orthopedics,0.5153,0.0661,0.4492,True
"Are pimples like, a skin disease or what? 🤕",Dermatology,Dermatology,0.6846,0.0369,0.6476,True
"Pain in my ears with tinnitus, it's driving me crazy 🎧",ENT,ENT,0.4851,0.0972,0.3878,True
"My foot aches whenever it’s cold, especially in winter ❄️",Orthopedics,Orthopedics,0.2500,0.2229,0.0271,True
"My back hurts a lot when I bend over, like really bad 😩.",Orthopedics,Orthopedics,0.4023,0.0829,0.3194,True
I have a great pain in my foot like throbbing pain even when relaxing 🦶.,Orthopedics,Orthopedics,0.6987,0.0467,0.6520,True
"I have a foot ache in winter or when it feels cold, it’s weird why it happens 😖",Orthopedics,Orthopedics,0.3253,0.1099,0.2153,True
"Sometimes I feel crushed under a huge weight, no air passing to my lungs, it’s so scary 😱",Pulmonology,Pulmonology,0.3757,0.0977,0.2779,True
"When I force my eyes to view I have blurry vision, it's like looking through foggy glass 😵‍💫",Ophthalmology,Ophthalmology,0.6973,0.0337,0.6636,True
I HATE MY ACNE! 😡,Dermatology,Dermatology,0.5341,0.1262,0.4079,True
I was watching TV and suddenly got blurry vision. 👁️,Ophthalmology,Ophthalmology,0.6778,0.0392,0.6386,True
I feel like I fell in hot water 🛁.,Dermatology,Dermatology,0.2335,0.1032,0.1304,True
i lose a lot of my hair 💇,General Medicine,Dermatology,0.6424,0.0559,0.5865,False
"Severe pain in the ear, it’s driving me nuts 😖",ENT,ENT,0.6922,0.0348,0.6574,True
"My joints feel swollen n sore, like I can barely move them 😖",Orthopedics,Orthopedics,0.4135,0.0663,0.3473,True
"Injured myself during a football match, diagnosed with a cruciate ligament injury 😣",Orthopedics,Orthopedics,0.4378,0.0519,0.3860,True
"I have pain in my elbow joint, it’s so stiff and sore 😣",Orthopedics,Orthopedics,0.5751,0.0381,0.5371,True
Used some drops but my eyes still hurt when I look at the computer screen 😔,Ophthalmology,Ophthalmology,0.5452,0.0752,0.4701,True
"I can’t sleep because I have a bad cough, it’s keeping me up all night 😷",Pulmonology,Pulmonology,0.6040,0.0468,0.5572,True
"I have pain like needles in my joints, it’s super sharp and uncomfortable 😣",Orthopedics,Orthopedics,0.5941,0.0395,0.5545,True
"I feel pain in my knee when I climb the stairs, it's really uncomfortable 🤕",Orthopedics,Orthopedics,0.6612,0.0389,0.6223,True
"It's hard to see things clearly, like everything's blurry. 👀",Ophthalmology,Ophthalmology,0.6662,0.0600,0.6061,True
I cannot get warm no matter how much I wrap up or how high I put the heating on 🥶,General Medicine,General Medicine,0.5513,0.0465,0.5048,True
"I get pain when walking around, mostly near my knees. Maybe I need some support braces for this. 🦵",Orthopedics,Orthopedics,0.4724,0.0486,0.4238,True
"A lot of knee pain whenever I run, can barely handle it 🏃‍♂️",Orthopedics,Orthopedics,0.5490,0.0457,0.5033,True
"Walking is tough, hard to breathe. Feels like I’m always out of breath 🫠",Pulmonology,Pulmonology,0.6519,0.0514,0.6005,True
"I feel shortness of breath after climbing stairs, it’s really difficult 😤",Pulmonology,Pulmonology,0.2277,0.1254,0.1022,True
"Feels like there’s always something stuck in my throat, can’t seem to clear it 🤧",Pulmonology,Pulmonology,0.3199,0.1271,0.1928,True
"My heart hurts me, feels like it’s skipping beats 😖",Cardiology,Cardiology,0.6388,0.0650,0.5738,True
Head hurts whenever I do anything. It’s constant 🤕.,Neurology,Neurology,0.7209,0.0644,0.6565,True
"Having difficulty moving my knee, it’s stiff and painful 😣",Orthopedics,Orthopedics,0.5552,0.0465,0.5087,True
After a hard working day I have foot ache 🦶,Orthopedics,Orthopedics,0.4345,0.0793,0.3553,True
I have a pain in my head 🤕.,Neurology,Neurology,0.7460,0.1023,0.6437,True
"After a football match, my joints are really aching from that injury. ⚽",Orthopedics,Orthopedics,0.5570,0.0471,0.5099,True
Feel sharp pain in my neck every time I look to the left 😖,Orthopedics,Orthopedics,0.6678,0.0470,0.6208,True
"I keep havin' bad breath no matter how well I care for my teeth, what’s the issue with that?",Dentistry,Dentistry,0.5706,0.0826,0.4880,True
"My face is a total warzone with acne! Plus, it's itchy like crazy! What's a girl gotta do to get some clear skin?",Dermatology,Dermatology,0.6989,0.0288,0.6701,True
"Severe shoulder pain, feels like something’s really wrong 🤕",Orthopedics,Orthopedics,0.5976,0.0809,0.5167,True
"My back hurts me a lot, it's been hurting for weeks now 😣",Orthopedics,Orthopedics,0.4651,0.0703,0.3947,True
"Shoulder throbs, even when I’m not using it 🤕",Orthopedics,Orthopedics,0.4371,0.0766,0.3604,True
"I keep gettin' bad breath and it’s really frustratin', could it be a dental problem for sure?",Dentistry,Dentistry,0.4661,0.1194,0.3466,True
"My knee hurts so badly, it’s affecting my daily activities 🦶",Orthopedics,Orthopedics,0.3301,0.0766,0.2535,True
"I’m always cold, even with layers of clothes on, can’t get warm 🥶",General Medicine,General Medicine,0.6604,0.0361,0.6243,True
"My head has been aching since I woke up this morning, it’s really intense 😵",Neurology,Neurology,0.4277,0.1051,0.3226,True
Severe pain in the upper left side of chest and may have pain to back 💔.,Cardiology,Cardiology,0.5874,0.1100,0.4774,True
Cold makes me caugh a lot 😷,Pulmonology,General Medicine,0.2872,0.1037,0.1835,False
I feel pain in my right shoulder after the tennis match 🎾.,Orthopedics,Orthopedics,0.6823,0.0425,0.6398,True
"I’m havin’ a hard time rememberin’ names and fases, is this normel",Neurology,Neurology,0.1917,0.1461,0.0456,True
I have for dia ❤️,Cardiology,Orthopedics,0.1302,0.0945,0.0356,False
"Soreness in my knees when I walk, it’s really painful 😣",Orthopedics,Orthopedics,0.5279,0.0499,0.4780,True
"I have this throbbing pain in my shoulder, it’s constant and annoying 😖",Orthopedics,Orthopedics,0.6078,0.0364,0.5714,True
"My tooth hurts every time I eat somethin' hot or cold, and it’s makin' me worry 🍦",Dentistry,Dentistry,0.3691,0.0726,0.2965,True
My baby was born early and she’s having trouble regulating her body temp,Pediatrics,Pediatrics,0.5274,0.0900,0.4374,True
I feel a pain in my back 🩺,Orthopedics,Orthopedics,0.6808,0.1341,0.5467,True
"I've got pimples in patches along with redness all over my face, it's so fk frustrating! 😡",Dermatology,Dermatology,0.5354,0.0506,0.4848,True
"I’ve had back pain since I fell on the floor, it’s been constant and painful 🤕",Orthopedics,Orthopedics,0.3547,0.0707,0.2840,True
"Got kicked in the head playing soccer last night, it’s still hurting 🥅",Orthopedics,Orthopedics,0.4801,0.0768,0.4033,True
"I get so dizzie evry time I stand up, doc said it’s somethin' with my blood pressure 😖",Hematology,Hematology,0.5872,0.0538,0.5334,True
Oh my heart hurts me I tried to be calm and I can't 💓,Cardiology,Cardiology,0.6878,0.0383,0.6495,True
"Had I stepped on a needle it wouldn't have hurt so much, like this damned spur in my heel. 🦶",Orthopedics,Orthopedics,0.2690,0.0784,0.1906,True
Never had acne problems until my last pregnancy. Now my back is covered in zits 😟,Dermatology,Dermatology,0.3888,0.0684,0.3204,True
"Can’t do anything, feel weak all over my body 😩",General Medicine,General Medicine,0.7816,0.0294,0.7522,True
"My stomach aches after I drink any soda drink, why? 🥤.",Gastroenterology,Gastroenterology,0.6229,0.0488,0.5741,True
"I can’t breathe properly, feels like I'm gasping for air 😷",Pulmonology,Pulmonology,0.5364,0.0752,0.4612,True
"My neck has been sore since the accident, it’s not getting any better 😣",Orthopedics,Orthopedics,0.4182,0.0579,0.3603,True
"I feel joint pain every time I move, it’s like my joints are grinding 😣",Orthopedics,Orthopedics,0.5671,0.0572,0.5099,True
Itch at the front and center of my scalp. 💇‍♀️,Dermatology,Dermatology,0.3572,0.0796,0.2777,True
Got shoulder pain everytime I do chores around the house 🏡,Orthopedics,Orthopedics,0.6242,0.0317,0.5925,True
"My head hurts me badly, it’s been going on for days, can’t focus on anything 🤕",Neurology,Neurology,0.5655,0.0621,0.5034,True
When I read for a long time I feel my eyes get tired and I need a break 👓,Ophthalmology,Ophthalmology,0.2009,0.1255,0.0754,True
My joints are swollen and hurt so bad whenever I move 💥,Orthopedics,Orthopedics,0.4315,0.0756,0.3559,True
"Got pain in my traps, it’s pretty annoying 💪",Orthopedics,Orthopedics,0.3477,0.0680,0.2797,True
"I have an earache that won’t go away. I don’t have any other symptoms, just this constant earache 👂",ENT,ENT,0.2101,0.1159,0.0942,True
The worst headache I ever had was during a hangover in my twenties. Thought my brain was gonna explode 🤯,Neurology,Neurology,0.5033,0.0537,0.4496,True
There's this stinging feeling every time I open my eyes in the mornin 😫,Ophthalmology,Ophthalmology,0.3115,0.0837,0.2278,True
"My ankle feels tite and painfull, it’s like I can’t strech it out properly 😢",Orthopedics,Orthopedics,0.4016,0.0762,0.3253,True
"Dull ache in lower back, makes it super tough to even move or get up. Wish it’d go away 🤕",Orthopedics,Orthopedics,0.2057,0.1136,0.0921,True
I have acne on my face and other problems like itching 😓,Dermatology,Dermatology,0.6371,0.0387,0.5984,True
"i have a very bad cough that just won’t go away, keeps me up at night 😷",Pulmonology,Pulmonology,0.4303,0.1030,0.3272,True
The arches of my feet kill when I wear heels for too long 🫠,Orthopedics,Orthopedics,0.2090,0.0875,0.1215,True
I have a throbbing in my joints 🦵.,Orthopedics,Orthopedics,0.4635,0.0673,0.3961,True
"I’ve been wheezing a lot and can’t catch my breath, is it asthma? 😟",Pulmonology,Pulmonology,0.5629,0.1052,0.4578,True
"Shoulder pain is insane, can't even lift my arm anymore 😓",Orthopedics,Orthopedics,0.7328,0.0291,0.7036,True
I have painful knots in my shoulders that are making it hard to move 😖,Orthopedics,Orthopedics,0.2951,0.1029,0.1922,True
"I think my body temperature is really low, I’m always freezing 🥶",General Medicine,General Medicine,0.4835,0.0763,0.4072,True
When I carry heavy things I feel like breaking my back 🏋️‍♂️,Orthopedics,Orthopedics,0.2129,0.1417,0.0713,True
My foot has been aching since last Tuesday 😖,Orthopedics,Orthopedics,0.4479,0.0582,0.3897,True
"My knees hurt so bad to walk that I stay sitting more than I should, it's really affecting my daily life 😣",Orthopedics,Orthopedics,0.2606,0.0733,0.1873,True
"I have a really dry cough that just won’t go away, it’s so irritating 😷",Pulmonology,Pulmonology,0.4167,0.1710,0.2457,True
"Oh man, my neck is killing me! I can't even turn it without shooting pain. This is the worst neck pain I've ever had. 😢",Orthopedics,Orthopedics,0.6993,0.0259,0.6734,True
"I feel pain in my back all the time, it’s so constant 🤕",Orthopedics,Orthopedics,0.4928,0.1072,0.3856,True
"Knocked my foot on something hard, it really hurts now, can barely walk 🦶",Orthopedics,Orthopedics,0.4753,0.0613,0.4140,True
"I need to scratch my skin every minute, it’s so itchy 🩹",Dermatology,Dermatology,0.5198,0.0531,0.4667,True
"I tried to do my own manicure, but now my nails look worse 😭",Dermatology,Dermatology,0.2435,0.0971,0.1464,True
I feel pain in my knee when I climb the stairs. 🦵,Orthopedics,Orthopedics,0.7282,0.0382,0.6899,True
There’s a dark spot on my arm that’s worrying me...😟,Dermatology,Dermatology,0.2745,0.1418,0.1326,True
Red flushes accompanied with itchy skin. It’s really uncomfortable and irritating 😠,Dermatology,Dermatology,0.5806,0.0514,0.5291,True
I have some terrible problems when I'm breathing during the night. I wake up gasping 😨,Pulmonology,Pulmonology,0.4646,0.0591,0.4055,True
"My ear hurts so bad, can't take it anymore 😖",ENT,ENT,0.6842,0.0571,0.6271,True
"I heard about this new diet for diabetes, but idk if it’s good.",Endocrinology,Endocrinology,0.3508,0.0714,0.2794,True
"Can't walk well, have an ache in my foot all the time, especially when I get up 🚶‍♂️",Orthopedics,Orthopedics,0.5704,0.0520,0.5184,True
Eyes tearing up all the time n I see blurry when I try to read or text,Ophthalmology,Ophthalmology,0.6036,0.0563,0.5473,True
"Feel like something's coming up when I cough, it's gross 🤮",Pulmonology,Pulmonology,0.4657,0.0874,0.3783,True
"My heart hurts so much when I'm sad, what’s going on? 😢.",Cardiology,Cardiology,0.7054,0.0918,0.6136,True
"My muscles feel tired all the time, like I’ve been working out non-stop but I haven’t 😩",General Medicine,General Medicine,0.2609,0.1068,0.1541,True
"Felt my heart hurting after running a long distance, so worrying 💔",Cardiology,Cardiology,0.5059,0.0895,0.4163,True
"Need to scratch my skin every min, can't stop 🩹",Dermatology,Dermatology,0.4134,0.0741,0.3393,True
Back pain feels like shooting up and down my back 💥⬆⬇,Orthopedics,Orthopedics,0.5593,0.0986,0.4607,True
"It's like I can't breathe when I sleep, keeps waking me up in a panic 😷",Pulmonology,Pulmonology,0.3798,0.0772,0.3025,True
I noticed a significant decrease in my vision when I try to look at things up close. 👓,Ophthalmology,Ophthalmology,0.6349,0.0504,0.5845,True
"I’m losing hair by the clumps, what’s going on 😟",Dermatology,Dermatology,0.5323,0.0495,0.4828,True
My chest hurts whenever I try to breathe in deeply 😮‍💨.,Pulmonology,Pulmonology,0.3448,0.1570,0.1878,True
I have front head pain and when I get it the light bothers me. 🤕,Neurology,Neurology,0.5328,0.1130,0.4198,True
"Even after rehab, I still feel like I’m missing a part of me, so hard 😢",Psychiatry,Psychiatry,0.2120,0.1934,0.0185,True
"I’ve had blurry vision since I woke up, it's really bothering me 👀.",Ophthalmology,Ophthalmology,0.6196,0.0381,0.5815,True
I'm not hearing well I have a problem with my ear 👂.,ENT,ENT,0.6738,0.0332,0.6406,True
Neck pain every time I turn it 😢 what to do! i have to do lots of work,Orthopedics,Orthopedics,0.6530,0.0333,0.6197,True
Knees get really sore whenever I walk too much 😣,Orthopedics,Orthopedics,0.4391,0.0601,0.3790,True
"Terrible hair loss after some recent stress, it’s really affecting me 😟",Dermatology,Dermatology,0.3672,0.0796,0.2876,True
Back pain’s been with me ever since I hit 70 💪,Orthopedics,Orthopedics,0.4997,0.0424,0.4573,True
Everything looks like being in a smoky area 🌫️.,Ophthalmology,Ophthalmology,0.4501,0.0639,0.3862,True
"My hair always falls out and I’ve lost a lot of hair lately, it’s so distressing 💇‍♀️.",Dermatology,Dermatology,0.5426,0.0502,0.4924,True
"Evry time I twist my ankle even a littel, it starts hurtin’ like crazy 😖",Orthopedics,Orthopedics,0.2739,0.0865,0.1873,True
"I have issues with my skin, it’s breaking out and nothing seems to help 😞",Dermatology,Dermatology,0.5471,0.0699,0.4772,True
"I have a problem in my middle ear, think it's an infection.. hurts 😣",ENT,ENT,0.6016,0.0858,0.5158,True
My heart aches so badly 💔,Cardiology,Cardiology,0.6900,0.0284,0.6616,True
My knee felt weak and gave way the other day while climbing stairs 🚶‍♀️,Orthopedics,Orthopedics,0.3327,0.1030,0.2297,True
"I see lines on my arms that look like stretch marks, but I haven’t gained weight!",Dermatology,Orthopedics,0.1998,0.1038,0.0960,False
dr. I feel a strange and powerful pain inside my rib cage ❤️,Cardiology,Cardiology,0.6063,0.0684,0.5379,True
My head hurts after reading too much 😩,Neurology,Neurology,0.7018,0.0565,0.6454,True
My son was born early and now they’re talking about possible learning problems,Pediatrics,Pediatrics,0.5405,0.0532,0.4873,True
"The rash on my stomach is really painful, almost like burns. So scary!",Dermatology,Gastroenterology,0.3232,0.1224,0.2009,False
"I waken up every day with stiff joints, it takes forever to get moving in the morning 😣",Orthopedics,Orthopedics,0.4161,0.1019,0.3142,True
My heart feels like it's going to explode. The pain is sharp and intense 😣,Cardiology,Cardiology,0.6623,0.0786,0.5838,True
"My face is all broken out with pimples, it’s so embarrassing 😳",Dermatology,Dermatology,0.6434,0.0390,0.6044,True
"Wake up with a stiff neck every morning, massage helps but pain returns 😓",Orthopedics,Orthopedics,0.6443,0.0327,0.6116,True
"Red, itchy rash on my skin, getting worse by the day 😖",Dermatology,Dermatology,0.6373,0.0397,0.5977,True
"Tried reading books to distract myself, but I just feel down and sad 😔",Psychiatry,Psychiatry,0.6214,0.0469,0.5745,True
The arches of my feet hurt when I wear heels 😖,Orthopedics,Orthopedics,0.2315,0.0787,0.1528,True
"I feel weak all the time, even though I'm taking vitamins 💊",General Medicine,General Medicine,0.5118,0.0578,0.4540,True
I feel so sore in my stomach area. 🤕,Gastroenterology,Gastroenterology,0.6725,0.0351,0.6374,True
I’m havin' a hard time startin' to urinate and it’s very frustratin' for me at this point.,Urology,Urology,0.2231,0.1204,0.1027,True
"I feel a sharp pain in the stomach after eating, it’s so uncomfortable 😣",Gastroenterology,Gastroenterology,0.7706,0.0505,0.7202,True
My knee catches and hurts when I first stand up after sitting. 😣,Orthopedics,Orthopedics,0.5135,0.0526,0.4609,True
"I get mixd up about what I’m doin’ an why, it’s really confusin’",Neurology,Orthopedics,0.1220,0.1195,0.0025,False
"My body feels totally wiped out after my first day at the gym, why is that? 😫.",General Medicine,General Medicine,0.4617,0.0892,0.3725,True
Is it okay to go to school right after the vaccine? Just worried.,Pediatrics,Pediatrics,0.3301,0.0776,0.2525,True
"I’ve been having trouble seeing things clearly lately, even when I’m wearing my glasses. It’s strange because I just got these glasses not too long ago, but no matter what, everything still feels kind of out of focus",Ophthalmology,Ophthalmology,0.3626,0.0794,0.2833,True
I have pimples on my back that are really bothering me. It’s so embarrassing 😟,Dermatology,Dermatology,0.4355,0.0783,0.3573,True
"Fell while jumping to catch a ball, now my body’s sore all over 🏃‍♂️",Orthopedics,Orthopedics,0.2404,0.1463,0.0942,True
"I’ve got a constant throbbing pain in my tooth, what could be causin' this kinda pain?",Dentistry,Dentistry,0.4988,0.1394,0.3594,True
"I have a pain that comes and goes in my chest, it's concerning 😨",Cardiology,Cardiology,0.1709,0.1473,0.0235,True
"I feel discomfort throughout the body in general, it's just a general feeling of weakness 😵‍💫",General Medicine,General Medicine,0.5583,0.0979,0.4604,True
Feels like something is squeezing my lungs and it’s hard to breathe 😧,Pulmonology,Pulmonology,0.6861,0.0495,0.6366,True
"Theres this throbbin' in my ankle after I stand for a long time, it’s unbareable",Orthopedics,Orthopedics,0.3053,0.1088,0.1965,True
"My joints feel swollen and painful, especially after I exercise. 💪",Orthopedics,Orthopedics,0.4644,0.0498,0.4146,True
"Tried answering a phone call but couldn’t hear anything, my ear's been weird lately 👂",ENT,ENT,0.4783,0.0561,0.4222,True
"Stomach pain is killing me, can't handle it 🥵",Gastroenterology,Gastroenterology,0.5278,0.1373,0.3905,True
"I think there's fluid in my ears, it feels like they're blocked 😖",ENT,ENT,0.5637,0.0605,0.5032,True
My heart aches a lot these days 💔,Cardiology,Cardiology,0.5610,0.0519,0.5091,True
"I find myself misplacing everyday items, like my wallet!",Neurology,Neurology,0.1597,0.1280,0.0317,True
It's really hard to breath after running 😟,Pulmonology,Pulmonology,0.5011,0.1055,0.3956,True
"I feel really cold when night falls, it’s so uncomfortable 🧣.",General Medicine,General Medicine,0.3939,0.1106,0.2834,True
"Sometimes, my chest feels like it's being crushed, can't breathe 😣",Pulmonology,Pulmonology,0.4703,0.2461,0.2242,True
"I feel hurt, a lot of pain in my heart. 💔",Psychiatry,Cardiology,0.4170,0.2361,0.1809,False
"After walking for a bit, my foot aches like it's been strained 👣",Orthopedics,Orthopedics,0.3341,0.0731,0.2610,True
"Chronic disease of hair follicles and sebaceous glands, it’s really messing up my skin 😔",Dermatology,Dermatology,0.6847,0.0373,0.6474,True
I don't know why I'm constantly sad. It feels like a weight on my chest 😢,Psychiatry,Psychiatry,0.4126,0.1717,0.2409,True
"After eating, there's a burning sensation inside me, it's so uncomfortable 🔥",Gastroenterology,Gastroenterology,0.6217,0.0622,0.5595,True
The nerves were damaged so bad during my ankle operation that I can't even stand to touch the scar 🩹,Orthopedics,Orthopedics,0.3423,0.0693,0.2730,True
"I have dark spots on my skin, they just appeared out of nowhere 🩹",Dermatology,Dermatology,0.5388,0.1031,0.4357,True
"Got these dark spots on my face, they're getting worse 😣",Dermatology,Dermatology,0.5066,0.0632,0.4434,True
"My lymph nodes are swollen, and they said it’s got somethin’ to do with my blood 😟",Hematology,Hematology,0.4774,0.0796,0.3977,True
i have a problem in seeing objects it is too difficult to see 🩺,Ophthalmology,Ophthalmology,0.1575,0.1108,0.0467,True
"I feel pain in my knee, it’s been hurting for a while now 🤕",Orthopedics,Orthopedics,0.8089,0.0316,0.7773,True
"My hair is falling out in bunches, it’s really distressing 😰",Dermatology,Dermatology,0.6556,0.0351,0.6205,True
"I cough a lot when I smell strong perfumes, is there something wrong with my lungs? 🤧",Pulmonology,Pulmonology,0.5773,0.0505,0.5268,True
"I have an ear ache when I shower, it’s really annoying 😠",ENT,ENT,0.6332,0.0650,0.5682,True
"I can’t turn my neck to the left without feeling a stabbing pain, it’s really painful 😣",Orthopedics,Orthopedics,0.6580,0.0359,0.6221,True
I have a very bad cough that just won’t go away 🤧,Pulmonology,Pulmonology,0.4349,0.0989,0.3360,True
"Chronic disease of hair follicles and sebaceous glands, it's making me lose hair 🤕",Dermatology,Dermatology,0.6761,0.0357,0.6404,True
I get nervous before doctor appointments. what if my levels are high?,Endocrinology,Endocrinology,0.1934,0.0889,0.1045,True
"I feel this intense pain in my left shoulder, it’s unbearable 😖.",Orthopedics,Orthopedics,0.4788,0.1106,0.3682,True
"Everytime I think I'm done with it, the cravings hit outta nowhere.",Psychiatry,Psychiatry,0.1836,0.1166,0.0670,True
"I can't breathe well at all, and my asthma is making it worse. I feel like I'm suffocating! 😮‍💨",Pulmonology,Pulmonology,0.6482,0.0488,0.5994,True
"Every time I move, my joints hurt real bad 😣",Orthopedics,Orthopedics,0.3167,0.0852,0.2315,True
I keep making the same mistakes over and over again. I don’t kno how to stop!,Psychiatry,Dentistry,0.1476,0.1468,0.0008,False
I have throbbing in my joints 🤕,Orthopedics,Orthopedics,0.4635,0.0673,0.3961,True
feelin tired is my new normal… even walking a bit makes me wanna nap,General Medicine,Psychiatry,0.0909,0.0906,0.0003,False
I hate the thought of complications from diabetes. it scares me.,Endocrinology,Endocrinology,0.4829,0.0586,0.4243,True
I have a pain in my elbow joint 🤕,Orthopedics,Orthopedics,0.5025,0.0487,0.4538,True
"Chest acne breakouts with whiteheads and red pimples, it's gross 🌞😡",Dermatology,Dermatology,0.7105,0.0373,0.6732,True
Got a rash that itches soooo bad! Can’t stop scratching 🤧,Dermatology,Dermatology,0.2417,0.0902,0.1515,True
"I miss eating sweets, but I know I have to avoid them. 😢",Endocrinology,Endocrinology,0.1738,0.0922,0.0816,True
"Sometimes when it's cold outside, my face hurts, especially around the pimples that are ready to pop. ??",Dermatology,Dermatology,0.4886,0.0768,0.4119,True
When I tried to be warm and wear more clothes I found that I was still cold. It’s frustrating 🥶,General Medicine,General Medicine,0.6279,0.0468,0.5810,True
"Sugar makes my vision blur, it’s so annoying trying to read or do anything. 👓",Ophthalmology,Ophthalmology,0.2596,0.1296,0.1300,True
"It hurts a lot when I try to raise my arm, can barely move it 🤕",Orthopedics,Orthopedics,0.4471,0.0737,0.3734,True
"When I move my shoulder, it's like lightning bolts ⚡ going through it",Orthopedics,Orthopedics,0.4100,0.0666,0.3434,True
I feel muscle pain every time I make an extra effort. 💪,Orthopedics,Orthopedics,0.4929,0.0608,0.4321,True
How do I know if my knee is torn? It hurts so bad to bend 🤕,Orthopedics,Orthopedics,0.6199,0.0586,0.5613,True
"It’s like my heart is gonna leap out of my chest, it hurts so much 💔",Cardiology,Cardiology,0.6528,0.0560,0.5968,True
"My ear hurts a lot when I’m showering, it’s so irritating 🤯",ENT,ENT,0.6977,0.0576,0.6401,True
"I have a migraine, it’s really terrible and affecting my daily life 😫",Neurology,Gynecology,0.1264,0.0948,0.0316,False
"I can’t bear weight on my knee, I hear a loud pop sound when I stand 🙁",Orthopedics,Orthopedics,0.3712,0.0850,0.2862,True
I have a back pain since I turned 70 years old. 🩺,Orthopedics,Orthopedics,0.3074,0.0864,0.2210,True
"Sometimes when it is cold outside, my face hurts, especially around the pimples that are ready to pop 🤕.",Dermatology,Dermatology,0.4886,0.0768,0.4119,True
"Never had acne issues until my last pregnancy, now my back is covered in zits 😓",Dermatology,Dermatology,0.4193,0.0642,0.3551,True
"I don’t have trouble breathing in, but breathing out is so heavy 😤.",Pulmonology,Pulmonology,0.2920,0.1119,0.1801,True
"I feel the pain only when I lay down, it’s so intense 😊",Orthopedics,Orthopedics,0.5916,0.1150,0.4766,True
"Every time I comb my hair, there are so many hairs in my comb. 😧",Dermatology,Dermatology,0.5263,0.0552,0.4711,True
"I’ve got a throbbing pain in my head with some vertigo, it’s awful 🤕",Neurology,Neurology,0.3707,0.1398,0.2308,True
"I get terrible headaches every few months, and during these, my vision gets affected too 🧠",Neurology,Neurology,0.3163,0.0953,0.2210,True
"Headache since I woke up, it’s been really painful 😣",Neurology,Neurology,0.4563,0.1399,0.3164,True
I tried a lot of cream but i still feel the same skin problem 🩺,Dermatology,Dermatology,0.4608,0.0698,0.3910,True
I just can’t seem to get warm no matter how high the heater is or how many layers I wear 🥶,General Medicine,General Medicine,0.5487,0.0467,0.5020,True
"My heart aches, emotionally can't handle this anymore 💔",Psychiatry,Cardiology,0.5502,0.1241,0.4261,False
My bad breath isn’t goin' away and it’s makin' me self-conscious all the time 😕,Dentistry,Dentistry,0.4896,0.0987,0.3909,True
"Injured my back at the gym lifting, can't even stand straight 😖",Orthopedics,Orthopedics,0.3866,0.0857,0.3008,True
"It hurts so much when I try to raise my arm above my head, like a sharp pain 🖐️",Orthopedics,Orthopedics,0.4619,0.2427,0.2193,True
"When I walk up stairs, my right knee hurts a lot 🦵⬆️",Orthopedics,Orthopedics,0.6623,0.0354,0.6270,True
I feel joint pain every time I move 💪,Orthopedics,Orthopedics,0.5739,0.0590,0.5149,True
I feel heart pain when I walk a lot 💔,Cardiology,Cardiology,0.6774,0.1009,0.5765,True
"My husband left me for another woman, my heart hurts so badly to the point I can't eat or sleep 💔",Cardiology,Cardiology,0.6908,0.0352,0.6557,True
"It's been hard to make new friends, everyone seems scared of me when I tell them 😔",Psychiatry,Psychiatry,0.1158,0.0972,0.0186,True
"I’m worried my kid’s asthma isn’t under control, what should we try next? 😟",Pulmonology,Pediatrics,0.2459,0.1857,0.0601,False
"Tried to get warm with more clothes but still feel cold, it’s like nothing helps 🥶",General Medicine,General Medicine,0.7029,0.0320,0.6709,True
Pain in my ear is too much to handle! 😫,ENT,ENT,0.7587,0.0529,0.7059,True
"Extreme pain in my feet after playing sports, can’t walk properly 😫",Orthopedics,Orthopedics,0.6437,0.0334,0.6102,True
"I can't stop coughing, it’s really getting on my nerves 🤒.",Pulmonology,Pulmonology,0.4712,0.0597,0.4116,True
"Stomach hurts so bad, I think I have indigestion.. is it normal? 😖",Gastroenterology,Gastroenterology,0.6053,0.0521,0.5533,True
"I’ve got cramps all over my abdomen, it’s really uncomfortable 🤕",Gastroenterology,Gastroenterology,0.3476,0.0807,0.2669,True
"Shoulder pain comes and goes, hard to keep track 🤔",Orthopedics,Orthopedics,0.4702,0.0761,0.3941,True
"Feel cold when I go to sleep, can’t get warm 🥶",General Medicine,General Medicine,0.7526,0.0537,0.6990,True
"I was super active in sports, but now my whole body’s feeling sore and painful 🏃‍♂️",Orthopedics,Orthopedics,0.2975,0.1705,0.1270,True
"I feel pain in my back, especially when I bend over or lift anything heavy 😣",Orthopedics,Orthopedics,0.6011,0.0777,0.5235,True
"I find it hard to breathe in crowded places, it's just overwhelming 😓.",Pulmonology,Pulmonology,0.5551,0.0939,0.4612,True
"Standing for less than five minutes, my back starts aching badly 🤕",Orthopedics,Orthopedics,0.2881,0.0808,0.2073,True
"Foggy vision, can't see clear 🙈",Ophthalmology,Ophthalmology,0.5743,0.0523,0.5220,True
"The joints in my fingers are so painful in the morning, especially after a long day 🖐️",Orthopedics,Orthopedics,0.4205,0.0824,0.3381,True
I've been over my cold for weeks but still cough every day. It’s really annoying 😷,Pulmonology,Pulmonology,0.5641,0.0536,0.5105,True
"My ankle keeps givin’ out on me, and it’s startin' to scare me",Orthopedics,Orthopedics,0.3691,0.1003,0.2688,True
"When I play football, I have joint pain. ⚽",Orthopedics,Orthopedics,0.6660,0.0301,0.6359,True
"I have this chronic bone disease in the lower legs, it's so painful 😖.",Orthopedics,Orthopedics,0.3394,0.0971,0.2422,True
My arm hurts when I stretch 💪,Orthopedics,Orthopedics,0.4850,0.0620,0.4230,True
I’m forgettin’ how to do simple taskz that I used to do evry day 😣,Neurology,Neurology,0.2131,0.1009,0.1122,True
I have a hard muscle pain since I went to the gym 💪.,Orthopedics,Orthopedics,0.5645,0.0475,0.5170,True
"My skin is very dry and peeling off, it’s so annoying 😤",Dermatology,Dermatology,0.6473,0.0422,0.6051,True
"Had sharp pain in my stomach, feels like a knife’s stuck there 🔪",Gastroenterology,Gastroenterology,0.6032,0.1083,0.4950,True
In the morning my respiration is loud. 😮‍💨,Pulmonology,Pulmonology,0.4569,0.0744,0.3825,True
"Pimples on my face won’t go away, so frustrating 😩",Dermatology,Dermatology,0.6503,0.0360,0.6143,True
"My neck’s been sore since the accident, it's really bothering main🤧",Orthopedics,Orthopedics,0.3925,0.0793,0.3132,True
"I hit my head hard at the basketball game, worried I might have a concussion 🏀",Orthopedics,Orthopedics,0.2059,0.1736,0.0323,True
"My middle ear is hurting, probably an infection 😣",ENT,ENT,0.4960,0.1375,0.3585,True
"Can’t breathe properly because of a cough, it’s really bad 😷",Pulmonology,Pulmonology,0.6748,0.0494,0.6254,True
"I’ve got a problem with my middle ear due to an infection, it’s awful 👂.",ENT,ENT,0.4242,0.0796,0.3446,True
"I'm having a hard time hearing, it’s like my ear is blocked or something 😕",ENT,ENT,0.5804,0.1002,0.4802,True
I can’t stop coughing. 🤧,Pulmonology,Pulmonology,0.5797,0.0465,0.5332,True
I felt stiffness in my elbows and shoulders 🤕.,Orthopedics,Orthopedics,0.2780,0.0707,0.2073,True
"My son has a red spot on his forehead that keeps growing, I’m worried 🩹",Dermatology,Dermatology,0.2597,0.1759,0.0838,True
I feel cold even though it's hot outside 🥶,General Medicine,General Medicine,0.5395,0.0618,0.4777,True
"Ever since the breakup, I've felt this weird emptiness inside me, can’t seem to shake it off 😔",Psychiatry,Psychiatry,0.2765,0.1158,0.1607,True
My sperm analysis come back with some issues and I’m unsure of the next steps that we should take 😔,Urology,Urology,0.3700,0.0869,0.2832,True
"When I played football, I dislocated my shoulder ⚽",Orthopedics,Orthopedics,0.4524,0.0544,0.3980,True
I feel like ending it all 💔,Psychiatry,Psychiatry,0.1817,0.1409,0.0407,True
"Bleeding wont stop, even when im not on my period 😕",Gynecology,Gynecology,0.5975,0.0457,0.5518,True
"Got some pimples on my face that really bug me, never had this before 😖",Dermatology,Dermatology,0.5973,0.0491,0.5482,True
"Feel like there’s fluid coming up when I cough, it’s really uncomfortable 🤧",Pulmonology,Pulmonology,0.4827,0.0682,0.4145,True
"My body feels weak even though I eat a lot, any ideas why? 😞",General Medicine,General Medicine,0.6623,0.0367,0.6256,True
"There’s a constant tickle in my throat, can’t get rid of it 😖",Pulmonology,Pulmonology,0.4281,0.0695,0.3586,True
"Even with heavy clothes, I feel cold and shivery all the time. It’s really frustrating 🥶",General Medicine,General Medicine,0.4291,0.0666,0.3625,True
My knee is hurting so badly. It’s a constant throbbing pain 😖,Orthopedics,Orthopedics,0.6268,0.0488,0.5780,True
"I’m dealing with low sperm quality and it’s impact our efforts to start a family, which is really hard for us 😔",Urology,Urology,0.4268,0.0619,0.3648,True
My temperature dropped and my body gets so cold. 🥶,General Medicine,General Medicine,0.6573,0.0407,0.6166,True
My head’s been hurting since I woke up this morning. It’s getting worse 😫,Neurology,Neurology,0.4206,0.1083,0.3123,True
"My hair is thinning so fast, I think I'm going bald 💇‍♂️",Dermatology,Dermatology,0.3543,0.0898,0.2646,True
"My stomach aches after I drink any soda drink, why? ??🥵",Gastroenterology,Gastroenterology,0.6229,0.0488,0.5741,True
My ear's been ringing nonstop 👂,ENT,ENT,0.6507,0.0362,0.6144,True
"I used to be out of breath after going up a dozen of stairs, but now I struggle to breath even when I sit down. 🤯",Pulmonology,Pulmonology,0.4989,0.0686,0.4303,True
"I have great pain in my thorax from heart injury, it’s unbearable 😖",Cardiology,Cardiology,0.5858,0.1093,0.4765,True
"Wake up feeling cold every day, no matter the weather ❄️",General Medicine,General Medicine,0.6223,0.0430,0.5792,True
My heart is beating fast and it scares me. 💔,Cardiology,Cardiology,0.6042,0.0401,0.5642,True
"I have persistent pain in my lower back, it feels like a deep ache 😣",Orthopedics,Orthopedics,0.4308,0.0879,0.3429,True
"I feel like something is squeezing my lungs, it’s really hard to breathe 🌬️",Pulmonology,Pulmonology,0.6443,0.0521,0.5922,True
"My nose feels blocked and sore, it's so annoying 😷",Pulmonology,Orthopedics,0.1754,0.1120,0.0634,False
"My hair is falling out whenever I’m combing it, like huge clumps of it 💇",Dermatology,Dermatology,0.6249,0.0406,0.5844,True
"When I stand up too quick my vision is blurry, like a foggy haze 😵‍💫",Ophthalmology,Ophthalmology,0.6176,0.0558,0.5618,True
"My head hurts in the back and it’s been lasting all day long, it’s driving me crazy! 😖",Neurology,Neurology,0.5601,0.0704,0.4897,True
"Heart hurts, I feel sharp pricks all over 💘",Cardiology,Cardiology,0.7746,0.0412,0.7334,True
I have a powerful pain inside my neck 🤕,Orthopedics,Orthopedics,0.5426,0.1097,0.4329,True
"When I stand up too quick my vision is blurry, it's like a foggy lens 😵‍💫",Ophthalmology,Ophthalmology,0.5810,0.0579,0.5231,True
"I can't even wear my contacts anymore, eyes r too dry n hurt sooo much",Ophthalmology,Ophthalmology,0.2648,0.0946,0.1701,True
"Knee pain when walking, it's too much 😞",Orthopedics,Orthopedics,0.7404,0.0213,0.7192,True
I feel a pain in my back 😣,Orthopedics,Orthopedics,0.6808,0.1341,0.5467,True
"My joints feel swollen, hurts to move 😖",Orthopedics,Orthopedics,0.4883,0.0575,0.4308,True
"I feel cold although we are in summer, it's really unusual 😖",General Medicine,General Medicine,0.5166,0.0554,0.4612,True
"I’m havin’ trouble with my ballance, I keep trippin’ and almost fallin’ 😣",Neurology,Urology,0.2558,0.1382,0.1176,False
I cannot breathe because of this dull ache below my left shoulder. 💔,Cardiology,Cardiology,0.4893,0.1595,0.3298,True
"It hurts when I raise my arm up, feels like something is pulling 🤕",Orthopedics,Orthopedics,0.4036,0.1145,0.2890,True
"I think there's fluid in my ears, it’s making it hard to hear properly 🤯",ENT,ENT,0.5595,0.0579,0.5017,True
"My knee’s been bothering me for a month now, no idea what happened to it 🏃‍♂️",Orthopedics,Orthopedics,0.2781,0.0942,0.1839,True
"My skin’s been super dry lately, feels like it’s peeling off 😣",Dermatology,Dermatology,0.3752,0.0739,0.3012,True
"I was very active in sports but now my body feels sore and painful, it's such a change 😓",Orthopedics,Orthopedics,0.2926,0.2473,0.0453,True
"I feel like I've always got something in my throat, it’s a constant irritation 😖",Pulmonology,Pulmonology,0.3813,0.0850,0.2962,True
"Ear hurts badly, can't hear well 🦻",ENT,ENT,0.7550,0.0360,0.7190,True
"Never had acne issues till my last pregnancy, and now my back is covered in zits 🤰",Dermatology,Dermatology,0.3805,0.0718,0.3087,True
"My foot hurts so much, can barely walk without pain 😫",Orthopedics,Orthopedics,0.6945,0.0350,0.6595,True
Feel this heaviness in my chest when I breathe 🫁,Pulmonology,Pulmonology,0.5745,0.1724,0.4021,True
"Left chest pain, is it my heart? Should I be concerned? 💓",Cardiology,Cardiology,0.7368,0.0386,0.6982,True
"I can’t sleep at night bc of this constant cough, it’s so annoying 🤧",Pulmonology,Pulmonology,0.5168,0.0564,0.4605,True
"My arm hurts so much when I stretch it, it’s like a sharp pain 😖",Orthopedics,Orthopedics,0.6142,0.0847,0.5296,True
"Moving so slow lately, it's hard to stand up even 😫",General Medicine,Neurology,0.1862,0.1497,0.0366,False
"Shooting pains up and down my back, can’t get relief 📈⬇️",Orthopedics,Orthopedics,0.3193,0.0647,0.2545,True
My back is killing me lately... what can I do? 🤕,Orthopedics,Orthopedics,0.1728,0.1591,0.0137,True
i hv pain like 🪡 in my joints.,Orthopedics,Orthopedics,0.5089,0.0744,0.4346,True
"I feel pain in my knee when I climb the stairs, it’s really persistent 🤕",Orthopedics,Orthopedics,0.6299,0.0466,0.5834,True
My ankle joint throbs when I put pressure on my foot 👣.,Orthopedics,Orthopedics,0.5260,0.0605,0.4655,True
"I feel short of breath even when I’m just relaxin’, is that blood-relatted? 😮‍💨",Hematology,Hematology,0.3360,0.2773,0.0587,True
"Hair falling out everywhere! It’s really freaking me out, I just don’t get why 😱",Dermatology,Dermatology,0.5665,0.0621,0.5044,True
Standing for less than five minutes and my back starts to ache real bad 🪑,Orthopedics,Orthopedics,0.2827,0.0783,0.2043,True
I have these weird dreams that make me wake up feeling scared.,Psychiatry,Psychiatry,0.1673,0.1307,0.0366,True
Got chronic acne due to hair follicles and sebaceous glands issues. It’s really troubling 😢,Dermatology,Dermatology,0.6523,0.0364,0.6159,True
I can't get a girlfriend because of my acne. 😣,Dermatology,Dermatology,0.5970,0.0440,0.5530,True
Foot ache but I hardly walk... idk what's wrong 🦶,Orthopedics,Orthopedics,0.5347,0.0445,0.4903,True
"When I play football, I have this awful joint pain that’s really bad 🏈",Orthopedics,Orthopedics,0.6270,0.0725,0.5546,True
"I visited many doctors but they can't find the right treatment to get my hair back, I’m really worried 😟",Dermatology,Dermatology,0.5088,0.0560,0.4528,True
"There's a sharp pain in my ear whenever I do this, it’s driving me crazy! 🎧",ENT,ENT,0.7242,0.0564,0.6678,True
"My lower back hurts but feels better after stretching it, still annoying 😣",Orthopedics,Orthopedics,0.3332,0.0584,0.2748,True
"It feels like I have to force myself to talk, takes way too much effort",Neurology,Orthopedics,0.1554,0.1522,0.0032,False
"I’ve noticed some swelling in my hands and feet, could it be related?",Dermatology,Hematology,0.1302,0.1300,0.0002,False
"I feel a burning sensation in my shoulder muscle, it's so uncomfortable 😣",Orthopedics,Orthopedics,0.4960,0.1808,0.3153,True
"I can’t seem to recall important events, like family gatherings.",Neurology,Neurology,0.2530,0.0996,0.1535,True
"There are times when I feel crushed under a huge weight and no air passing to my lungs, it actually scares the hell out of me when it happens 😱",Pulmonology,Pulmonology,0.3803,0.0783,0.3020,True
"When I try to speak, I end up stammering or saying the wrong thing",Neurology,Orthopedics,0.1390,0.1031,0.0359,False
"My baby’s been sick since birth, the doc said it's some kind of infection",Pediatrics,Pediatrics,0.5659,0.1268,0.4391,True
"Since I went into the forest, I’ve had this constant pain in my ear, it won’t go away 🌲",ENT,ENT,0.5603,0.0572,0.5031,True
"When I eat, I feel my stomach hurts, especially after heavy meals 😣",Gastroenterology,Gastroenterology,0.6428,0.0574,0.5854,True
"Pain starts suddenly, especially after any injury or exercise. Feels like it’s never-ending 🦵",Orthopedics,Orthopedics,0.3791,0.1005,0.2787,True
"My shoulder pain is getting worse, can barely move it without agony 😣",Orthopedics,Orthopedics,0.5914,0.0405,0.5509,True
"My foot hurts me a lot from playing football, can't put weight on it at all 😣",Orthopedics,Orthopedics,0.6973,0.0294,0.6678,True
"I have a really bad dry cough that’s been persistent, nothing seems to help 🤒",Pulmonology,Pulmonology,0.4671,0.1493,0.3178,True
"Used a lot of painkillers but still feel the same back pain, it’s not getting better 💊",Orthopedics,Orthopedics,0.3658,0.0665,0.2993,True
"Wake up at night feeling so cold, even under the covers 😣",General Medicine,General Medicine,0.6604,0.0381,0.6224,True
"My moods are all over the place, one minute I'm fine, next I’m freaking out for no reason.",Psychiatry,Psychiatry,0.1823,0.0900,0.0923,True
"The knee feels like it rusted and I suddenly cannot bend it anymore, it’s so stiff 😣",Orthopedics,Orthopedics,0.6051,0.0439,0.5612,True
I injured myself during the soccer match. 🦵,Orthopedics,Orthopedics,0.4689,0.0514,0.4175,True
"I’ve got a headache almost every single day, it’s relentless 🤯",Neurology,Neurology,0.3313,0.0863,0.2450,True
idk why i keep bleeding for days and then it stops and starts again 🤔,Gynecology,Gynecology,0.5106,0.0871,0.4234,True
I feel so much pain when parting with my loved ones.. it's unbearable 😭,Psychiatry,Psychiatry,0.4481,0.1452,0.3030,True
The arches of my feet hurt when I wear heels 😖,Orthopedics,Orthopedics,0.2315,0.0787,0.1528,True
"My hair is falling out, like strands everywhere, it’s so alarming 😭",Dermatology,Dermatology,0.6507,0.0387,0.6120,True
"I’ve noticed my skin is turnin' yellow and I’m feelin' tired, could it be a liver issue?",Hepatology,Hepatology,0.5658,0.0844,0.4814,True
I can't breathe properly because of this damn cough 😷,Pulmonology,Pulmonology,0.7598,0.0279,0.7319,True
"There's this pain radiating from my chest up to my left arm, I don't know what's going on 💥",Cardiology,Cardiology,0.4081,0.1204,0.2877,True
"My joints ache whenever it’s cold, can’t handle it at all 🦴",Orthopedics,Orthopedics,0.3292,0.1433,0.1859,True
"Had acne when I was a teen, it's come back now 😩",Dermatology,Dermatology,0.6843,0.0519,0.6325,True
"I don’t know why I’m constantly sad, it’s like a heavy cloud hanging over me 😞",Psychiatry,Psychiatry,0.5558,0.0521,0.5037,True
"I feel congestion in my chest, it’s hard to breathe deeply 😷",Pulmonology,Pulmonology,0.6447,0.0414,0.6033,True
"Feels like my heart is gonna leap outta my chest, hurts real bad 💔",Cardiology,Cardiology,0.6009,0.0580,0.5429,True
"I used to be super active, but now I can’t even manage a short walk without feeling drained 🏃‍♂️.",General Medicine,General Medicine,0.1600,0.1399,0.0201,True
"I spraned my ankle last month, but it’s still painfull and swollen 😔",Orthopedics,Orthopedics,0.3881,0.0732,0.3150,True
"Huge emotional pain after breaking up, can’t get over it 💔",Psychiatry,Psychiatry,0.4540,0.1302,0.3238,True
"My neck feels stiff, can’t move it 😣",Orthopedics,Orthopedics,0.6945,0.0291,0.6654,True
I have dark spots all over my skin. Any idea what it could be? 🖤,Dermatology,Dermatology,0.5715,0.0756,0.4959,True
"I’ve been havin' digestion issues and feel weak, is this a liver problem?",Hepatology,Hepatology,0.5632,0.0878,0.4753,True
"My vision is getting so bad, I can't even see the TV. I think I need to get my eyes checked. 🙈",Ophthalmology,Ophthalmology,0.4701,0.0702,0.4000,True
"I feel pain in my back, it's like a constant ache 🪑",Orthopedics,Orthopedics,0.4492,0.1133,0.3358,True
"Everything looks like it's in a smoky area, can't see clearly at all 🫥",Ophthalmology,Ophthalmology,0.5077,0.0564,0.4513,True
My back hurts me and i can't bend it or walk 🩺,Orthopedics,Orthopedics,0.7021,0.0307,0.6714,True
"Skin problems again, tried using a cream but it's not working 😕",Dermatology,Dermatology,0.3870,0.0915,0.2955,True
When I walk it's hard to breathe. 😮‍💨,Pulmonology,Pulmonology,0.6671,0.0683,0.5988,True
Do I need to take time off work for my kid's vaccines? Just wondering!,Pediatrics,Pediatrics,0.3278,0.0763,0.2515,True
"Knee hurts whenever I walk, feels sharp and unbearable 😖",Orthopedics,Orthopedics,0.6067,0.0481,0.5585,True
"Wake up with soreness all over my body, so uncomfortable 😓",Orthopedics,General Medicine,0.3045,0.1835,0.1210,False
"My back pain after sitting for too long is killing me, it's hard to move 😩",Orthopedics,Orthopedics,0.4414,0.0756,0.3657,True
"My body is weak, even vitamins aren't helping 🥱",General Medicine,General Medicine,0.4984,0.0658,0.4326,True
"I’ve noticed blood in my urine and it’s really worryin' me a whole lot, should I be concerned?",Urology,Urology,0.3879,0.2249,0.1630,True
"I have a blurry vision during my swimming training in the pool, why? 😵‍💫",Ophthalmology,Ophthalmology,0.6988,0.0340,0.6648,True
"My joints ache every time it’s cold, can barely move without pain 🤕",Orthopedics,Orthopedics,0.4688,0.1270,0.3419,True
I wish people could see how hard it is to manage my moods.,Psychiatry,Endocrinology,0.2946,0.1090,0.1856,False
"When I brush my hair, big clumps come out... so much hair fall 😭",Dermatology,Dermatology,0.6644,0.0319,0.6325,True
"I feel pain in my ears with this constant ringing sound, it’s so frustrating 👂",ENT,ENT,0.3862,0.1717,0.2144,True
"I feel sharp pain in my heart, it’s quite distressing 💔",Cardiology,Cardiology,0.5761,0.0919,0.4842,True
"Got joint pain after my football match last week, still sore 🏈",Orthopedics,Orthopedics,0.6544,0.0302,0.6242,True
"There’s this sharp pain in my bicep, and I’ve tried pain relief cream but it’s not working 💥.",Orthopedics,Orthopedics,0.4849,0.0706,0.4143,True
"My CBC report says my HB is 10, I feel tired from just a little work 🥱",General Medicine,General Medicine,0.4211,0.0953,0.3257,True
"I’ve been feelin' ill with digestive issues and yellow skin, could this be related to my liver?",Hepatology,Hepatology,0.5776,0.0920,0.4857,True
"Got this foot ache when it’s cold outside, is it normal? 🥶",Orthopedics,Orthopedics,0.3170,0.1000,0.2170,True
"My urine smells really bad and I don’t know what’s causin' it, it’s kinda embarrassing 👃",Urology,Dentistry,0.2815,0.1573,0.1243,False
Had a tough fall down the stairs and now my back and neck are aching so b🤦‍♀️,Orthopedics,Orthopedics,0.5439,0.0627,0.4813,True
"My body felt so weak after my first day at the gym, why’s that? 🥴",General Medicine,General Medicine,0.5626,0.0603,0.5023,True
"Pain in my eyes, I can see fog over everything 👀",Ophthalmology,Ophthalmology,0.6592,0.0753,0.5839,True
The warming system of my house is broken and I feel so cold. ❄,General Medicine,General Medicine,0.6337,0.0398,0.5939,True
"Foot aches after running, shoes are bad 😓",Orthopedics,Orthopedics,0.3411,0.0788,0.2623,True
"Heels make my feet hurt so bad, can't walk 👠😩",Orthopedics,Orthopedics,0.3365,0.0831,0.2535,True
"They told me my baby has an infection from birth, I’m so scared",Pediatrics,Pediatrics,0.6016,0.0450,0.5566,True
I missed my period nd got excited but it was just stress 😢,Gynecology,Gynecology,0.4131,0.0783,0.3347,True
Shoulder pain is so bad I can't even lift my arm 😓,Orthopedics,Orthopedics,0.6946,0.0436,0.6510,True
"Stomach ache, pain everywhere in my belly 😫",Gastroenterology,Gastroenterology,0.7363,0.0833,0.6530,True
"These knees 🦵 hurt sooo bad, like bone-on-bone pain when I climb stairs.",Orthopedics,Orthopedics,0.5035,0.0519,0.4517,True
I get chills and aches all over. Like I'm freezing even though it's warm inside 🥶,General Medicine,General Medicine,0.4953,0.0678,0.4275,True
"I just feel so sad all the time, like everything’s getting to me 😔",Psychiatry,Psychiatry,0.5467,0.0668,0.4799,True
There is a sharp pain in my bicep. I have tried to apply pain relief cream but it does not help. 💪,Orthopedics,Orthopedics,0.5296,0.0410,0.4886,True
"I can hardly move my neck, it’s so stiff and painful 🤕",Orthopedics,Orthopedics,0.6102,0.0432,0.5671,True
I’ve been havin' trouble urinating and it’s causin' me a lot of discomfort in my daily life,Urology,Urology,0.4395,0.1066,0.3329,True
I feel a great pain in my shoulder when I try to lift something heavy. ??,Orthopedics,Orthopedics,0.6574,0.0604,0.5970,True
My kid was fine after her shots but has a runny nose now... does that mean anything?,Pediatrics,Pediatrics,0.4690,0.0766,0.3924,True
"I feel abdominal pain, it’s like a cramp that won’t go away 🤰",Gastroenterology,Orthopedics,0.2216,0.2002,0.0215,False
"After walking, I have some pain under my foot, feels like the arch is collapsing 👣",Orthopedics,Orthopedics,0.7204,0.0495,0.6709,True
"Think there’s fluid in my ears, keeps making weird noises 💧",ENT,ENT,0.4240,0.0634,0.3605,True
"even wen i sleep 10 hours, i wake up still tired.. wtfs goin on?!",General Medicine,General Medicine,0.2401,0.0808,0.1592,True
"I am struggling to bear weight on my knee, when I stand straight I feel and hear a loud popping noise, it’s so painful 😣",Orthopedics,Orthopedics,0.4526,0.0557,0.3968,True
"My knee feels like it’s grating, especially when I walk 😖",Orthopedics,Orthopedics,0.5380,0.0597,0.4783,True
"I can barely breathe, it's kinda scary 😮‍💨",Pulmonology,Pulmonology,0.3381,0.0715,0.2666,True
"I can’t stand this horrible feeling in my stomach, it’s making me feel so ill 🤢",Gastroenterology,Gastroenterology,0.6489,0.0491,0.5999,True
Severe pain in the upper left side of my chest and sometimes it radiates to my back 😣,Cardiology,Cardiology,0.5634,0.0731,0.4903,True
"My ankle joint is throbbing whenever I put pressure on it, can’t walk properly 😣",Orthopedics,Orthopedics,0.6324,0.0470,0.5854,True
I keep feelin weak and my doc thinks it's because of my blood cells,Hematology,Hematology,0.5412,0.0814,0.4598,True
My family thinks I’m just being dramatic. it hurts!,Psychiatry,Psychiatry,0.1663,0.1555,0.0109,True
"Evry time I go for a blood test, they say my iron’s too low",Hematology,Hematology,0.5120,0.0564,0.4556,True
"My throat feels tight and sore, it's hard to talk without discomfort 😖",General Medicine,Pulmonology,0.2826,0.1210,0.1615,False
Is it safe for my baby to be around others after shots? I’m worried.,Pediatrics,Pediatrics,0.6274,0.0518,0.5756,True
"At first, it feels numb, then it’s like a thousand needles pricking through my foot 🦶",Orthopedics,Orthopedics,0.3070,0.0986,0.2084,True
"I have foot ache in winter, or when it's cold, can’t figure out why 👣",Orthopedics,Orthopedics,0.3656,0.1473,0.2183,True
"Stomach hurts, feels like a constant ache 🤢",Gastroenterology,Gastroenterology,0.5403,0.0936,0.4466,True
"My hair is falling out all the time, I’ve lost so much lately 💇‍♂️",Dermatology,Dermatology,0.5543,0.0524,0.5019,True
I feel deep Tingling when I touch Acne followed by bad sensation 🩺,Dermatology,Dermatology,0.4527,0.0714,0.3813,True
"I read a book for a long time and when I finished reading I got a head ache, it’s been pounding for hours 🤕",Neurology,Neurology,0.4629,0.0807,0.3821,True
"I can't carry anything, I have a pain in my shoulder, it’s terrible 😖",Orthopedics,Orthopedics,0.6906,0.0310,0.6596,True
"Knee feels like it’s rusted, can’t bend it properly anymore 🤖",Orthopedics,Orthopedics,0.5237,0.0546,0.4691,True
My chest hurts when I go to take a breath 💨.,Pulmonology,Pulmonology,0.5382,0.1455,0.3926,True
"I have a severe dry cough that just won’t stop, it’s really getting to me 😷",Pulmonology,Pulmonology,0.5396,0.0772,0.4624,True
"Can’t exercise at all, feeling so weak 🏋️‍♂️",General Medicine,General Medicine,0.4464,0.0818,0.3645,True
"I heard that biotin helps with nails, but I don’t see any diff 🤷‍♂️",Dermatology,Dermatology,0.1516,0.0991,0.0525,True
I have a sharp pain in my neck 🤕,Orthopedics,Orthopedics,0.8066,0.0300,0.7766,True
"I get tyred so fast, doc thinks it mite be a blood issue",Hematology,Hematology,0.5410,0.0451,0.4959,True
Cold weather always gives me ear aches 🌬️👂,ENT,ENT,0.5234,0.1553,0.3681,True
"My tubes r blocked, docs say IVF is my only hope",Gynecology,Gynecology,0.1536,0.0993,0.0544,True
"I can't move my leg, there's pain in the joint 😣",Orthopedics,Orthopedics,0.6936,0.0273,0.6663,True
I get an earache every time it gets cold outside 🥶,ENT,General Medicine,0.1723,0.1475,0.0248,False
"Sharp pain in my bicep, pain cream isn’t helping at all 💪😡",Orthopedics,Orthopedics,0.5546,0.0503,0.5043,True
Can’t turn my neck to the left without sharp pain ↩️😫,Orthopedics,Orthopedics,0.6874,0.0663,0.6211,True
"I can’t stop coughing, it’s non-stop 🤧",Pulmonology,Pulmonology,0.4108,0.1168,0.2940,True
"I’m super anxious about these bruises, like, do I need to worry?",Hematology,Psychiatry,0.1374,0.1250,0.0123,False
I feel heart pain when I walk a lot. 💔,Cardiology,Cardiology,0.6774,0.1009,0.5765,True
"I'm not hearing well, think I have an ear problem.. feels like it's blocked 👂🚫",ENT,ENT,0.6499,0.0492,0.6007,True
There's this strange stabbing feeling in my chest every time I move 💔,Cardiology,Cardiology,0.2248,0.1917,0.0330,True
"It feels like my heart’s gonna leap out of my chest, the pain is sharp 💔",Cardiology,Cardiology,0.6879,0.0603,0.6276,True
I feel stif and it’s hard to move around like I useed too,Neurology,Neurology,0.1911,0.1739,0.0173,True
"I’m havin' pain in my right side and my skin is changin' color, what should I do? 😣",Hepatology,Hepatology,0.1747,0.1655,0.0092,True
I have musl pain in my left leg 😫,Orthopedics,Orthopedics,0.5270,0.0893,0.4377,True
"I’ve been diagnosed with low sperm motility and it’s causing us difficulties in conceiving, which is very frustrating.",Urology,Urology,0.4437,0.0961,0.3476,True
I can't stop thinking of ways to get revenge on my ex 😡,Psychiatry,Psychiatry,0.3908,0.0685,0.3222,True
"I’ve been dealin' with tooth pain for a week now, is this serious and should I be worried? 😕",Dentistry,Dentistry,0.4579,0.1322,0.3257,True
Feels like I have no strength left in my body 😞,General Medicine,General Medicine,0.4238,0.1043,0.3195,True
"Had a really sharp pain in my stomach earlier, felt like someone was stabbing me 🔪",Gastroenterology,Gastroenterology,0.5805,0.0836,0.4969,True
"My eyes are foggy, can't see properly 👀",Ophthalmology,Ophthalmology,0.5154,0.0640,0.4513,True
"Pain in my heart when I wake up, it’s really uncomfortable 💔",Cardiology,Cardiology,0.6200,0.0934,0.5266,True
"After eating, I get this burning sensation inside, it’s awful 🔥",Gastroenterology,Gastroenterology,0.5633,0.0670,0.4963,True
"My knee hurts whenever I move it, it's like an aching pain 😖",Orthopedics,Orthopedics,0.7357,0.0412,0.6945,True
"Every time I brush my hair, chunks come out! 😱",Dermatology,Dermatology,0.5180,0.0673,0.4507,True
"I may have overdone it with the weightlifting, I’m afraid I might have torn a muscle in my back 🥵",Orthopedics,Orthopedics,0.3396,0.0682,0.2714,True
"I can't hear out of my ear properly, I feel like there is something in it causing irritation. Feels like it’s blocked 😕",ENT,ENT,0.6063,0.0477,0.5586,True
"I get breakouts on my chest with red patches that get worse when I’m hot, it’s so annoying 🔥",Dermatology,Dermatology,0.4870,0.0790,0.4080,True
"I have pain in my stomach, feels like something’s off 😕",Gastroenterology,Gastroenterology,0.7549,0.0599,0.6950,True
"When I play sports, I have some burning sensation in my spine, it’s so uncomfortable 😣",Orthopedics,Orthopedics,0.4173,0.1252,0.2922,True
My toothache keeps me up at night and I’m really frustrated with this pain 😔😴,Dentistry,Dentistry,0.3076,0.1759,0.1317,True
"Noticed my hair falling out a lot lately, it's making me anxious 😟",Dermatology,Dermatology,0.6292,0.0373,0.5919,True
i feel that it's hard to breath for me specially after running or making any effort 🤯,Pulmonology,Pulmonology,0.4736,0.0627,0.4109,True
"There’s this sharp pain in my bicep, tried pain relief cream but it's not helping 😣",Orthopedics,Orthopedics,0.5232,0.0436,0.4796,True
There is a sharp pain in my bicep 💪.,Orthopedics,Orthopedics,0.5592,0.0586,0.5006,True
"I feel a lot of pain in my joints, especially after sitting for a while 🤕",Orthopedics,Orthopedics,0.5067,0.0588,0.4479,True
"Skin's itchy all over, like it's on fire 🔥",Dermatology,Dermatology,0.6922,0.0330,0.6592,True
I think my body temperature is super low. 🤦‍♀️,General Medicine,General Medicine,0.4178,0.0908,0.3270,True
I feel so confused about the vaccine schedule... it’s too much to remember! 😩,Pediatrics,Psychiatry,0.1464,0.1411,0.0053,False
I get these huge patches of irritated pimples on my back and they hurt so much 😬.,Dermatology,Dermatology,0.4542,0.0732,0.3810,True
"My neck hurts and I can't look up or down without pain, it's so frustrating 😫",Orthopedics,Orthopedics,0.7165,0.0312,0.6853,True
I cough a lot when I smell perfume; what’s wrong with my lungs? 😷,Pulmonology,Pulmonology,0.5905,0.0451,0.5454,True
I did so many tests to figure out what's causing my stomach ache 🤕.,Gastroenterology,Gastroenterology,0.5750,0.0441,0.5309,True
Face is breaking out in painful red spots and lumps 😡,Dermatology,Dermatology,0.5519,0.0707,0.4813,True
I have an earache that won't go away. I don't have a cold or headache or any other symptoms. Just an earache 😕,ENT,ENT,0.2738,0.0998,0.1740,True
"My back hurts a lot whenever I bend over, it’s so uncomfortable 😖",Orthopedics,Orthopedics,0.5462,0.0526,0.4936,True
"I’m having trouble seeing things, like everything is covered by a cloud, everything's so blurry 😵",Ophthalmology,Ophthalmology,0.4703,0.0836,0.3866,True
"In high school I had a lot of acnhe, now it's come back and it’s just as bad 😖",Dermatology,Dermatology,0.1837,0.0814,0.1023,True
"Pain in my shoulder when I raise my hand, it’s really bothersome 😣",Orthopedics,Orthopedics,0.6273,0.0454,0.5818,True
"There must be something wrong with my blood circulation, my toes are frozen 🧦.",General Medicine,Hematology,0.3425,0.1658,0.1767,False
"My face breaks out badly every month around my cycle, it’s so frustrating 🌟",Dermatology,Dermatology,0.5197,0.0548,0.4649,True
"Feeling really sad, it’s like there's a heavy pain in my heart 💔",Psychiatry,Psychiatry,0.4162,0.3592,0.0570,True
"I feel like I’ve been submerged in hot water, it’s so uncomfortable 🛁.",Dermatology,Pulmonology,0.1197,0.1172,0.0025,False
"When I played football, I dislocated my shoulder ⚽",Orthopedics,Orthopedics,0.4524,0.0544,0.3980,True
"Elbows and shoulders feel so stiff, can’t move them properly anymore 😣",Orthopedics,Orthopedics,0.2985,0.0983,0.2001,True
I got acne when I ate chili 🌶️.,Dermatology,Dermatology,0.5864,0.0477,0.5387,True
I can’t drive at night because my blurry vision is too severe 🚗.,Ophthalmology,Ophthalmology,0.6907,0.0353,0.6555,True
"My ankle’s been hurtin’ for weekks now, but it’s not healin’ up 😕",Orthopedics,Orthopedics,0.3376,0.0675,0.2701,True
Is it normal to feel tired all the time? Even with a fever? 🥱,Hematology,Hematology,0.3630,0.1590,0.2041,True
I hate that I can’t control my tears. it’s so embarrassing!,Psychiatry,Endocrinology,0.2115,0.1384,0.0731,False
My joints feel swollen 🤕,Orthopedics,Orthopedics,0.4317,0.0779,0.3537,True
"Coughing gets worse when winter comes around, can’t stop it no matter what I do 🤧",Pulmonology,Pulmonology,0.3489,0.0722,0.2767,True
"When I carry heavy things, it feels like my back is going to break 🏋️",Orthopedics,Orthopedics,0.2072,0.1298,0.0774,True
"My skin feels oily and gross, even after washing! What’s happening?",Dermatology,Dermatology,0.4199,0.0824,0.3375,True
"After eating, I feel this burning sensation inside, like my stomach’s on fire 🔥",Gastroenterology,Gastroenterology,0.6856,0.0364,0.6492,True
"I get headaches almost every single day, it’s exhausting 😵.",Neurology,Neurology,0.2400,0.0948,0.1452,True
"Feels like my lungs are being squeezed, hard to breathe 😫",Pulmonology,Pulmonology,0.6277,0.0514,0.5763,True
My knee aches everytime I walk 🦵😣,Orthopedics,Orthopedics,0.5913,0.0520,0.5393,True
I can’t see well. 👀,Ophthalmology,Orthopedics,0.1302,0.0945,0.0356,False
"I’m going through a lot mentally, it’s just so tough 😔",Psychiatry,Dermatology,0.1559,0.1309,0.0250,False
Deep breath makes me cough hard 😷,Pulmonology,Pulmonology,0.7082,0.0361,0.6721,True
"Oh my heart hurts so bad, tried to stay calm but it’s just not working 💔",Cardiology,Cardiology,0.5680,0.0555,0.5125,True
"I hit the ground hard when trying to shoot a basketball, it’s been aching since then 🏀",Orthopedics,Orthopedics,0.3053,0.0752,0.2301,True
I don’t know how to handle these mood swings anymore.,Psychiatry,Psychiatry,0.4704,0.0647,0.4056,True
"My family says I’m forgettin’ thingz I used to know, an it worriez me",Neurology,Neurology,0.2029,0.1250,0.0780,True
I feel a burning sensation in my guts about 2 hours after each meal 🍲.,Gastroenterology,Gastroenterology,0.5739,0.0617,0.5122,True
"There's swelling in my neck and it hurts, it feels like it's growing 😖",Orthopedics,Orthopedics,0.6465,0.0634,0.5831,True
"My joints feel stiff and painful, every time I bend it, it’s like they’re stuck 🤕",Orthopedics,Orthopedics,0.5534,0.0624,0.4910,True
"My throat is hurting, feels scratchy and sore, I think I might be getting sick 😷",Pulmonology,Pulmonology,0.2242,0.1529,0.0713,True
"My back is killing me, can't stand 😩",Orthopedics,Orthopedics,0.3665,0.0896,0.2770,True
"I'm not hearing well, I have a problem with my ear, it’s muffled and unclear 😕",ENT,ENT,0.6485,0.0356,0.6129,True
"I feel really down and depressed seeing my hair falling out, it's so disheartening 😞",Dermatology,Dermatology,0.6042,0.0748,0.5294,True
"My mind feels very sad, as if it hurts. The way I feel in my head is awful and when I think about my breakup, I cry with sadness 😢",Psychiatry,Psychiatry,0.5947,0.0974,0.4973,True
"My joints ache so bad whenever it’s cold out, it’s like they freeze up or something 🦴",Orthopedics,Orthopedics,0.2765,0.1241,0.1523,True
"I have some pain when I'm walking around my knees, it’s so uncomfortable 😟",Orthopedics,Orthopedics,0.6071,0.0401,0.5670,True
Hot weather just makes my acne blow up 🥵,Dermatology,Dermatology,0.4752,0.0846,0.3906,True
"Constant itching in my eyes, thought it was jus seasonal, but now it's worse!",Ophthalmology,Ophthalmology,0.3490,0.0867,0.2624,True
"I can't stand up or sit down, I have pain in my back that annoys me 😩.",Orthopedics,Orthopedics,0.5278,0.0512,0.4766,True
My urine flow is very weak and it’s been goin' on for days and I’m really worried about it.,Urology,Urology,0.3242,0.0904,0.2338,True
"When I tried to warm up by wearing more clothes, I still felt cold, it’s so frustrating 🥶",General Medicine,General Medicine,0.5991,0.0510,0.5481,True
"It itches inside my ears, can’t stop scratching 😖",ENT,ENT,0.5111,0.0531,0.4581,True
"My skin is lookin so pale, like I’ve lost all the color in my blood 😟",Hematology,Hematology,0.3325,0.1693,0.1631,True
"Feels like something’s swollen and inflamed behind my knee, it’s really bothering me 🦵",Orthopedics,Orthopedics,0.4774,0.0595,0.4180,True
Stiffness inability to look right or left except by moving the whole body 🤕,Orthopedics,Orthopedics,0.3120,0.1132,0.1988,True
I’ve been over my cold for weeks but still cough every single day 🤒,Pulmonology,Pulmonology,0.5413,0.0736,0.4677,True
"Had a cold for weeks but still cough every day, won’t go away 😷",Pulmonology,Pulmonology,0.5683,0.0696,0.4987,True
"I am worried how cold intolerant I am, always shivering even in the sun 🥶",General Medicine,General Medicine,0.4916,0.0522,0.4395,True
Sometimes I can’t even remember if I locked the door!,Neurology,Neurology,0.1911,0.1265,0.0646,True
When I tried to be warm and wear more clothes I found that I was still cold. No matter what I do 🥶,General Medicine,General Medicine,0.6704,0.0318,0.6386,True
I don’t know how to explain my feelings to my friends.,Psychiatry,Psychiatry,0.3279,0.1411,0.1868,True
"My knees hurt so bad that I end up sitting more than I should, it’s really annoying 😖",Orthopedics,Orthopedics,0.2891,0.0931,0.1961,True
"I have this one nail that always gets ingrown, it's so painful! 😖",Dermatology,Orthopedics,0.2044,0.1092,0.0952,False
"Woke up with pain in my neck, probably slept wrong 🤕",Orthopedics,Orthopedics,0.5800,0.0478,0.5321,True
"my child has been coughing all night and can’t sleep, it’s making us both miserable🥵",Pulmonology,Pulmonology,0.3952,0.0707,0.3245,True
I started taking swimming lessons and I guess I swallowed too much water through my nose; this sinusitis is killing me now. 🏊,Orthopedics,Orthopedics,0.3053,0.0680,0.2373,True
I have a sharp pain and clicking sound in my ankle joint when I try to stand on it and walk. 🦵,Orthopedics,Orthopedics,0.6719,0.0341,0.6378,True
"My breathing’s been off lately and I’m always coughing, could it be asthma?",Pulmonology,Pulmonology,0.6643,0.0613,0.6030,True
I wish this excruciating feeling of loss would just go away 🤦‍♀️,Psychiatry,Psychiatry,0.4804,0.0606,0.4198,True
"My throat is hurting really badly, it’s making it hard to swallow 😣",Pulmonology,Pulmonology,0.3004,0.1399,0.1605,True
"I feel fluid trying to come up when I cough, it’s so uncomfortable 🤮",Pulmonology,Pulmonology,0.4568,0.0677,0.3891,True
"When I'm driving my eyes see in double, it’s so confusing 🤯",Ophthalmology,Ophthalmology,0.6131,0.0380,0.5751,True
Back pain ever since that fall on the floor 😖,Orthopedics,Orthopedics,0.3947,0.0775,0.3172,True
"I just can't seem to get warm. Even when everyone around me is warm, I always feel cold. 🥶",General Medicine,General Medicine,0.6819,0.0426,0.6393,True
"walked 3km n now my foot feels like it’s gonna fall off, pain is crazyyyyyyyyyyyyy",Orthopedics,Orthopedics,0.4483,0.0900,0.3582,True
"When I was young I had an injury from sports in my knee, it still bothers me 😣",Orthopedics,Orthopedics,0.4668,0.0604,0.4064,True
"I’m so sad, feels like my mind is hurting. Everything is just so overwhelming lately, especially after the breakup 😢",Psychiatry,Psychiatry,0.5684,0.0801,0.4884,True
"There's a constant tickle in my throat, makes me cough a lot 🤧",Pulmonology,Pulmonology,0.6469,0.0427,0.6041,True
"I feel like my body’s not producinn’ enuff blood, is that a thing?",Hematology,Hematology,0.4320,0.1644,0.2676,True
"I feel like I’ve always got something stuck in my throat, it's so irritating 😔",Pulmonology,Pulmonology,0.4248,0.0770,0.3478,True
My knee hurts when I play squash 🦵,Orthopedics,Orthopedics,0.6512,0.0329,0.6182,True
"My body feels weak, even tho I take my vitamins regularly. It’s frustrating 😞",General Medicine,General Medicine,0.6522,0.0416,0.6107,True
"Biceps aching after gym, feels like it’s never gonna stop 🏋️",Orthopedics,Orthopedics,0.2405,0.1219,0.1185,True
Couldn’t exercise today because my knee pain is too severe 😩,Orthopedics,Orthopedics,0.5018,0.0400,0.4618,True
"I tried to put on my glasses to see more clearly but couldn’t find any change, still blurry 👓",Ophthalmology,Ophthalmology,0.6139,0.0390,0.5749,True
"My head hurts and I lose the sensation in my face, then lose sight in my eye. It’s like a pounding pain 😖",Neurology,Neurology,0.5604,0.0885,0.4719,True
I have pimples in patches along with a lot of redness on my face 😔,Dermatology,Dermatology,0.6300,0.0486,0.5813,True
"I’ve started counting carbs, but it’s hard to keep track!",Endocrinology,Pulmonology,0.1356,0.1076,0.0280,False
It's been weeks with this weird fever and I can’t even sleep!,Hematology,Hematology,0.4118,0.1211,0.2907,True
There is pain in the muscles I do not know caused 🦵,Orthopedics,Orthopedics,0.5510,0.0421,0.5089,True
I tried puttin my glasses on to see clear but I don't see any change 👓,Ophthalmology,Ophthalmology,0.2969,0.0860,0.2108,True
"My knee is hurting really badly, it’s making it hard to walk 😢",Orthopedics,Orthopedics,0.5046,0.0714,0.4332,True
Why is my shoulder aching when I try to pick up the laundry? 💪,Orthopedics,Orthopedics,0.4479,0.0576,0.3903,True
The arches of my feet hurt sooo bad when I wear heels 👠,Orthopedics,Orthopedics,0.2328,0.0729,0.1599,True
"I love to walk, but my feet get sore really fast 👟.",Orthopedics,Orthopedics,0.3119,0.0936,0.2183,True
"Nose is running again, so cold and annoying 🤧",General Medicine,General Medicine,0.3447,0.1021,0.2426,True
"I just can't keep food down, my stomach’s been upset for days 😷",Gastroenterology,Gastroenterology,0.6154,0.0647,0.5507,True
"Read for a long time and got a headache, not sure if it’s related 📚",Neurology,Neurology,0.3449,0.0861,0.2588,True
"In the morning, my breathing is loud and heavy 🌅😤",Pulmonology,Pulmonology,0.4014,0.0823,0.3191,True
I love to walk and be outside but the bottoms of my feet get sore so quickly. 🦶,Orthopedics,Orthopedics,0.3570,0.0652,0.2918,True
"I can't sleep I have a hard cough, it keeps me up at night 😷",Pulmonology,Pulmonology,0.6483,0.0416,0.6067,True
I feel joint pain every time I move 😣,Orthopedics,Orthopedics,0.5739,0.0590,0.5149,True
"my kid has been coughing all night, she can't sleep 😫",Pulmonology,Pulmonology,0.4491,0.0724,0.3767,True
"My heart aches so much, it feels like a heavy weight on my chest 💔",Cardiology,Cardiology,0.6674,0.0659,0.6015,True
"My toddler had a little fever after his shots, but he’s okay now!",Pediatrics,Pediatrics,0.5317,0.0890,0.4427,True
Clusters of whiteheads and blackheads on my back 🚿,Dermatology,Dermatology,0.4712,0.0640,0.4072,True
"When I move my shoulder, pain shoots down my arm 💥.",Orthopedics,Orthopedics,0.7387,0.0279,0.7109,True
I feel like I can hardly breathe unless I get what's in my lungs out 😮‍💨,Pulmonology,Pulmonology,0.6131,0.0493,0.5638,True
"When I’m driving, my eyes see double sometimes 🚗👀",Ophthalmology,Ophthalmology,0.6546,0.0344,0.6202,True
I have this strange rash on my arm. 🩹,Dermatology,Dermatology,0.4726,0.0842,0.3884,True
"Skin problems again, tried using a cream but it's not working 😕",Dermatology,Dermatology,0.3870,0.0915,0.2955,True
"My left leg is in pain due to muscle strain, can’t seem to get relief 😖",Orthopedics,Orthopedics,0.6140,0.0469,0.5671,True
"My whole body feels sore and tired all the time, can't even relax 💪😫",Orthopedics,General Medicine,0.5643,0.0640,0.5003,False
I feel pain in my legs muscles after I ran yesterday; I took some pain killers but it doesn’t help. 💪,Orthopedics,Orthopedics,0.4725,0.0663,0.4062,True
"Just ear pain, nothing else, won't go away 🦻😕",ENT,ENT,0.5168,0.0789,0.4379,True
"I feel heart pain when I walk a lot, it’s sharp and makes me stop 💔",Cardiology,Cardiology,0.6558,0.0922,0.5636,True
My knees swell right below the kneecap and hurt when I put weight on them. 😫,Orthopedics,Orthopedics,0.3127,0.0678,0.2449,True
"Head’s hurting a lot, feels like it’s gonna explode, just can’t handle it 🤯",Neurology,Neurology,0.2734,0.1381,0.1353,True
Is acne considered a skin disease or just a normal thing? 🤔,Dermatology,Dermatology,0.5717,0.0500,0.5217,True
"My premature daughter’s in the NICU and her heart rate keeps dropping, is that normal?",Pediatrics,Cardiology,0.3223,0.1917,0.1306,False
"Climbing stairs is impossible, my knees hurt so much 😣",Orthopedics,Orthopedics,0.3541,0.0698,0.2843,True
"My kid keeps having asthma attacks, what can we do to manage this?",Pulmonology,Pulmonology,0.3054,0.1160,0.1894,True
"My head hurts n I got some vertigo, so weird 😵.",Neurology,Neurology,0.6111,0.0712,0.5399,True
"My nails are splitting in the middle, is that a sign of something bad?",Dermatology,Dermatology,0.1498,0.1111,0.0386,True
"After my breakup, I feel like something's wrong with me, can't shake off this feeling 😢",Psychiatry,Psychiatry,0.4980,0.0613,0.4367,True
I get really nervous in social situations because of my moods.,Psychiatry,Orthopedics,0.1140,0.1014,0.0125,False
My hair is falling when I am combing it. It’s sooo distressing 😟,Dermatology,Dermatology,0.7053,0.0394,0.6659,True
"It hurts when I stretch my neck, really uncomfortable 🤕",Orthopedics,Orthopedics,0.5870,0.0391,0.5479,True
"Stepped on something sharp, but this spur in my heel hurts way more 😫",Orthopedics,Orthopedics,0.2766,0.0671,0.2095,True
"I’ve got a foot ache after running 500m with my shoes, it’s really sore 🏃",Orthopedics,Orthopedics,0.3473,0.0799,0.2674,True
"I'm very worreaed that I'll go bald soon, Am I very sick? 😢",Dermatology,Dermatology,0.2507,0.0934,0.1573,True
"Always shivering, even in the sun, it’s really annoying 🌞",General Medicine,General Medicine,0.1360,0.1207,0.0153,True
"I’ve been so fatigued, and now these marks on my skin? Ugh! 😩",Hematology,Dermatology,0.3588,0.1543,0.2045,False
I keep feeling this heaviness in my chest when I’m down.,Psychiatry,Cardiology,0.3676,0.2534,0.1142,False
"It hurts a lot when I bend my arm, especially after lifting heavy stuff. 🤒",Orthopedics,Orthopedics,0.4902,0.0673,0.4229,True
"This cough has been lingering for two weeks, can’t seem to shake it off 😷",Pulmonology,Pulmonology,0.4015,0.0653,0.3363,True
"I can hardly breathe sometimes, feels like I’m suffocating 😮‍💨",Pulmonology,Pulmonology,0.5387,0.0635,0.4751,True
"I’m experiencin' pain and swelling in my abdomen, could it be related to my liver? 😟",Hepatology,Hepatology,0.6063,0.0818,0.5245,True
My wound got infected 😩 and it's burning hot!,Dermatology,Dermatology,0.1876,0.1285,0.0592,True
"Since I went into the forest, I have this weird pain in my ear, it’s been bothering me 🤧",ENT,ENT,0.6286,0.0658,0.5628,True
"Couldn't exercise today cuz knee pain was sooo bad, so frustrated 🦵",Orthopedics,Orthopedics,0.4505,0.0504,0.4002,True
"My hair has been falling out a lot lately, it’s really concerning 😢.",Dermatology,Dermatology,0.6704,0.0342,0.6362,True
There are lots of hairs on my pillow in the morning. It’s alarming 😟,Dermatology,Dermatology,0.4352,0.0710,0.3642,True
"Every single time I take a deep breath, I start coughing non-stop 😷",Pulmonology,Pulmonology,0.5535,0.0508,0.5027,True
"My heart aches, emotionally can't handle this anymore 💔",Psychiatry,Cardiology,0.5502,0.1241,0.4261,False
i can't see well 🩺,Ophthalmology,Orthopedics,0.1302,0.0945,0.0356,False
"My baby’s born at 30 weeks and they said she’s struggling to breathe, will she need surgery?",Pediatrics,Pediatrics,0.5464,0.1220,0.4244,True
"When I tried to take care of my hair, I found that it is falling out. 😨",Dermatology,Dermatology,0.7033,0.0379,0.6653,True
"Stomach hurts, can't even eat properly anymore 🤢",Gastroenterology,Gastroenterology,0.4851,0.1191,0.3660,True
"I get big patches of irritated pimples on my back and they’re painful, it’s so frustrating 😩",Dermatology,Dermatology,0.5246,0.0764,0.4483,True
Washing my hair and it’s falling out like crazy 😖,Dermatology,Dermatology,0.6524,0.0395,0.6129,True
"I can’t breathe properly bc of this cough, it’s so frustrating 🤧",Pulmonology,Pulmonology,0.7098,0.0423,0.6675,True
Bending makes my back hurt like crazy 😫,Orthopedics,Orthopedics,0.1631,0.1378,0.0254,True
"I was diagnosed with asthma but my symptoms don’t seem to match, is that normal?",Pulmonology,Pulmonology,0.2925,0.0819,0.2106,True
I have a headache every time I eat ice cream. 🍦,Neurology,Neurology,0.5790,0.0504,0.5286,True
I'm not hearing well I have a problem with my ear 🦻,ENT,ENT,0.6738,0.0332,0.6406,True
"Wish this feeling of loss would just go away, it's excruciating 😢",Psychiatry,Psychiatry,0.4393,0.0676,0.3717,True
The area around my heart doesn't feel good 💓.,Cardiology,Cardiology,0.6667,0.0405,0.6262,True
"I’m feeling pain like needles in my joints, it’s so sharp 🦴.",Orthopedics,Orthopedics,0.5720,0.0541,0.5179,True
"My elbows have dry patches that feel like sandpaper, what to do?",Dermatology,Dermatology,0.1427,0.1352,0.0075,True
"I have terrible problems breathing at night, it’s really scary 🤧",Pulmonology,Pulmonology,0.4928,0.0555,0.4373,True
"Knee hurt when I was swimming, still sore 🏊‍♂️",Orthopedics,Orthopedics,0.6295,0.0404,0.5891,True
"Whenever it rains, I get these hives on my belly and sides, it’s so itchy 🌧️",Dermatology,Dermatology,0.3478,0.0871,0.2607,True
"My nose's been running like crazy, so uncomfortable 🤧",General Medicine,Orthopedics,0.1528,0.0987,0.0541,False
I’m having this sharp abdominal pain that just won’t go away 🤯,Gastroenterology,Orthopedics,0.1713,0.1420,0.0294,False
"I can’t seem to remmber recent eventz, it’s like they just slip away 😩",Neurology,Psychiatry,0.2660,0.1049,0.1610,False
"Annoyance starts suddenly after I workout, really painful on my knees 🦵",Orthopedics,Orthopedics,0.3901,0.0657,0.3243,True
"I had a C-section coz my baby was premature, now they’re saying she’s underweight 😣",Pediatrics,Pediatrics,0.5629,0.0505,0.5124,True
"I have a foot ache after running 500m with my running shoes, it's so sore 🦶",Orthopedics,Orthopedics,0.4187,0.0546,0.3642,True
"I don’t have the energy to do anything anymore, it's like I'm constantly drained 😓",General Medicine,General Medicine,0.2539,0.1406,0.1133,True
"I feel a lot of pressure on the sides of my neck, it’s so uncomfortable 🤕",Orthopedics,Orthopedics,0.3487,0.0759,0.2728,True
The pain n my knees is unbearable when I go up or down stairs 😬,Orthopedics,Orthopedics,0.5706,0.0526,0.5180,True
"I feel pain in my shoulders when I write on the keyboard, it’s affecting my work 😩",Orthopedics,Orthopedics,0.4123,0.0900,0.3223,True
"Suffering from a sharp cough with phlegm, it’s really uncomfortable 😷",Pulmonology,Pulmonology,0.5124,0.0685,0.4438,True
"My hair is falling out after every shower, it’s really scary 😨",Dermatology,Dermatology,0.6554,0.0347,0.6207,True
I have cut my finger because of playing football and I have to apply pain relief cream but it does not help 🤕,Orthopedics,Orthopedics,0.5295,0.0425,0.4871,True
"There's a red stain on my skin, idk what it is 😱",Dermatology,Dermatology,0.5852,0.0433,0.5419,True
"I’ve been experiencin' a burnin' sensation when I urinate, could it be serious or just annoying? 🔥",Urology,Urology,0.3236,0.0694,0.2542,True
"I have shooting pain in my kneecap after working out, it’s really sharp 😖",Orthopedics,Orthopedics,0.4956,0.0430,0.4526,True
"Even if it’s warm inside, I’m still freezing ❄️",General Medicine,General Medicine,0.3749,0.0632,0.3117,True
"Feel deep tingling when I touch my acne, followed by a bad sensation 🧴",Dermatology,Dermatology,0.4527,0.0714,0.3813,True
My knee feels super weak and it gave out the other day on the stairs. Thank goodness there was a rail to grab onto! 🦵,Orthopedics,Orthopedics,0.3049,0.1086,0.1963,True
"Wake up with pain in my heart, every single morning 💔",Cardiology,Cardiology,0.5362,0.1090,0.4273,True
"My heart is racing, it freaks me out 😧💔",Cardiology,Cardiology,0.6035,0.0388,0.5648,True
"Feels like someone's stabbing me in the shoulder! It's so painful, I can't even move my arm. 😣",Orthopedics,Orthopedics,0.5821,0.0563,0.5258,True
"I’ve noticed a persistent bad odor from my mouth, what should I do about it and how? 😕",Dentistry,Dentistry,0.4083,0.0686,0.3398,True
"I have a large spot on my back that has changed in size, should I worry?",Dermatology,Orthopedics,0.1369,0.1040,0.0329,False
"My vision is so blurry, I can't even read a book! I'm worried I might need new glasses. 🧐",Ophthalmology,Ophthalmology,0.6147,0.0605,0.5542,True
"My ear hurts when I’m listening to music, it’s like a constant ache 👂",ENT,ENT,0.6535,0.0609,0.5927,True
We’ve been unable to conceive and I’m worried it could be a male infertility issue that we need to address properly.,Urology,Urology,0.5334,0.0506,0.4828,True
"My chest gets breakouts, red patches, worse when it’s hot 🌞😡",Dermatology,Dermatology,0.4521,0.0859,0.3661,True
My back got injured while i was lifting at the gym 🤕🩺,Orthopedics,Orthopedics,0.3747,0.0617,0.3130,True
The nerves were so damaged during the operation on my ankle that I cannot stand being touched on the scar. 🦶,Orthopedics,Orthopedics,0.3700,0.0683,0.3018,True
"I have a blurry vision since I woke up this morning, what could be the reason? 😵‍💫",Ophthalmology,Ophthalmology,0.6940,0.0511,0.6429,True
Just feel so disappointed with everything lately 😔,Psychiatry,Psychiatry,0.6126,0.0454,0.5672,True
"I get short of breath often and it’s affecting my daily life, should I see an allergist? 😥",Pulmonology,Pulmonology,0.3165,0.0973,0.2192,True
I hit my head at the basketball game. Could I have a concussion? Been feeling dizzy and nauseous 😵,Orthopedics,Orthopedics,0.2123,0.1111,0.1012,True
I was very active in sports but now my body is feeling pain. It’s all over and makes it hard to move 😖,Orthopedics,Orthopedics,0.3368,0.1352,0.2016,True
I'm freezing and shivering even though it's really hot outside 🥶,General Medicine,Dermatology,0.1601,0.1592,0.0009,False
"Bad cough with flu as usual, can't stop coughing 🤧🤒",Pulmonology,Pulmonology,0.6717,0.0366,0.6351,True
"My neck is annoying me, I can't sleep because of it. 😩",Orthopedics,Orthopedics,0.4249,0.0966,0.3283,True
"My biceps started aching after I went to the gym, it feels like a workout pain 😣",Orthopedics,Orthopedics,0.4307,0.0697,0.3610,True
"Wake up feeling cold every day, no matter the weather ❄️",General Medicine,General Medicine,0.6223,0.0430,0.5792,True
"It's like my words are stuck in my throat, can't explain it",Neurology,Pulmonology,0.2510,0.1931,0.0579,False
I used to have acne when I was 15 years old 🌟,Dermatology,Dermatology,0.4693,0.0739,0.3954,True
"My head hurts in the back and the pain lasts all day, nothing helps 🤕",Neurology,Neurology,0.6400,0.1037,0.5363,True
"Pimples on my back are really bothering me, never had this before 😓",Dermatology,Dermatology,0.4076,0.0844,0.3231,True
"Metro station makes it hard to breathe, idk why 🚇",Pulmonology,Pulmonology,0.5300,0.0547,0.4753,True
"My hair is falling out in huge amounts, it’s everywhere! 💇‍♀️",Dermatology,Dermatology,0.6204,0.0425,0.5779,True
"I’m feeling so dizzy, like my body’s gonna collapse, very weak 😵",General Medicine,General Medicine,0.6542,0.0444,0.6098,True
I feel pain in the knee when walking 🚶.,Orthopedics,Orthopedics,0.7716,0.0364,0.7352,True
"My body feels weak although I eat a lot, why? 😫.",General Medicine,General Medicine,0.7071,0.0313,0.6757,True
My ankle joint throbs when I put pressure on my foot.,Orthopedics,Orthopedics,0.5260,0.0605,0.4655,True
"I’m an adult but I still get pimples, so annoying 😠",Dermatology,Dermatology,0.4303,0.0723,0.3581,True
My kid was super excited for the sticker after the shot! 🎉,Pediatrics,Pediatrics,0.3610,0.0857,0.2753,True
"It's hard to stand up, and I'm moving very slowly, feels like I'm dragging myself 😵‍💫",General Medicine,General Medicine,0.2539,0.1494,0.1045,True
"I feel like I should read more about these vaccines, but it's so much info! 📖",Pediatrics,Neurology,0.1707,0.1393,0.0314,False
"I have a throbbing pain in my joints, it’s really bothersome ⚡",Orthopedics,Orthopedics,0.5419,0.0484,0.4934,True
Pain in my back that won’t go away 😔,Orthopedics,Orthopedics,0.3018,0.1149,0.1869,True
My ears hurt so bad and I’ve got tinnitus too. It’s so annoying 😖,ENT,ENT,0.2921,0.1049,0.1872,True
It itches inside my ears and it’s driving me nuts 👂🤨,ENT,ENT,0.5648,0.0544,0.5104,True
My body feels sluggish all the time. I don’t like it!,Endocrinology,General Medicine,0.5967,0.0674,0.5293,False
"My right eye is red n puffy, feels like sand in there",Ophthalmology,Ophthalmology,0.2018,0.1216,0.0802,True
I had a collision while playing soccer. My knee buckled and now it's unstable. I can barely walk on it 🦵,Orthopedics,Orthopedics,0.5911,0.0387,0.5524,True
"My body feels weak even though I take my vitamins regulaqrly, what’s going on? 🤔",General Medicine,General Medicine,0.7229,0.0324,0.6906,True
"Knee hurts when I walk, don’t know why 🚶‍♂️",Orthopedics,Orthopedics,0.6057,0.0733,0.5324,True
"My legs feell so weak, I have a hard tyme gettin’ up from a chair",Neurology,General Medicine,0.1576,0.0997,0.0579,False
Standing for less than five minutes and my back starts aching 😩,Orthopedics,Orthopedics,0.2973,0.0740,0.2232,True
"Shooting pain in my kneecap after working out, can’t handle it 💥",Orthopedics,Orthopedics,0.4895,0.0511,0.4384,True
"Couldn’t stop shaking or unclenching my jaw, that’s how cold I was. 🥶",General Medicine,General Medicine,0.4382,0.0639,0.3743,True
"I just feel cold all the time, no matter what I do 🥶",General Medicine,General Medicine,0.5742,0.0784,0.4958,True
"I woke up with blurry vision this morning, what could be causing it? 😵‍💫.",Ophthalmology,Ophthalmology,0.6953,0.0440,0.6513,True
"i have a lot of weakness in my body, it's really overwhelming",General Medicine,General Medicine,0.2264,0.1079,0.1185,True
My knees seem to grind as I go up or down stairs 😖,Orthopedics,Orthopedics,0.4222,0.0567,0.3655,True
"Muscles feel exhausted, like they’re just completely drained 😩",General Medicine,General Medicine,0.3145,0.1728,0.1417,True
"I’m having trouble moving my knee, it’s so stiff 🚶‍♂️.",Orthopedics,Orthopedics,0.3528,0.1149,0.2378,True
I feel pain in the knee 🦵,Orthopedics,Orthopedics,0.8332,0.0377,0.7954,True
My body feels like it's in a refrigerator 🧊.,General Medicine,General Medicine,0.6386,0.0595,0.5791,True
I don't do anything at home and still I feel exhausted 🛋️.,General Medicine,General Medicine,0.4816,0.0847,0.3969,True
I love to walk and be outside but the bottoms of my feet get sore so quickly. 🦵,Orthopedics,Orthopedics,0.3570,0.0652,0.2918,True
"My feet hurt so bad after playing one of the sports games, feels terrible 🥅",Orthopedics,Orthopedics,0.3788,0.0630,0.3157,True
"The swelling on my eye, it's getting worse and it's very itchy 😣",Ophthalmology,Ophthalmology,0.1699,0.1645,0.0054,True
Feels like my heart is going to explode anytime now...so painful 💔,Cardiology,Cardiology,0.6531,0.0557,0.5975,True
My stomach feels upset and bloated every time I eat a big meal. It’s really uncomfortable 🤢,Gastroenterology,Gastroenterology,0.6521,0.0430,0.6091,True
"My face breaks out badly every month around my cycle, it’s so frustrating 😣",Dermatology,Dermatology,0.5197,0.0548,0.4649,True
"My skin color on my back is red, no clue why it’s happening, just really irritating 🩹",Dermatology,Dermatology,0.5182,0.0550,0.4632,True
"I got this weird rash on my arm, no idea what caused it 😕",Dermatology,Dermatology,0.2630,0.1338,0.1292,True
I was watching TV and suddenly got blurry vision. 👁️,Ophthalmology,Ophthalmology,0.6778,0.0392,0.6386,True
I felt my heart hurts when I ran for a long distance. ??,Cardiology,Cardiology,0.6579,0.0524,0.6055,True
My knee locks up whenever I stand up after sitting down. It's so painful and frustrating. 😣,Orthopedics,Orthopedics,0.5780,0.0595,0.5185,True
"I have colod sores that are getting worse, they’re itchy and sore 😣",Dermatology,Dermatology,0.2037,0.1279,0.0758,True
I’m experiencin' constant bad breath and I don’t kno what’s causin' it at all 😣,Dentistry,Dentistry,0.5674,0.0873,0.4801,True
"I think we missed a shot, how can I find out what to do now?",Pediatrics,Pediatrics,0.2576,0.2041,0.0535,True
"Breakouts r so annoying, face is full of pimples 😠",Dermatology,Dermatology,0.6958,0.0311,0.6646,True
I’ve got a severe cold and this awful cough 🤧.,Pulmonology,Pulmonology,0.5209,0.0775,0.4434,True
"Metro station air makes it hard for me to breathe, feels suffocating 🌬️",Pulmonology,Pulmonology,0.5922,0.0529,0.5393,True
"Headache's like a dull ache, just won't go away 😣",Neurology,Neurology,0.3388,0.0923,0.2464,True
"My shoulder is hurting me, feels like a constant ache 🤕",Orthopedics,Orthopedics,0.4945,0.0722,0.4223,True
Pain in my lower back is getting worse day by day 💔,Orthopedics,Orthopedics,0.2714,0.1061,0.1653,True
"Sometimes my body feels weak for no apparent reason, it’s so strange 😔",General Medicine,General Medicine,0.7169,0.0313,0.6855,True
I haven't used in months but why do I still want it sometimes???,Psychiatry,Neurology,0.1035,0.1001,0.0034,False
I have dark spots on my skin 🩺,Dermatology,Dermatology,0.6119,0.0817,0.5302,True
Acne is so much worse when it's hot outside 🌞😡,Dermatology,Dermatology,0.5271,0.0537,0.4734,True
"My hair is coming out in chunks, especially when I wash it 💇",Dermatology,Dermatology,0.5316,0.0560,0.4755,True
"I was diagnosed with B12-deficiency anemia, which explains why I always felt cold, it’s been hard to stay warm 🥶",General Medicine,General Medicine,0.4594,0.0593,0.4001,True
My right ear feels like it’s being stabbed but the left is fine... 👂🔪,ENT,ENT,0.6062,0.0623,0.5439,True
"Got divorced last year, can't stop plotting revenge on my ex-husband 😡",Psychiatry,Psychiatry,0.3545,0.1031,0.2514,True
I have a back pain since I fell on the floor. 😣,Orthopedics,Orthopedics,0.3839,0.0631,0.3208,True
"Hard time breathing, am I having a heart attack? 🚑",Pulmonology,Pulmonology,0.5391,0.0907,0.4484,True
"I’ve tried everythin' but my breath still smells bad, could a dentist really help me?",Dentistry,Dentistry,0.6269,0.0647,0.5622,True
"I walked a long way, about 3 km, and now I feel pain in my foot, like it's aching a lot 🚶",Orthopedics,Orthopedics,0.5619,0.0534,0.5084,True
Is it safe to get multiple vaccines at once? Just making sure!,Pediatrics,Pediatrics,0.2560,0.0793,0.1767,True
"Terrible fall in hair, so much coming out. Like, what's going on?! 😱",Dermatology,Dermatology,0.5145,0.0667,0.4478,True
"I have a powerful pain inside my neck, it’s really sharp 🤕",Orthopedics,Orthopedics,0.4809,0.1185,0.3625,True
"I was diagnosed with pneumonia, I can't breathe easily 🫁.",Pulmonology,Pulmonology,0.5068,0.0557,0.4511,True
"Pain in my back, can't do anything without discomfort 😖",Orthopedics,Orthopedics,0.4725,0.0928,0.3797,True
"I’ve got a hard pain in my stomach, it’s been like this for days 🤢",Gastroenterology,Gastroenterology,0.4993,0.0906,0.4087,True
I wake up every morning with a stiff neck. Massaging helps for a bit but then it’s back again 😣,Orthopedics,Orthopedics,0.5068,0.0501,0.4568,True
"Lower back pain, every movement hurts 😫",Orthopedics,Orthopedics,0.6105,0.0481,0.5624,True
"Hair is falling out in huge amounts, especially after a shower. It’s stressing me out! 😱",Dermatology,Dermatology,0.5793,0.0513,0.5280,True
"My joints ache whenever it is cold. It’s like a dull, persistent pain 😖",Orthopedics,Orthopedics,0.4553,0.0931,0.3622,True
I had a collision while playing soccer. My knee buckled and now it's unstable. I can't walk properly 😣,Orthopedics,Orthopedics,0.6091,0.0381,0.5710,True
"My blood work came back abnorrmal, and I’m not sure what it means",Hematology,Hematology,0.3557,0.1088,0.2468,True
When I think of my parents I feel pain 💔.,Psychiatry,Psychiatry,0.6334,0.1063,0.5271,True
"Even with new glasses, everything seems out of focus... what's going on? 😵‍💫",Ophthalmology,Ophthalmology,0.4298,0.1403,0.2895,True
"My heart’s been hurting a lot lately, it’s really discomforting 😓",Cardiology,Cardiology,0.3070,0.1048,0.2021,True
"I’ve been feeling freezing, even though the weather’s warm. It’s like my body just can’t seem to adjust, and I’m constantly bundled up.",General Medicine,General Medicine,0.4586,0.1648,0.2938,True
I had a lot of exercise yesterday so I feel sharp muscle pains 💪,Orthopedics,Orthopedics,0.3487,0.0616,0.2871,True
"So many negative tests, i dnt even wanna try anymore",Gynecology,Gynecology,0.1498,0.1247,0.0251,True
"My shoulder hurts so much when I try to reach something above my head, it's unbearable 😫",Orthopedics,Orthopedics,0.5070,0.1475,0.3595,True
Feeling hurt and emotionally in pain after everything 💔😢,Psychiatry,Psychiatry,0.4048,0.2724,0.1323,True
"I feel pain in my shoulders when I type on the keyboard, it’s really bothering me 💻.",Orthopedics,Orthopedics,0.4393,0.0827,0.3566,True
The worst headache was during a hangover in my twenties: I really thought I was going to die from brain inflammation 😫,Neurology,Neurology,0.4568,0.0595,0.3972,True
"I can't stand with this horrible feeling in my shoulder, it's unbearable 😖",Orthopedics,Orthopedics,0.4260,0.0974,0.3286,True
"My body feels weak although I eat a lot, why? 😫.",General Medicine,General Medicine,0.7071,0.0313,0.6757,True
Feels like I can't breathe properly unless I clear my lungs or something 😷,Pulmonology,Pulmonology,0.5521,0.0712,0.4809,True
"I have a very rash sensation close to my arms, it's red and itchy 🤕",Dermatology,Dermatology,0.5985,0.0578,0.5407,True
"My grandmother had to go to the hospital last year bc she was having a hard time breathing, it was really scary 💨",Pulmonology,Pulmonology,0.4851,0.0573,0.4277,True
"My joints feel swollen and hot, I don't know why it's getting worse every day",Orthopedics,Orthopedics,0.2036,0.1320,0.0716,True
"Head hurts so much, sometimes I lose sensation in my face and even lose sight in one eye 🤯",Neurology,Neurology,0.5525,0.0992,0.4534,True
"My body feels week although I eat a lot, why? I’m so tired 😩",General Medicine,General Medicine,0.5379,0.0535,0.4844,True
"Great pain in my thorax from what I think is a heart injury, it’s really troubling 💔",Cardiology,Cardiology,0.5028,0.1139,0.3890,True
"Read a book for too long, now my head's aching 😖",Neurology,Neurology,0.4657,0.1005,0.3652,True
"I have eruptions on my face that come and go, it’s so frusturating",Dermatology,Dermatology,0.5824,0.0433,0.5392,True
My foot hurts even though I don’t walk a lot. It’s really sore 🦶,Orthopedics,Orthopedics,0.4984,0.0562,0.4423,True
"Sharp chest pain often, can’t figure out what triggers it. It’s concerning 💔",Cardiology,Cardiology,0.2971,0.1396,0.1575,True
"My acne’s not just on my face but also itches and oozes and ewwwwwww, it’s gross 🤮",Dermatology,Dermatology,0.6714,0.0400,0.6314,True
"I feel pain in my right shoulder after the tennis match, maybe I overdid it 🎾",Orthopedics,Orthopedics,0.6696,0.0409,0.6287,True
"I stutter a lot more now, which never happened before",Neurology,Dermatology,0.1579,0.1233,0.0346,False
"I'm worried I'll go bald soon, is it something serious? 💇‍♂️",Dermatology,Dermatology,0.2367,0.0900,0.1467,True
I can hardly breathe 😤.,Pulmonology,Pulmonology,0.6284,0.0432,0.5852,True
"My hair is falling out, it’s getting worse every day 💇",Dermatology,Dermatology,0.6316,0.0447,0.5869,True
I have pimples in patches along with a lot of redness on my face. 😫,Dermatology,Dermatology,0.6300,0.0486,0.5813,True
"I have a sore throat that seems to be getting worse, it's affecting my voice 😖",General Medicine,Pulmonology,0.3140,0.0952,0.2188,False
I get confused with similar-sounding words... it’s so annoying! 😠,Neurology,Neurology,0.2461,0.0992,0.1470,True
I’ve been limpin' for days now 'cause my ankle pain is just not goin’ away,Orthopedics,Orthopedics,0.2810,0.1108,0.1701,True
"Feel sooo weak, like my body is failing me 😞",General Medicine,General Medicine,0.6009,0.0539,0.5470,True
"I feel overwhelmed by how forgetful I've become, help!",Neurology,Psychiatry,0.2753,0.0862,0.1891,False
"Doc said my blood sugarr’s dangerouslee low, I don’t even know what to do",Hematology,Hematology,0.5295,0.0859,0.4436,True
"My head is under so much pressure, can’t take it anymore 🥴",Neurology,Neurology,0.5652,0.0711,0.4941,True
"When I stand up too quickly, I get blurry vision. It's getting scary to be honest 😖",Ophthalmology,Ophthalmology,0.6115,0.0475,0.5641,True
"It feels like someone is hitting my head with a hammer. I feel pain on the top of my head and it throbs, it's unbearable 😣",Neurology,Neurology,0.6708,0.0780,0.5928,True
"I’ve been having indigestion issues, it’s making me uncomfortable 🤢",Gastroenterology,Urology,0.2067,0.1430,0.0637,False
"Sharp pain in my head when I think too hard, can’t focus 🤕",Neurology,Neurology,0.6817,0.0541,0.6275,True
"Whenever I play football, my joints ache so much. What’s going on? 🏈",Orthopedics,Orthopedics,0.5107,0.0528,0.4579,True
"Breaking out on my face all the time, acne just never goes away 🌞😡",Dermatology,Dermatology,0.5753,0.0609,0.5144,True
"I feel pain in my knee, it’s been aching all day 🤕",Orthopedics,Orthopedics,0.7819,0.0371,0.7448,True
"I hardly have enough strength to get up from bed, so weak 😊",General Medicine,General Medicine,0.5877,0.0461,0.5415,True
Tried everything but still feel so weak 😓,General Medicine,General Medicine,0.7191,0.0413,0.6778,True
"Having difficulty moving my knee, it’s stiff and sore, like it’s stuck or something 🤕",Orthopedics,Orthopedics,0.4745,0.0693,0.4052,True
I have a problem in the expiration because i have bronchial asthma 🤯,Pulmonology,Pulmonology,0.4801,0.0656,0.4145,True
"My child has been coughing all night, she can’t sleep at all, it’s exhausting 🤧",Pulmonology,Pulmonology,0.3983,0.0681,0.3303,True
"There is pain in my joints, can’t bear the pain, it's so intense 😖",Orthopedics,Orthopedics,0.6263,0.0409,0.5854,True
"Sharp pain in my lower stomach, feels like something’s stabbing inside 🤕",Gastroenterology,Gastroenterology,0.6110,0.1149,0.4961,True
"Twisted my ankle while playing soccer, it's so swollen now ⚽",Orthopedics,Orthopedics,0.6052,0.0354,0.5698,True
"Tried to warm up by wearing more clothes, but still feel so cold 🥶",General Medicine,General Medicine,0.7183,0.0284,0.6899,True
"My memory issues feel like a big joke, but it's not funny.",Neurology,Neurology,0.1858,0.1264,0.0594,True
"My body feels so weak, even though I take my vitamins regularly. It’s really frustrating 😓",General Medicine,General Medicine,0.6480,0.0457,0.6023,True
"My baby’s still in the hospital, born at 29 weeks, and I’m so worried about his future 😭",Pediatrics,Pediatrics,0.5619,0.0606,0.5014,True
"My knee is hurting a lot, it’s so bad 🦿.",Orthopedics,Orthopedics,0.5163,0.0821,0.4342,True
My baby’s arm was sore after the shot. Is that normal?,Pediatrics,Pediatrics,0.5871,0.0800,0.5071,True
My ankle is hurting me 😖.,Orthopedics,Orthopedics,0.5862,0.0372,0.5490,True
My foot hurts so bad and I can’t even turn it. Maybe it’s broken? 🦶,Orthopedics,Orthopedics,0.4697,0.0572,0.4125,True
"When I walk, I get a stabbing pain on the top of my foot, it’s so sharp 🦶",Orthopedics,Orthopedics,0.7119,0.0313,0.6806,True
The pain in my chest is so crushing that it leaves me breathless. I’m scared 💔,Cardiology,Cardiology,0.5017,0.1215,0.3801,True
"I fell off my bike a while ago and now my knee pain is really bad, can’t even bend it properly 🚲",Orthopedics,Orthopedics,0.6158,0.0460,0.5698,True
"No matter what I try, my cough won’t go away, it’s exhausting 😷",Pulmonology,Pulmonology,0.2918,0.1133,0.1785,True
"Bad indigestion, feels like a fire in my stomach 😖",Gastroenterology,Gastroenterology,0.6618,0.0421,0.6197,True
I lose a lot of my hair. 🧑‍🦲,Dermatology,Dermatology,0.6424,0.0559,0.5865,True
"Hair fall is TERRIBLE, losing clumps every day...dunno what to do 💇‍♂️😩",Dermatology,Dermatology,0.5288,0.0606,0.4682,True
Bending makes my back hurt like crazy 😫,Orthopedics,Orthopedics,0.1631,0.1378,0.0254,True
My television and computer seem out of focus even though I have new glasses 😕,Ophthalmology,Ophthalmology,0.4834,0.0865,0.3969,True
"I often get a stomach ache after eating, can’t figure out which foods are causing it 🍔",Gastroenterology,Gastroenterology,0.6795,0.0317,0.6478,True
I love to garden but I get a terrible twinge in my lower back when I lean over. 🤕,Orthopedics,Orthopedics,0.2779,0.0746,0.2032,True
"There must be something wrong with my blood circulation. I have to wear socks even on the hottest days, my toes are frozen! ❄",General Medicine,General Medicine,0.3775,0.1358,0.2417,True
"My body feels so weak even though I eat a lot, why’s that? 😩",General Medicine,General Medicine,0.7071,0.0313,0.6757,True
The pain in my ear is unbearable 👂.,ENT,ENT,0.7726,0.0444,0.7283,True
"My heart is pumping fast and I'm having a hard time to breath, it feels tight 💓",Pulmonology,Pulmonology,0.5542,0.0723,0.4819,True
"My stomach feels bloated and uncomfortable, it's affecting my eating 🤢",Gastroenterology,Gastroenterology,0.6556,0.0334,0.6222,True
"I feel a great pain in my shoulder joint and it doesn’t go away, it’s really frustrating 😣",Orthopedics,Orthopedics,0.5504,0.0587,0.4917,True
"i have pain in my foot and ankle from the impact of a recent fall, it's quite severe😊",Orthopedics,Orthopedics,0.7253,0.0294,0.6958,True
"I never had acne until my last pregnancy, now my back’s covered in zits 😬",Dermatology,Dermatology,0.4204,0.0717,0.3487,True
"I feel pain in my joint after an injury in the last football match I played, can't even move it 🤕",Orthopedics,Orthopedics,0.6675,0.0423,0.6252,True
"Doc said my baby has an infection, why do newborns get sick so easily",Pediatrics,Pediatrics,0.5724,0.1273,0.4451,True
"Oh, my heart is aching so much 💔. I tried to stay calm but I just can't.",Cardiology,Cardiology,0.4359,0.0705,0.3654,True
"My ankle hurts whenever I ware heels or stand on my toes, is somethin' wrong? 😖",Orthopedics,Orthopedics,0.3820,0.0655,0.3165,True
"When I was washing my hair, it was falling out heavily. 😨",Dermatology,Dermatology,0.6532,0.0395,0.6137,True
"I have pain in my chest that saddens me. It’s a dull, persistent ache 😞",Cardiology,Cardiology,0.6092,0.0956,0.5135,True
i cant sleep because of cold 🤕,Orthopedics,General Medicine,0.6119,0.1379,0.4741,False
"Chest pain makes me sad, feels like it’s squeezing 💔",Cardiology,Cardiology,0.4041,0.1261,0.2779,True
Got divorced last year and still can't stop thinkin' bout my ex 💔,Psychiatry,Psychiatry,0.1853,0.1640,0.0213,True
"My shoulder hurts me so much, I can barely move it 😣",Orthopedics,Orthopedics,0.5924,0.0377,0.5547,True
"Wake up with pain in my heart, every single morning 💔",Cardiology,Cardiology,0.5362,0.1090,0.4273,True
My foot has been acchhing since last Tuesday 😖,Orthopedics,Orthopedics,0.4686,0.0533,0.4153,True
"Pain in my knee, don’t know why it’s hurting so much 🤕",Orthopedics,Orthopedics,0.6855,0.0729,0.6125,True
I had a cold last time I traveled by plane and now I still have this discomfort in my ears ✈️.,ENT,ENT,0.5132,0.0933,0.4198,True
"I’m struggling to bear weight on my knee, when I stand straight I hear a loud popping noise, it’s alarming 😱",Orthopedics,Orthopedics,0.3718,0.0621,0.3097,True
"When I brush my hair I notice big clumps coming out in the brush, it’s really worrying 💇‍♀️",Dermatology,Dermatology,0.5203,0.0515,0.4688,True
"Got a cold and it’s making me cough a lot, really bothersome 🤧",Pulmonology,Pulmonology,0.3785,0.0930,0.2855,True
"My chest feels tight, like someone is squeezing it real hard 😤",Pulmonology,Pulmonology,0.2882,0.1418,0.1465,True
"Chest hurts when taking a breath, can’t get enough air 😮‍💨",Pulmonology,Pulmonology,0.5723,0.1078,0.4645,True
"Great pain in my feet after a sports game, can’t walk properly 🏃‍♂️",Orthopedics,Orthopedics,0.6626,0.0417,0.6210,True
I hv a weird rash on my arm and dunno what to do 😓,Orthopedics,Dermatology,0.3058,0.0971,0.2088,False
Headaches every time I eat ice cream. It’s weird and really bothersome 🥴,Neurology,Neurology,0.2862,0.0983,0.1879,True
"Since I went into the forest, my ear’s been hurting like crazy. Can’t shake it 🤔",ENT,ENT,0.4410,0.0824,0.3585,True
"When I wake up, I feel so cold, like the chill just won’t go away ❄️",General Medicine,General Medicine,0.4400,0.0791,0.3609,True
"When I was washing my hair, it was falling out a lot 💇.",Dermatology,Dermatology,0.7078,0.0358,0.6720,True
Pain in my head feels like someone’s hitting me with a hammer 🔨,Neurology,Neurology,0.6855,0.0815,0.6040,True
"I mix up words, can't seem to get it out right anymore",Neurology,Neurology,0.2738,0.1225,0.1514,True
"My lower baaack pain is getting worse. It’s so intense some days that I can barely move without it flaring up. Stretching helps, but it doesn't last long 😫",Orthopedics,Orthopedics,0.3314,0.0749,0.2566,True
Muscles aching like crazy after gym session 💪😤,Orthopedics,Orthopedics,0.2812,0.0836,0.1976,True
"I have mental suffering, feels like my emotions are out of control 😔",Psychiatry,Psychiatry,0.5344,0.0686,0.4658,True
"Feels like needles in my joints, can’t take it 😖",Orthopedics,Orthopedics,0.4683,0.0825,0.3858,True
"Even if the temperature is high in the house, I’m always freezing 🥶",General Medicine,General Medicine,0.4679,0.0581,0.4098,True
I feel a sharp pain in my ankle joint when I stand 🦶.,Orthopedics,Orthopedics,0.6732,0.0427,0.6305,True
"Can’t eat anything without feeling this burning in my throat, it’s terrible 🔥",Gastroenterology,Pulmonology,0.2228,0.2009,0.0219,False
"My body feels like I’m stuck in a refrigerator, can’t get warm 🫠",General Medicine,General Medicine,0.6017,0.0704,0.5313,True
We’ve been trying to start a family and I’m concerned about male infertility issues and how it affects us 😟,Urology,Urology,0.4972,0.0541,0.4431,True
My lungs feel heavy like they are filled with mucus 😮‍💨,Pulmonology,Pulmonology,0.5555,0.0599,0.4956,True
"The pain in my stomach is so severe, it's unbearable 🤢.",Gastroenterology,Gastroenterology,0.7657,0.0354,0.7303,True
"I’ve noticed my hair falling out a lot lately, it’s so concerning 😱",Dermatology,Dermatology,0.6113,0.0642,0.5470,True
"I had blood in my stool the other day, that’s gotta be a bad sign, right?",Hematology,Hematology,0.2767,0.0929,0.1838,True
"Knee hurts so much when I walk, can’t take it anymore 😫",Orthopedics,Orthopedics,0.7390,0.0250,0.7139,True
"When I play football I have joint pain, it's really hard to move my legs 🤕",Orthopedics,Orthopedics,0.5822,0.0402,0.5419,True
I have a migraine and I took Panadol but it doesn’t help 🤕,Neurology,Neurology,0.2970,0.0979,0.1991,True
"I've tried reading books, but nothing can cheer me up 😢",Psychiatry,Psychiatry,0.3893,0.0567,0.3326,True
"Flew a few days ago, ears were clogged and hurt during landing 😣",ENT,ENT,0.3950,0.0881,0.3068,True
Every time it rains I get hives on my belly and sides. 🌧️🤕,Dermatology,Dermatology,0.2622,0.1019,0.1602,True
"When I get up, I see my skin is vague. 🤨",Dermatology,Dermatology,0.6567,0.0382,0.6184,True
I often get a sharp pain in my chest and I can't tell what I'm doing that might be triggering it. ❤️,Cardiology,Cardiology,0.5684,0.0913,0.4770,True
"I am struggling to bear weight on my knee, when I stand straight I feel and hear a loud popping noise. It’s been like this for days 😣",Orthopedics,Orthopedics,0.3976,0.0643,0.3333,True
"My knee catches and hurts when I first stand up after sitting, it's like a sharp pain 😊",Orthopedics,Orthopedics,0.6311,0.0487,0.5824,True
"My skin is so sensitive, it hurts when I apply anything on it.",Dermatology,Dermatology,0.4197,0.1364,0.2833,True
"My stomach feels full and bloated after big meals, it’s so uncomfortable 😩",Gastroenterology,Gastroenterology,0.6482,0.0384,0.6098,True
"I’ve got foot ache, but I don’t even walk much 🦶😣",Orthopedics,Orthopedics,0.3974,0.0646,0.3327,True
"There’s pain in my joints, I can’t bear it anymore, it’s too much 🦴",Orthopedics,Orthopedics,0.5858,0.0459,0.5399,True
"I feel like I went to an acupuncture practice and had 100 needles in my shoulder, it’s so painful 😣",Orthopedics,Orthopedics,0.4150,0.0644,0.3505,True
"Is there a treatment for acne, like, anything that works? 🤨.",Dermatology,Dermatology,0.5201,0.0734,0.4467,True
"I break out on my face very frequently, like every other day it’s so frustrating 🌟",Dermatology,Dermatology,0.3522,0.0936,0.2586,True
"My knee hurts so much when I play squash, it’s making it hard to enjoy the game 🦵",Orthopedics,Orthopedics,0.5730,0.0522,0.5208,True
"Have a severe cold and cough that just won’t let up, it’s been weeks 🤧",Pulmonology,Pulmonology,0.4530,0.0871,0.3659,True
"I just can’t seem to get warm. Even with heaters, I’m cold 🥶",General Medicine,General Medicine,0.6383,0.0540,0.5843,True
"Woke up again with fever and bruises, this is getting out of hand!",Hematology,Hematology,0.4662,0.0787,0.3874,True
"I feel a constant urge to urinate but only a little comes out, what could be wrong with me?",Urology,Urology,0.2434,0.1020,0.1414,True
"Pain in my throat is so bad, feels like it's burning 🔥",Pulmonology,Orthopedics,0.2896,0.1642,0.1254,False
How do you know if you have a torn meniscus in your knee? Need help asap 😣,Orthopedics,Orthopedics,0.3762,0.0605,0.3158,True
I feel a great pain in my shoulder when I try to lift something heavy. 🤒,Orthopedics,Orthopedics,0.6574,0.0604,0.5970,True
"Fell, skull is cracked like nuts. 🧠",Neurology,Neurology,0.3861,0.0782,0.3079,True
"Can’t move my head up and down without pain, it’s so stiff 😣",Orthopedics,Orthopedics,0.3350,0.3239,0.0112,True
Have severe cold and cough 🤧,Pulmonology,Pulmonology,0.5731,0.1141,0.4590,True
My hair always falls out and I’ve lost sooo much hair lately 😥,Dermatology,Dermatology,0.4946,0.0570,0.4377,True
I have a hard pain in my stomach 😖,Gastroenterology,Gastroenterology,0.7521,0.0425,0.7096,True
"I get frustrated when I can’t remember something, it drives me nuts!",Neurology,Psychiatry,0.2097,0.1509,0.0588,False
I’ve got a chronic issue with hair follicles and sebaceous glands 😖.,Dermatology,Dermatology,0.4725,0.0541,0.4184,True
"Acne all over my face, it won’t stop coming back 😩",Dermatology,Dermatology,0.6369,0.0495,0.5874,True
"Used to be out of breath after climbing stairs, now even sitting makes it hard to breathe 😰",Pulmonology,Pulmonology,0.6271,0.0626,0.5646,True
I usually have a bad cough when I get the flu 🤧.,Pulmonology,Pulmonology,0.6032,0.0463,0.5569,True
I feel very hard to breathe 🫁.,Pulmonology,Pulmonology,0.6977,0.0496,0.6481,True
"I feel pain like needles in my joints, it’s sharp and uncomfortable 💉",Orthopedics,Orthopedics,0.6676,0.0394,0.6281,True
Strange rash on my arm that just won’t go away. It’s itchy and annoying 🤧,Dermatology,Dermatology,0.5420,0.0566,0.4855,True
"Got this rash that itches sooo bad, it’s driving me crazy 😣",Dermatology,Dermatology,0.2793,0.0877,0.1916,True
"Can't hear well, got ear problems, might be an infection 👂",ENT,ENT,0.5397,0.1605,0.3791,True
"Been feeling super sad and empty lately, can’t shake this off 😢",Psychiatry,Psychiatry,0.5808,0.0419,0.5389,True
"I feel emotionally crushed after a breakup, it's been really tough 🥵",Psychiatry,Psychiatry,0.5809,0.0547,0.5262,True
"I feel like I have no strength in my body, it's a constant battle 😞",General Medicine,General Medicine,0.4774,0.0881,0.3892,True
"I can’t stand this horrible pain in my shoulder, it’s unbearable 🤕",Orthopedics,Orthopedics,0.6866,0.0470,0.6396,True
"Can’t walk properly, my foot aches a lot, especially after standing for long periods 🚶",Orthopedics,Orthopedics,0.4428,0.0564,0.3864,True
"I keep avoiding places where I used to score, but it's so tempting to just go back.",Psychiatry,Psychiatry,0.1607,0.1081,0.0526,True
"I’ve got a sharp pain in my stomach, it’s really bothering me 🤒.",Gastroenterology,Gastroenterology,0.5537,0.0742,0.4795,True
"I have a lot of mucus when I cough, it's like a constant battle 😷",Pulmonology,Pulmonology,0.5136,0.0628,0.4508,True
"Just can’t get warm, even when everyone else is cozy, I’m freezing 🥶",General Medicine,General Medicine,0.4900,0.0701,0.4199,True
"Soccer match injury, ankle sprained, can't walk today ⚽",Orthopedics,Orthopedics,0.5952,0.0365,0.5586,True
"Took a lot of painkillers for my back, still feels the same 😩",Orthopedics,Orthopedics,0.1894,0.1422,0.0473,True
"My chest hurts so much when I try to take a deep breath, it's really painful 😵",Pulmonology,Pulmonology,0.4851,0.1071,0.3780,True
"Everything I eat tastes off and makes my stomach churn, it’s the worst 🔥",Gastroenterology,Gastroenterology,0.6496,0.0615,0.5881,True
"There’s a sharp pain in my calf, it’s really intense 🦵",Orthopedics,Orthopedics,0.3785,0.0739,0.3045,True
"I keep askin’ the same qustions over an over, and it’s gettin’ embarrassin’ 😣",Neurology,Neurology,0.1298,0.1042,0.0257,True
"I feel a sharp pain in my ankle joint when I stand, especially after sitting too long 🦵",Orthopedics,Orthopedics,0.6298,0.0407,0.5891,True
"My left eye looks like a tomato, it burns n feels super dry",Ophthalmology,Ophthalmology,0.2161,0.1066,0.1095,True
"Tried to answer the phone but can’t hear the speaker’s voice, so frustrating 🎧",ENT,ENT,0.1817,0.1046,0.0771,True
"My face is all broken out with pimples, feels so embarrassing 🧴",Dermatology,Dermatology,0.6570,0.0410,0.6160,True
"I’ve had this back pain since I turned 70, it’s been constant 🫠",Orthopedics,Orthopedics,0.2592,0.0735,0.1857,True
There is acne on my face 😫,Dermatology,Dermatology,0.7991,0.0193,0.7798,True
Acne was making me feel sooo embarrassed 😳.,Dermatology,Dermatology,0.3401,0.0821,0.2581,True
"Hair is falling out for no reason, lots of hair on my desk 😥💇",Dermatology,Dermatology,0.7023,0.0315,0.6708,True
"There’s a weird tingling sensation in my neck, makes me uncomfortable 🤕",Orthopedics,Orthopedics,0.4309,0.0673,0.3636,True
"I can’t walk properly, my knee hurts so much, even just sitting is painful 🪑",Orthopedics,Orthopedics,0.6598,0.0327,0.6271,True
"It's like there's a ton of pressure on my head, it won't let up 🤯",Neurology,Neurology,0.4653,0.0841,0.3812,True
"Had a hangover so bad in my 20s, thought my head was gonna explode 🤯",Neurology,Neurology,0.4352,0.0645,0.3707,True
"Even with heavy clothes, I feel cold and shivery. It’s not getting better 🥶",General Medicine,General Medicine,0.4427,0.0694,0.3732,True
"My child has a cough all night, she can't sleep at all 😢",Pulmonology,Pulmonology,0.5767,0.0462,0.5305,True
"Can't even focus anymore, head is killing me 🤯",Neurology,Neurology,0.5045,0.0885,0.4160,True
"Feels like there’s a lot of pressure in my chest, hard to breathe sometimes 😫",Pulmonology,Pulmonology,0.5628,0.0925,0.4703,True
"I’m havin' trouble sleeping coz of my asthma, what can I do to fix it?",Pulmonology,Urology,0.1536,0.1495,0.0040,False
"After running, I can’t catch my breath at all 🏃‍♂️",Pulmonology,Pulmonology,0.4560,0.1005,0.3556,True
"My partner and I am having trouble conceiving and I’m concerned it might be related to male fertility issues, which is really frustrating 😕",Urology,Urology,0.5349,0.0569,0.4779,True
"I get confuzed about the time an day alot, it’s so distressin’",Neurology,Neurology,0.1989,0.0951,0.1038,True
"I have trouble remembering faces, even of my family!",Neurology,Neurology,0.1783,0.1041,0.0743,True
"I feel pain in my back, especially when I sit for too long 😣",Orthopedics,Orthopedics,0.5056,0.0689,0.4366,True
"My muscles are sore all over, and I don't know why. I haven't even been working out that hard. 😕",Orthopedics,Orthopedics,0.2218,0.1357,0.0861,True
My neck has been sore since the accident. 🤕,Orthopedics,Orthopedics,0.4788,0.0510,0.4277,True
I find it hard to concentrate when my mood is low.,Psychiatry,Psychiatry,0.1368,0.1002,0.0366,True
"My stomach is bloated and I’m feelin' constantly tired, could this be a liver problem?",Hepatology,Hepatology,0.5375,0.1506,0.3869,True
"I have this terrible pain in my chest, it’s really concerning 💔",Cardiology,Cardiology,0.5176,0.1008,0.4168,True
"Lower back muscles are aching, stretching helps a bit but it’s still painful 😣",Orthopedics,Orthopedics,0.4223,0.0552,0.3672,True
My stomach feels starts hurting but then it feels better after I eat something mild 😌,Gastroenterology,Gastroenterology,0.5980,0.0741,0.5239,True
"Ever since I went into the forest, my ear’s been hurting non-stop 👂",ENT,ENT,0.4317,0.1016,0.3301,True
I feel pain in my shoulders when I write on the keyboard. 🦵,Orthopedics,Orthopedics,0.4819,0.0720,0.4099,True
"Right shoulder clicks whenever I move my arm, it’s really annoying 🤕",Orthopedics,Orthopedics,0.4509,0.1010,0.3499,True
"Can't do any workout, I feel so weak 😩",General Medicine,General Medicine,0.5936,0.0506,0.5430,True
"There must be something wrong with my blood circulation, I have to wear socks even on the hottest days, my toes are frozen! 🧦",General Medicine,General Medicine,0.3775,0.1358,0.2417,True
"My back is hurting so much, can’t find any relief, it’s just constant pain 😩",Orthopedics,Orthopedics,0.3429,0.0978,0.2451,True
I have acne all over my face and it’s so embarrassing 😣,Dermatology,Dermatology,0.7121,0.0311,0.6810,True
"I've got pimples in patches along with redness all over my face, it's so frustrating! 😡",Dermatology,Dermatology,0.5108,0.0524,0.4584,True
My knee catches and hurts when I first stand up after sitting. 🦵,Orthopedics,Orthopedics,0.5135,0.0526,0.4609,True
"I have this strange rash on my arm, it’s red and itchy, not sure what it is 🤧",Dermatology,Dermatology,0.5712,0.0527,0.5185,True
"After my breakup, I’m feeling some strange omotional pain, can’t explain 😢",Psychiatry,Psychiatry,0.4731,0.1404,0.3327,True
I feel like I can hardly breathe unless I get what's in my lungs out 😤.,Pulmonology,Pulmonology,0.6131,0.0493,0.5638,True
Is there any permanent solution for acne? 🌞😡,Dermatology,Dermatology,0.5658,0.0512,0.5147,True
"I can't walk at all, my knee hurts bad, it’s swollen too and the pain is too much 😣",Orthopedics,Orthopedics,0.7736,0.0415,0.7321,True
"The pain in my ear is unbearable, it's like someone's stabbing it 👂🔪",ENT,ENT,0.7147,0.0565,0.6582,True
Evryone keeps telling me to relax but it’s not that easy,Gynecology,Dermatology,0.1097,0.1055,0.0042,False
"My mouth moves but the words don't come out right, like gibberish 😵",Neurology,Neurology,0.2428,0.1018,0.1410,True
"I feel joint pain every time I move, it’s like a constant ache that doesn’t go away 😣",Orthopedics,Orthopedics,0.4131,0.0847,0.3283,True
"My knee gave way on the stairs the other day, so scary 🚶‍♂️😱",Orthopedics,Orthopedics,0.3259,0.0887,0.2371,True
"i got this whooping cough with so much mucous, need mucolytic 🫠",Pulmonology,Pulmonology,0.5391,0.0593,0.4798,True
"Knee hurts whenever I play squash, it’s getting worse 🏸",Orthopedics,Orthopedics,0.5548,0.0491,0.5057,True
"Swelling and pain in my neck, can’t move it 😕",Orthopedics,Orthopedics,0.8122,0.0186,0.7936,True
I have a bad cough that makes my throat sore and irritated 😷,Pulmonology,Pulmonology,0.6608,0.0497,0.6110,True
I have muscle pain in my left leg 🦵,Orthopedics,Orthopedics,0.6680,0.0507,0.6173,True
"The pain feels like it’s right below the skin, really deep and annoying 😣",Orthopedics,Orthopedics,0.3139,0.1762,0.1377,True
"Need to scratch my skin every minute, it’s driving me mad 🤯",Dermatology,Dermatology,0.3609,0.0733,0.2876,True
"When I wake up in the morning, my whole body feels sore, it’s so uncomfortable 🦵",Orthopedics,General Medicine,0.4749,0.1363,0.3386,False
"I have a rash on my skin, it's spreading and getting worse 🩹",Dermatology,Dermatology,0.5628,0.0498,0.5130,True
"My acne is so embarrassing, it’s red and painful 😓",Dermatology,Dermatology,0.6710,0.0610,0.6100,True
"I’ve got this ache in my foot for no reason, just annoying 🦶",Orthopedics,Orthopedics,0.2097,0.0942,0.1156,True
"When I go to sleep, I feel cold all over, even with covers on 🥶",General Medicine,General Medicine,0.7260,0.0748,0.6512,True
"I feel pain in my neck, it’s so stiff and sore. I can't turn it properly 😣",Orthopedics,Orthopedics,0.7411,0.0289,0.7122,True
"Sharp pain in my ear, feels like it’s getting worse and worse",ENT,ENT,0.6016,0.0825,0.5190,True
"After eating, there's this burning sensation inside of me, it’s awful 🔥",Gastroenterology,Gastroenterology,0.5633,0.0670,0.4963,True
I’ve got this severe dry cough that just won’t go away 😷.,Pulmonology,Pulmonology,0.4894,0.0962,0.3932,True
I have tried to make massage on my foot but they still pain me badly 😫,Orthopedics,Orthopedics,0.4536,0.0510,0.4026,True
"The crushing sensation on my heart leaves me breathless, it’s quite scary 💔",Cardiology,Cardiology,0.5779,0.0627,0.5152,True
"My mood changes so quickly, I feel like I’m in a movie! 🎬",Psychiatry,Psychiatry,0.2340,0.1220,0.1121,True
I have a neck pain when I sit in front of my laptop 💻.,Orthopedics,Orthopedics,0.6980,0.0279,0.6701,True
"The area around my tumor site is changing color, is that a concern?",Dermatology,Orthopedics,0.1016,0.0999,0.0017,False
"Can’t walk, foot ache is unbearable 😣",Orthopedics,Orthopedics,0.5563,0.0659,0.4903,True
"I can't stop coughing, it's persistent and really bothersome 😷",Pulmonology,Pulmonology,0.4027,0.0866,0.3161,True
"My body feels like it's falling apart! My joints are aching so much, and I can't do anything without pain. 😓",Orthopedics,Orthopedics,0.4440,0.1910,0.2530,True
I don't have full range of motion with my arms. 🤦‍♀️,Orthopedics,Orthopedics,0.2531,0.0788,0.1743,True
"Played tennis and now I’ve got this strong pain near my shoulder, it’s really bothering me 💪",Orthopedics,Orthopedics,0.4557,0.0608,0.3949,True
"My knees hurt so much when climbing stairs, it’s like bone-on-bone pain every time",Orthopedics,Orthopedics,0.5339,0.0500,0.4839,True
"Feet hurt all the time when I walk, can’t take it anymore 😩",Orthopedics,Orthopedics,0.3397,0.0846,0.2551,True
"My stomach aches when I eat hot food, why? It’s burning and uncomfortable 🔥",Gastroenterology,Gastroenterology,0.6815,0.0347,0.6468,True
"I’ve got this sharp pain in my lower stomach, it’s really uncomfortable 🤢",Gastroenterology,Gastroenterology,0.5138,0.1203,0.3935,True
"My mom says it’s probably nothing, but the bruising makes me worry.",Hematology,Orthopedics,0.1153,0.0943,0.0210,False
"Terrible headaches every few months, and they mess with my vision too 😣",Neurology,Neurology,0.2581,0.1585,0.0996,True
"Spotting every week for no reason, getting really worried.",Gynecology,Gynecology,0.1111,0.0929,0.0182,True
"omg, my knee hurts when i walk too much 😣",Orthopedics,Orthopedics,0.6926,0.0348,0.6578,True
"In the morning my breathing is so loud, it's really disturbing 😩",Pulmonology,Pulmonology,0.3439,0.0906,0.2533,True
Feels like som1 is stabbing my lower stomach 🥵,Gastroenterology,Gastroenterology,0.6340,0.0705,0.5636,True
Chronic disease of hair follicles and sebaceous glands. My acne is out of control 😕,Dermatology,Dermatology,0.7122,0.0304,0.6818,True
"My stomach aches every time I drink soda, is this normal? 🥤",Gastroenterology,Gastroenterology,0.5094,0.0598,0.4496,True
"Stopped playing sports due to injuries, feeling really down 🏌️‍♂️",Orthopedics,Orthopedics,0.2967,0.1051,0.1916,True
"Sometimes when it’s cold outside, my face hurts, especially around the pimples that are ready to pop. ❄",Dermatology,Dermatology,0.4886,0.0768,0.4119,True
"I can't walk, my knee hurts me so bad. It’s swollen and feels like it’s giving out 🦵",Orthopedics,Orthopedics,0.6383,0.0640,0.5743,True
"I have pain in my colon and stomach, feels like something is cutting through it 🔪",Gastroenterology,Gastroenterology,0.6223,0.0813,0.5410,True
"don't even wanna think about it, my joints are killing me 😔",Orthopedics,Psychiatry,0.2522,0.1871,0.0652,False
There’s this longitudinal burning line across my back with hard respiratory movements 🔥.,Orthopedics,Orthopedics,0.2297,0.0797,0.1501,True
I have a headache almost every day 💥.,Neurology,Neurology,0.5714,0.0485,0.5230,True
Sharp pain and clicking in my ankle joint when standing 🤕,Orthopedics,Orthopedics,0.6312,0.0336,0.5976,True
"My joints hurt all the time, could that be a blood thing too?",Hematology,Hematology,0.3742,0.1846,0.1895,True
"I can hardly move my neck, it hurts so much, can barely turn it 😣",Orthopedics,Orthopedics,0.5705,0.0557,0.5149,True
There is a red stain on my skin 🩹,Dermatology,Dermatology,0.6195,0.0416,0.5780,True
"When I wake up in the morning, I feel a soreness in my body 🌅.",Orthopedics,General Medicine,0.2603,0.2169,0.0434,False
"My doctor told me to eat more fiber, but I don’t know how!",Endocrinology,Endocrinology,0.2109,0.1388,0.0721,True
"When I eat too much sugar my body gets weak and dizzy, is this normal? 😵‍💫",General Medicine,General Medicine,0.5412,0.1077,0.4335,True
"My shoder’s been hurting a lot lately, feels like a sharp pain 🤧",Orthopedics,Orthopedics,0.3985,0.0957,0.3027,True
"There’s a red stain on my skin, looks weird and itchy 🤧",Dermatology,Dermatology,0.5903,0.0552,0.5351,True
i don’t kno y but i jus cnt shake this tired feelin all day long 😴,General Medicine,General Medicine,0.1258,0.1226,0.0032,True
"Never had achmne until my last pregnancy, now my back's covered in zits 🧴",Dermatology,Dermatology,0.1400,0.1189,0.0211,True
My cough is really heavy and there's so much mucus. It's been like this for days 🤧,Pulmonology,Pulmonology,0.5449,0.0643,0.4806,True
"When I talk, my words are coming out wrong, just slurred",Neurology,Neurology,0.2364,0.0881,0.1483,True
"My hair is falling out just by combing it, I’m really worried 😢",Dermatology,Dermatology,0.6434,0.0449,0.5985,True
"I feel cold and chills even though my clothes are heavy, it’s really uncomfortable 🥶",General Medicine,General Medicine,0.6406,0.0448,0.5958,True
"I have a foot ache after running 500m in my running shoes, it’s so painful 😖",Orthopedics,Orthopedics,0.4533,0.0548,0.3985,True
"Shoulder hurts when I try to reach above my head, can't reach anything 🏋️‍♀️",Orthopedics,Orthopedics,0.5072,0.1322,0.3750,True
"Foot ache, even though I don’t walk much 🦶😖",Orthopedics,Orthopedics,0.5374,0.0454,0.4920,True
can't sleep cz of the cold 🥶,Orthopedics,General Medicine,0.4141,0.1246,0.2895,False
I feel like something is squeezing my lungs 😷,Pulmonology,Pulmonology,0.4410,0.0869,0.3541,True
"I cough a lot when I smell perfume, what’s wrong with my lungs? ?",Pulmonology,Pulmonology,0.5905,0.0451,0.5454,True
"When I get out of bed in the morning, my body feels super weak, it’s like I have no strength 😩",General Medicine,General Medicine,0.6434,0.0448,0.5987,True
"I have front head pain, and when I get it, light bothers me a lot 😣",Neurology,Neurology,0.5147,0.1194,0.3954,True
"My hands shake alot and I can’t hold things propperly, it’s so frustratin’ 😩",Neurology,Endocrinology,0.1206,0.1066,0.0140,False
"I can't move my leg, there's pain in the joint 😣",Orthopedics,Orthopedics,0.6936,0.0273,0.6663,True
"I was diagnosed with pneumonia, I can’t breathe easily. 😮‍💨",Pulmonology,Pulmonology,0.5068,0.0557,0.4511,True
"i hv a gr8 pain in my thorax frm heart injury 💔 There’s a sharp pain in my chest, especially after that old injury. It's really hard to breathe when it gets bad.",Cardiology,Cardiology,0.5811,0.1259,0.4551,True
I need a kind of cream which makes my muscles more relaxed 😣,Orthopedics,Orthopedics,0.3148,0.0738,0.2410,True
"My biceps are sore after going to the gym, it’s killing me 💪.",Orthopedics,Orthopedics,0.2711,0.0777,0.1934,True
I can't see well 👓,Ophthalmology,Orthopedics,0.1302,0.0945,0.0356,False
"I broke my ankle while doing rock climbing in the Carpathians, now it's swollen and bruised 😵",Orthopedics,Orthopedics,0.4154,0.0585,0.3570,True
"My muscles feel so tired, I can't even lift stuff",General Medicine,General Medicine,0.3713,0.1400,0.2313,True
"Every time I stand, I feel a sharp pain in my ankle joint, it's getting worse 🦶",Orthopedics,Orthopedics,0.5398,0.0789,0.4610,True
"I feel great pain in my head, it’s like my brain is being squeezed 🤯",Neurology,Neurology,0.7167,0.0823,0.6344,True
"Pain in my knee after it was hit during football, very sore 🏈",Orthopedics,Orthopedics,0.7225,0.0278,0.6947,True
"I have a terrible cough at night that keeps me awake, it's driving me nuts 😷",Pulmonology,Pulmonology,0.3408,0.1139,0.2269,True
"I had a premature birth and my baby’s still in the NICU, will he catch up with other kids? 😕",Pediatrics,Pediatrics,0.5575,0.0562,0.5013,True
"My knees grind as I go up or down the stairs, it's getting more painful lately 😬",Orthopedics,Orthopedics,0.4289,0.0628,0.3662,True
"Got injured, can’t play sports anymore ⚽🚑",Orthopedics,Orthopedics,0.5008,0.0502,0.4506,True
My shoulder hurts so bad 😩 when I try to reach something above my head.,Orthopedics,Orthopedics,0.5443,0.1030,0.4414,True
I have pimples on my back. 🤕,Dermatology,Dermatology,0.6767,0.0343,0.6424,True
Losing too much hair... feeling weak 😓,General Medicine,Dermatology,0.2994,0.2303,0.0691,False
"Ugh, my feet are killing me in these heels! 👠😩 I don;t have option except flats and i haTE THAT",Orthopedics,Endocrinology,0.2437,0.1518,0.0920,False
"The arches of my feet hurt so much when I wear heels, it's like walking on pins! 👠",Orthopedics,Orthopedics,0.2702,0.0742,0.1960,True
Eat too much sugar and my body just collapses into weakness and dizziness. What’s wrong? 🥱,General Medicine,General Medicine,0.3008,0.1721,0.1287,True
"I have this annoying back problem, I can’t extend it fully no matter what I do 😕",Orthopedics,Orthopedics,0.1683,0.0975,0.0708,True
"Sometimes my body feels weak without any reason, like I have no strength left 😓",General Medicine,General Medicine,0.6794,0.0419,0.6375,True
"My ankle is so swollen and bruised, I can’t walk on it at all 😢",Orthopedics,Orthopedics,0.5355,0.0525,0.4830,True
"I had a lot of exercise yesterday, so I feel sharp muscle pains. 💪",Orthopedics,Orthopedics,0.3487,0.0616,0.2871,True
"Child has been coughing all night, can’t sleep 😴",Pulmonology,Pulmonology,0.4377,0.0655,0.3722,True
"Always cold, even when I’m wearing layers. It’s like I can’t get warm no matter what 🥶",General Medicine,General Medicine,0.6357,0.0388,0.5970,True
My throat's sooo dry 😫,Pulmonology,Pulmonology,0.3326,0.1080,0.2246,True
"I’ve tried everything to relieve it but can’t seem to get better, feeling so weak 😓",General Medicine,General Medicine,0.3997,0.1211,0.2786,True
"I’m feeling really suicidal, everything feels so overwhelming 😞",Psychiatry,Psychiatry,0.4040,0.0844,0.3196,True
I read a book for a long time and when I finished reading I feel head ache 🤕,Neurology,Neurology,0.5535,0.0641,0.4894,True
I used to have acne when I was 15 years old 🤕,Dermatology,Dermatology,0.4693,0.0739,0.3954,True
I have cloudy eyes 🩺,Ophthalmology,Ophthalmology,0.6447,0.0366,0.6081,True
"Can't breathe even while sitting, it's gettin worse 😕",Pulmonology,Pulmonology,0.3411,0.0793,0.2618,True
I'm very worried that I'll go bald soon. Am I very sick? 😨.,Dermatology,Dermatology,0.2577,0.1190,0.1387,True
"Sprained my ankle while playing basketball, hurts so bad rn 🏀🦶",Orthopedics,Orthopedics,0.5462,0.0521,0.4941,True
"Feel a sharp pain in my stomach after eating, it’s kinda burning too 😣",Gastroenterology,Gastroenterology,0.7558,0.0516,0.7042,True
"Diagnosed with B12-deficiency anemia, explains why I feel cold all the time 🤧",General Medicine,General Medicine,0.5233,0.0568,0.4665,True
I don't have full range of motion with my arms 🦾.,Orthopedics,Orthopedics,0.2531,0.0788,0.1743,True
"I often get a stomach ache after I eat. I haven’t been able to pinpoint which foods might be the trigger, it’s really annoying 😖",Gastroenterology,Gastroenterology,0.5936,0.0425,0.5510,True
I was kicked in the head playing soccer last night. ⚽,Orthopedics,Orthopedics,0.4151,0.1028,0.3123,True
I can't do anything I feel a weak in my body 💪,General Medicine,General Medicine,0.7816,0.0294,0.7522,True
"Can't focus on anything, head is pounding 😵",Neurology,Neurology,0.5043,0.0573,0.4470,True
"I often get a sharp pain in my chest and I can't figure out what's causing it, sometimes I think it's juuust stress 💔",Cardiology,Cardiology,0.4029,0.1035,0.2994,True
"It hurts so much when I bend my arm, feels like something’s wrong 🤔",Orthopedics,Orthopedics,0.4801,0.1146,0.3656,True
"The pain in my shoulder is constant and throbbing, it’s getting worse 😩",Orthopedics,Orthopedics,0.5045,0.0697,0.4348,True
My nnees hurt so bad to walk that I stay sitting more than I should. 😥,Orthopedics,Orthopedics,0.2896,0.0719,0.2176,True
I’m having trouble with fertility and we’re thinking a urologist might be able to help us out with this problem.,Urology,Urology,0.5437,0.0478,0.4960,True
Sometimes I forget I already had a conversation... repeat it! 😅,Neurology,Neurology,0.3097,0.0869,0.2228,True
"Got a problem with my back, can’t extend it at all. Feels locked up 🤕",Orthopedics,Orthopedics,0.2383,0.1059,0.1324,True
My hair isn't well 💇‍♂️.,Dermatology,Dermatology,0.6299,0.0421,0.5878,True
"The crushing sensation in my chest leaves me breathless, it’s terrifying 💔",Cardiology,Cardiology,0.3596,0.1772,0.1824,True
I can't drive my car at night because my vision is all blu,Ophthalmology,Ophthalmology,0.4034,0.0651,0.3383,True
"Just had bloodwork, but I still feel awful and have these fevers 🤷‍♂️",Hematology,Psychiatry,0.2716,0.1573,0.1143,False
"I’m getting weird discolorations on my skin, should I get them checked out?",Dermatology,Dermatology,0.4552,0.1158,0.3394,True
I am having problems seeing things feel like a cloouud on my eyes everything is blurry 🌫️,Ophthalmology,Ophthalmology,0.6523,0.0423,0.6101,True
My knees swell right below the kneecap and hurt when I put weight on them. 🦵,Orthopedics,Orthopedics,0.3127,0.0678,0.2449,True
I feel like I’m constantly apologizing for my moods.,Psychiatry,Psychiatry,0.3021,0.1244,0.1777,True
Back pain’s been with me ever since I hit 70 💪,Orthopedics,Orthopedics,0.4997,0.0424,0.4573,True
"My child has a cough all night, she can't sleep, it's really bad 😢",Pulmonology,Pulmonology,0.5301,0.0559,0.4742,True
I’ve got this sharp pain in my lower stomach that won’t go away 😧,Gastroenterology,Gastroenterology,0.4721,0.1130,0.3591,True
"My heart is beating fast and it scares me, feels like it's racing 💓",Cardiology,Cardiology,0.6408,0.0424,0.5984,True
"Every morning when I wake up my neck feels like I slept on it wrong, it’s stiff and sore 🤕",Orthopedics,Orthopedics,0.5551,0.0480,0.5070,True
"My son’s asthma seems to be getting worse, what’s the next step? 😟",Pulmonology,Pulmonology,0.3125,0.1127,0.1998,True
"I’m experriencin a lot of diffficulty with my coordinnation, I drop things offin 😕",Neurology,Neurology,0.1376,0.1147,0.0229,True
My back hurts and I can't bend it or walk. 🤕,Orthopedics,Orthopedics,0.7021,0.0307,0.6714,True
"Everything looks like being in a smoky area, kinda blurry... 👀",Ophthalmology,Ophthalmology,0.5681,0.0489,0.5192,True
I wish there was an easier way to manage my diabetes.,Endocrinology,Endocrinology,0.2690,0.0887,0.1803,True
Shoulder pain when I lift my arms 🙋‍♀️😣,Orthopedics,Orthopedics,0.7195,0.0261,0.6934,True
"I was diagnosed with B12-deficiency anemia, which explains why I always feel so cold all the time 🥶",General Medicine,General Medicine,0.5233,0.0568,0.4665,True
"I can’t stand this squeezing sensation in my chest, it’s like someone’s pressing down on it 💔",Cardiology,Cardiology,0.4685,0.0956,0.3729,True
"There’s a constant tickle in my throat that won’t go away, driving me crazy 🤧",Pulmonology,Pulmonology,0.3527,0.1024,0.2503,True
"My heart hurts 💔 so much, can't take it",Psychiatry,Cardiology,0.8037,0.0327,0.7710,False
"Stomach pain after drinking milk, it’s really uncomfortable 🥛",Gastroenterology,Gastroenterology,0.6501,0.0726,0.5775,True
"No matter how much I layer up, I still feel cold ❄️",General Medicine,General Medicine,0.7464,0.0330,0.7134,True
My acne gets worse when it is hot 🌞,Dermatology,Dermatology,0.5144,0.0513,0.4631,True
"The pain is intense especially when I go down the stairs, it feels like something has snapped inside my knee. It’s so painful 😖",Orthopedics,Orthopedics,0.6056,0.0482,0.5575,True
My infected wound cause fever 🩺,Dermatology,Hematology,0.3850,0.1137,0.2714,False
My hair falls out so much after showers. I’m seriously worried about it 💇‍♀️,Dermatology,Dermatology,0.4908,0.0574,0.4335,True
"My nail polish just chips off after a day, is that normal?? 🤔",Dermatology,Psychiatry,0.1173,0.1039,0.0134,False
"Always cold, even w/ layers of clothes on 🧥.",General Medicine,General Medicine,0.5644,0.0514,0.5130,True
"Every time I look to my left, I feel a sharp pain in my neck, it’s constant 😣",Orthopedics,Orthopedics,0.6287,0.0463,0.5823,True
Visited many doctors but they can't find the right treatment to get my hair back 😟,Dermatology,Dermatology,0.5661,0.0553,0.5108,True
I can’t tell if my nails are just dry or if there’s more going on 😳,Dermatology,Dermatology,0.2424,0.1026,0.1398,True
"When I move my shoulder, it feels like lightning shooting through it, so painful ⚡",Orthopedics,Orthopedics,0.5244,0.0606,0.4638,True
"There’s pain in my foot, and it's not going away 😔.",Orthopedics,Orthopedics,0.6034,0.0545,0.5489,True
"Can’t stop feeling cold, even though it’s not that cold outside 🥶",General Medicine,General Medicine,0.5974,0.0590,0.5384,True
"I have a great pain in my thorax from a heart injury, it feels sharp and constant 💔",Cardiology,Cardiology,0.5993,0.1208,0.4785,True
"I feel like my memory is playing tricks on me, like am I losing it? 🤔",Neurology,Psychiatry,0.1869,0.1719,0.0150,False
"My newborn’s got a rash and they said it could be an infection, what should I do 😢",Pediatrics,Pediatrics,0.5656,0.0735,0.4921,True
"Cut my finger while playing footy, tried pain relief cream but it ain’t helping much 😣",Orthopedics,Orthopedics,0.3920,0.0660,0.3260,True
"I can't sit still, my mind and body are always racing.",Psychiatry,General Medicine,0.2947,0.1310,0.1637,False
"Feels like something's squeezing my lungs, it's hard to get a deep breath 😫",Pulmonology,Pulmonology,0.6673,0.0393,0.6281,True
I’m experiencin' a lot of pain in my tooth and it’s really uncomfortable for me right now.,Dentistry,Dentistry,0.4960,0.1180,0.3780,True
I'm feeling nauseous and my bely is churning. It's affecting my appetite 🤢,Gastroenterology,Gastroenterology,0.3036,0.0935,0.2101,True
My foot hurts and I can't turn it. Maybe it's broken. It’s swollen and bruised 😣,Orthopedics,Orthopedics,0.5091,0.0460,0.4630,True
"Feels like I’ve got a lump in my throat, constantly clearing it 😣",Pulmonology,Pulmonology,0.3609,0.0820,0.2790,True
"My foot hurts a lot after playing football, it’s swollen and painful ⚽",Orthopedics,Orthopedics,0.7482,0.0245,0.7236,True
"My knees ache on cold and rainy days, it’s so uncomfortable 🌧️",Orthopedics,Orthopedics,0.3806,0.1133,0.2673,True
"Difficulty moving my knee, it’s really stiff and painful 😣",Orthopedics,Orthopedics,0.5938,0.0399,0.5539,True
"Feels like something’s jabbing into my joints, so painful 😖",Orthopedics,Orthopedics,0.5171,0.0824,0.4347,True
Shoulder pain comes and goes. Hard to predict 🤕,Orthopedics,Orthopedics,0.5199,0.0709,0.4490,True
I tried to put my glasses to see more clear but cant find any change 🩺,Ophthalmology,Ophthalmology,0.4114,0.0632,0.3482,True
"My face breaks out so badly every month right before my period. It’s like clockwork, and no matter what products I try, nothing seems to stop it",Dermatology,Dermatology,0.3085,0.0939,0.2146,True
"I feel pain in my ears with tinnitus, it's so annoying 😖",ENT,ENT,0.5187,0.1454,0.3734,True
"Sharp pain in my ear, it’s so distracting 😖",ENT,ENT,0.7411,0.0718,0.6693,True
I can't walk because I have a great foot ache 😖,Orthopedics,Orthopedics,0.6096,0.0531,0.5565,True
It hurts a lot when I try to raise my arm 😣.,Orthopedics,Orthopedics,0.4584,0.0775,0.3809,True
"My ear is ringing non-stop, it's so annoying 😖",ENT,ENT,0.4735,0.0913,0.3822,True
"Red stain on my skin, not sure what’s causing it 🤔",Dermatology,Dermatology,0.5477,0.0447,0.5029,True
"I feel guilty for things I didn’t even do, it’s so confusing!",Psychiatry,Psychiatry,0.1242,0.1167,0.0076,True
"Ear hurts and it’s worse when I swallow, pain’s been unbearable and Tylenol isn’t helping 👂",ENT,ENT,0.5955,0.0918,0.5036,True
I have an ear ache that won't go away. I don't have a cold or headache or any other symptoms. Just an earache. 🦻,ENT,ENT,0.6083,0.0501,0.5582,True
Feel increased heart rate with prick 💓,Cardiology,Cardiology,0.5478,0.0563,0.4915,True
I made lots of analysis to know the main reason for my stomach ache 📝.,Gastroenterology,Gastroenterology,0.6088,0.0418,0.5669,True
My back pain's been horrible ever since I hit 70 💔,Orthopedics,Orthopedics,0.4692,0.0551,0.4141,True
My body feels sooo weak after my first day at the gym. Why is this happening? 🏋️‍♂️🤕,General Medicine,General Medicine,0.5436,0.0666,0.4769,True
I have a headache almost every day 🤕,Neurology,Neurology,0.5714,0.0485,0.5230,True
"I keep feelin’ this sharp pain on the outside of my ankle, specially when I stand 😩",Orthopedics,Orthopedics,0.4951,0.0650,0.4301,True
"Feels like there’s something swollen and inflamed at the back of my knee, can’t ignore it 🤔",Orthopedics,Orthopedics,0.4966,0.0582,0.4385,True
I have a problem in my middle ear made by infection 👂🤕,ENT,ENT,0.5669,0.1008,0.4661,True
"Need to scratch all the time, it’s just unbearable 🩹",Dermatology,Dermatology,0.1154,0.1078,0.0076,True
"My knee doesn't want to bend, it’s so stiff! I can barely walk 😩",Orthopedics,Orthopedics,0.6501,0.0318,0.6183,True
My head hurts whenever I try to do something. 🤕,Neurology,Neurology,0.6994,0.0913,0.6082,True
"I have terrible pain in my heart, it’s hard to describe but it’s really bad 💔",Cardiology,Cardiology,0.5861,0.0678,0.5183,True
"I feel cold all the time, even when I’m bundled up 🥶",General Medicine,General Medicine,0.6534,0.0660,0.5874,True
"I have a red spot on my leg that won't heal, it's been a week 😓",Dermatology,Dermatology,0.2025,0.1409,0.0616,True
