symptom_text,department
I have a red rash that's itchy on my skin. 😩,Dermatology
"Theres a sharp pain in my ankle when I try to move it, wot’s wrong?",Orthopedics
"My eyes r constantly tearin n they itch so much, can’t handle screens 😭",Ophthalmology
"My stomach aches when I eat hot food, why? 🤔",Gastroenterology
It feels like I have a needle pushing through my heart 😨.,Cardiology
I have a problem with expiration because I have bronchial asthma... it’s quite distressing 🌬️😔.,Pulmonology
When I play football I have joint pain 🤕,Orthopedics
"My ankle hurts when I try to move it up and down, is somethin' wrong?",Orthopedics
"I can't work good cz I have a pain in my knee 😫, it's really messing up my day!",Orthopedics
My lungs feel heavy like they are filled with mucus 😷.,Pulmonology
Why is it that my hands shake if I wait too long to eat?,Endocrinology
"My heart hurts when I exercise... it's like a sharp, squeezing pain 💔.",Cardiology
I have a great stomach ache and i can't eat any thing 😞.,Gastroenterology
"My neck hurts and I can't stand this pain, can't even turn it properly 😫",Orthopedics
"When I'm tired I feel my head heavy, it’s like carrying a weight 🎒.",Neurology
"Can't stop coufing, my throat is so sore! 😷",Pulmonology
My joints ache whenever its cold 🌬️,Orthopedics
My child has a cough all night; she can't sleep 🤒😞,Pulmonology
I'm injured n can’t play sports anymore... this sucks 😔,Orthopedics
"My face has broken out in painful red spots and lumps, that no matter how much I clean my face don't seem to be going away. 😩",Dermatology
I have some terrible problems when I'm breathing during the night 😷.,Pulmonology
"I just feel like I can't cope anymore, everything's overwhelming and I need a break 😫💔",Psychiatry
"Yesterday I had a shoulder pain, it was really bad and it hasn’t improved 😫",Orthopedics
All my body is in a bad case and I need a good treatment 🩺.,Orthopedics
My shoulder aches when I try to lift five pounds... it’s very painful 🏋️‍♂️.,Orthopedics
My head hurts whenever I try to do something 🤕.,Neurology
I feel fluid trying to come up when I cough... it’s like I'm choking on it 😷.,Orthopedics
"I think I overdid it when I carried all that lumber from the yard, now my lower back is killing me. 🪵",Orthopedics
I feel like I'm asking ppl to repeat things constantly cause I forget what they say,Neurology
"My body temp feels super low, like I’m freezing from the inside. 🥶",General Medicine
I've been feeling very sad lately 😔,Psychiatry
I have difficulty moving my neck 😣,Orthopedics
"I get so overwhelmed with emotions, it’s hard to focus.",Psychiatry
"I feel weak all over, can’t do much 😢",General Medicine
I have a sharp pain in my lower stomach... it's really uncomfortable 😣.,Gastroenterology
I feel pain in my neck 😣.,Orthopedics
"I can’t focus on reading anymore, I just drift off.",Neurology
There is so much pain when I move my arm 😖.,Orthopedics
My back hurts so much I can’t bend down to tie my shoelaces... it’s really limiting my movement 😖.,Orthopedics
"When I play sports, I have some burning sensation in my spine... it's really uncomfortable 🏀😣.",Orthopedics
"I have hard muscle pain since I went to the gym, it's like I overdid it 😅",Orthopedics
"I can't move my head up and down, it’s so stiff and painful 😢",Orthopedics
"I used to be out of breath after going up a dozen stairs, but now I struggle to breathe even when I sit down... it's really worrying 😟.",Pulmonology
"Vision is getting worse, can't see up close, even with my new glasses!",Ophthalmology
"After eating, I get this burning sensation inside, like my stomach's on fire 🔥",Gastroenterology
"Repeatedly forgetting ppl's names, even ones I meet often, it's stressful",Neurology
I have muscle pain in my left leg 😖,Orthopedics
"my heart hurts so much, it feels like it's breaking 💔",Cardiology
I got acne when I ate chili 🌶️.,Dermatology
"I find it hard to learn new things now, I forget them too quick.",Neurology
I have pain in my chest that saddens me 💔😢.,Cardiology
lower back pain but feels better after stretching,Orthopedics
Used to be super active in sports but now my whole body feels like it's in pain 😓,Orthopedics
"Knocked my foot n man, it really hurts bad! Feels like I can’t even walk on it 🦶💥",Orthopedics
I have a sharp pain in my neck 😖,Orthopedics
I feel like there’s a lot of pressure in my tooth and it’s really painful for me right now.,Dentistry
"When I eat sugar my vision goes blurry, it's like I'm seeing through fog 😵‍💫",Ophthalmology
"After a hard-working day, I have a foot ache... it throbs with every step 😩.",Orthopedics
My lungs feel heavy like they are filled with mucus. 😷,Pulmonology
My skin is itchy and inflamed 🐝,Dermatology
"I am struggling to bear weight on my knee; when I stand straight, I feel and hear a loud popping noise 😱",Orthopedics
I can hardly move my neck. It's so stiff and painful... can't turn my head at all 😖,Orthopedics
"i feel it's real hard to breathe, like there's smth stuck in my chest 😕",Pulmonology
The joints in my fingers are painful in the morning... it’s very bothersome 🖐.,Orthopedics
I travelled by plane a few days ago and this time during landing my ears remained clogged and painful.,ENT
I walk everyday but now I get short of breath just after a few steps 😮‍💨,Pulmonology
"I’ve always been very active, but now I just don’t have the strength or energy to go for even a short walk 🚶‍♂️.",General Medicine
My knees swell right below the kneecap and hurt when I put weight on them 😔,Orthopedics
It hurts when I bend my arm 😩.,Orthopedics
"I feel pain when I think of her, it’s really hard to handle 😔",Psychiatry
The nerves were so damaged during the operation on my ankle that I cannot stand being touched on the scar. 😖🦵,Orthopedics
"I’ve noticed I’m wheezing more and my chest feels tight, is this a sign of asthma?",Pulmonology
It itches inside my ears... it's so irritating 😖.,ENT
"Sharp pain in my bicep, tried pain relief cream but no luck 😣",Orthopedics
I feel a sharp pain in my ankle joint when I stand 😖,Orthopedics
My acne is really embarrassing; it's so red... it’s affecting my confidence 😔.,Dermatology
"I have a painful cramp in my feet, it feels like it's stabbing 😣",Orthopedics
When I wake up I’m feeling cold 🥶,General Medicine
Itchy at the front and center of my scalp 🤔,Dermatology
I feel a burning sensation in my shoulder muscle 🔥,Orthopedics
I feel great pain in the head... like it's going to explode 😣.,Neurology
"My baby came out at 34 weeks, what should I be expecting now?",Pediatrics
"Cloudy vision, like somethin is covering my eyes, happens often 😕",Ophthalmology
"I have blurry vision during my swimming training in the pool, why? 🏊‍♂️👀.",Ophthalmology
My shoulder muscle burns so much when I move my arm 😖,Orthopedics
"My hair is falling without a reason, I see a lot of hair on my working desk. 😟",Dermatology
Is there a cure for acne? 🤔,Dermatology
My stomach starts hurting but then feels better after I eat something mild 🍽️.,Gastroenterology
"I feel pain in my back, it’s like a constant dull ache 😩",Orthopedics
"The pain feels like it's right below the skin, like something is burning.",Orthopedics
Red flushes on my skin accompanied with itchiesss 😖. Why is this happening to me?,Dermatology
I've had this cough for two weeks 🤒.,Pulmonology
"I have these tiny red spots under my skin, what could that be?",Hematology
I have a red rash that is itchy on my skin 😖,Dermatology
"In the morning my breathing is so loud, it's like I can't get enough air in 😤",Pulmonology
The crushing sensation on my heart leaves me breathless 😔💔,Cardiology
My knee hurts when I walk... it's making it hard to get around 😫.,Orthopedics
"I’m struggling with my asthma when I exercise, what should I do?",Pulmonology
Can't rember names of ppl I just met! Is it normal at my age?,Neurology
"My doctor said I have prediabetes, but I don't really get it.",Endocrinology
"My nails peel and break like all the time, it’s like they have a mind of their own!",Dermatology
"I’m feeling nauseous and my stomach is all messed up, need some relief. 🤢",Gastroenterology
"I hv a great pain in my chest, it hurts like crazy when I breathe.",Cardiology
When I think of my parents I feel pain. 😔❤️,Psychiatry
My back got injured while I was lifting at the gym... it’s very painful 🏋️‍♂️.,Orthopedics
"I can't walk, my knee hurts me sooo bad 😫.",Orthopedics
I've always been very active but now I just don't have the strength or energy to go for even a short walk 😔,General Medicine
"I walk every day, but now I get short of breath after just a little bit 😟",Pulmonology
"I used a lot of painkillers to get better, but I still feel the same back pain, it's like nothing's working 😖",Orthopedics
I visited many doctors but they can't find the right treatment to get my hair back 😟.,Dermatology
"My hair is falling out every time I comb it, it's really worrying me 😨",Dermatology
I've got a hard time to breath- am I having a heart attack? 😨💔,Pulmonology
"My bad breath just won’t go away, could it be a dental issue that needs attention?",Dentistry
My shoulder hurts whenever I try to carry my groceries. 😖,Orthopedics
My ankle is hurting me (again) 😩,Orthopedics
"Been weeks, cant shake this tiredness... just so drained all the time",General Medicine
I got a divorce last year and I just can't stop dwelling on how to get revenge on my ex husband.,Psychiatry
I have a severe dry cough 🤧,Pulmonology
"ear hurs whenevr I chew, can't even eat properly",ENT
I feel great pain in the head 🤯.,Neurology
I feel discomfort throughout my body in general.,General Medicine
My stomach feels sore but then it feels better after I eat something mild... it’s confusing 😕.,Gastroenterology
"Hair falling out for no reason, seeing clumps of hair everywhere 😨",Dermatology
It's hard to remember where I parked my car sometimes.,Neurology
I feel a pain in my back when I sit on a chair for long. 😖🪑,Orthopedics
I can't turn my neck to the left without feeling a stabbing pain... it's so stiff 😣.,Orthopedics
"Whenever I type, my shoulders hurt so much, can't keep workin like this 😓",Orthopedics
"I feel a bone-on-bone pain in my knees whenevr I climb stairs, each step hurts more n more 😖",Orthopedics
"I fell off my bike 🚴, and since then, I've had hard knee pain, it's like it's never-ending 😖",Orthopedics
"Walked a long distance, like 3 km, and now my foot's hurting a lot 😣",Orthopedics
I feel strong pain in my knee after it was hit during the football match 🦵😣.,Orthopedics
I do not know why I feel cold. ❄️😔,General Medicine
My whole body is freezing 🥶,General Medicine
I was kicked in the head playing soccer last nite.,Orthopedics
I can't ride my car at night because I have blurry vision. 🚗😵,Ophthalmology
"After my divorce, I can’t stop thinking of ways to get back at my ex. Is it wrong? 🥺",Psychiatry
"The doctors told me my baby was born too small, what should I do next? 🍼",Pediatrics
I don't have problems taking in breath but out breath is so heavy 😣.,Pulmonology
I struggle to follow movies or shows anymore... 😵,Neurology
I feel joint pain everywhere 😣,Orthopedics
I feel pain in my shoulders when I write on the keyboard 💻😣.,Orthopedics
After eating I have burning sensation inside of me. 🔥,Gastroenterology
I feel a burning sensation in my guts about 2 hours after each meal... it’s very uncomfortable 😣.,Gastroenterology
I have a mental suffering. 😓,Psychiatry
My knees seem to grind when I go up or down stairs 😕,Orthopedics
"My speech gets all muddled, like I can’t talk straight",Neurology
I got acne when I ate chili 🌶️.,Dermatology
Pain in the large neck muscle... it's stiff and painful 😖.,Orthopedics
"I keep forgettin’ appointmints and important dates, an it’s causin’ problums",Neurology
This long scar on my left buttock is from falling off my mountain bike. Still hurts when I sit too long 😅.,Orthopedics
"My son’s got so much acne, dunno what to do anymore, tried everything 😬👦",Dermatology
I was playing basketball yesterday and sprained my ankle 🏀😫,Orthopedics
I feel a clicking sensation in my knee each time I step... it’s unsettling 😕.,Orthopedics
Breakouts on my chest with red patches get worse when I get hot 😫,Dermatology
I get clusters of pimples on my face that never go away 😡.,Dermatology
I can't breathe because of cough 🤧.,Pulmonology
I’ve got a hard time breathing; am I having a heart attack? 💔🤔.,Pulmonology
Yesterday I had shouder pain 😕,Orthopedics
My ankle joint throbs when I put pressure on it 😣,Orthopedics
"My face breaks out with acne badly around my monthly cycle, always same time 😓",Dermatology
"My foot hurts me a lot of playing football, it’s like a constant throbbing pain 😢",Orthopedics
"I feel rly hopeless lately, just wanna stay in bed all day n not talk to anyone 😔",Psychiatry
"I have blurry vision and can’t see in the dark. What’s the reason, doc? 🤷‍♂️",Ophthalmology
"My shoulder hurts so much, it's like it's dislocated or something 😖",Orthopedics
I have injured myself during the soccer match... it’s really painful ⚽😣.,Orthopedics
"My heart is beating sooo fast n it totally freaks me out, can't calm down 💓😨",Cardiology
"After the breakup, something strange inside me...dunno how to describe it 😞",Psychiatry
"I was fine, then I just started bleeding out of nowhere",Gynecology
I feel like I’m shufflin’ wen I walk and it’s really botherrsome 😩,Neurology
My acne itches and oozes 😞.,Dermatology
My urine stream is very weak and it’s takin' longer to finish than it used to 💧,Urology
My shoulder aches when I try to lift five pounds.,Orthopedics
It really hurts when i try to lift my arm up 😫,Orthopedics
I have a foot ache after running 500m with my running shoes 👟.,Orthopedics
"My head hurts when I'm doing anything, it just won't stop 😖",Neurology
"I have severe itching and redness on my skin, it's driving me crazyyyy 🥴!",Dermatology
"I feel hurt, like a lot of pain in my heart, it’s so overwhelming 😥",Psychiatry
I was kicked in the head playing soccer last night 😵‍💫.,Orthopedics
I feel like something is squeezing my lungs 😤.,Pulmonology
I’ve been feeling more irritable lately. it’s driving me nuts!,Psychiatry
I often get a stomach ache after I eat. Haven't been able to pinpoint which foods might be the trigger. It's so frustrating 😖.,Gastroenterology
"while reading for somwtimes, i feel like can't see",Ophthalmology
"After playing tennis, this intense pain shot through my neck and shoulder. Can't move it now.",Orthopedics
"I feel depressed seeing my hair fall out, it’s like I’m losing a part of me every day 😔💔",Dermatology
"Sometimes my body feels weak without reason, it’s strange and worrying. 🪫",General Medicine
"My hair is coming out in chunks 😭, especially when I wash it.",Dermatology
I get terrible headaches every few months & my vision gets affected 😣,Neurology
"I twisted my ankle last week, and it's still swollen and painfull 😢",Orthopedics
My knee is hurting so badly 😢.,Orthopedics
"I feel pain on the left side of my chest, where my heart is... it scares me 💔.",Cardiology
"I'm not hearing well, I have this problem with my ear that just won't go away 😕.",ENT
"When I walk I get a stabbing pain in the top of my foot, it's like needles poking me 🦶",Orthopedics
"When I raise my hand, I feel pain in my shoulder, it's like my arm is refusing to move 😩",Orthopedics
I stopped playing sports 'coz I always get injuries 😩. So frustrating!,Orthopedics
I don't have problems takin in breath but breathing out is so heavy. 😰,Pulmonology
i can't rotate my neck. 😖,Orthopedics
"I feel emotionally crushed, it’s hard to cope with everything right nowwwhpl😣😥🫠",Psychiatry
"My shoulder hurts so much, it's like it's about to fall off 😖",Orthopedics
i have difficulty moving my neck 😖.,Orthopedics
"Pain in knee after swimming, could it be from overworking it?",Orthopedics
"I feel pain in my neck while I'm working, it’s so annoying 😫",Orthopedics
i have a pain in my trapez... it won't go away.,Orthopedics
I have a severe dry cough 🤧.,Pulmonology
"I need a kind of cream that makes my muscles more relaxed, any suggestions? 💪",Orthopedics
"I think I sprained my ankle, it really hurts and is swollen 😭",Orthopedics
I have eruptions on my face that come and go 💥😞.,Dermatology
"I get tired too fast, I can barely put on my clothes in the morning, it's like I've aged overnight 😔",General Medicine
I have this very rash sensation near my arms 🌟,Dermatology
I can't breathe 😞.,Pulmonology
"My feet hurt so much after playing sports, it’s like a burning pain 😓",Orthopedics
I feel a great amount of pressure on my head 🤯.,Neurology
After an hard working day I have foot ache 😓👣.,Orthopedics
"It’s like I have a needle pushing through my heart, such sharp pain 😖",Cardiology
I hardly have enough strength to get up. 😞,General Medicine
"When I walk, it’s hard to breathe 😰, like I’m running a marathon or something.",Pulmonology
"I feel a pain on the left side of my chest, where my heart is. 💔😖",Cardiology
I can’t stand up or sit down; I have a pain in my back that annoys me 😖.,Orthopedics
"i feel cold all the time, it’s like nothing can warm me up ❄️",General Medicine
"These clusters of pimples on my face won't go away, no matter what I use.. it’s sooo frustrating 😣",Dermatology
"I’ve been havin' really bad breath lately, even after brushin' my teeth.",Dentistry
I have a feeling like my whole body is complaining 😩,Orthopedics
I was very active in sports but now my body is feeling pain... it’s really hard to deal with 😣.,Orthopedics
"big time indigestion, so painful",Gastroenterology
I think I ate too many carbs at dinner. should I be worried?,Endocrinology
"I can hardly breathe, it’s really hard to get a deep breath 😓",Pulmonology
Why is my shoulder aching when I try to pick up the laundry?... it’s very bothersome 🏋️‍♂️.,Orthopedics
I have muscle pain in my left leg... it aches so much 😖.,Orthopedics
My foot’s been achin since last Tues 😣,Orthopedics
My shoulder hurts when I try to reach something above my head.,Orthopedics
"I feel like there is something swollen and inflamed at the back of my knee, it's so uncomfortable 😖",Orthopedics
There’s pain in my foot 😣.,Orthopedics
"My heart aches so much, like a heavy weight, can’t seem to shake it off 💔",Cardiology
My shoulder hurts so much 😩,Orthopedics
"I’m havin terrible pain in my heart, it’s so sharp 😢",Cardiology
"throbbing in my shoulder, it just won't stop",Orthopedics
"my hair is falling out like crazy, im worried... 😥",Dermatology
I can’t get a girlfriend because of my acne... it’s really affecting my confidence 😕.,Dermatology
I get breakouts on my chest with red patches that get more intense when I get hot 😞.,Dermatology
"In high school, I had a lot of acne 😔.",Dermatology
"My baby has a fever and they’re checking for an infection, is this normal for newborns",Pediatrics
My ear is ringing. 🔔,ENT
"Even though I'm an adult, my face keeps breaking out in pimples... it's so frustrating 😣.",Dermatology
I got a divorce last year and I just can't stop dwelling on how to get revenge on my ex husband 😡.,Psychiatry
My son had a mild fever but bounced back fast. Should I be worried?,Pediatrics
"I can't walk well I have an ache in my foot, it’s so painful 😖.",Orthopedics
I noticed an important decrease in my vision when I try to look at things up close... it’s really troubling 😕.,Ophthalmology
"I keep getting chest pain and tightness with my asthma, is that normal?",Pulmonology
My ear hurts and it's worse when I swallow. My ear is very painful and Tylenol hasn't helped at all 😫,ENT
"I love to garden 🌻, but I get a terrible twinge in my lower back when I lean over 😖.",Orthopedics
"The doctor said I have a clotin issue, but I don’t really understant 😕",Hematology
I feel more sensitive than I used to. is that normal?,Psychiatry
"After playing football, I have muscle pain in both legs... it’s very painful ⚽.",Orthopedics
I have a dull ache in my head... it's like a constant pressure 😕.,Neurology
It feels like someone stuck a knife into my shoulder 😣🔪.,Orthopedics
My ankle joint throbs when I put pressure on my foot 😖.,Orthopedics
"I feel like there is something swollen and inflamed at the back of my knee, it’s really uncomfortable 😖",Orthopedics
"My skin and eyes have been yellow lately, could it be liver problems? 😕",Hepatology
"There’s a swollen knot in my shoulder blade, and it’s shooting pain from there 😣",Orthopedics
Why do my legs cramp at night? it keeps me up! 😩,Endocrinology
I feel soreness in my knees when I walk 😣,Orthopedics
"I was playing soccer and I twisted my ankle, it’s swollen and hurts so bad 😓",Orthopedics
My knee hurts when I walk. 😣🦵,Orthopedics
"Redness, swelling, and difficulty walking 😩.",Orthopedics
"Pins n needles all over my joints, feels so weird and uncomfy 🪡😣",Orthopedics
I hve cut my finger because of playing football and I to apply pain relief cream but it does not help ⚽😖.,Orthopedics
"I have a rash, and it itches very badly 😣.",Dermatology
"Even with clomid, nothn is happenin 😩",Gynecology
I can’t see well 👓.,Ophthalmology
"Eating too much sugar makes me weak & dizzy 😵, should I be worried?",General Medicine
When i eat i feel my stomach hurts 😖.,Gastroenterology
My neck is annoyin me I can't sleep becuz of it 😩,Orthopedics
I have a sharp pain in my lower stomach 😖,Gastroenterology
"leg’s been bothering me all day, hurts to bend",Orthopedics
"I lose a lot of my hair, like, seriously a lot! 😩",Dermatology
Heavy breath with fatigue 😮‍💨,Psychiatry
My knees swell below the knee cap & hurt when I put any weight on 'em 😣,Orthopedics
"The pain feels like it’s just beneath my skin, like a deep bruise.",Orthopedics
"My face breaks out badly every month around my cycle 😫, why does this happen?",Dermatology
I get tired too fast; I can barely put on my clothes in the morning 😞.,General Medicine
I get clusters of pimples on my face that never go away 😤,Dermatology
My head is heavy.,Neurology
It feels like something is being jabbed into my joints... it’s very painful 💥.,Orthopedics
"Walkin makes me feel like I can't get air, real hard to breath 😥",Pulmonology
"My asthma gets worse when I’m around dust or pets, what can I do to avoid triggers?",Pulmonology
"Even if the temperature is high in the house, my body is always cold... I don't understand why 🥶.",General Medicine
"I've had a sharp cough for days now, and it’s sooo much worse when there’s phlegm 😷",Pulmonology
"I feel like I fell in hot water, my skin’s burning like crazy 🔥.",Dermatology
How do you know if you have a torn meniscus in your knee? 🤔🦵.,Orthopedics
"My ear aches when I'm listening to music for too long, feels like a constant throb 😣",ENT
I have pain in my elbow joint... it’s quite uncomfortable 😣.,Orthopedics
"every time I move my shoulder, its like electricity shocks me ⚡️",Orthopedics
My shoulder has a great pain 😩.,Orthopedics
I feel a great amount of pressure on the sides of my neck 😣.,Orthopedics
I feel congestion in my chest... it’s very distressing 😷.,Pulmonology
"When I wake up in the morning, I feel a soreness in my body. Like I'm 90 years old or something 🥴.",Orthopedics
"i can hardly breath 😮‍💨, feels like somethin' is squeezing my chest",Pulmonology
"When I drink a lot, I get a massive headache, why though 🤔?",Neurology
"I get chest tightness and shortness of breath, does that mean my asthma is acting up? 😔",Pulmonology
There is pain in my foot... it’s quite bothersome 😕.,Orthopedics
"I can’t hear properly outta my ear, feels like something's stuck in there 😕",ENT
I got acne when I ate chili... it’s very frustrating 🌶️.,Dermatology
"My head has been aching since I woke up this morning, it's like a constant throb 😫",Neurology
"I’ve been over my cold for weeks, but I still cough every day 🤧.",Pulmonology
I have a back pain since I fell on the floor 😣,Orthopedics
I have a powerful pain inside my neck 😣.,Orthopedics
I feel pain in my joint after an injury in the last football match I played... it’s very bothersome ⚽😔.,Orthopedics
My body feels like it’s in a refrigerator 🥶.,General Medicine
i can't ride my car at night because i have blurry vision. 🚗😵,Ophthalmology
"Can’t walk properly, foot hurts a lot, feels like it’s aching constantly 😫",Orthopedics
"My stomach aches after I drink any soda drink, why? It’s really uncomfortable 😩",Gastroenterology
"The pain in my back dwells like a sharp knife in it, so intense 😢",Orthopedics
"When I get out of bed in the morning, my body feels so weak and I can hardly move 😩",General Medicine
"I started taking swimming lessons, and I guess I swallowed too much water through my nose, because this sinusitis is killing me now 🤿😣.",Orthopedics
"Had I stepped on a needle it wouldn't have hurt so much, like this damned spur in my heel 😣",Orthopedics
"These weird bruises and tiredness are just weird, is it serious? 🤔",Hematology
"My head hurts when I'm doing this, it's really bothering me 🤕",Neurology
I feel an increased heart rate with a prickling sensation... it’s concerning 💓.,Cardiology
"My friends say I’m moody, but they don’t understand! 🙄",Psychiatry
"My face has broken out in painful red spots and lumps 😣, no matter how much I clean my face, they just won't go away.",Dermatology
It feels like I have a needle pushing through my heart 💔,Cardiology
"When I brush my hair, I notice big clumps of hair coming out in the brush... it’s very concerning 😟.",Dermatology
"Woke up with a stomach ache, took medicine, but the pain just won’t go away!",Gastroenterology
I don't know why I'm constantly sad... it's like a cloud over me ☁️.,Psychiatry
My head is so heavy can't think normally 🤕💭.,Neurology
"My boy was born way too early, they said he needs special care 🍼",Pediatrics
"My body feels weak after my first day in the gym, why is this happening? 😔",General Medicine
"My eyes are all cloudy, it’s like I’m seeing through a foggy lens 😩",Ophthalmology
I’m findin’ it hard to keep trak of what’s happnin’ arond me,Neurology
"I feel pain in the knee when walking, it's like a constant ache 😖.",Orthopedics
"I hv blurry vision since morning, maybe my glasses r off or smthing? 👓",Ophthalmology
My ear is ringing 🔔,ENT
"After the last shot, my baby was really sleepy... should I call the doc?",Pediatrics
Sharp pain and clicking in my ankle joint when I try to stand and walk 😣,Orthopedics
"Stomach ache so bad I can't eat anything at all, help plz",Gastroenterology
"There's a red stain on my skin and it’s been there for days, idk wht it is.. kinda worried now 😬",Dermatology
"fatigue hits me so hard, i cant even focus properly... im so done 😓",General Medicine
"I am always cold, even when I’m wearing layers 🥶",General Medicine
"When I get out of bed in the morning, my body feels very weak... it's hard to start the day 😔.",General Medicine
I have a scab on the back of my hand that just won't go away 🖐️😔.,Dermatology
My heart is pumping fast and I'm having a hard time to breath. 💓😰,Pulmonology
"Dark spots on my skin, they don’t go away 😢",Dermatology
My foot hurts me a lot of playing football. 😣⚽,Orthopedics
I think there's fluid in my ears 🤔.,ENT
I complain a lot about my neck pain and really need to feel better 😩.,Orthopedics
"So frustated with all the medical tests, still no baby",Gynecology
"I can hardly move my neck. It hurts so much, I can’t even turn my head 😣",Orthopedics
"My hair is falling out in clumps, it's freaking me out 😨.",Dermatology
My heart feels like it's going to explode. 💔😨,Cardiology
"I have a foot ache although I don’t walk a lot, it just hurts out of nowhere 😕",Orthopedics
My shower drain is full of hair every time... it’s really annoying 🚿.,Dermatology
"My foot had been aching since last Tuesday, it’s not getting any better 😢",Orthopedics
I get clusters of pimples on my face that never go away. It's like they have a permanent home there 😞.,Dermatology
I think there’s fluid in my ears 😣.,ENT
"I can’t move my limbs as easyly as beefore, and it’s really impactin’ my lyfe",Neurology
My kneecap feels like it’s grating bone on bone when I walk 😩,Orthopedics
"When I lift my arms up I have a soreness in my shoulders, it’s been bothering me for days 😖",Orthopedics
"It's hard to stand up, and I'm moving very slowly 🐢.",General Medicine
My sister said her kid got sick after a vaccine... 😳 is that possible?,Pediatrics
"My calves feel like they are tight as knots and are throbbing, it’s so painful 😩",Orthopedics
"I get these random spots on my nails that come and go, wut does that mean?",Dermatology
"After football, I got muscle pain in both legs 🏃‍♂️",Orthopedics
I don’t have full range of motion with my arms 😕,Orthopedics
I complain alot with skin allergy 😤.,Dermatology
I feel weak... it’s affecting my daily life 😔.,General Medicine
I feel hurt in my heart 💔,Cardiology
I’m feeling nauseous... it’s making me feel unwell 🤢.,Gastroenterology
I have acne on my face and other problems with my skin like itching 😖,Dermatology
"When I do intense exercises, my muscles hurt so much 💪😖",Orthopedics
"There's a sharp pain in my calf, it’s like someone pinched it super hard, hurts to even walk!",Orthopedics
"I feel congestion in my chest, it’s like there’s something stuck inside 🤧",Pulmonology
My skin is itching 😣.,Dermatology
"I feel like I just can't cope anymore, I feel overwhelmed and like I just can't get a break. 😔",Psychiatry
My foot is hurting so much 😫.,Orthopedics
My head hurts in the back and the pain lasts all day. 😣,Neurology
"I forget if I took my meds or not, it worries me. 🥺",Neurology
It's hard to see things 😕,Ophthalmology
"I can't do anything, I feel so weak in my body, it's frustrating 😔.",General Medicine
I have pain in my stomach 😖,Gastroenterology
"sharp pain in my ear, it feels blocked or something, sooo annoying",ENT
"My heart feels like it's going to explode, it's pounding so hard 💥",Cardiology
Standing less than five minutes and my back starts to ache... it’s very painful 😣.,Orthopedics
"i can't move my leg, there's pain in the joint.",Orthopedics
"I feel lyk I'm always on edge, can't chill or relax 😰",Psychiatry
"Acne on my face is so embarrassing, it’s like a minefield of pimples 😩",Dermatology
"My body feels so achy, doc said it mite be a blood disorder",Hematology
My body feels weak after my first day in the gym; why is that? It's so draining 😞.,Ophthalmology
i cant breathe 😫.,Pulmonology
My knee doesn’t want to bend properly 😟,Orthopedics
"I feel like I’m not myself lately, kinda lost in my own head.",Psychiatry
"I’ve tried reading books to cheer up but nothing seems to work, feeling really down 😔",Psychiatry
Heavy breath with fatigue 😓.,Psychiatry
My upper back has been sore for a week... it’s so uncomfortable 😕.,Orthopedics
I have acne all over my face. 😔,Dermatology
"i have whooping cough with excess mucous, need mucolytic 🤧",Pulmonology
I have a back pain since I fell on the floor. 😣🏠,Orthopedics
I can't turn my neck to the left without feeling a stabbing pain... it’s very sharp 😖.,Orthopedics
"I got injured during a football match, diagnosed with a Cruciate ligament tear 😭, my season is over!",Orthopedics
"My doctor mentioned somethin' about liver issues but I didn’t understand it, what should I do?",Hepatology
"Whenever it’s cold, my joints ache terribly, can't even move my fingers properly. 🥶",Orthopedics
I have a problem in my back I cannot extend it 😣.,Orthopedics
"My ear hurst real bad, feel like it's blocked or smth 😖",ENT
"redness, swelling, and difficulty walking, it’s so hard to move 😖.",Orthopedics
I feel a pain in my back 😣.,Orthopedics
"Random spotting, but then heavy bleeding next day...idk what's up",Gynecology
My ear ache when I'm listening to music. 🎧😖,ENT
Do we really need all those shots? Seems like too many to me! 🤔,Pediatrics
I feel a bone-on-bone pain in my knees when I climb stairs 😣,Orthopedics
"My stomach aches after I drink any soda drink, why? 🥤🤔.",Gastroenterology
The joints in my fingers are painful in the morning 😖,Orthopedics
My sholder joints hurt every time I try to reach up or lift anything heavy 😩,Orthopedics
My nose is congested all the time and there's this gluey secretion in my throat that makes it impossible for me to sleep. I often have to nap sitting down 🤧🛏️.,Pulmonology
"I have tried to relieve it but I can't, feel so weak n exhausted 😓",General Medicine
"Loud sounds make my ear ache, it’s unbearable 😖",ENT
My foot hurts so bad and I can't even turn it. Maybe it’s broken? it’s really swollen 😣,Orthopedics
I can't get a girlfriend cuz of my acne 😔,Dermatology
"I've had a cold for a week, and now I can't stop coughing! 😷",Pulmonology
I do not feel better in my muscles 😔,Orthopedics
"I'm having terrible probs with breathing at night, like I can't catch my breath 😰",Pulmonology
I wish this unbearable feeling of loss could just disappear 😔,Psychiatry
It itches inside my ears 😖.,ENT
"My mind feels very sad, as if it hurts. 😞 The way I feel in my head is awful and when I think about my break-up, I cry with sadness.",Psychiatry
The area around my heart doesn't feel good... it's very concerning 💔.,Cardiology
I notice a lot more hair coming out than usual when I brush my hair 😳,Dermatology
I get tired too fast. I can barely put on my clothes in the morning 😓,General Medicine
I feel a great pain in my shoulder joint and it doesn’t go away 😫,Orthopedics
i can hardly breathe. 😰,Pulmonology
"Feels like there are pins and needles sticking in my joints, especially when I move too much 🙁",Orthopedics
My frend says I told her something and I have no recollection! 😕,Neurology
I have pain like needles in my joints 😣,Orthopedics
"When I walk up the stairs, my rgt knee hurts soooo much 😩",Orthopedics
"I cut my finger playing football and applied pain relief cream, but it does not help 😓.",Orthopedics
"I was kicked in the head playing soccer last night, now I have a headache and feel dizzy 😟",Orthopedics
I may have overdone it with the weightlifting because I am afraid I may have torn a muscle in my back... it's really painful 😣.,Orthopedics
My hair is falling when I am combing it. It's like the brush just collects a bunch every time 😟.,Dermatology
When I was young I had an injury from sports in my knee 🏀.,Orthopedics
When I extend my leg there is pain in the knee joint 🦵😣.,Orthopedics
"My shoulder joints feel like they're burning, and it's hard to lift anything anymore 😞",Orthopedics
Heavy breath with fatigue 😓.,Psychiatry
I noticed an important decrease in my vision when I try to look at things up close 👓.,Ophthalmology
I can’t stop coufing pls help,Pulmonology
"I feel pain in my right shoulder after the tennis match, can't even lift my arm 😫.",Orthopedics
I complain alot with skin allergy 😣.,Dermatology
"I’m findin’ it hard to move my body in ggeneral, it’s really affectin’ my daily lyfe 😕",Neurology
"I feel cold all the time, even when it’s warm, what’s wrong with my blood?",Hematology
i have a great pain in my thorax from heart injury,Cardiology
I have cloudy eyes 🌫️,Ophthalmology
i can hardly breath 😣,Pulmonology
"i was diagnosed with pneumonia, i can't breath easily 🌬️😷.",Pulmonology
When I get out of bed in the morning my body feels very weak. 😞,General Medicine
I have blurry vision after using the wrong medicine 😕👓,Ophthalmology
Hearing any loud sounds makes my ear ache 📢,ENT
"I have a foot ache after running 500m with my running shoes, it’s really sore. 😖",Orthopedics
It feels like I have a needle pushing through my heart 💔,Cardiology
"I noticed my skin is turnin' yellow and my stomach is swelling, is this a liver issue? 😢",Hepatology
I have eruptions on my face that come and go. 😕,Dermatology
"My neck feels stiff, like I slept wrong or something but it's been days now 😖.",Orthopedics
I have an ear ache that won't go away. I don't have a cold or headache or any other symptoms. Just an earache 👂😓.,ENT
My joints are swollen.,Orthopedics
"was once an active athlete, now my body aches all over 😩",Orthopedics
"I am worried how cold intolerant I am, I am always shivering, even out in the sun 🥶🌞.",General Medicine
"Sometimes I cough, I guess it's cuz I'm a smoker. 🚬",Pulmonology
I have a feeling like my whole body is complaining... it's like it's falling apart 😟.,Orthopedics
"It's rly hard to breath when I’m in the subway, what could be wrong?",Pulmonology
I do not feel better in my muscles 😔,Orthopedics
I feel a tightness in my chest... it’s really concerning 😔.,Pulmonology
"Shoulder’s throbbing, can't lift it without pain, feels like it's stuck 😖",Orthopedics
"I have acne in my face and other problema in my derma like itching, it's so annoying 😩",Dermatology
"I have this weird pale look to my skin, like I don’t have enuff blood 😟",Hematology
I feel a pain in my back 😕,Orthopedics
"I used to be out of breath after going up a dozen stairs, but now I struggle to breathe even when I sit down 😵‍💫.",Pulmonology
"injured during football, doc said it's cruciate ligament, hurts bad ⚽",Orthopedics
My back hurts a lot when I bend. 😩,Orthopedics
I feel really weak in my body...like no energy at all 💔.,General Medicine
"Feeling really bad, can’t breathe properly... feels like I’m suffocating 😓",Pulmonology
"Pain in my neck, like not just the usual kinda stiff neck, it’s like major discomfort 😣",Orthopedics
My ear hurts me badly... it’s very distressing 👂.,ENT
It itches inside my ears and it’s driving me mad 😖,ENT
"My shoulder aches when I try to lift even five pounds, it's so weak 😣.",Orthopedics
My nose is always congested and there's this gluey stuff in my throat making it impossible to sleep. I often nap sitting up 😩,Pulmonology
My face is all broken out with pimples. 😣,Dermatology
I feel pain in my right shoulder after the tennis match 🎾.,Orthopedics
"I feel a great amount of pressure on my head, it's really uncomfortable 😖.",Neurology
"My ankle swells up after walkin' for a bit, and the pain just won’t stop 😕",Orthopedics
My heart feels like it's gonna burst out when it hurts 💔,Cardiology
I walk every day but now I get short of breath after going only a short way.,Pulmonology
"It is hard to breath when I am in the underground metro station, why? I feel like I can’t get enough air 😰",Pulmonology
The arches of my feet hurt when I wear heels 👠,Orthopedics
My body feels weak even tho I take my vitamins regularly. 😞,General Medicine
I wish this excruciating feeling of loss could go away 😞💔.,Psychiatry
I have a pain in my head 🧠.,Neurology
I have a sharp pain and clicking sound in my ankle joint when I try to stand on it and walk. 😖🔊,Orthopedics
I feel like I need to go to the bathroom all the time. so annoying!,Endocrinology
I have to write down everything otherwise I forget within seconds,Neurology
I have a very rashy sensation close to my arms 😓,Dermatology
"I feel a huge emotional pain after breaking up with my girlfriend, it’s hitting hard 💔",Psychiatry
"I can't stand up or sit down, I have a pain in my back that annoys me 😩",Orthopedics
Why do they give so many shots in one visit? Isn’t it too much?,Pediatrics
"My hair keeps coming out in clumps, especially when I wash it 😱",Dermatology
i feel pin in my neck. cant look down or turn my head,Orthopedics
"When I bend over, I get this shooting pain all down my back...pain’s unbearable 😣",Orthopedics
"When I tried to be warm and wear more clothes, I found that I was still cold... it’s very confusing 🌡️🥶.",General Medicine
"I can hardly breathe, feels like I’m suffocating 😣💨",Pulmonology
"hit my foot, it really hurts 😫",Orthopedics
I have heavy breathing with fatigue... it's exhausting 😩.,Psychiatry
I have this thing where I forget what I was doing mid-task... weird!,Neurology
"Sharp pain in my bicep, feels like it’s burning 🔥",Orthopedics
"When I move my shoulder, pain shoots down my arm... it’s very painful 😣.",Orthopedics
I feel like I went to an acupuncturist’s practice and had 100 needles in my shoulder 😣.,Orthopedics
After a breakup I feel something strange in me 😔💔.,Psychiatry
"Pain in my knee while swimming, it’s been persistent 😣",Orthopedics
"The warm system of my house is broke, and feel sooooo cold... can't stop shivering 🥶",General Medicine
I get an ear ache when it is cold ❄️,ENT
Since I went into the forest I have pain on my ear 🌲👂.,ENT
I’ve been havin' frequent urination at night and it’s disruptin' my sleep and makin' me tired 🌙,Urology
Face breaks out in pimples all the time. tired of it!!,Dermatology
I fell a stiffness in my elbows and shoulders 😣.,Orthopedics
It hurts when I bend my arm... it’s very painful 😣.,Orthopedics
I have a skin rash after eating an ice-cream 🍦.,Dermatology
"My hands and feet feel num and it’s hard to get aroun, what shuld I do?",Neurology
"When I move on my shoulder, pain shoots down my arm 🦵😖.",Orthopedics
I feel so sore in my stomach area 😖.,Gastroenterology
"I can't carry anything 😫, my shoulder hurts so much. Is this normal?",Orthopedics
"I have eruptions on my face that come and go, so annoying 😡",Dermatology
I feel pain in my knee when I climb the stairs 🏃‍♂️.,Orthopedics
I can't walk well. I have an ache in my foot 😔,Orthopedics
Stiffness and inability to look right or left except by moving the whole body 😣.,Orthopedics
"Got cramps all along my abdomen, hurts to even move a lil bit 😣",Gastroenterology
"i have whooping cough with excess mucous, need mucolytic 🤒",Pulmonology
"muscle pain when i reach up, can’t even grab anything 🥵",Orthopedics
I can’t stand this horrible feeling in my shoulder 😩,Orthopedics
"My ear's ringing like crazy, it won't stop! 🙉",ENT
"I have a foot ache in winter, or when it feels cold, why? ❄️.",Orthopedics
"Sharp pain in my bicep, tried pain relief cream but it's not helping 💪",Orthopedics
"I felt my heart hurt when I ran for a long distance, it's like it's going to explode 💥",Cardiology
"I have a lot of knee pain whenever I go running, it's like my knees are giving up on me 🏃",Orthopedics
There's a tingling sensation in my neck... it's like pins and needles 🪡😣.,Orthopedics
There’s so much pain when I move my arm 😩,Orthopedics
"I’m having trouble with my fertility and it’s causing a lot of stress for both of us, we really want a baby.",Urology
"i feel pain in my neck, it’s like a constant throb 😩.",Orthopedics
My calves feel like they are tight as knots and are throbbing... it’s so painful 😕.,Neurology
"I feel pain in my eyes, like I can see fog. Everything's just... off 🥴.",Ophthalmology
"My stomach aches when I eat hot food 🌶️, why?",Gastroenterology
"This cough has been lingering for two weeks now, it’s driving me crazy 🤧.",Pulmonology
"i can't stand up, feels like my brain is moving inside my skull, crazy headache! 😣",Neurology
There is pain in my joints. I cannot bear the pain 🦵😣.,Orthopedics
"There's pain on the left side of my chest, right where my heart is 💔",Cardiology
I feel heart pain when I walk a lot 🚶‍♂️💓.,Cardiology
"Everytime I try to run, my ankle starts hurtin' bad, like it's gonna give out 😖",Orthopedics
"The pain in my tooth is throbbin' and doesn’t seem to stop at all, what should I do? 😔",Dentistry
I feel pain in my knee when I climb the stairs. 🏃‍♂️,Orthopedics
"I cough a lot when I smell perfume, what is wrong with my lungs? 🤧",Pulmonology
"I feel like I’m not myself anmore, an I’m worried about my memry 😣",Neurology
I wake up with a stiff neck every morning 😣. Massage helps but then a couple of days later it's back again.,Orthopedics
"I get chills & aches all over, like I'm coming down with something 🥶",General Medicine
I feel really sad all the time... it’s affecting my daily life 😢.,Psychiatry
"Had I stepped on a needle, it wouldn't have hurt so much, like this damned spur in my heel... it's unbearable 😣.",Orthopedics
I can’t sleep because of cough... it’s very disturbing 🤧😔.,Pulmonology
"Shoulder pain from liftin heavy stuff, can't move it rn",Orthopedics
I feel abdominal pain. 🤕,Gastroenterology
I can’t even wear my normmal shoes 'cause my ankle hurts so much 😢,Orthopedics
"Sometimes I can't find the words I need, just... blank",Neurology
"Even if the temperature is high in the house, my body is always cold... it’s very confusing 🌡️🥶.",General Medicine
I cant sleep coz of this cough 😵,Pulmonology
"When I get up, I see my skin is vague 😕",Dermatology
My ear hurts me badly... it’s very painful 👂.,ENT
"I can't carry anything, I have pain in my shoulder.",Orthopedics
"I get this sharp pain in my ankle wen I turn it a certen way, it’s weird",Orthopedics
Some days I just can’t get out of bed. what’s wrong with me?,Psychiatry
I have pain in my head... it’s very painful 😣.,Neurology
"Hearing any loud sounds makes my ear ache, can’t handle it. 😥",ENT
"After I went to the forest, my ear started hurting real bad..feels like there’s something stuck in there.",ENT
I have a problem in my back; I cannot extend it... it’s so stiff 😣.,Pulmonology
"When I do heavy exercises, my muscles ache so bad, it’s like they’re on fire 😣 I can't move the next day.",Orthopedics
"I have this powerful pain in my neck, like something's stuck 😖",Orthopedics
"My skin feels so tight, it’s uncomfortable. Is this a side effect?",Dermatology
"I’m experiencin' severe bloating and pain, is this related to liver issues? 😩",Hepatology
My skin is itchy and inflamed 🤨.,Dermatology
My chest feel tight nd pains real bad 😬💔,Cardiology
"When I tried to be warm and wear more clothes, I found that I was still cold 😟",General Medicine
I just want this emotional pain 2 go away... losing someone hurts so much 💔💔,Psychiatry
"Was watchin TV and outta nowhere, my vision went blurry... kinda scared 😕",Ophthalmology
My hair is falling out in huge amnts 😟.,Dermatology
I carried a heavy bag yesterday and now have a great shoulder pain 😣👜,Orthopedics
I have a ear ache when I go to the pool 🌊👂.,ENT
I have a sharp pain in my lower stomach 😩,Gastroenterology
I have a red rash that is itchy on my skin... it's driving me crazy 😣.,Dermatology
"My heart hurts when I wake up, like actual pain, what is this? 💔",Cardiology
It's like I have a needle pushing through my heart... it's sharp and painful 😣.,Cardiology
Every morning when I wake up my neck feels like I slept on it wrong 🛏️😖.,Orthopedics
"Can’t bear this squeezing feelin in my chest, like somethin’s pressin down on me 💔😫",Cardiology
"i can't move my shoulder because of pain, it’s really stiff and uncomfortable 😖",Orthopedics
I feel like I can hardly breathe unless I get this stuff out of my lungs 😤,Pulmonology
"Sharp pain in my head when I think too hard, need a break 😫",Neurology
i have a strong shoulder pain 😩.,Orthopedics
"When I remember her, I feel rlly down and just can't seem 2 move on 💔",Psychiatry
My ear hurts when I touch it... it’s really painful 👂.,ENT
My ear hurts so bad 😫,ENT
I can`t stop coughing 🤧,Pulmonology
I had alot of exercise yesterday so i feel sharp muscle pains. 💪😣,Orthopedics
"after playing football, i have muscle pain with my both legs, it's so intense. 😖",Orthopedics
It's like I have a needle pushing through my heart... it feels so sharp 💔.,Cardiology
I can't stand with this horrible feeling in my shoulder 😩,Orthopedics
My urine is cloudy and I’m not sure if it’s a sign of somethin' wrong or just temporary.,Urology
"My urinary system doesn’t seem to be functionin' properly, should I see a urologist about this?",Urology
My muscles in my lower back are aching 💪😣.,Orthopedics
these breakouts on my back r ruining my life 😖,General Medicine
"I fell a stiffness in my elbows and shoulders, it’s so annoying! 😩",Orthopedics
I hardly have enough strength to get up... I'm so weak 😞.,General Medicine
"I’ve got swelling in my abdomen and feel constantly tired, could this be liver related?",Hepatology
I feel cold even though we are in summer... it's so strange 🥶.,General Medicine
I feel a burning 🔥 in my guts about 2 hrs after eating each meal.,Gastroenterology
"i feel pain in my stomach, it's really uncomfortable 😣.",Gastroenterology
"I think I sprained my ankle, it really hurts... should I see a doctor? 😣",Orthopedics
My ankle is hurting me 😖,Orthopedics
My chest acne breaks out and never clears up 😫.,Dermatology
"Redness not going away even after puting those over-the-counter drops, help!!!",Ophthalmology
I hate my acne... it’s very distressing 😔.,Dermatology
My knee feels weak and it gave way the other day at the top of the stairs. Luckily there was a rail to hold on to 😅,Orthopedics
"I been feeling so hot lately, like i have a fever but not sure why 🤔",Hematology
"My ankle feels unstabble, like it’s gonna twist again if I’m not carefull",Orthopedics
"My throat hurts like I’m swallowing razor blades, it's that bad! 😣",Pulmonology
Itchy at the front and center of my scalp 🤔,Dermatology
"My neck hurts so much I can’t stand it, it’s affecting everything 😩",Orthopedics
I think there's fluid in my ears. 💦,ENT
"Feel like my skull’s cracked like a nut, the headache is unreal 😵‍💫",Neurology
My hair always falls out and I’ve lost a lot of hair lately 😢,Dermatology
"It's like my eyes r glued shut every mornin, crust everywhere!",Ophthalmology
I have throbing in my shoulder 😖.,Orthopedics
"cramps along the whole abdomen, it's like something is twisting inside 😖",Gastroenterology
My throat is scratchyy,Pulmonology
"Whenever I do hard exercises, I feel great pain in my muscles, like they’re on fire 🔥.",Orthopedics
"I’m freakin' out, my newborn’s not eating well and they said it could be an infection",Pediatrics
My husband left me for another woman... my heart hurts so badly to the point I can't eat or sleep 💔😢.,Cardiology
"I feel a burning sensation in my shoulder muscle, is this normal after working out? 🏋️",Orthopedics
My CBC report indicates 10 HB; I feel tired after little work... it’s very concerning 🩺.,General Medicine
I have mental suffering 😓,Psychiatry
My muscles are twitching.😔,Orthopedics
There's a sharp pain in my ear whenever I do this 😖,ENT
"I get these intense bursts of anger, and I don't kno why!",Psychiatry
"left side chest pain, right where my heart is 💔",Cardiology
"i can't move my leg, there is pain in the joint 😵.",Orthopedics
"I get tired sooo quickly, like I could fall asleep anytime. 💤",Endocrinology
I felt my heart hurt when I ran for a long distance 🏃.,Cardiology
There’s something swollen and inflamed behind my knee...it hurts like crazy whenever I move 😩,Orthopedics
The crushing sensation on my heart leaves me breathless... it’s very alarming 💔.,Cardiology
"After a hard working day I have foot ache, can’t relax properly. ??",Orthopedics
"I get chills and aches all over, it's like I'm coming down with something 🥶",General Medicine
"I relapsed again last week, it's like I just can't win, so frustrating!",Psychiatry
"I have difficulty breathing in crowded places, feels like I’m suffocating 😟",Pulmonology
i have difficulty moving my neck 😓.,Orthopedics
When I eat too much sugar my body gets weak and dizzy 😓,General Medicine
"My skin color on my back is red, idk why 😕",Dermatology
"I have a headache almost every day, it’s really starting to get to me. 😓",Neurology
I feel very hard to breathe... it's very distressing 😣.,Pulmonology
It feels like my heart is gonna leap out of my chest. It hurts so bad 😢.,Cardiology
"I can't breathe, there's this dull ache below my left shoulder, what’s wrong with me 😰?",Cardiology
I’m feeling cold though the temp is high 🌡️.,General Medicine
"My lower back hurts but gets better if I stretch it a bit, but still achy 😩",Orthopedics
Heart pain so bad it hurts to move 😣,Cardiology
I often get a stomach ache after I eat 🤔. Haven't figured out which foods might be the trigger yet.,Gastroenterology
"My son’s infection isn’t responding to meds, is that normal for neonatal infections",Pediatrics
"there's pain in my foot whenever I step on it, it hurts sooo bad 😫",Orthopedics
"My knees hurt like bone-on-bone pain, esp when I try to climb stairs 😫",Orthopedics
"My back hurts so much I can't bend down to tie my shoelaces, it’s so painful 😩",Orthopedics
Evrything looks like I’m in a smoky area...vision’s so blurry... what's wrong? 😕,Ophthalmology
There is a sharp pain in my bicep. I have tried to apply pain relief cream but it does not help. 😣💪,Orthopedics
I’m experiencin' pain in my lower abdomen when I try to urinate and it’s really distressin' 😣,Urology
Every morning when I wake up my neck feels like I slept on it wrong. 😣,Orthopedics
"I love to walk and be outside, but the bottoms of my feet get sore so quickly... it’s really limiting 🚶‍♂️.",Orthopedics
I have this strange rash on my arm 🤔.,Dermatology
I feel joint pain every time I move 😩,Orthopedics
"Started taking swimming lessons and swallowed too much water, now my sinusitis is killing me 🤢.",Orthopedics
I feel pain when parting from loved ones... it's like a deep emotional ache 💔.,Psychiatry
"It started as tinnitus, but now the pain is throbbing and unbearable. 😖",ENT
When I'm tired I feel my head heavy. 😴,Neurology
"My knee’s hurtin, idk why but it’s makin it hard to walk 😕",Orthopedics
Tried to answer a phone call and couldn’t hear the speaker properly 😖,ENT
"My skin is yellowish and I’m feelin' tired all the time, could it be a liver problem?",Hepatology
The pain in my back dwells like a sharp knife in it 🔪😣.,Orthopedics
A terrible fall in hair 😔.,Dermatology
My sperm quality isn’t where it should be and it’s affecting our chances of having a child together 😕,Urology
My ears haven’t felt normal since I got off that flight last week. Still hurts when I yawn.,ENT
My acne is really embarrassing. It’s so red and inflamed 😥,Dermatology
I think I overdid it when I carried all that lumber from the yard. My lower back is killing me now 😩.,Orthopedics
I tried a lot of creams but still feel the same skin problem... it’s really frustrating 😞.,Dermatology
I feel a sharp pain in my head when I think too hard... it’s very painful 🤯.,Neurology
"i can't move my shoulder coz of the pain. It's like frozen or something, can't even lift my arm 😩.",Orthopedics
There is acne on my face... it’s very frustrating 😕.,Dermatology
"Can't walk properly, foot aches like crazy...hurts to even touch it 😫",Orthopedics
I have an ear ache when showering 🚿👂.,ENT
"I’ve got this constant dull pain in my joints, especially in my hands and knees",Orthopedics
"I get sooo tongue-tied lately, feels awkward af 😳",Neurology
"When I move my shoulder, it's like lightning ⚡️ is being sent through it.",Orthopedics
I can't breathe because of a cough 🤧.,Pulmonology
"I thought it was jus allergies but the rednss won't stop, and there's this gross discharge now!",Ophthalmology
My heart is beating fast and it scares me 💓,Cardiology
"My hair's falling out like crazy 😢. Every time I brush, it’s just clumps coming out!",Dermatology
When my grand father died I felt a hard emotional pain. 😔💔,Psychiatry
"I feel a burning sensation in my guts about 2 hours after each meal, it’s really uncomfortable 😖",Gastroenterology
"I used to have nice nails, but now they just won’t grow anymore 😩",Dermatology
"i have a great pain in my foot like a throbbing pain, even with relaxing my pain relievers... it just won't go away.",Orthopedics
"I have shooting pain up n down my back, it’s awful 😣",Orthopedics
I feel like I’m always on edge. it’s hard to relax.,Psychiatry
"i can't walk, my knee hurts me so much, it's painful to move at all. 😥",Orthopedics
I feel very weak in my body. 🥱,General Medicine
"I am struggling to bear weight on my knee, and when I stand straight, I feel and hear a loud popping noise... it's alarming 😣.",Orthopedics
I feel pain in the knee.,Orthopedics
I feel abdomnal pain.,Gastroenterology
I have this hard pain in my stomach 🥴,Gastroenterology
"I keep forgettin stuff, like where I put my keys or what I was gonna say. It's frustrating!",Psychiatry
"I walk every day, but now I get short of breath after going only a short way 😓",Pulmonology
"My knee feels rusted, can't bend it anymore",Orthopedics
"My nose is congested all the time and there's this gluey secretion in my throat, makes it impossible to sleep 😔",Pulmonology
"my ear hurts me badly, it's been going on for days now 😢.",ENT
I notice I cry at the littlest things now. what’s happening?,Psychiatry
I’m disappointed 😞,Psychiatry
"My foot hurts, can't turn it. Maybe it's broken, it’s so painful I can't even stand on it 😫",Orthopedics
"I used a lot of pain killers to get better, but I still feel the same back pain... it’s very frustrating 💊.",Orthopedics
I have a hard pain in my stomach 😣,Gastroenterology
"Talking is hard, it's like my brain and mouth aren't in sync",Neurology
i feel sleepy all day,General Medicine
There is a sharp pain in my calve 😖.,Orthopedics
"Carrying groceries gives me this sharp pain in my shoulder, like it's being ripped apart.",Orthopedics
"I can't get words out sometimes, like there's a block...",Neurology
I have pimples in patches along with a lot of redness on my face 😞,Dermatology
I'm having a hard time reading because the letters are all fuzzy. 🤯,Ophthalmology
"itch at front n center of scalp, hair falling out a lot 💇‍♂️",Dermatology
I'm not feeling good I can't take my breath 😮‍💨.,Pulmonology
There is a sharp pain in my ear whenever I do this 😖,ENT
My hair is falling out in big bunches 😢,Dermatology
"My kid was a little cranky after the shots, is that okay?",Pediatrics
Stomach pain after drinking milk 🥛,Gastroenterology
when i raise my hand the pain in my shoulder gets unbearable 😣 especially when i reach for high stuff,Orthopedics
I get clusters of whiteheads and blackheads on my back... so annoying!,Dermatology
I have this rashy sensation close to my arms 🩹,Dermatology
"Noticin' a lot more hair coming out when I brush, kinda freakin me out 😳🧑‍🦱",Dermatology
"I can't seem to focus on one task, my mind keeps wandering.",Neurology
"After playing tennis, I had a powerful sensation close to my neck 🎾.",Orthopedics
"My baby caught an infection in the hospital, is that common",Pediatrics
I was injured during a football match and was diagnosed with a cruciate ligament injury... it’s very painful ⚽😔.,Orthopedics
My neck feels stiff 😣,Orthopedics
"I’m worried I’m cold intolerant, I’m always shivering even in the sun 🥶",General Medicine
Everything looks like beeing in a smoky area.,Ophthalmology
I was playing soccer and twisted my ankle... it's swollen now ⚽️😣.,Orthopedics
"Can’t sleep coz of this persistent cough, it’s driving me nuts 🤧",Pulmonology
i can't rotate my neck. 😖,Orthopedics
I feel joint pain every time I move... it’s very painful 😣.,Orthopedics
My back hurts a lot when I bend... it’s very painful 😩.,Orthopedics
I have blurry vision after my head was hit yesterday... it’s very concerning 👀.,Ophthalmology
"My body feels weak even though I take my vitamins regularly, what's wrong with me? 😔",General Medicine
"I feel depressed every time I see my hair falling out, it’s so bad 😢",Dermatology
I have difficulty moving my neck 😣.,Orthopedics
"My TV n computer r always blurry, even tho I just got new glasses 🤨",Ophthalmology
My muscles feel tired 😓.,General Medicine
"feel like a zombie, so tired all the time, wth is wrong with me",General Medicine
"When I’m tired, my head feels sooo heavy 😴, it's hard to keep my eyes open.",Neurology
"My body feels weak and i think that my face is fade and i can't sleep well, it’s affecting everything 😩",General Medicine
"My acne itches n it’s starting to ooze, so embarrassing...don't know wht to do 😳",Dermatology
"I can't hear outta my ear properly, feels like there's somethin' in it 😤",ENT
"I have blurred vision, it’s like everything’s foggy 😫",Ophthalmology
"I have a problem with my middle ear, caused by an infection, it’s so painful 😩.",ENT
I noticed an important decrease in my vision when I try to look at things up close... it’s really troubling 👁️.,Ophthalmology
My back is hurting so much right now 😞,Orthopedics
"My left shoulder hurts so much, like the pain is too much to handle 💔.",Orthopedics
My skin is itchy and inflamed... it’s really irritating 😣.,Dermatology
I've got blurry vision after I used some wrong medcine 😳. Not sure if it’s serious...,Ophthalmology
"Feel huge emotional pain after I broke up with my gf, can’t seem 2 get over it 😢",Psychiatry
I’ve had some problems with sperm motility and it’s causing concerns about our fertility and future family plans.,Urology
"When I drink a lot, I get a headache 🤯",Neurology
My chest breaks out with red pimples and whiteheads 😔,Dermatology
My head hurts when I’m doing this 😩,Neurology
"My husband left me for another woman, my heart hurts so badly to the point I can't eat or sleep 💔😞.",Cardiology
I feel emotionally crushed 😞,Psychiatry
i have a great pain in my thorax from heart injury 💔.,Cardiology
"Feels like pins n needles are stickin in my joints, so uncomfortable 😣",Orthopedics
My neck feels so stiff lately 😕,Orthopedics
"Feel like I can hardly breathe, like somethin’s stuck in my lungs and won’t come out 😤🫁",Pulmonology
"I got injured while exercising, it’s been really painful and hard to move 😔.",Orthopedics
I have a dry throat 😕,Pulmonology
My stomach has been sore since yesterday 😩.,Gastroenterology
I can’t do anything; I feel weak in my body 😞.,General Medicine
I was kicked in the head playing soccer last night. 😵⚽,Orthopedics
i have severe dry cough 🤧.,Pulmonology
"The freckles on my face have darkened a lot, should I get them checked?",Dermatology
"I can't stand with this horrible feeling in my shoulder, it’s so painful and makes it hard to move 😢",Orthopedics
My back hurts and I can't bend it or walk 😖,Orthopedics
"I am always cold, even when I am wearing layers... it’s very uncomfortable ❄️.",General Medicine
I have pain in my colon and my stomach like something cutting it 😣.,Gastroenterology
"I’ve used a lot of painkillers for my back pain, but I still feel the same 😞.",Orthopedics
"My daughter’s havin' trouble breathing at night, could it be asthma?",Pulmonology
"When I force my eyes to view things, I get blurry vision 🤓",Ophthalmology
"Chronic disease of hair follicles and sebaceous glands, ugh it's messing with my confidence too 😓.",Dermatology
"When I brush my hair, big clumps of it come out in the brush. 😟",Dermatology
My muscles hurt so bad since I hit the gym. 🏋️‍♂️,Orthopedics
I feel like my heart is on fire. 🔥💔,Cardiology
"When it rains, I get hives on my belly n sides, like why does that happen?! 🌧️😖",Dermatology
"My body feels like it’s in a refrigerator, can't seem to get warm no matter what 🥶.",General Medicine
i feel pain in my stomach 😩.,Gastroenterology
Feels like I can’t take a deep breath anymore.. it's getting worse n scarier 😰,Pulmonology
"When I play football, I have muscle pain... it’s very painful ⚽.",Orthopedics
I usually have a bad cough when I get the flu... it’s very distressing 🤧.,Pulmonology
The pain in my back dwells like a sharp knife in it 🔪.,Orthopedics
"My ear hurts and it's worse when I swallow. My ear is very painful and Tylenol hasn't helped, it’s so annoying 😣",ENT
Bleeding so much i cant even wear light-colored pants 😓,Gynecology
"When I'm doing sport, pain under my skin 🤕",Orthopedics
I have some terrible problems when I'm breathing during the night. Feels like I can't catch my breath 🫣.,Pulmonology
"Great stomach ache, can't eat anything without feeling nauseous. Feels terrible 😵",Gastroenterology
"There must be something wrong with my blood circulation, I have to wear socks even on the hottest days, my toes are frozen! 🧦🥶.",General Medicine
I can't carry anything; I have a pain in my shoulder... it's really limiting 😣.,Orthopedics
My neck feels stiff 😩.,Orthopedics
My muscles in my lower back are aching 😖.,Orthopedics
"I feel pain in my back, especially after sitting for long periods 😕",Orthopedics
"I get these weird patches on my skin that look like vitiligo, it’s alarming!",Dermatology
"omg, my hair keeps fallin out.. no matter what I do 😭",Dermatology
I fell off my bike and now I have this horrible knee pain 🚲,Orthopedics
"I get these highs and lows with my body temp, it’s really confusing!",Hematology
"Theres this constant achin' pain in my ankle, specially at night",Orthopedics
"My liver tests came back abnormal and I’m not sure what it means, can you help me? 😟",Hepatology
"I was playing basketball yesterday 🏀, and I have a sprained ankle 🤕.",Orthopedics
"I have a migraine and I took panadol but it doesn’t help, the pain is unbearable 😩.",Neurology
"My hair is coming out in chunks, especially when I wash it... it’s so distressing 😔.",General Medicine
The feeling of coughing increases in winter's reach 🤧❄️.,Pulmonology
"My husband left me for another woman, my heart hurts so badly to the point I can't eat or sleep, it's unbearable 😔💔",Cardiology
"Feelin overwhelmed and like I just can’t get a break, so much emotional pain 😢",Psychiatry
"I can hardly breathe, it feels like my lungs are not working properly 😟",Pulmonology
"I feel a great pressure in my chest, like someone’s sitting on it. Not good, right?",Pulmonology
I feel great pressure in my chest 😰.,Pulmonology
"i'm injured, I can't play sports. Missing out on everything, this sucks so bad 😔.",Orthopedics
I have neck pain when I sit in front of my laptop... it’s very uncomfortable 💻😣.,Orthopedics
"My body feels so weak, I tried to relax but it still hurts. 😓",General Medicine
Something dark is there on my arm 🕵️‍♂️,Dermatology
"dont matter how much i sleep, still tired nuffing helps",General Medicine
severe pain after spicy food..idk why,Gastroenterology
I hate feeling irritable for no reason. it’s so annoying!,Psychiatry
I get chills & aches all over 🥶,General Medicine
I feel weak all over. 😔,General Medicine
"They told me my newborn might have a viral infection, how serious is that for babies",Pediatrics
"My head hurts and I lose sensation in my face 😵, then lose sight in my eye 👁️",Neurology
I can’t believe my sugar levels were high after having oatmeal!,Endocrinology
I'm disappointed... I thought I'd feel better by now 😔.,Psychiatry
It hurts when I bend my arm. 😣,Orthopedics
I feel pain in my back 😣.,Orthopedics
"I feel a lot of pain in the joints, it’s all over my body 😩",Orthopedics
I feel soreness in my knees when I walk 🤕,Orthopedics
I often get a stomach ache after I eat. I haven't figured out which foods might be the trigger 🤔,Gastroenterology
"Loud noises make my ear ache so bad, it's unbearable 😣",ENT
"My vision is blurry, it's been hard to see for a while now...is it serious? 😔",Ophthalmology
i cant breathe 😮‍💨.,Pulmonology
"My heart is beating fast and it scares me, it’s been happening often 😰",Cardiology
All my joints feel like they’re in bad shape.. I need real treatment 😩,Orthopedics
I feel pain in my right shoulder after the tennis match 🎾😩.,Orthopedics
I have a painful cramp in my feet 🦶😣.,Orthopedics
My girl was born early and they’re saying she might have development delays,Pediatrics
"My skin tone has changed completely, it’s like I’m looking at someone else!",Dermatology
Feels like my heart is heavy and breaks wen i think of her 😔,Psychiatry
"Can’t drive at night anymore, my vision’s blurry and it’s getting worse 😣",Ophthalmology
My head’s hurting at the back and the pain lasts all day long 😩,Neurology
My heart hurts me...it's like sharp pains in my chest 💔,Cardiology
"I'm clean now but I feel so empty, like what’s the point?",Psychiatry
My knee hurts when I play squash 🏸🦵😣.,Orthopedics
"I can’t help but overthink every little thing, it’s exhausting!",Psychiatry
"My eyes get all red and itchy all da time, can't even watch tv properly 😔",Ophthalmology
"red flushes accompanied with itchy rashes, it’s driving me crazy 😠",Dermatology
"I wake up feeling great, but by noon I’m totally down. why?",Psychiatry
I have a pain in my muscle 😩,Orthopedics
"I have blurry vision during my swimming training in the pool, why? 🏊‍♂️",Ophthalmology
"I get an ear ache when it is cold, it’s like my ear is being stabbed 😩",ENT
"Got kicked in the head while playing soccer last night, head hurts real bad now.",Orthopedics
Severe pain in the ear. 😖👂,ENT
I can't stop coughing 🤧,Pulmonology
my ear hurts me badly. 😖👂,ENT
Sometimes I feel like a claw on my chest that leaves me breathless 😰.,Pulmonology
"Got kicked in d head playin soccer last night, hurts so bad",Orthopedics
"I feel like something's hurting me when I breathe, and I can't take a deep breath 😰",Pulmonology
I felt my heart hurt when I ran a long distance 😥,Cardiology
I complain a lot with skin allergy 🙁,Dermatology
My back hurts a lot when I bend 😣.,Orthopedics
My skin is very dry and peeling 🧴,Dermatology
"My CBC report indicates 10 Hb, I feel tired of little work 🩸😓.",General Medicine
"I’m alwayys feelin’ stif and my joints are akkin’, it’s hard to get around 😣",Neurology
I get a headache almost every single day 😫,Neurology
I feel cold even though it's summer 🥶,General Medicine
I feel like my brain is overloaded and can’t process info.,Neurology
"Feel a strange and powerful pain inside my rib cage, really uncomfortable 😣",Cardiology
"My ankle feels like it’s grindin’ inside whenever I move it, so uncomfortabel 😩",Orthopedics
I wake up with a stiff neck every morning 😩. Massage helps but then it’s back again after a few days.,Orthopedics
I have blurry vision after I used a wrong medicine... it’s very troubling 👁️.,Ophthalmology
It feels like I have a needle pushing through my heart 💔,Cardiology
My hair is falling out in bunches 💇‍♀️😢.,Dermatology
"Whenever I get up, my skin looks blurry or vague.. wth is going on 😵‍💫",Dermatology
"I feel deep Tingling when I touch Acne followed by bad sensation, it’s really uncomfortable 😣",Dermatology
My shoulder hurts when I try to reach something above my head 😣,Orthopedics
I have a severe dry cough that just doesn’t seem to go away 😣.,Pulmonology
"When I brush my hair, I see big clumps of it falling out 😢",Dermatology
"My kneecap feels like it's grinding bone on bone when I walk, so painful 😩.",Orthopedics
I feel pain in my joint after an injury in the last football match I played ⚽.,Orthopedics
"I am always cold, even when I wear layers of clothes 🥶.",General Medicine
"Pain in the large neck, it’s so uncomfortable and hurts to touch 😢",Orthopedics
Thinking about my parents makes me feel so much pain 😔,Psychiatry
"I couldn't stop shaking or unclench my jaw, that's how cold I was. I was freezing ❄️.",General Medicine
"I’m feelin’ unsteaddy and woblee, it’s makin’ me anxios about walkin’",Neurology
"After a hard working day, my foot aches like crazy, can't even stand on it 🦶😩",Orthopedics
I have a headache almost every day 😩,Neurology
I got a divorce last year and I just can't stop dwelling on how to get revenge on my ex husband 😠.,Psychiatry
"My hair's falling out a lot after I take a shower, it's really concerning. 😟",Dermatology
I've been over my cold for weeks but still cough every day 🤒.,Pulmonology
"I lose so much of my hair, it’s really scary 😥",Dermatology
Standing less than 5 mins and my back starts aching bad 😖,Orthopedics
"The nurse was super nice, but I think my daughter hates needles now! 😅",Pediatrics
I feel pain when i think of her 💔.,Psychiatry
"I am worried about my driving, cuz I can barely focus when I’m at the wheel, my eyes feel teary. 😢",Ophthalmology
"There's so much pressure on the sides of my neck, it's so weird 😕",Orthopedics
"I feel pain when parting loved ones, it's like my heart is breaking every time 💔",Psychiatry
Is pimples a skin disease? like can it be something serious or just normal? 🤔,Dermatology
I often mix up dates and appointments... it's getting worse.,Neurology
I complain a lot about my neck pain and I really need to get better 😣.,Orthopedics
I completely 4got about my doc appoitment today! What is wrong with me 😥,Neurology
Forgetting where I parked or even which direction I came from is driving me crazy,Neurology
I get these weird skin rashes that won’t go away. ugh!,Endocrinology
"My skin is itchy and I’ve got a rash, could this be related to my liver? 😟",Hepatology
Sometimes my body feels weak without reason... I can't figure out why 😔.,General Medicine
i cant breathe 😫.,Pulmonology
My knee doesn't want to bend well. 😖🦵,Orthopedics
"My ear hurts when I touch it, it’s really sensitive and painful. 😖",ENT
I have stiffness and inability to look right or left except by moving the whole body... it’s very uncomfortable 😣.,Orthopedics
I’ve been dealing with fertility issues and I’m not sure what to do next to help us conceive 😣,Urology
"Whenever I lift my arms, my shoulders feel sore, like I overdid it 😕",Orthopedics
These red spots on my cheeks are new. What is it? 🤔🔴.,Dermatology
My skin is itching 😣.,Dermatology
Noticed a big decrease in vision when I look at things up close 🤔,Ophthalmology
I feel shoulder pain at intervals of time ⏲️😣.,Orthopedics
"I’ve tried over-the-counter pain relief but my tooth still hurts, what should I do next? 😢",Dentistry
"Acne on my face + other issues like skin itching, help! 😣",Dermatology
"After playing tennis, had this powerful sensation near my neck 😣",Orthopedics
"Feels like something is being jabbed into my joints, I can't move without pain 😫.",Orthopedics
"My ankle hurts evry time I step down, it's like a sharp stab",Orthopedics
"I've been clean for 3 months, but it still feels like it's controlling my life.",Psychiatry
There’s acne on my face and it’s really bothering me 😔,Dermatology
I feel like I just can't cope anymore; I feel overwhelmed and like I just can't get a break... it's all too much 😞.,Psychiatry
There is pain in the muscles I do not know what caused it 😕.,Orthopedics
I have some pain when I'm walking around my knees 😩.,Orthopedics
"I'm constantly misplacing my phone, it's getting so bad",Neurology
"I’ve been dizzie for days, and I think somethin’s up with my blood presure 😖",Hematology
I usually have a bad cough when I get the flu... it's persistent 😷.,Pulmonology
I cannot get warm no matter how much I wrap up or how high I put the heating on 🥶.,General Medicine
"Every time I take a deep breath, I start coffing, it won't go away 😷",Pulmonology
"My heart hurts while I'm sad, why? 😢",Cardiology
"I’m feelin' a lot of pressure in my bladder and it’s quite painful, I don’t know what to do.",Urology
My shoulder hurts me so much... it’s really painful 😣.,Orthopedics
"Pain in my heart is so intense, can’t ignore it 💔",Cardiology
"My ankle feels reelly stif in the mornin’, can’t move it properly 😣",Orthopedics
"I get clusters of pimples on my face that never go away 😭, it's so frustrating!",Dermatology
My chest acne breaks out and never clears up 😔,Dermatology
I toppled over when I jumped to catch the ball during the game...now my ankle’s swollen 😣,Orthopedics
I've always been very active but now I just don't have the strength or energy to go for even a short walk.,General Medicine
"Speech feels slooow, like I can't form sentences quickly",Neurology
My knee feels weak and it gave way the other day at the top of the stairs. Luckily there was a rail to hold on to 😟.,Orthopedics
My body feels weak after my first day in the gym; why? 😩,General Medicine
When I was washing my hair it was falling out heavily. 😢💇‍♂️,Dermatology
"Chronic disease of hair follicles and sebaceous glands, it’s just awful. 😞",Dermatology
"kneee’s been actin up again, hurts 2 much to walk",Orthopedics
Non-stop bleeding for a month now 😥,Gynecology
"My shoulder hurts so much when I try to lift heavy stuff, it's unbearable 😩",Orthopedics
"I feel like I just can't cope anymore, I feel overwhelmed and like I just can't get a break 😫.",Psychiatry
"My shoulder muscle burns when I move my arm, like it’s on fire 🔥",Orthopedics
Everything looks like it’s in a smoky area 🌫️,Ophthalmology
When I stand up too quick my vision is blurry 🤔,Ophthalmology
I get big patches of irritated pimples on my back and they hurt 😖.,Dermatology
I can't stand up or sit down; I have a pain in my back that annoys me 😫.,Orthopedics
"I started swimming lessons and swallowed too much water, now my sinusitis is killing me 🏊‍♂️",Orthopedics
I'm not feeling good I can't take my breath 😓.,Pulmonology
"I’ve been havin these unexplained fevvers, could it be my blood?",Hematology
"I feel emotionally crushed and overwhelmed, don’t know how to handle it 😔",Psychiatry
"I ate too much sugar and now my body feels weak & dizzy 😵, what is this?",General Medicine
"I keep complaining about my skin allergy, I just want it to go away. 😣",Dermatology
I feel very hard to breathe 😩.,Pulmonology
I feel cold although we are in summer 🌡️🥶.,General Medicine
"I am having a running nose, it won't stop, it's so annoying 😷.",General Medicine
"I usually have a bad coff when I get flu, it’s so annoying 😣",Pulmonology
"Hate my acne sooo much, it’s ruining my confidence 😔",Dermatology
"Every time I play tennis, my shoulder feels sore 😩",Orthopedics
"My little one came out early, and now they’re talking about brain scans, should I be worried?",Pediatrics
My knees seem to grind as I go up or down stairs 😓.,Orthopedics
What was I about to say? I lose my train of thought all the time,Neurology
"I feel constant pain in my joints, especially when it’s cold or rainy outside 🌧️",Orthopedics
I get i joint pain when i try to bend my leg or my arm 😖,Orthopedics
I have shooting pain in my kneecap after working out 😖💪,Orthopedics
My arm hurts when I stretch 😩.,Orthopedics
"I had a lot of exercise yesterday, so I feel sharp muscle pains today... it hurts so much 😖.",Orthopedics
"There are lots of hairs on my pillow every morning, it's really freaking me out 😟",Dermatology
I have a dry throat. 😷,Pulmonology
"I feel so tyred all the time, like no energie in my blood",Hematology
"When I play football I have muscle pain, especially in my legs, it’s really bad 😩",Orthopedics
"I’ve tried all kinds of remedies but my breath still smells bad, what else can I do?",Dentistry
"Every time there's a loud sound, my ear starts aching 😩",ENT
My knee doesn’t want to bend well 😞.,Orthopedics
"been feeling so weak and sleepy, its like all my energy is gone",General Medicine
I feel like I’m constantly overreacting to everything. 😳,Psychiatry
My head hurts whenever I try to do something 🤯.,Neurology
I felt my heart hurt when I ran for a long distance ❤️,Cardiology
i am having problems seeing things feel like a cloud on my eyes everything is blurry 😕.,Ophthalmology
"Vision's blurry, n I feel like I can’t open my eyes fully, it's sooo frustratin' 😤",Ophthalmology
"My shoulder hurts when I try to reach something above my head, it's like it won't let me 😩",Orthopedics
"I am struggling to bear weight on my knee, when i stand straight I feel and hear a loud popping noise. 😨🔊",Orthopedics
"Feel like I have no strength in my body, everything is so heavy 😔.",General Medicine
"I feel super anxious in crowded places, makes me wanna just run away! 😨",Psychiatry
"I have blurry vision and can't see in the dark, what's wrong with me doctor? 😕",Ophthalmology
"Standin less than 5 mins and my back starts to ache so bad, can't even 😫",Orthopedics
"I keep forgetting words, idk why... feels weird tbh",Neurology
"I love to walk and be outside 🚶‍♀️, but the bottoms of my feet get sore so quickly 😩.",Orthopedics
"Feeling sooo tired all the time, even with a fever. Is this normal?",Hematology
"I feel that it's hard to breathe, especially after running or making any effort 🏃‍♂️.",Pulmonology
"I can’t remmber thingz from my past, it’s like it’s all vanishin’",Neurology
There is pain in the muscles I do not know caused 🤷.,Orthopedics
My skin is itching 😖.,Dermatology
"My doctor said I might have liver issues but I didn’t get the details, what should I do next? 😔",Hepatology
"My chest is breaking out in these big, red pimples, no idea why.",Dermatology
Sometimes I feel so stressed about my diabetes management.,Endocrinology
My body feels weak and I think that my face is faded and I can't sleep well 😣,General Medicine
The warming system of my house is broken and feel so cold 🏠🥶.,General Medicine
"I’ve tried everythin' but my breath still smells bad, what’s the next step I should take?",Dentistry
"I do not know why I feel cold, it’s just so strange 🥶.",General Medicine
There is pain in my foot... it’s hard to walk 😕.,Orthopedics
I have pain but can't specify the place... it’s a general discomfort 😕.,Orthopedics
It feels like there's always somthin' in my eye... so annoyin!,Ophthalmology
Why does my heart hurt when I'm sad? 💔,Cardiology
"My neck hurts sooo much, can't even turn my head without wincing. 😖",Orthopedics
Every time I take a deep breath I start coughing 🤧.,Pulmonology
This long scar on my left buttock is from falling off my mountain bike... it's kinda embarrassing 🚴‍♂️😅.,Orthopedics
"I feel chilly, like an ice cube. My sister said she needs several blankets to feel warm enough 🥶",General Medicine
I feel pain in my eyes; I can see fog 👁️🌫️.,Ophthalmology
I think I overdid it when I carried all that lumber from the yard. My lower back is killing me 🪵😩.,Orthopedics
"My heart aches so much, can barely focus on anything else 💔.",Cardiology
"When I extend my leg, there is pain in my knee joint 🦵.",Orthopedics
"I’ve been dealing with back pain since I turned 70, it’s been really tough 😓.",Orthopedics
"At first, it feels numb, then a thousand needles prick through my foot, it’s so uncomfortable 😣",Orthopedics
"Pain in my trapes, don’t know what to do 😢",Orthopedics
"Fell off bike, knee's been hurting since then 🚴‍♀️",Orthopedics
"When I was young, I had an injury from sports in my knee... it’s still affecting me 🏅.",Orthopedics
"I feel deep tingling when I touch my acne, followed by a bad sensation, it’s weird 🤔",Dermatology
I feel strong pain in my knee after it got hit during football 😔,Orthopedics
It's hard to breath esp when I’m in the underground subway. 🚇,Pulmonology
My back hurts so much I can’t even bend to tie my shoelaces anymore... it’s unbearable 😣,Orthopedics
I feel suicidal 😞💔.,Psychiatry
"I can’t sleep, I have a hard cough 🤧😩",Pulmonology
I can't drive at night 'cause I have blurry vision 😵,Ophthalmology
"My fingers hurt so much, I can’t even open a jar or hold a pen anymore 😢",Orthopedics
nose is not stop watering🤧,General Medicine
It itches inside my ears. 🤯,ENT
"Took care of my hair, but now it’s falling out 🥲",Dermatology
i feel cold. ❄️,General Medicine
"I've got this unexplained fever that won't quit, my head is spinning!",Hematology
"When I tried to be warm and wear more clothes, I was still cold 😔",General Medicine
"My gums blead when I brush, it’s freakin’ me out",Hematology
I have trouble sleeping cause my mind just won't shut off!,Psychiatry
Stiffness inability to look right or left except by moving the whole body. 😖,Orthopedics
My neighbor said they’re giving kids too many shots now... 😒,Pediatrics
I keep havin' bad breath despite regular brushin' and flossing. Should I be worried about this? 😣,Dentistry
I can’t stand this horrible feeling in my shoulder 😖.,Orthopedics
"After walking, I have some pain under my foot, like is that normal? 😕",Orthopedics
"I toppled over while jumping to catch the ball, it hurts so much 😣",Orthopedics
🤕 It feels like someone is hittin my head with a hammer. I feel pain on the top of my head and it throbs real bad.,Neurology
"My lungs feel heavy like they are filled with mucus, it’s hard to breathe. 🌫",Pulmonology
"There's pain in my muscles, and I have no idea why this is happening 🤷‍♀️",Orthopedics
"When I move my shoulder, it's like lightning ⚡️ is being sent thru my shoulder.",Orthopedics
"I feel like my breath is constantly bad and I don’t kno why, can you help me figure it out?",Dentistry
I can't move my head up and down 🤕.,Orthopedics
My ear hurts when I touch it 👂😣.,ENT
I have a powerful pain inside my neck... it hurts to move it 😖.,Orthopedics
After a breakup I feel something strange in me. 😞💔,Psychiatry
My hair is falling out when I comb it... so much hair 😟.,Dermatology
I complain alot with skin allergy 😷,Dermatology
My biceps started aching after going to the gym 💪😣,Orthopedics
so tired all day.. like I have no energy at all,General Medicine
"My whole body's in bad shape, rly need a good treatment for my joints 😖",Orthopedics
"There is a sharp pain in my ear whenever I do this, it’s really painful 😖",ENT
I don't do anything at home and still I feel exhausted 😔.,General Medicine
I cannot get warm no matter how much I wrap up or how high I put the heating on 🥶.,General Medicine
I complain a lot about my neck pain and I really need to be better... it’s very distressing 😣.,Orthopedics
"I don’t have full range of motion with my arms, it’s so frustrating 😣",Orthopedics
I have neck pain when I sit in front of my laptop 💻.,Orthopedics
How do you know if you have a torn meniscus in your knee? 🤔🦵.,Orthopedics
My heart feels like it's going to explode 💔.,Cardiology
This long scar on my left buttock is from falling off my mountain bike 🚴‍♂️.,Orthopedics
My kneecap feels like it’s grinding bone on bone when I walk 😖,Orthopedics
I feel pain in my knee when I climb the stairs 😩,Orthopedics
"I visited many doctors, but they can't find the right treatment to get my hair back... I'm so frustrated 😞.",Dermatology
I hate checking my blood sugar in public. so awkward!,Endocrinology
"When I was young, I had an injury from sports in my knee... it still bothers me sometimes 🏀😔.",Orthopedics
"I feel pain in my eyes, I can see foggy spots, it’s hard to focus 🤕",Ophthalmology
severe pain in the upper left side of chest and may have pain to back 😖.,Cardiology
My body feels like a furnace but my tests come back normal. What gives?,Hematology
I have an ear ache when showering... it’s very bothersome 🚿.,ENT
My kid had a fevr after the last shot 😩 but doc said it’s normal.,Pediatrics
I was playing soccer and I twisted my ankle. ⚽🦵,Orthopedics
"It started as a tinnitus, but today the pain is throbbing and unbearable 😩",ENT
I feel like my heart is breaking whenever I part with the ppl I love 💔,Psychiatry
I feel a great amount of pressure of my head 😣.,Neurology
I think my body temperature is very low 🌡️🥶.,General Medicine
i cant breathe properly 😨,Pulmonology
My head ache since I woke up this morning 😣.,Neurology
"Using hair tonic, but not sure if it's helping or making my hair fall more. Anyone else having this issue? 🤔",Dermatology
"I tried a lot of creams, but I still have the same skin problem 😔",Dermatology
"My skin is itchy and inflamed, looks like a rash or something 🤨",Dermatology
I have a sharp pain and clicking sound in my ankle joint when I try to stand on it and walk 🦶,Orthopedics
My limbs feel numb.,Orthopedics
"i have a great pain in my foot like throbbing pain with relaxing my pain relief, tried so many things 😖",Orthopedics
Iv been taking fertility meds 4 a yr but still not pregnant,Gynecology
"I used a lot of painkillers to get better, but I still feel the same back pain 😔.",Orthopedics
"I break out on my face all the time, it's so frustrating. 😣",Dermatology
I had pain in my knee when I was swimming... it’s very bothersome 🏊.,Orthopedics
"super exhausted even after doing nothing all day, idk whats wrong",General Medicine
"I'm in need for a treatment for my hair fall, it's becoming a big issue 😟.",Dermatology
I used to have acne when I was 15 years old 😔.,Dermatology
I have a great stomach ache and I can't eat anything 😩,Gastroenterology
"When I sneeze really hard, I feel ear ache, it's like my eardrum is about to burst 😣",ENT
"My neck is swolln, it hurts bad",Orthopedics
Standing for less than five minutes and my back starts to ache really badly 😫,Orthopedics
"My head is killing me rn, it’s throbbing so bad, can’t even think straight 🤯",Neurology
"I’ve tried reading books, but nothing can cheer me up 📚😢.",Psychiatry
"I delivered at 32 weeks, and my baby’s having trouble breathing",Pediatrics
I had a collision while playing soccer. My knee buckled and now it's unstable.,Orthopedics
I have difficulty breathing in crowded places. 😔,Pulmonology
4o mini,General Medicine
"My head hurts sooo bad, can't think straight, everything feels blurry 😣",Neurology
"I’m havin' pain in my liver area and feel generally unwell, what should I do? 😣",Hepatology
"When I'm doing sports, I have pain under my skin... it feels strange and uncomfortable 😕.",Orthopedics
Something dark is there on my arm 🖤😕.,Dermatology
"I keep slurring words, not even drunk or anything lol",Neurology
Every morning when I wake up my neck feels like I slept on in wrong 😖🛏️.,Orthopedics
I have pain in my stomach 😖.,Gastroenterology
"I was told my white blood celll count is too low, what does that meen?",Hematology
"My joints ache whenever it's cold, I feel like an old person 😅, can’t even move freely!",Orthopedics
I am having a running nose... it's quite bothersome 🤧.,General Medicine
"My back is hurting so much, I can’t sit or stand comfortably. 🛋️",Orthopedics
longitudinal burning line across back with hard respiratory movements 🔥😣.,Orthopedics
I get joint pain when I try to bend my leg or my arm 😖,Orthopedics
"Pain in my neck after waking up, really stiff 😖",Orthopedics
My lungs feel heavy like they are filled with mucus 😔.,Pulmonology
"foot ache evry time I step, swollen up bigtime😢",Orthopedics
My heart aches so much... it’s very distressing 💔.,Cardiology
"I think I sprained my ankle, hurts real bad 😵",Orthopedics
Can't turn my neck without this stabbing pain on left side 💢,Orthopedics
"I feel great pain in the head, it’s like a heavy, pounding sensation 😫",Neurology
"My asthma seems to be triggered by certain foods, could that be right? 🍎",Pulmonology
"I feel severe itching in my skin with redness, it's driving me crazy! Like I can't stop scratching 😣",Dermatology
"I can't stop coughing, it’s getting annoying 🤧.",Pulmonology
I have a persistent bad smell from my breath and it’s not goin' away at all.,Dentistry
The area around my heart doesn’t feel good... it’s really worrisome 💔.,Cardiology
"Light spotting one day, then heavy flow the next. So annoying!",Gynecology
"When I walk up a flight of stairs, my right knee hurts so much, it's like it's giving up on me 🦵",Orthopedics
"I’m seeing double while drivng, eyes all messed up 🤯",Ophthalmology
"I feel like my body is falling apart, my knees and hips hurt so much all the time 😢",Orthopedics
"Oh my heart hurts so much, I tried to stay calm but it’s just not working 😥",Cardiology
I hve cut my finger because of playing football and I to apply pain relief cream but it does not help 😓.,Orthopedics
"When I was young, I had an injury from sports in my knee. 🏈",Orthopedics
My knee is hurting so badly... it’s really limiting my movement 😖.,Orthopedics
"heavy breath with fatigue, it's like I'm running a marathon but I'm not 🏃‍♂️.",Psychiatry
"I keep gettin’ nosebleeds, and they last forevver!",Hematology
It itches inside my ears. 🤯,ENT
I'm not hearing well; I have a problem with my ear... it’s affecting my daily life 😕.,ENT
"After playing tennis, I had a powerful sensation close to my neck 🎾😣.",Orthopedics
"I feel pain in my neck after waking up, it's been persistent for a few days 😣",Orthopedics
"I am struggling to bear weight on my knee, when i stand straight I feel and hear a loud popping noise 😣",Orthopedics
We’re having trouble conceiving and I’m worried it is due to male fertility problems that we can’t ignore.,Urology
"My mind feels very sad, as if it hurts. The way I feel in my head is awful and when I think about my break-up, I cry with sadness 😢💔.",Psychiatry
I feel a stiffness in my elbows and shoulders... it’s affecting my movement 😕.,Orthopedics
Sterilizer for the eye 👁️🧴.,Ophthalmology
"It feels like I'm constantly on my period, this bleeding wont stop 😩",Gynecology
"Sometimes I feel really alone, even in a crowd. so weird!",Psychiatry
"Redness, swelling, and I’m having difficulty walking 😩",Orthopedics
Got so much mucus evrytime I coff... can't sleep cos of it 😷,Pulmonology
I have tried to relief it but I can't 😔.,General Medicine
My muscles feel tired 😫.,General Medicine
I have a strong shoulder pain... it's so intense 😩.,Orthopedics
"My knees feel like they’re grinding together when I go up stairs, so painful 😩",Orthopedics
I feel anxious for no reason. it’s so frustrating! 😩,Psychiatry
My son has a lot of acne... it's really bothering him 😔.,Dermatology
"My asthma is flaring up again, do I need to see an allergist? 😣",Pulmonology
"After playing football, I have muscle pain with both legs ⚽.",Orthopedics
"My knees hurt so bad when it's cold or raining outside, makes it hard to walk around.",Orthopedics
"I have pimples in patches and so much redness on my face, I hate it 😖.",Dermatology
"My head hurts rly bad, it's like a sharp pain, idk wht’s causing it 😖",Neurology
I have a skin rash after eating ice cream 🍦😖.,Dermatology
My heart is pumping fast and I'm having a hard time to breath. 💓😰,Pulmonology
"My head hurts and I lose sensation in my face, then lose sight in my eye 😵",Neurology
I have tried to make massage on my foot but they still pain me 😩.,Orthopedics
"Found some skin issues, tried cream but it’s not getting any better 😞",Dermatology
"I tried to put on my glasses to see more clearly, but I can't find any change, it's so frustrating 😕",Ophthalmology
I feel pain in my right shoulder after the tennis match 😣,Orthopedics
I get knee pain when I walk a lot 🚶‍♂️.,Orthopedics
I complain a lot with my neck pain and I rly need to be better. Can't keep living like this 😫.,Orthopedics
I feel pain in my back when I sit on a chair for long... it’s very uncomfortable 🪑.,Orthopedics
My acne is really embarassing. It's so red 😔.,Dermatology
I can't walk because I have a great foot ache... it's too painful to bear 🦶😣.,Orthopedics
My shower drain is full of hair every time 🚿.,Dermatology
"It’s like I have a needle pushing through my heart, the pain is so sharp 💔",Cardiology
"I love to garden, but I get a terrible twinge in my lower back when I lean over... it’s quite painful 🌿😖.",Orthopedics
"I feel depressed seeing my hair fall out, it's making me so sad. 😢",Dermatology
my knee hurts when i stand up after sitting for long... feels like it's locking up 😖,Orthopedics
"After walking, my foot hurts so much, it’s like there’s a constant ache underneath 👣",Orthopedics
"My face has broken out in painful red spots and lumps 😫, that no matter how much I clean my face don't seem to be going away.",Dermatology
My urine flow is intermittent and it’s been causin' me a lot of trouble and concern.,Urology
"my heart hurts me... like, really hurts 💔.",Cardiology
I need a kind of cream which makes my muscles more relaxed... it's so tight 😩.,Orthopedics
"I have pain in my chest that makes me feel so sad 😞, like a constant ache.",Cardiology
"I hit my head at the basketball game, could I have a concussion? 😟",Orthopedics
They said I hv PCOS and thats why its harder to get pregnant,Gynecology
i feel pain in my foot.,Orthopedics
My breath has a bad odor and I don’t kno why. What should I do to get rid of it?,Dentistry
I get big patches of irritated pimples on my back and they hurt 😖,Dermatology
I have mental suffering... it’s really affecting me deeply 😞.,Psychiatry
My upper back has been sore for a week. 😓,Orthopedics
"there’s a sharp pain in my bicep, i tried using pain relief but nthng works 🙇‍♂️",Orthopedics
"I was watching TV and suddenly had blurry vision, don’t know what happened 🤔.",Ophthalmology
I feel a sharp pain in my stomach after eating 🥴,Gastroenterology
"I can't get warm no matter how much I bundle up, the cold just won't leave 🥶",General Medicine
"I feel cold when the night comes, can’t seem to get warm enough. ❄️",General Medicine
My hair isn’t well 😢.,Dermatology
I feel pain in my neck after waking up 😣.,Orthopedics
"I was playing basketball yesterday 🏀, and I have a sprained ankle 🤕.",Orthopedics
I have blurry vision 🤯,Ophthalmology
"I feel cold when night comes, even with blankets 🥶",General Medicine
I have an earache when I go to the pool 🏊.,ENT
"I can't walk, my knee hurts 😣",Orthopedics
I was diagnosed with pneumonia; I can’t breathe easily... it’s very distressing 😷.,Pulmonology
My periods r irregular nd it’s been tough tryn to get pregnant,Gynecology
I don't know why I'm constantly sad. 😞,Psychiatry
I'm feeling cold even though the temp is high 🌡️,General Medicine
I have a back pain since I turned 70 years old 🧓🩺.,Orthopedics
I have a pain in my trapezius 😩,Orthopedics
"When I was washing my hair, it was falling out heavily... it’s very alarming 💇‍♂️.",Dermatology
"I keep losin’ my ballance and nearly fallin’, it’s really worrin’ me",Neurology
I can't see the sign; I have blurry vision 🤓.,Ophthalmology
"I feel a pain in my back that just won’t go away, very uncomfortable 😩",Orthopedics
"My toothache is constant and it’s drivin' me crazy, what can I do to make it stop?",Dentistry
"I can’t stand up or sit down without pain in my back, it’s so annoying 😩",Orthopedics
I think my body temperature is very low ❄️.,General Medicine
My back hurts so much I can’t bend down to tie my shoelaces... it’s really limiting my movement 😖.,Orthopedics
I feel depressed when I see my hair falling out... it’s really affecting my mood 💇‍♂️😔.,Dermatology
hair is legit fallin out by the handful 😳 help plz!,Dermatology
I was injured during a football match; I was diagnosed with a cruciate ligament tear... it's devastating 🏥😔.,Orthopedics
"i am feeling so dizzy, body is so fragile 😵‍💫.",General Medicine
"When I wake up in the mornin, my whole body feels sore n stiff, ugh 😩",Orthopedics
"I feel a pain on the left side of my chest, where my heart is ❤️",Cardiology
"My head hurts and I lose the sensation in my face 🤯, then lose sight in my eye 😢",Neurology
I complain alot with skin allergy. 😩,Dermatology
"I keep losing track of my thoughts mid-sentence, super frstrating!",Neurology
My stomach is churning.,Gastroenterology
My vision is double.🫠,Ophthalmology
I can hardly move my neck... it hurts so much 😖.,Orthopedics
"I used to be out of breath after going up a dozen stairs, but now I struggle to breathe even when I sit down... it’s very distressing 😔.",Pulmonology
My ear is ringing 🔔👂.,ENT
I feel really sad all the time 😢,Psychiatry
My neck hurts and I can't look down or up 😩,Orthopedics
I have cloudy eyes... it’s very troubling 👀.,Ophthalmology
"Can’t move my shoulder due to pain, it’s really stiff 😖",Orthopedics
I can hardly move my neck 😣. It hurts.,Orthopedics
I walk every day but now I get short of breath after going only a short way 🚶‍♂️😮‍💨.,Pulmonology
"Got a foot ache after running just 500m in my running shoes, like what?! 🏃‍♂️🦶😖",Orthopedics
"My shoulder aches when I try to lift even five pounds, it’s becoming a real problem. 🏋️‍♂️",Orthopedics
"When I’m doing sports, I have pain under my skin 🏋️.",Orthopedics
My head hurts when I'm doing this 😣,Neurology
"When I remember her, I feel rlly down...like everything’s heavy 😔",Psychiatry
"Annoyance starts suddenly, often after an injury or exercise, it’s so frustrating 😩",Orthopedics
"My hair is falling out without any reason, I see tons of hair on my desk, it’s so freaky 😱",Dermatology
"When I carry heavy things, it feels like my back is breaking 😩",Orthopedics
Severe pain in the upper left side of the chest and may have pain to the back 😖.,Cardiology
"My hair is coming out in chunks, especially when I wash it 😢.",Dermatology
"Sometimes I feel like a claw on my chest that leaves me breathless, it’s scary and painful 😰",Pulmonology
"I hv bad headache, it's like a hammer banging my skull! 🥴",Neurology
My foot hurts and I can’t turn it; maybe it’s broken... it’s really painful 😔.,Orthopedics
It feels like someone is hitting my head with a hammer 💥. I feel pain on the top of my head and it throbs.,Neurology
There r lots of hairs on my pillow in the morning 😱,Dermatology
"When I eat, I feel my stomach hurts... it's really uncomfortable 😣.",Gastroenterology
"not hearing well, ear feels blocked or something 😕",ENT
Feeling a clicking sensation in my knee each time I step 😣,Orthopedics
"Hearing any loud sounds makes my ear ache, it's really bothersome 😣.",ENT
i feel head ache 😖,Neurology
"My lower back hurts, but it improves if I stretch it 🧘.",Orthopedics
My coworkers keep bringing in donuts! it’s torture! 🍩,Endocrinology
I get clusters of whiteheads and blackheads on my back 😬.,Dermatology
I can't ride my car at night because I have blurry vision. 🚗😵,Ophthalmology
i feel pain in my neck 😣,Orthopedics
"I have a red rash that’s super itchy on my skin, it won’t go away no matter what I do 😣",Dermatology
I have a pain in my muscle... it’s quite persistent 💪.,Orthopedics
"i have issues with my skin, it's like everything's going wrong at once 😔",Dermatology
"My coordinnation is soo off, and I’m constantly bumpin’ into things 😕",Neurology
"Whenever I play soccer, my muscles ache so bad ⚽",Orthopedics
"My back hurts so much, every time I move, I feel like crying 😫",Orthopedics
I have a rash n it itches so bad 😖,Dermatology
It hurts when I raise my arm up 😩.,Orthopedics
"My asthma seems worse in the winter, what can I do to manage it better? 😣",Pulmonology
"I have a headache every time I eat ice cream, it's so weird 😖🍦.",Neurology
I think my hair’s falling out bc stress? it’s everywhere,Dermatology
"Been dealin with discharge in my eyes for a week now, thought it would go away by itself",Ophthalmology
I visited soooo many doctors but they just can’t find the right treatment to get my hair back! 😫 Losing hope here.,Dermatology
My stomach starts hurting but feels better after eating something mild 🤢,Gastroenterology
I feel pain in my lower back 😔,Orthopedics
"My throat hurts when I cough, like there’s a knife in there 😖",Pulmonology
"I can’t even stand up properly, feels like my brain is jiggling inside my skull 😣",Neurology
My grandma last year went to hospital bc she was having a hard time breathing 🏥.,Pulmonology
I can't move my head up and down... it’s very limiting 😔.,Orthopedics
"I have dark spots on my skin, like weird patches appearing 🌑",Dermatology
"I've been feeling very sad lately, can’t shake off this feeling 😞",Psychiatry
"When my grandfather died, I felt a hard emotional pain... I can't describe it 💔.",Psychiatry
I'm so worried about going bald 😱 am I sick or something?,Dermatology
"My skin is bruising for no reason, I didn’t even bump into anything! 😳",Hematology
I feel cold and chills even though my clothes are heavy... it’s very uncomfortable ❄️.,General Medicine
I have eruptions on my face that come and go 😷.,Dermatology
I have a pain in my head 🤕,Neurology
My head hurts me badly 😩.,Neurology
"My muscles feel sooo tired, like I’ve been lifting heavy weights all day 🏋️‍♂️😴",General Medicine
I have a pain in my joint 😩,Orthopedics
I'm feeling disappointed 😔.,Psychiatry
I have pain in my chest that makes me feel really sad 😔,Cardiology
"My muscles feel tired all the time, even after resting, I don’t know why. 💤",General Medicine
"Every time I comb my hair, there are so many strands in my comb 😵.",Dermatology
My son has a lot of acne 😟.,Dermatology
"I feel head ache coming on, it’s like a constant throbbing 😣",Neurology
"I got acne when I ate chili, my face is breakin out bad 😣",Dermatology
I have a lot of mucus when I cough 🤧,Pulmonology
"My back is hurting so much, it's like it's on fire 🔥",Orthopedics
There is a red stain on my skin... it’s very concerning 😟.,Dermatology
I got injured exercising 🤕.,Orthopedics
"I read a book for a long time 📚 and when I finished reading, I got a headache 🤕.",Neurology
"I wake up at night feeling cold, it’s like no matter what I do, I can’t get warm 😩",General Medicine
I had a preemie and I’m worried about her long-term health,Pediatrics
I don't have problems taking in breath but out breath is so heavy.,Pulmonology
"There is pain in the muscles, I’m not sure what caused it, it just started suddenly 😓",Orthopedics
"I have great pain in my foot, it's like throbbing 😖, I'm tryin' to relax and get some pain relief.",Orthopedics
Anytime I play tennis I feel a shoulder pain 🎾😣.,Orthopedics
Using hair tonic 💇‍♂️.,Dermatology
My heart aches so much... it feels like it's under pressure 💔.,Cardiology
I have a sharp pain in my ear... it’s very painful 😣.,ENT
"I've got a throbbing in my joints, it's driving me crazy. 😖",Orthopedics
"I have cut my finger because of playing football, and I applied pain relief cream, but it does not help... the pain is still there 😟.",Orthopedics
I can't get a girlfriend because of my acne 😔.,Dermatology
I feel a great amount of pressure in my head. Like it's about to explode or something. Not fun 😵.,Neurology
"I heard some kids have bad side effects 😢, but my boy was fine.",Pediatrics
"My toddler had a little rash after his shots, but it went away.",Pediatrics
I made lots and lots of analysis to kno the main reason for my stomach ache... but still no answer.,Gastroenterology
I feel hurts in my heart 💔.,Cardiology
"My knee feels like it's rusted, I can't bend it anymore, it's locked up 😣.",Orthopedics
My knee is hurting so badly... it’s really limiting my movement 😖.,Orthopedics
It feels like I can’t take a deep breath... it’s very unsettling 😣.,Pulmonology
"My knee feels like it's rusted shut, I can't bend it anymore, it hurts so much 😫",Orthopedics
"Whenever I think about her, I just feel so down... idk what to do 💔",Psychiatry
I wake up with a stiff neck every morning. Massage helps but then a couple of days later it's back again. 😣💆,Orthopedics
"My husband left me for another woman, my heart hurts so badly, I can't eat or sleep 😭",Cardiology
I carried a heavy bag yesterday and when I get up today I felt a great shoulder pain. 😓,Orthopedics
"Evry time I take a step, I feel a sharp pain shoot up from my ankle 😖",Orthopedics
"My newborn has an eye infection, how serious is that in babies",Pediatrics
"I feel fluid trying to come up when I cough, it's so annoying like my throat is blocked or something.",Pulmonology
There feels like a swollen knot at my shoulder blade with pain shooting from that... it’s very painful 😣.,Orthopedics
"I’m feelin' nauseous and have dark urine, is this a sign of liver issues?",Hepatology
"There's a sharp pain in my bicep, it's like someone stabbed me with a needle, ugh!",Orthopedics
Standing less than 5 mins and my back starts 2 ache 😣,Orthopedics
"stiffness, can't look right or left unless I move my whole body 😖.",Orthopedics
"When I'm tired I feel my head heavy, it’s like there’s a weight on it and it’s exhausting 😔",Neurology
My skin is itchy and inflamed. 😡,Dermatology
I hardly have enough stength to get up 😩.,General Medicine
I can’t get a girlfriend because of my acne... it’s really affecting my confidence 😕.,Dermatology
In the morning my respiration is loud 😤,Pulmonology
I have difficulty breathing in crowded places... it’s very uncomfortable 😣.,Pulmonology
My moods change so fast! it’s like I have no control.,Psychiatry
"I have a bad headache, like someone’s drilling in my head 😖.",Neurology
"Found some issues on my skin, tried cream but no improvement 😩",Dermatology
My body feels weak after my first day in the gym; why? 🏋️‍♂️🤔.,General Medicine
I traveled by plane a few days ago and now my ears are still clogged and painful ✈️😖,ENT
"I keep getting sharp pains in my joints, especially in my knees, and it’s hard to move",Orthopedics
"My memery lapses are becoming a norm for me, it's concerning.",Neurology
"I feel this deep tingling when I touch my acne, followed by a bad sensation 😣.",Dermatology
"i was diagnosed with pneumonia, i can't breath easily and it's really scary 😢",Pulmonology
I have a throbbing in my joints 🤯.,Orthopedics
i have a strong shoulder pain 💪,Orthopedics
It hurts when I raise my arm up... it's like my shoulder is on fire 😣.,Orthopedics
"No strength in my body, feels like I'm drained",General Medicine
"I wake up at night feeling cold, it's like I'm in a freezer 🧊",General Medicine
"I started taking swimming lessons and I guess I swallowed too much water through my nose, now this sinusitis is killing me 😩",Orthopedics
I have a lot of mucus when I cough 🤧.,Pulmonology
I feel pain in my eyes & I see fog 😵,Ophthalmology
I feel very weak in my body 😓.,General Medicine
"My leg muscles ache after running yesterday, took pain meds but no relief yet. 😩",Orthopedics
"arm pain when i move it, like something is stuck",Orthopedics
I have a dull ache in my head. 😫,Neurology
"I feel like I'm in a fog, can't think clearly for a while.",Neurology
My heart hurts when I exercise 💪.,Cardiology
"My heart hurts when I exercise, I feel like I should stop but I want to keep going 😣.",Cardiology
I get clusters of whiteheads and blackheads on my back 😩,Dermatology
"My body feels so weak 😣, I tried to make it relax but it stills hurts me.",General Medicine
"Strong pain in my knee after it was hit during a football match, like I can’t even walk 😣.",Orthopedics
My stomach feels starts hurting but then it feels better after I eat something mild. 😌,Gastroenterology
"pain in my arms, not sure wht’s causing it 🤷‍♂️",Orthopedics
"I have a skin rash after eating an ice-cream, it’s so itchy and red 🤨",Dermatology
"My neck feels super stiff, especially in the mornings. It's hard to turn my head without feeling a sharp pain 😣",Orthopedics
"I get a headache almost every single day, it’s exhausting 😩",Neurology
I feel very hard to breathe 😰,Pulmonology
I'm having a hard time reading because the letters are all fuzzy 📚😕.,Ophthalmology
I feel congestion in my chest. 😫,Pulmonology
Skin’s itchy n inflamed all over...feels like it's burning 🥵,Dermatology
"I hate the idea of being on insulin, but I might need it.",Endocrinology
"I am worried for my driving, because I can barely focus when I am at the wheel, my eyes feel teary 🚗😢.",Ophthalmology
I have a sharp pain in my neck 😣,Orthopedics
My shoulder is hurting me... it’s very painful 💪.,Orthopedics
"I have a sharp pain in my ear, it's so bad I can barely hear anything on that side.",ENT
I don’t have the energy to do things I used to 😔,General Medicine
"I feel pain in my eyes, and I can see 🥴 fog.",Ophthalmology
"Started as a tinnitus, but today the pain is just throbbing and unbearable. 😖 I don't even know what to do anymore!",ENT
"There's swelling in my neck and it hurts so much, I can't even turn my head 😣.",Orthopedics
"When I move my shoulder, it's like lightning is being sent through my shoulder ⚡😖.",Orthopedics
My throat is sore.😥,Pulmonology
"When I wake up, I am feeling cold 😔.",General Medicine
I need some cream to help relax my muscles... they’re so tight all the time 😓,Orthopedics
"I keep havin' asthma symptoms even though I take my meds, what’s goin' on? 😔",Pulmonology
I got acne when I ate chili 🌶️😣.,Dermatology
I get clusters of pimples on my face that never go away... it’s so annoying 😞.,Dermatology
I don't have full range of motion with my arms... it’s very limiting 🙅‍♂️.,Orthopedics
My knee feels weak and it gave way the other day at the top of the stairs. Luckily there was a rail to hold on to 😨.,Orthopedics
"I am having problems seeing things, feel like there’s a cloud on my eyes, everything is blurry.",Ophthalmology
My stomach feels full and upset and bloated after big meals... it’s very uncomfortable 🍽️.,Gastroenterology
When I play sports I have some burning sensation in my spine 😓,Orthopedics
I don't have the energy to do the things that I used to 😓.,General Medicine
My ear aches when I'm listening to music 🎧😣,ENT
"My fingers are so swollen and stiff, I can't even button up my shirt in the morning",Orthopedics
I feel something hurtin me when I try to breathe and I can’t seem to get a good breath 😣,Pulmonology
My head hurts in the back and the pain lasts all day 🤯.,Neurology
"Pain in my large neck (is that a thing??), feels swollen n super uncomfortable 😕",Orthopedics
When I'm tired I feel my head heavy 😫,Neurology
"My knees ache on cold and rainy days, especially when I have to walk a lot 😣",Orthopedics
"My premature baby’s not hitting milestones, is that coz he was born too soon? 😕",Pediatrics
It makes me sad evry time I see my hair falling out 💔,Dermatology
I'm not feeling good; I can’t take a deep breath... it’s distressing 😕.,Pulmonology
"I keep feeling like I need to use but I'm fighting it, idk how much longer I can hold on 😣",Psychiatry
i feel pain in my foot 😩.,Orthopedics
Got tested nd found out my partner has low sperm count,Gynecology
"Breakouts happen evry month during my cycle, my face gets so bad I don’t wanna go out 😢",Dermatology
"I feel severe itching in the skin with redness, it’s unbearable 😣",Dermatology
I have an earache when showering... it’s quite bothersome 🚿👂.,ENT
"I was diagnozed wth pneumonia, breathing is vry hard 😤",Pulmonology
"There's this weird tingling in my neck 😵, like pins and needles.",Orthopedics
"I'm injured and can't play sports, it's really disappointing 😔.",Orthopedics
I feel sooo cold 🥶,General Medicine
Made tons of analyz to figure out y my stomach hurts so much 🤔,Gastroenterology
When I wake up in the morning I feel a soreness in my body 😫,Orthopedics
"I broke my ankle while doing rock climbing in the Carpathians, it’s so swollen and painful 😫",Orthopedics
"Blurry vision in the dark, can't see properly at all 😕",Ophthalmology
"I feel so sore in my stomach area, can’t get comfortable no matter what I do 😩",Gastroenterology
"The pain feels like it's right below the skin, like something's there but I can't see it. Weird, right? 😬",Orthopedics
I get confuzed about what I’m suppozed to be doin’ and why,Neurology
"Hair falling out in clumps, feels like I’m losing it all 🙁",Dermatology
I can’t do any exercise; I feel weak... it’s very frustrating 💪😔.,General Medicine
Been spotting non stop for weeks now..getting annoyed 😒,Gynecology
I feel cold when the night comes 🥶.,General Medicine
I have blurry vision after my head got hit yesterday 😵,Ophthalmology
I get knee pain when I walk a lot 🚶‍♂️.,Orthopedics
"I carried a heavy bag yesterday & today, omg, my shoulder is killin' me! 😣",Orthopedics
My hair's falling out 😢.,Dermatology
My ear hurts when I touch it 😣.,ENT
I knocked my foot and it really hurts 😫,Orthopedics
I have this strange rash on my arm... I don't know what it is 😕.,Dermatology
My skin! sometimes feels brning without any reasn,Dermatology
I have mental suffering 😔.,Psychiatry
I'm suffering from a sharp cough accompanied by phlegm 🤢.,Pulmonology
I was kicked in the head playing soccer last nite. 😣,Orthopedics
My back hurts me and I can’t bend it or walk... it’s very troubling 😞.,Orthopedics
I hit the ground when trying to shoot a basketball 🏀💥.,Orthopedics
There is a red stain on my skin... it’s concerning 😟.,Dermatology
I feel discomfort throughout my body in general... it’s overwhelming 😕.,General Medicine
"I feel chilly, like an ice cube 🧊. My sister said she needs several blankets to stay warm.",General Medicine
"My stomach aches after I drink any soda drink, why?",Gastroenterology
"My heart is pumping fast, and I'm having a hard time breathing... it scares me 💓😮‍💨.",Pulmonology
I have a sharp pain n clicking sound in my ankle joint when I try to stand on it and walk. It’s really bothering me 😩,Orthopedics
"There's this tingling sensation in my neck, it's been there all morning, don't know why 🤔",Orthopedics
"My head hurts whenever I try 2 do anything, like even just reading or thinking. It's driving me nuts. 🤯",Neurology
I have a hard pain in my stomach 😖.,Gastroenterology
"After a hard-working day, I have foot ache that won’t go away 😩",Orthopedics
When I'm doing sport I have pain under my skin 💪.,Orthopedics
"I’m feelin’ weak and unstablee, and it’s makin’ me afraid to moove around 😕",Neurology
The severe pain in the stomach I feel. 😩🍽️,Gastroenterology
I feel this great pain in my left shoulder 😞,Orthopedics
I feel like I just can't cope anymore; I feel overwhelmed and like I just can't get a break 😞.,Psychiatry
"My heart hurts so much, don’t know wht to do 💔",Cardiology
"After surgery, my ankle scar is so sensitive, can’t even stand a touch without pain 😣",Orthopedics
I have shootin pain in my kneecap after working out. 😣,Orthopedics
"I can't see the sign; my vision's so blurry, it's like everything's in a fog. Seriously need new glasses 🥴.",Ophthalmology
"When I bend over, I get a shooting pain down my back... it stops me in my tracks 😣.",Orthopedics
"Feel heartbroken, don't know how to cope anymore 💔",Psychiatry
I made lots and lots of analyses to know the main reason for my stomach ache... but still no answers 😕.,Gastroenterology
Since I went into the forest I have pain on my ear. 🌲😣,ENT
My foot hurts a lot after playing football ⚽.,Orthopedics
My face has broken out in painful red spots and lumps that don’t seem to be going away... it’s really frustrating 😔.,Dermatology
I have a lot of mucus when I cough... it's thick and hard to clear out 😷.,Pulmonology
My face is vry vry dry and cracked.,Dermatology
My face is all broken out with pimples. 😣,Dermatology
"My ankle is hurting me, feels like it’s gonna snap 😖.",Orthopedics
"When I played football, I dislocated my shoulder 😢",Orthopedics
I feel depressed when I see my hair falling out. 😔,Dermatology
My rash is so itchy it’s driving me insane!,Dermatology
"My daughter was super cranky for days after the shot, any ideas?",Pediatrics
"i walked a long for 3 km, i feel pain in my foot like foot ache 🚶‍♂️👣.",Orthopedics
I can't stand with this horrible feeling in my shoulder 😣,Orthopedics
My chest break out with red pimples and whiteheads 🤯.,Dermatology
"I feel really sad, like there's a constant ache in my heart 💔",Psychiatry
"The pain is intense, especially when I go down the stairs; it feels like something snapped inside my knee 😖😣",Orthopedics
I can't really jump on my left foot because my triple fracture of the ankle left me with never-ending pains 😓,Orthopedics
"My lungs feel heavy like they’re filled with mucus, can’t breathe properly 🤧",Pulmonology
"When I think of my parents, I feel pain 😔",Psychiatry
"omg, head feels like it's gonna explode, this pain is unreal 😵‍💫",Neurology
"I’m worried that my asthma might be getting out of control, is it time to see an allergist?",Pulmonology
i cant breathe. 😮‍💨,Pulmonology
i have disterbance in my emotion 😔.,Psychiatry
"Evry morning when I wake up, my neck feels like I slept wrong... can't even move it without pain. So sore 😩",Orthopedics
I feel like there is something swollen and inflamed at the back of my knee 😖.,Orthopedics
I have a skin rash after eating an ice-cream 🍦,Dermatology
"After walking, I have some pain under my foot... it’s very bothersome 🚶‍♂️.",Orthopedics
"I’m having difficulty moving my knee, it’s so stiff and painful 😢.",Orthopedics
Just had a baby and still bleeding heavily after 3 months 😳,Gynecology
"I keep forgeting whr i left my keys, its so frustrating 😓",Neurology
I fell off my bike and now I have this horrible knee pain 🚲,Orthopedics
I have a feeling like my whole body is complaining. 😔,Orthopedics
I feel cold when the night comes... it’s like a chill that won’t go away 🌙🥶.,General Medicine
I feel so sore in my stomach area 😖.,Gastroenterology
wen i raise my hand it hurts badly in my shoulder 🥵,Orthopedics
"My ankle is hurting bad, feels like it's been twisted or something 😢",Orthopedics
I feel shoulder pain at intervals of time ⏲️😖.,Orthopedics
I lose a lot of my hair... it’s very distressing 💇‍♂️😔.,Dermatology
"Had I stepped on a needle, it wouldn’t have hurt so much, like this damned spur in my heel... it’s very painful 👣.",Orthopedics
I feel stiffness in my elbows and shoulders... it’s very uncomfortable 😕.,Orthopedics
Every morning when I wake up my neck feels like I slept on it wrong 🛏️😖.,Orthopedics
"When I get up I see my skin is all vague and weird, like a rash or something.",Dermatology
"I feel pain in my knee, especially when I try to walk or move it 😖",Orthopedics
It feels like I can't take a deep breath. 😤,Pulmonology
"My face is covered in acne, it's so bad and just won’t clear up 😢.",Dermatology
"I forget things that just happened, like I got a real short attention span!",Neurology
"4got the name of my favorite movie the other day, it's like my brain is broken",Neurology
"My acne is really itchy and sometimes it oozes, it’s so annoying 😠",Dermatology
"Red flushes accompanied with itchy, not sure what’s causing it. 🤨",Dermatology
My acne is really embarrassing... it's so red and noticeable 😞.,Dermatology
The area around my heart doesn't feel good... it's like something's wrong 💔.,Cardiology
There's this pain that radiates from my chest up to my left arm. It's scary. 😓,Cardiology
"When I do hard exercises, I feel great pain in my muscles 🏋️.",Orthopedics
I was just walking and started bleeding like crazy wtf,Gynecology
"My body feells so riggid, and I’m havin’ a hard tym movin’ frely 😣",Neurology
"Injured myself while exercising, it’s really sore now 🏋️‍♂️",Orthopedics
"Constant tickling in my throat, making me cough non-stop 😷",Pulmonology
I feel muscle pain everytime I make an extra effort 💪,Orthopedics
Some days I just want to isolate myself from everyone.,Psychiatry
i feel cold 🥶.,General Medicine
"I feel like I fell in hot water, my skin's burning up 🔥.",Dermatology
"My brain feels foggy, like I can't hold onto any info for long",Neurology
My neck feels stiff and sore 😕,Orthopedics
"I keep telling the same jokes, and it gets old real fast! 😏",Neurology
"I have this weird discoloration on my nails, idk what it is 🤷‍♀️",Dermatology
"Feels like I can't take a deep breath, something’s blocking it 😮‍💨",Pulmonology
I have a rash and it itches very bad. 🤯,Dermatology
"I keep replaying past mistakes in my head, it drives me nuts!",Psychiatry
"My skin is peeling in places, like it’s shedding after treatment. So weird!",Dermatology
"been struggling with tiredness for months, i miss feeling like myself",General Medicine
"When I was younger, I had a knee injury from playing sports, n now it’s flaring up again.. hurts like hell 😣",Orthopedics
"My eyes swell up everytime I wake up, n they burn the whole day 😣",Ophthalmology
I can’t remember if I took my meds or not... it's freaking me out 😰,Neurology
My head hurts me badly 🤯.,Neurology
My neck is annoying me; I can’t sleep because of it... it’s very troubling 😕.,Orthopedics
"I get terrible headaches every few months and wen i get them, my vision gets weird n blurry 🤕",Neurology
"My lower back hurts but it improves if I stretch it, still very uncomfortable 😞",Orthopedics
"i feel hurt, lot of pain in my heart 💔.",Psychiatry
"My ear is ringing, it's like a constant buzzing sound in my head 😖",ENT
Every time I comb my hair there are so many hair in my comb 💇‍♀️😔.,Dermatology
"My calves feel tight as knots, and they're throbbing 😣.",Orthopedics
I have a great pain in my foot like throbbing pain with relaxing my pain relief... it’s very distressing 👣.,Orthopedics
"This scar on my left buttock is from falling off my mountain bike, can't believe it! 🚵‍♂️",Orthopedics
"Yesterday, I had shoulder pain 🏠😣",Orthopedics
"I’m really worried about my bad breath, what can a dentist do to help me with this issue? 😓",Dentistry
My skin is itching 😩,Dermatology
"Got severe shoulder pain, can't lift anything without it hurting like hell 😩",Orthopedics
I feel pain in my right shoulder after the tennis match 🎾.,Orthopedics
I have a problem with expiration because I have bronchial asthma 😟.,Pulmonology
i have a great pain in my foot like thrombing pain with relaxing my pain releif 😩,Orthopedics
My shoulder hurts me so much... I can barely move it 😩.,Orthopedics
My nose is congested all the time and there's this gluey stuff in my throat that makes it impossible for me to sleep 😔. I often have to nap sitting down.,Pulmonology
I break out on my face very frequently 😖,Dermatology
My legs are all bruised but I don’t remember falling or anything 🤷‍♀️,Hematology
There is a sharp pain in my calf 🦵😣.,Orthopedics
It hurts when I bend my arm 😖,Orthopedics
"I don’t know why but I’m constantly feeling sad n down, nothing helps... why? 😔",Psychiatry
I had a sharp pain in my stomach 😖,Gastroenterology
"I’ve found some issues with my skin, tried using cream but it just won’t get better 😔.",Dermatology
"I don’t know if it’s stress, but my nails are super weak lately 😰",Dermatology
"I feel chilly, like an ice cube 🧊. My sister said she needs several blankets to stay warm.",General Medicine
"The nurses said my baby caught an infection in the NICU, how is that even possible",Pediatrics
My shoulder has a great pain... it won't go away 😩.,Orthopedics
"Heavy breathing with fatigue, I get tired so easily these days 🥱, not like before.",Psychiatry
"My face has broken out in painful red spots and lumps, that no matter how much I clean my face, don't seem to be going away... it's so embarrassing 😞.",Dermatology
I have this strange rash on my arm 😵.,Dermatology
I feel like I went to an acupuncture's practice and had 100 needles in my shoulder 🤯.,Orthopedics
It feels like someone is hitting my head with a hammer. I feel pain on the top of my head and it throbs. 😖🔨,Neurology
"I do not feel better in my muscles, they just feel sore all the time 😩.",Orthopedics
My toothache is so intense that it’s making me feel sick and unwell all the time 🤢,Dentistry
I usually have a bad cough when I get the flu 🤧,Pulmonology
"My shoulder muscles burn every time I move my arm, it's really uncomfortable 😖",Orthopedics
Heart hurts so bad when I walk a lot 💔,Cardiology
"Got this huge pain in my shoulder joint that just won’t go away, so annoying! 🤕😖",Orthopedics
i can't breath because of Cough 😩.,Pulmonology
"I often get a sharp pain in my chest, and I can't tell what might be triggering it 😰.",Cardiology
I can't hear out of my ear properly; I feel like there is something in it causing irritation... it’s very bothersome 👂.,ENT
"My memry gets fuzzy, especially when I'm tired.",Neurology
"Flu gives me the worst cough, I just can’t seem to get rid of it.",Pulmonology
"I am worried how cold intolerant I am, I am always shivering, even out in the sun 🥶🌞.",General Medicine
I'm in need of treatment for my hair fall... it’s becoming a serious issue 😟.,General Medicine
"They say it's a mental illness, but it just feels like I'm weak 😕",Psychiatry
"My skin is losing its elasticity, it feels like it’s sagging. Is that normal?",Dermatology
I cant seem to follow a train of thought and it’s realy frustratin’,Neurology
I have an itch at the front and center of my scalp... it’s very bothersome 🧑‍🦱😕.,Dermatology
My foot hurts me a lot of playing football ⚽.,Orthopedics
I feel a sharp pain in my head when I think too hard... it's like a migraine 😣.,Neurology
"Feel pain in my lower back, kinda like a dull ache but annoying 😕.",Orthopedics
"I feel lost and confuzed even in familiar settingz, it’s really distressin’",Neurology
"Even though I'm an adult, my face keeps breaking out in pimples... it's really annoying 😟.",Dermatology
Something dark is there on my arm... it’s really concerning 😟.,Dermatology
"My newborn is on IV antibiotics for an infection, how long will it take to heal",Pediatrics
When I play football I have muscle pain ⚽💪😣.,Orthopedics
"I have severe shoulder pain, it’s constant and nothing seems to help 😩",Orthopedics
Can’t tell if its my period or just random bleeding,Gynecology
I'm having a hard time reading because the letters are all fuzzy. 👓,Ophthalmology
"Pain in ear is unbearable, cant take it anymore 😫",ENT
I feel hurt but can't expres😊,Psychiatry
Why does my stomach ache when I eat spicy food? 🌶️,Gastroenterology
"Lifted something heavy yesterday, now my shoulder is killing me!",Orthopedics
"They said my baby’s infection is causing breathing problems, what can we do",Pediatrics
I've been over my cold for weeks but still cough every day 🤒.,Pulmonology
"I have pain in my stomach, it’s been bothering me for a while 😕.",Gastroenterology
Every time it rains I get hives on my belly and sides. 😩,Dermatology
I tried a lot of creams but still feel the same skin problem... it’s really frustrating 😞.,Dermatology
"my heart hurts me, it feels like it’s racing and pounding, I’m worried 😔",Cardiology
I am having a runny nose. 🤧,General Medicine
"No matter how warm everyone else is, I always feel cold.. it’s freaky 🥶",General Medicine
"My nose is congested all the time, and there's this gluey secretion in my throat that makes it impossible for me to sleep. I often have to nap sittin down 😔",Pulmonology
"My husband left me for another woman 😢💔 I feel so heartbroken, can’t eat or sleep 😔",Cardiology
My knee doesn't want to bend well 🦵😣.,Orthopedics
"My shoulder has a great pain, can barely move it without hurting 😢.",Orthopedics
i feel so weak... it's like all my energy's drained out 💧,General Medicine
My stomach hurts bad but gets better after I eat plain rice or smthng mild.,Gastroenterology
"My husband left me for another woman 💔, my heart hurts so bad I can't eat or sleep 😭.",Cardiology
I have a strong shoulder pain 💪.,Orthopedics
"When I walk, I get a sharp stabbing pain in the top of my foot, it’s really bad 😞",Orthopedics
Every time I take a deep breath I start coughing 🤧,Pulmonology
"My hair is falling out in bunches, it’s really distressing 😭",Dermatology
I feel very weak in my body. 😞,General Medicine
"I read a book for a long time, now my head aches like crazy, maybe I strained my eyes? 📚🤕",Neurology
My ear hurts when I touch it. 😖👂,ENT
My foot had been aching since last Tuesday 👣😣.,Orthopedics
My temp dropped and my body gets synosed 🥶.,General Medicine
I have a strnge feeling in my abdomen.,Gastroenterology
My shower drain is full of hair every time... it's so depressing 😔.,Dermatology
My knee hurts when I play squash 😣,Orthopedics
I have an indigestion 😩,Gastroenterology
Why do I feel more thirsty than usual? it’s driving me crazy!,Endocrinology
I feel pain when I think of her... it’s emotionally distressing 💔.,Psychiatry
My knee feels weak and it gave way the other day at the top of the stairs. Luckily there was a rail to hold on to. 😨🦵,Orthopedics
Need to scratch my skin every minute 😣,Dermatology
I feel muscle pain every time I make an extra effort 💪😩.,Orthopedics
I have a pain in my joint 🤕.,Orthopedics
My knees ache on cold and rainy days 🦵❄️.,Orthopedics
"When I walk, it's hard 2 breathe 😩. I feel like my lungs r squeezed.",Pulmonology
"I think there’s some fluid in my ears, it’s messing with my hearing 😖",ENT
"When I wake up, I am feeling cold... it’s very unsettling 🌜🥶.",General Medicine
Sharp pain in my calve 😩,Orthopedics
"I'm having trouble seeing things, it's like there's a cloud over my eyes. Everything's blurry. 😕",Ophthalmology
"My hair is falling out after I take a shower, it’s everywhere and I’m worried 😰",Dermatology
What happens if we miss a shot? Are we gonna be okay? 🤔,Pediatrics
"I feel so sluggish all day, I just want my energy back... i miss feelin normal",General Medicine
Why can't I rember what i ate ysterday??,Neurology
I usually have a bad cough when I get the flu... it’s very distressing 🤧.,Pulmonology
"I’m gettin' really self-conscious about my bad breath, what can I do to fix it fast?",Dentistry
"I have an ear ache when showering, feels like water is trapped in there 😖",ENT
"I need a sterilizer for my eye, any idea what works best? 🤔",Ophthalmology
"my back hurts like crazy, can’t even get outta bed 😫",Orthopedics
My head feels like it's going to explode.,Neurology
I get this sharp pain in my head when I think too hard 🧠💥,Neurology
"There is a shrap pain in my bicep 😩, like seriously! Can't even lift my arm properly.",Orthopedics
"My right shoulder clicks when I move my arm, it's kinda weird, like a snap every time 😅",Orthopedics
I keep asking the same questions over and over... so irritating! 😤,Neurology
My joints feel swollen 😣.,Orthopedics
"Red flushes on my skin, itching too 😣",Dermatology
"when I sit for long time, rly uncomfortable and painful",Orthopedics
"Even if the temperature is high in the house, my body is always cold. It's like I'm in a different climate zone 🥶.",General Medicine
I have a problem with expiration because I have bronchial asthma... it’s very distressing 😷.,Pulmonology
"I feel pain in my leg muscles after I ran yesterday; I took some pain killers, but it doesn’t help... it’s very painful 🏃‍♂️.",Orthopedics
I feel a lotta pain in my joints. 😣,Orthopedics
"Got pain in my ears with this ringing sound, it's driving me nuts! 🦻🎵😣",ENT
"My stomach aches after I drink soda, why? 😕",Gastroenterology
I feel pain in my back 😖.,Orthopedics
"My body feels weak even though I take my vitamins regularly, can’t figure out why 🤔.",General Medicine
"When I raise my hand, I feel pain in my shoulder, it’s so annoying 😤",Orthopedics
"My family jokes about my ""senior moments,"" but it's not funny!",Neurology
I feel a burning sensation in my gut about 2 hours after eating each meal 🔥,Gastroenterology
When I think of my parents I feel pain. 😢,Psychiatry
"There’s pain in the muscles, I don’t know what caused it 😞",Orthopedics
"When I drink a lot, I get a headache that won’t go away, it's really annoying 😣",Neurology
"I feel weak all over, I don't know what's going on. 😣",General Medicine
I broke my ankle while doing rock climbing in the Carpathians 🏔️😢.,Orthopedics
Sometimes I feel like I’m on a rollercoaster with my feelings. 🎢,Psychiatry
my hair’s fallin out like crazy... dunno what’s wrong 😕,Dermatology
"I have difficulty in breathing in crowded places, it’s so hard 😕.",Pulmonology
"I hit the ground trying to shoot a basketball, hurt my ankle 😖.",Orthopedics
When I remember her I feel down 💔😞.,Psychiatry
"I feel like I just can't cope anymore, I feel overwhelmed and like I just can't get a break. 😔",Psychiatry
My heart feels like it's skipping beats.,Cardiology
"Tried putting on my glasses but still can't see clearly, vision's blurry 😕",Ophthalmology
I have acne all over my face 😞.,Dermatology
I have severe shoulder pain. 😖,Orthopedics
"I’ve been experiencin' frequent, painful urination and it’s very uncomfortable and distressin' 🔥",Urology
"My skin color on my back is red, I don't know why 😕.",Dermatology
"I have blurry vision since I woke up this morning, what could be the reason? 🤔",Ophthalmology
"Breakouts on my chest, red itchy patches whenever I get hot 🥵",Dermatology
My fertility tests showed some abnormalities and we’re considering seeing a specialist to understand more about it.,Urology
"When I played football, I dislocated my shoulder ⚽.",Orthopedics
"I feel joint pain every time I move, like every joint in my body hurts 😩",Orthopedics
I have pain in my stomach 😣.,Gastroenterology
I have pain in my colon and my stomach like something cutting it 😣.,Gastroenterology
"I have a sharp pain in my ear, it’s like a stabbing pain that comes and goes, really annoying!",ENT
Repeating myself all the time cause I don’t remember what I said earlier 😓,Neurology
I have a rash on my skin 🌟😖.,Dermatology
"Back's out again, can't bend or walk 😩",Orthopedics
i can't rotate my neck 😣.,Orthopedics
"My breath always smells bad and it’s affectin' my confidence, what should I do to improve it? 😣",Dentistry
"My body feels weak and my face seems pale, plus I can't sleep well at night 😔",General Medicine
I feel pain in my stomach... it's a constant dull ache 😕.,Gastroenterology
Sometimes I cough because I'm a smoker 🚬.,Pulmonology
my temperature dropped and my body get synosed 🥶,General Medicine
My body feels weak and I tried to make it relax but it stills pain me 😩.,General Medicine
"I feel a burning sensation in my guts about 2 hours after each meal, it really hurts. 😣",Gastroenterology
"I had a lot of exercise yesterday, so I feel sharp muscle pains... it’s very intense 🏋️‍♂️.",Orthopedics
I feel pain in my neck while I'm working 💻😣.,Orthopedics
"When I’m driving, my eyes see in double... it’s making it hard to focus 🚗👀.",Ophthalmology
I feel like I'm losing my mind.,Psychiatry
My neck is annoying me; I can’t sleep because of it 😩.,Orthopedics
"Fell and my skull feels cracked like nuts, the headache is so intense 😣.",Neurology
I think there's fluid in my ears 🤔,ENT
I have issue with my skin. 😕,Dermatology
The acne was causing me to feel embarrassed 😞.,Dermatology
I do not feel better in my muscles 😓.,Orthopedics
"I’ve noticed that my urine is darker than usual, should I be worried about this change?",Urology
"So much blood that its affecting my daily life, pls help 😔",Gynecology
I have difficulty breathing in crowded places 😤,Pulmonology
My sperm count seems low and it’s making it hard for us to conceive a baby together 😕,Urology
My head hurts whenever I try to do something 🤯.,Neurology
"i keep falling asleep midday, so tired i cant even stay awake",General Medicine
"I get sharp pains in my joints when I move, like they're grinding against each other",Orthopedics
My joints hurt sooo bad when it’s cold. It’s like they freeze up 😣,Orthopedics
"I feel really sad all the time, can't seem to shake this feeling 😢",Psychiatry
Severe pain in the ear 😖,ENT
I have dry skin... it’s very uncomfortable 🧴😕.,Dermatology
"I've been over my cold for weeks but still cough every day, it's never-ending 😩",Pulmonology
"The area around my heart doesn't feel right, heavy n uncomfortable. Should I worry? 💔",Cardiology
"I have a foot ache even tho I don't walk a lot, it's really bothering me 🦶",Orthopedics
I have a lot of mucus when I cough 🤧.,Pulmonology
"I’ve been feelin' pain in my tooth for a few days now, should I see a dentist about it? 😕",Dentistry
The knee feels like it’s rusted and I suddenly cannot bend it anymore... it’s very troubling 😕.,Orthopedics
"When I think of my parents, it really hurts 😢",Psychiatry
I have shooting pain in my kneecap after working out 🦵😣.,Orthopedics
I feel pain in my neck while I'm working... it's hard to focus 😖.,Orthopedics
There are lots of hairs on my pillow in the morning 😱,Dermatology
"I am worried for my drivng, I can barely focus when im at the wheel, eyes r teary 🤕",Ophthalmology
I have blurred vision 😕.,Ophthalmology
"I get these bumps on my forehead, and they itch like crazy! 🤨",Dermatology
I get pain in my forehead and light bothers me when it hits 😩,Neurology
My upper back has been sore for a week now... I can't take it anymore 😩.,Orthopedics
"I feel a strange and powerful pain inside my rib cage, it's like my heart is being squeezed 💔",Cardiology
"I have these random fevers, like I’m hot then cold, it’s annoying! 🥵❄️",Hematology
I have the impression of having no strength in my body 😔.,General Medicine
"My nail beds are red and itchy, and it’s driving me crazy!",Dermatology
My breath smells unpleasant no matter what I try. Should I see a dentist about it? 😟,Dentistry
My neck hurts me and i can't stand with this pain 😖.,Orthopedics
"I had my baby early, and now he’s so tiny, is he gonna be okay?",Pediatrics
"hurts when I bend my arm, can’t use it",Orthopedics
My stomach aches when I eat hot food... why does this happen? 🌶️😣.,Gastroenterology
I’ve been diagnosed with a low sperm count and I’m unsure of what steps to take next to improve it.,Urology
I feel cold even though it's summer. 🥶,General Medicine
I feel really sad all the time... like there's a cloud over me 🌧️😔.,Psychiatry
I hit the ground when trying to shoot a basketball... it was a hard fall 🏀😣.,Orthopedics
"I feel very hard to breathe, it's getting scary. 😰",Pulmonology
"Chills and body aches everywhere, can’t get warm enough 🥶",General Medicine
"I have an ear ache when I go to the pool, it’s really uncomfortable 😣.",ENT
"I've been using nail polish nonstop, and now my nails are yellow 🤦‍♀️",Dermatology
"I can't stand up, feels like my brain is moving inside my skull 🧠",Neurology
"The pain feels like it's right below the skin, almost like something’s crawling under there. 😖",Orthopedics
It is hard to breathe when I am in the underground metro station; why? 🚇🤔,Pulmonology
"I'm havin a hard time hearing, feels like there's cotton in my ear 🦻",ENT
"There is a sharp pain in my calve, can't walk properly 😢",Orthopedics
"My knees feel like they're grinding together when I climb stairs, it's really painful 😞",Orthopedics
"I was playing basketball yesterday 🏀, and I have a sprained ankle 🤕.",Orthopedics
"I feel like I’m in a funk, and it won’t go away!",Psychiatry
"I've been over my cold for weeks but still cough every day, it's driving me crazy 😷",Pulmonology
"My knees hurt so bad when I walk that I just sit all day 🥺, this isn't right.",Orthopedics
The pain in my ear is unbearable. 😖👂,ENT
Muscle pain is killing me! 💪,Orthopedics
"My neck is killing me, can’t move up or down 😣",Orthopedics
When i'm doing sport I have pain under my skin.,Orthopedics
"I have shooting pains up and down my back, it's horrible 😖",Orthopedics
I do not know why I feel cold ❄️.,General Medicine
"My body feels weak, like even tho I eat a lot, I'm still so tired 😫",General Medicine
Something dark is there on my arm. 😨,Dermatology
I have a foot ache although I don’t walk a lot 🤔,Orthopedics
"This long scar on my buttock is from falling off my mountain bike, still hurts 😣",Orthopedics
"I feel like I’m getting skin tags all of a sudden, should I be concerned?",Dermatology
"Sharp pain in the chest, radiates to back too.",Cardiology
I feel a great amount of pressure on the sides of my neck 😣,Orthopedics
I feel congestion in my chest and it’s making it hard to breathe sometimes 😷,Pulmonology
"I hurt myself during the soccer game last night, now I can’t even walk properly. 😕",Orthopedics
I have tried to relief it but I can't 😩.,General Medicine
"At first it feels numb, then a thousand needles prick my foot, like what is that even? 😖",Orthopedics
I get an earache when it’s cold 🌬️😣,ENT
"Every day is a battle, I just want this addiction out of my life for good.",Psychiatry
I had a pain in my knee when I was swimming 🏊‍♂️.,Orthopedics
I have a cold and it makes me cough a lot 🤧.,Pulmonology
"I notice a lot more hair falling out when I brush it, it’s really worrying 😨.",Dermatology
Can't stop feeling down when i remember her 💔,Psychiatry
I have a hard muscle pain since I went to the gym... it’s very intense 🏋️‍♂️.,Orthopedics
Got blurry vision after hittin my head yesterday.. it’s still not clear 😵‍💫,Ophthalmology
These red spots on my cheeks are new. What is it? They’re itchy too 😟,Dermatology
"Sometimes when it is cold outside, my face hurts, especially around the pimples that are ready to pop 😣.",Dermatology
"My knee’s feelin rusted, suddenly can't bend it anymore without pain 😕",Orthopedics
"The skin on my feet is peeling, and it’s so itchy! What can I do?",Dermatology
"I have a blurry vision during my swimming training in the pool, why? 🏊‍♂️🤔.",Ophthalmology
"Is pimples a skin disease? They keep coming back, and I don't know what to do 😕.",Dermatology
I just can't seem to focus.. it's like my head is all foggy 🤕,Neurology
My muscle in my shoulder burns when I move my arm 🔥😣,Orthopedics
Knee pain hits me evry time I walk too much. Sumtimes can't even climb stairs 😣,Orthopedics
"There is a sharp pain in my bicep. I have tried applying pain relief cream, but it does not help 😞.",Orthopedics
"I have a verrry bad cough, it just won’t go away 🤒.",Pulmonology
"It feels like I have a needle pushing through my heart, so sharp n piercing 😖",Cardiology
"I was playing football and got injured, now my joint pain is acting up 😣",Orthopedics
"I feel pain in the knee when walking, it’s hard to move properlywht trib do🥵",Orthopedics
I had a pain in my knee when I was swimming 🏊‍♂️😖.,Orthopedics
I've noticed a lot more hair coming out when I brush it lately 😟,Dermatology
"There is this pain that radiates from my chest up to my left arm, feels like it’s spreading 😨",Cardiology
"My neck hurts so much, I can't stand this pain any longer 😖",Orthopedics
I feel like I fell in hot water... it’s a burning sensation 😣.,Dermatology
I have a hair shortage 😢,Dermatology
I feel sad like hurt or pain. 😔,Psychiatry
I sometimes forget my own age! It's kinda funny but also sad.,Neurology
"I thought I was just lazy, but now I know it’s the diabetes.",Endocrinology
I have this strange rash on my arm 🖐️😕.,Dermatology
I have a feeling like my whole body is complaining... it's overwhelming 😔.,Orthopedics
I was playing soccer and I twisted my ankle. ⚽😣,Orthopedics
"There is a tingling sensation in my neck, it’s like pins and needles 😫",Orthopedics
Climbing stairs kills my right knee 💢,Orthopedics
"Even if the temperature is high in the house, my body is always cold 🥶🏠.",General Medicine
I feel emotionally crushed 😢.,Psychiatry
My sperm count is lower than normal and it’s impacting our ability to conceive a child together 😟,Urology
My shoulder aches when I try to lift five pounds 😫,Orthopedics
"They said my baby might have meningitis, I’m terrified 😭",Pediatrics
These red spots on my cheeks are new... what could they be? 😟.,Dermatology
"When I tried to answer the phine call 📞, I found that I can’t hear the voice of the speaker 🗣️.",ENT
"I have redness, swelling, and difficulty walking... it’s very concerning 😟.",Orthopedics
I feel like my heart is on fire... it’s really distressing 🔥💔.,Cardiology
I have a hair shortage... it’s really concerning 💇‍♂️😔.,Dermatology
My ears are rining,ENT
"I feel fluid trying to come up when I cough, it’s like I’m choking on my own spit 🤢",Pulmonology
"The joints in my fingers are painful in the morning, like they’re stiff and sore 😩",Orthopedics
I had a collision while playing soccer. My knee buckled and now it's unstable ⚽😟.,Orthopedics
"I cut my finger playing football and applied pain relief cream, but it does not help 😣.",Orthopedics
"Even if the temperature is high in the house, my body is always cold. ❄️",General Medicine
"I’m experiencing problems with my sperm production and it’s affecting our chances of having a baby, which is really stressful 😔",Urology
My neck hurts me and I can't stand this pain 😣.,Orthopedics
My hair is falling out just by combing it 💇‍♂️😢.,Dermatology
Sometimes I feel lik my brain is just blank... it's so frstrating!,Neurology
"I feel discomfort all over my body, like I just can't relax. It feels like everything is heavy, kinda like I'm dragging myself all day.",General Medicine
My hair is thinning.,Dermatology
There's swelling in my neck and it hurts so much 😣,Orthopedics
It itches inside my ears 👂😣.,ENT
there's pain in my foot.,Orthopedics
I broke my ankle while rock climbing in the Carpathians 😲,Orthopedics
I noticed an important decrease in my vision when I try to look at things up close 🤓.,Ophthalmology
I got a divorce last year and I just can't stop dwelling on how to get revenge on my ex 😠,Psychiatry
"Had shoulder pain yesterday too, its not going away 😖",Orthopedics
"I feel this tightness in my chest, it’s hard to breathe 😓",Pulmonology
Chronic bone disease at the level of the doubles of the lower Estremidades 😞.,Orthopedics
"My chest hurts when I go to take a breath, it’s really bad! 😣",Pulmonology
"Feeling so weak, like no energy left in me 😵‍💫",General Medicine
My chest hurts when I go to take a breath... it's like something is pressing on my lungs 😰.,Pulmonology
chronic disease of hair follicles and sebaceous glands. 🤕,Dermatology
I visited many doctors but they can't find the right treatment to get my hair back... it's so frustrating 😞.,Dermatology
My face breaks out badly every month around my cycle... it's so frustrating 😟.,Dermatology
My face is all broken out with pimples 😩,Dermatology
"There's this pain in my foot, like I can't put weight on it without wincing 😩",Orthopedics
My heart aches so much... it feels like it's in turmoil 💔.,Cardiology
I feel that there is great pain in my left shoulder 😩.,Orthopedics
"I’ve been biting my nails since I was a kid, but now they look gross 😬",Dermatology
"My hair always falls out, and I have lost a lot of hair lately 😢.",Dermatology
My calves feel like they are tight as knots and are throbbing 😖.,Orthopedics
"I feel like I've always got something in my throat, it's so irritating 😣",Pulmonology
The pain in my ear is unbearable 😣.,ENT
"Tngling sensation in neck, what could it be?? 🤔",Orthopedics
"I always tell myself I'll quit tomorrow, but tomorrow never comes 😫",Psychiatry
"I can't stand up or sit down, I have a pain in my back that annoys me 😣",Orthopedics
"My stomach aches when I eat hot food, why is this happening 😖?",Gastroenterology
"It's like I'm in a fog sometimes, can't think straight or focus.",Psychiatry
It’s hard to breathe when I am in the underground metro station; why? 🚇😕.,Pulmonology
I think I overdid it carrying all that lumber from the yard. Now my lower back is killing me 😖,Orthopedics
Thinking about my parents makes my heart ache 😢,Psychiatry
"Having trouble moving my knee, so painful 😩",Orthopedics
I feel pain in my knee... it's hard to bend or walk without discomfort 😣.,Orthopedics
I keep losing weight without trying. is that a bad sign?,Endocrinology
"My body feels weak, and I tried to relax it but it still pains me 😓",General Medicine
Why do my nails hurt when I push on them? It’s like they’re sore or something!,Dermatology
"I have joint pain in my elbow, it's been stiff n achy for days 😕",Orthopedics
"My body feels weak, like I'm eating tons but still 😕",General Medicine
I can hardly move my neck. It hurts 😖,Orthopedics
stiffness inability to look right or left except by moving the whole body 😫.,Orthopedics
I get big patches of irritated pimples on my back and they hurt. 😣,Dermatology
"Got injured while exercising, pain’s been bad 😢",Orthopedics
"I just can’t seem to get warm, even when everyone around me is fine, I’m still freezing 😣",General Medicine
My acne itches and oozes 😩.,Dermatology
When I get out of bed in the morning my body feels very weak 😞.,General Medicine
When I tried to be warm and wear more clothes I found that I was still cold 🥶.,General Medicine
"My head hurts rly bad in the back, and the pain lasts all day. Nothing I take seems to work 😕",Neurology
"I just can’t seem to cope anymore, overwhelmed and exhausted 😔",Psychiatry
Chronic disease of hair follicles and sebaceous glands 😣.,Dermatology
Chronic bone disease at the level of the doubles of the lower extremities... it's painful and persistent 😖.,Orthopedics
my ear hurts me badly 👂😫.,ENT
When I think of my parents I feel pain 💔.,Psychiatry
"I’m always feelin' bloated and have pain in my liver area, what could be causin' this?",Hepatology
"I have a foot ache in winter, or when it feels cold, why? ❄️",Orthopedics
I had a cold the last time I travelled by plane and I still have a discomfort in my ears 😞.,ENT
"I bruse so eassily, like the smallest bump leaves a mark for days 😩",Hematology
"I made lots and lots of analysis to know the main reason for my stomach ache, still no clue 🤔",Gastroenterology
"I get an ear ache every time I go to the pool, it's so annoying. 😣",ENT
Was really active in sports but now my body is just in pain 😫,Orthopedics
"I noticed some new moles, should I be worried? I thought cancer was gone!",Dermatology
"When my grandpa died, I felt a hard emotional pain 😢",Psychiatry
My acne itches and oozes... I can't stand it anymore 😖.,Dermatology
Sometimes I feel like a claw on my chest that leaves me breathless... It's so scary 😰.,Pulmonology
I complain a lot with my neck pain and I really need to be better 😩,Orthopedics
"It’s hard to stand up, and I’m moving very slowly 😴",General Medicine
My hair is falling out after I take a shower... it's very distressing 💇‍♂️.,Dermatology
I complain a lot about my neck pain & need to get better 😩,Orthopedics
I’ve got a nagging pain in my tooth and it’s makin' me feel miserable and upset 😢,Dentistry
"I literally can't breathe, feels like someone's sitting on my chest 😰",Pulmonology
I think my body temperature is very low. 🥶,General Medicine
I swear stepping on a needle would hurt less than this spur in my heel 😣,Orthopedics
"When I'm tired, I feel my head heavy... it's like a weight on my shoulders 😓.",Neurology
"I can't breathe because of this dull ache below my left shoulder, it feels really serious 😖.",Cardiology
I broke my ankle while rock climbing in the Carpathians... it was so painful 🧗‍♂️😣.,Orthopedics
"I feel a stiffness in my elbows and shoulders, it's really uncomfortable. 😣",Orthopedics
"Been trying to find the reason for my stomach ache, it's driving me crazy 🤯",Gastroenterology
"i can't see well, everything looks blurry 👀.",Ophthalmology
There is a sharp pain in my ear whenever I do this 👂😖.,ENT
"My hands are allways shaky, could it be a blood issue?",Hematology
Using hair tonic 🧴,Dermatology
I can’t keep up with my mood swings. they’re so unpredictable!,Psychiatry
I'm suffering from sharp cough 😷 Accompanied by phlegm 🤢.,Pulmonology
There is a sharp pain in my ear whenever I do this 😣.,ENT
"i can't move my leg, there is pain in the joint 😖.",Orthopedics
I feel like my heart rate is racing and I get this sharp prick feeling sometimes 😖.,Cardiology
I was playing soccer and I twisted my ankle ⚽😣.,Orthopedics
My muscles in my lower back are aching... it's so bad I can't sit properly.,Orthopedics
"Sometimes I just start yelling at people for no reason, it's weird! 😳",Psychiatry
"My son has a lot of acne on his face and back, it’s been gettin worse... nothing seems to help 😣",Dermatology
used a lot of painkillers but my back still hurts like crazy 😫,Orthopedics
Why is my shoulder aching when I try to pick up the laundry?... it’s very bothersome 🏋️‍♂️.,Orthopedics
I feel weak all over... it’s very concerning 😔.,General Medicine
I have a dull ache in my lower back which makes it difficult to move 😞.,Orthopedics
I feel like something is squeezing my lungs. 😰🌬️,Pulmonology
"Taking a deep breath feels painful, like there's something blocking my lungs. 😷",Pulmonology
I have a skin rash after eating an ice-cream 🍦,Dermatology
"feeling super sad lately, can't explain it... 😔",Psychiatry
"Can't turn my neck left without stabbing pain 😣, it's really stiff!",Orthopedics
There is pain in the muscles I do not know caused. 😣,Orthopedics
I got acne when I ate chili 🌶️.,Dermatology
"My mouth feels dry and my breath smells bad, could it be related to somethin'? 😕",Dentistry
My knees ache on cold and rainy days 🌧️.,Orthopedics
"My ankle joint throbs whenever I put pressure on my foot, it’s very painful 😖",Orthopedics
"At first, it feels really numb, but then a thousand needles start to prick through my foot... it’s like pins and needles 😣.",Neurology
"When I get up, I find that I have a stomach ache, and I tried to take medicine but my stomach still hurts 😓",Gastroenterology
I carried a heavy bag yesterday and when I get up today I felt a great shoulder pain. 😣💼,Orthopedics
"i feel pain in my knee, like all the time, can't even walk properly now 😩",Orthopedics
"I've tried to relieve it, but nothing seems to work, I feel so weak 😔.",General Medicine
"There is a sharp pain in my bicep, feels like a needle poking me 😣",Orthopedics
"I can’t walk properly due to this severe foot ache, it’s so painful 😞",Orthopedics
There must be something wrong with my blood circulation; I have to wear socks even on the hottest days; my toes are frozen! 🧦🥶.,General Medicine
"Stopped sports 'cause I kept gettin injuries, n it's jus not worth it anymore 🏃‍♂️🚫",Orthopedics
I feel increased heart rate with prick 💓.,Cardiology
"I feel like I’ve always got somethin in my throat, it's sooo annoying 😫",Pulmonology
Since I went into the forest I have pain on my ear 🌲.,ENT
I have a pain in my joint... it’s very bothersome 🦵😕.,Orthopedics
I feel severe itching in the skin with redness 😖.,Dermatology
"I notice red streaks on my arms that weren’t there before, what could it be?",Dermatology
"I feel deep tingling when I touch acne, followed by a bad sensation... it’s quite unpleasant 😖.",Dermatology
"I have muscle pain at my left leg, it’s like throbbing constantly 😣",Orthopedics
"Follicles are acting up again, pimples everywhere on my face, can't deal with this acne anymore! 😡",Dermatology
"I was diagnosed with pneumonia, so it's hard to breathe easily, really struggling 😔",Pulmonology
My hair is falling out in clumps.,Dermatology
"I have blurry vision and can’t see in the darkness; what is the reason, doctor? 🤔",Ophthalmology
"I can't sleep cuz of this hard coff, it won’t stop 😷",Pulmonology
"I have a great stomach ache, and I can't eat anything 😩.",Gastroenterology
I have difficulty in breathing in crowded places. 😓,Pulmonology
"It's like I have a brain freeze, but it lasts for hours!",Neurology
I cannot breathe because of this dull ache below my left shoulder 😓.,Cardiology
"I might've overdone it with weightlifting, scared I tore a muscle on my back 💪",Orthopedics
"neck hurts a lot, can’t look around easily 😤",Orthopedics
My hair keeps falling out 😢,Dermatology
Something dark is there on my arm 🖤😕.,Dermatology
"I feel pain when I think of her, it’s so overwhelming 😔",Psychiatry
there is acne on my face 😞.,Dermatology
It feels like my heart is going to leap out of my body. It hurts so much 💔,Cardiology
"My hands and feet feel cold all the time, could it be somethin’ wrong with my blood?",Hematology
"Got front head pain n the light is killin me, like I can’t even open my eyes sometimes 🌞😖",Neurology
I feel a burning sensation in my shoulder muscle... it’s really uncomfortable 🔥.,Orthopedics
My knees seem to grind as I go up or down stairs... it's uncomfortable and painful 😟.,Orthopedics
"My memery is so bad now, I can’t remember my kid’s bday!",Neurology
My acne gets worse when it's hot 😖,Dermatology
My calves feel like they are tight as knots and are throbbing... it’s quite painful 😣.,Orthopedics
"My dad had diabetes too, so I guess I was kinda expecting this.",Endocrinology
"I feel something hurt me when I take a breath, and I can't take a full breath 😮‍💨.",Pulmonology
The nerves were so damaged during the operation on my ankle that I cannot stand being touched on the scar 😣.,Orthopedics
I feel a pain in my back. 😩,Orthopedics
I feel discomfort throughout the body in general 😞.,General Medicine
"I’ve been havin' frequent abdominal pain and my liver enzymes are high, what does that even mean?",Hepatology
"Every morning when I wake up, my neck feels like I slept on it wrong, it's so stiff 😣.",Orthopedics
"I can't stand up, feel like my brain is moving inside my skull, so dizzy 😵",Neurology
I feel a great pain in my shoulder joint and it does not go away... it’s very painful 💪.,Orthopedics
Pain under my foot after walking too much 🦶,Orthopedics
My hair seems to be falling out more. is that related?,Endocrinology
My ear hurts and it's worse when I swallow. My ear is very painful and Tylenol hasn't helped 😣,ENT
"My neck hurts and I can't look down or up, it’s so stiff 😩",Orthopedics
"My ankle’s been sore for days, and it’s not seemin’ to get any better 😕",Orthopedics
My head hurts when I'm doing this 😣,Neurology
"When I tried to take care of my hair 💇‍♀️, I found that it’s falling out.",Dermatology
"My knees lock up when I sit too long, then it hurts to stand and walk",Orthopedics
I feel a huge emotional pain after I broke up with my girlfriend... it's unbearable. 💔,Psychiatry
I feel back pain when I carry heavy things 🏋️‍♂️😣.,Orthopedics
sprained my ankle playing sports...swelled up a lot,Orthopedics
Pain in my shoulders when typing 😩,Orthopedics
"My CBC report indicates 10 Hb, I feel tired of little work 🩸😓.",General Medicine
I feel like my heart is on fire 🔥.,Cardiology
My arm hurts when I stretch. 😩,Orthopedics
I have a sharp pain in my ear... it’s very distressing 👂.,ENT
My vision goes blurry when I try to look at anything up close... so frustrating 😕,Ophthalmology
I have a rash and it itches very bad 😡.,Dermatology
"I never had any acne problem until my last pregnancy, when all of a sudden my back got covered in zits 🤰.",Dermatology
"I have trouble movin’ my arms and legss smoothlee, it’s so uncomfortabl 😕",Neurology
I feel emotionally crushed... it's overwhelming 😔.,Psychiatry
"When I play sports I have some burning sensation in my spine, it’s really painful 🔥.",Orthopedics
Having a hard time remembering anything lately... is this normal???,Neurology
There is pain in the muscles I do not know caused. 😣,Orthopedics
"I feel abdominal pain after eating, not sure what’s causing it. 🍽️",Gastroenterology
I’ve been havin' a lot of pain in my tooth and it’s affectin' my daily life in a bad way 😢,Dentistry
I may have overdone it with the weightlifting because I am afraid I may have torn a muscle on my back... it’s very concerning 🏋️‍♂️.,Orthopedics
"My hips hurts when I walk, feels like they’re grinding, and it’s getting worse",Orthopedics
"My back hurts a lot when I bend, like really bad! 😩",Orthopedics
"My entire body’s freezing, like no matter what I wear, I can’t warm up 🥶",General Medicine
"I’m worried about my memry, I keep forgettin’ simple thingz al the time 😢",Neurology
I have difficulty breathing in crowded places... it makes me feel so anxious 😰.,Pulmonology
"My knee doesn't want to bend well, it's like it's stuck 😕.",Orthopedics
"Couldn’t stop shaking or unclench my jaw, I was so cold 🥶",General Medicine
I stopped sports because I get injuries from sports every time I play 😓,Orthopedics
"So I hit the ground trying to shoot a basketball, now my knee hurts like hell 😖",Orthopedics
I have cloudy eyes... everything looks hazy 😕.,Ophthalmology
I feel weak all over 😔,General Medicine
Forgetting simple words when I'm trying to talk is frustrating,Neurology
"Feelin great pain in my left shoulder, hard to move it 😖",Orthopedics
"when I was washing my hair, it was falling out heavily, I'm so scared 😢.",Dermatology
It itches inside my ears. 🤯,ENT
I feel pain when I think of her 💔,Psychiatry
"My left ear is ok, but the right one feels like it's being stabbed with a nail 😣.",ENT
"My calves feel tight like knots and throb constantly, like after a workout but I didn’t workout 💪",Orthopedics
I'm not hearing well I have problem with my ear. 👂,ENT
"Had to take my son to the ER after his vax 😳, he was breathing funny.",Pediatrics
I feel pain in my eyes and I can see fog... it’s very troubling 👁️.,Ophthalmology
I feel a burning sensation in my shoulder muscle 🔥.,Orthopedics
"Clean for 5 days now, but it's just a constant struggle to not think about it.",Psychiatry
feel like my brain’s gonna pop 🥴,Neurology
I don’t even know why I’m feeling down sometimes.,Psychiatry
"Bleeding way heavier than my usual period, can't figure it out 😕",Gynecology
"I have throbbing pain in my shoulder, it’s constant and bothersome 😣",Orthopedics
"My body feels weak after my first day in the gym, why is this happening? 😣",General Medicine
"When I think abt her I feel so down, like I can't get outta this mood... 😔",Psychiatry
"Diagnosed with B12-deficiency anemia, explains why I feel cold all the time 🥶",General Medicine
After eating I have burning sensation inside of me 🔥.,Gastroenterology
There is a tingling sensation in my neck. 😣,Orthopedics
I have a very bad cough 😷.,Pulmonology
"I have a disturbance in my emotions, can't handle it 😢",Psychiatry
"i can't walk, my knee hurts me. 😢",Orthopedics
I was very active in sports but now my body is feeling pain... it’s very distressing 🏅.,Orthopedics
Severe pain in the ear 👂😣.,ENT
"Sometimes I notice my skin looks yellowish, is that a sign of something bad?",Dermatology
I have a sharp pain in my neck (again) 😓,Orthopedics
"My body feels weak even though I eat a lot, why? 😕",General Medicine
I’m not good; I’m feeling so cold 😞.,General Medicine
"My ankle hurts soo much that I’m scared to even take a step, I don’t wanna fall 😣",Orthopedics
I feel like something is squeezing my lungs. 😟,Pulmonology
"I used a lot of pain killers to get better, but I still feel the same back pain... it’s very frustrating 💊.",Orthopedics
"When I lift my arms up, my shoulders hurt so much 😣.",Orthopedics
I m feeling cold though the temperature is high 🌡️🥶.,General Medicine
"My baby has a persistent cough and wheezing, could it be asthma?",Pulmonology
"When I tried to take care if my hair I found that it is falling out, it’s really distressing 😢.",Dermatology
My neck is annoying me I can't sleep bacause of it 😞.,Orthopedics
"My muscles in my lower back are aching, it's like they're locked up 😣",Orthopedics
Using hair tonic 💧,Dermatology
"Pain in my large neck area, can't turn it at all...feels so stiff n painful 😖",Orthopedics
"my abdominal muscles have great pain since i was at the GYM, it's like I overdid it 😅",Orthopedics
I hv been trying fr a baby 4 yrs but nthng works 💔,Gynecology
"My chest breaks out with red pimples and whiteheads, it's sooo frustrating 😣.",Dermatology
"blurry vision after getting hit in the head ystrday, should I be worried? 😕",Ophthalmology
Can't keep focus 😫,Neurology
"Sometimes when it’s cold outside, my face hurts, especially around the pimples that are ready to pop 😣.",Dermatology
"My baby was born at 7 months, is that too early?",Pediatrics
Every time I comb my hair there are so many hairs in my comb 😰,Dermatology
I'm feeling nauseous. 🤢,Gastroenterology
"My entire body is freezing, I can't warm up no matter what I do 🥶.",General Medicine
I got acne when I ate chili. 🌶️😩,Dermatology
"My lower back aches sooo much, it's hard to even get outta bed in the morning 😩",Orthopedics
I can't see the sign I have a blurry vision 🤯.,Ophthalmology
There's this burning line across my back that hurts when I breathe deeply 😖,Orthopedics
I cannot get warm no matter how much I wrap up or how high I put the heating on. ❄️,General Medicine
"My feet dragg when I walk, and I’m worrid I mite fall 😢",Neurology
Dunno y but I feel super cold... shivering 🥶,General Medicine
"I have a throbbing in my joints, it's like they're beating in rhythm with my heartbeat 😣",Orthopedics
My foot hurts a lot from playing football. 😣,Orthopedics
I feel like I can hardly breathe unless I get what's in my lungs out. 😰🌬️,Pulmonology
"I can't stand this horrible feeling in my stomach, it's like it's tied up in knots 😖",Gastroenterology
My heart aches so much 💔.,Cardiology
"When I tried to take care of my hair, I found that it's falling out, it's really distressing 😟",Dermatology
"I have pain in my stomach that just won’t go away, it’s really bothering me 😩",Gastroenterology
I don't do anything at home and still I feel exhausted 😴.,General Medicine
"I have this strange rash on my arm that’s not going away, looks weird 😣",Dermatology
I have a headache every time I eat ice cream... it’s really painful 🍦😕.,Neurology
"I’ve always been very active, but now I just don’t have the strength or energy to go for even a short walk 😔",General Medicine
"Can’t get pregnant after 2 yrs, what am i doing wrong??",Gynecology
"I feel really sad all the time, can't seem to shake it off 😔.",Psychiatry
"I constantly lose my phone, even tho it's in my hand. 😂",Neurology
My grandmother went to the hospital last year because she was having a hard time breathing 😓,Pulmonology
I have this dull ache in my lower back and it’s makin it really hard to move properly.. 😖,Orthopedics
When I brush my hair I notice big clumps of hair coming out in the brush 😰.,Dermatology
The pain in my ear is unbearable 😫.,ENT
"i am having problems seeing things, like there's a cloud 🌥 on my eyes, everything is blurry",Ophthalmology
"The pain is intense, especially when I go down the stairs; it feels like something has snapped inside my knee... it’s very concerning 😣.",Orthopedics
"I can’t bend my ankle propperly, it feels stiff and aky all the time",Orthopedics
"When I lift my arms up, I have soreness in my shoulders... it’s quite painful 😣.",Orthopedics
I feel so weak all over my body 😩,General Medicine
My lower back hurts but it improves if I stretch 🧘‍♂️😌.,Orthopedics
"I can't move my leg, there is pain in the joint 🦵😣.",Orthopedics
"My chest acne breaks out and never seems to clear up, it's so frustrating. 😡",Dermatology
"I read a book for a long time 📚, and when I finished, I got a headache 🤕.",Neurology
"I feel like something is squeezing my lungs. Like seriously, breathing should not be this hard 😤.",Pulmonology
My ear hurts and it's worse when I swallow. My ear is very painful and Tylenol hasn't helped at all 😞,ENT
When I force my eyes to view I get blurry vision 🤔,Ophthalmology
"I’ve been havin' trouble with my digestion and it’s affectin' my daily life, could it be my liver?",Hepatology
"I’m worried that my asthma might be causing more problems, should I get it checked?",Pulmonology
I can't get a girlfriend bc of my acne 😔.,Dermatology
I’ve had trouble controllin' my urine and it’s causin' me a lot of stress and anxiety 😓,Urology
My chest acne keeps breaking out and it’s not clearing up 😟,Dermatology
fed up with the huge amount of heir in comb regular,Dermatology
"I have blurry vision and I can’t see in the darkness; what is the reason, doctor? 👁️🔦.",Ophthalmology
"When I move my shoulder, it's like a sharp pain shoots down my arm, ughhh it's so annoying.",Orthopedics
I'm in need of treatment for my hair fall... it's getting worse every day 😟.,Dermatology
I feel pain in the lower back... it's been bothering me for days 😣.,Orthopedics
I have a very rash sensation close to my arms. 🤕,Dermatology
always exhausted... even breathing makes me feel like im out of energy,General Medicine
I feel heart pain when I walk a lot... it feels so heavy 💔.,Cardiology
"My back is stiff, can't take anymre",Orthopedics
"Feel a strange and powerful pain inside my rib cage, not sure what’s going on 😣.",Cardiology
I have found some issues in my skin and tried to use cream but it doesn’t get better. 😕,Dermatology
"Got severe cold n this annoying coff that won’t go away, no matter wht I take 😷",Pulmonology
My hair is falling when I am combing it 😢,Dermatology
My knees hurt so bad to walk that I stay sitting more than I should... it’s limiting my activity 😔.,Orthopedics
When I sneeze very hard I feel ear ache 🤧👂.,ENT
"My ovulation is all over the place, nd I cant seem to get pregnant 😢",Gynecology
Hearing any loud sounds makes my ear ache 😣,ENT
"My mind feels very sad, as if it hurts; the way I feel in my head is awful, and when I think about my breakup, I cry with sadness... it’s heartbreaking 😢.",Psychiatry
My nose is congested all the time and there's this gluey secretion in my throat that makes it impossible for me to sleep. I often have to nap sitting down... it’s very uncomfortable 😷.,Pulmonology
"I have trouble seeing objects, it's too difficult, everything looks blurry 🥴, need to get my eyes checked maybe?",Ophthalmology
It feels like I got no strength left in my body.. everything just feels heavy 💀,General Medicine
My knee doesn't want to bend well. 😖🦵,Orthopedics
"I feel pain in my legs muscles after I ran yesterday, I took some pain killers but it doesn't help 🏃‍♂️😣.",Orthopedics
"I wake up with a stiff neck every morning 😩. Massage helps, but then a couple of days later, it’s back again 💆.",Orthopedics
I couldn’t stop shaking or unclenching my jaw. That’s how cold I was 🥶,General Medicine
"cramps along the whole abdomen, it’s painful and annoying.😔",Gastroenterology
When i'm driving my eyes see in double. 👀😵,Ophthalmology
My hair keeps falling out 😭 after I take a shower.,Dermatology
I have injured myself during the soccer match ⚽🩹.,Orthopedics
"Since I went into the forest, I have pain in my ear... it might be an infection 😕.",ENT
There is a sharp pain in my bicep. I have tried to apply pain relief cream but it does not help 💪😩.,Orthopedics
I don't do anything at home and still feel exhausted 😴,General Medicine
"I get a stabbing pain in the top of my foot when I walk, like seriously what now 😩?",Orthopedics
I can't seem to catch my breath.🥵,Pulmonology
I cannot breathe because of this dull ache below my left shoulder 😫.,Cardiology
I feel pain in my shoulders when I write on the keyboard ⌨️.,Orthopedics
"Bruises appear outta nowhere, I’m starting to think something’s wrong 😰",Hematology
There are lots of hairs on my pillow in the morning 🛏️.,Dermatology
I have blurry vision after I used the wrong medicine... it’s very troubling 👁️💊.,Ophthalmology
"I can't carry anything, I have a pain in my shoulder 😖.",Orthopedics
"My baby’s been given antibiotics for an infection, but she’s not getting better",Pediatrics
"Every time it gets cold, my joints start aching so bad 😖",Orthopedics
"I feel soooo weak, my body just cant keep up anymore 😩",General Medicine
"I feel a great amount of pressure on my head, it's so intense 😓",Neurology
I wake up at night feeling cold... it’s very uncomfortable ❄️.,General Medicine
I'm suffering from a sharp cough 🤧 with phlegm,Pulmonology
"i have a great pain in my foot, it's throbbing even when I try to relax 😖",Orthopedics
"I feel pain in my legs muscles after I ran yesterday, I took some pain killers but it doesn't help 😩.",Orthopedics
I feel something hurt me in taking breath and I can't take my breath. 😰,Pulmonology
"My knee hurts when I walk, it's been getting worse 😣.",Orthopedics
I feel pain in my knee when I climb the stairs 😣,Orthopedics
I can't walk well; I have an ache in my foot... it’s making it hard to get around 😣.,Orthopedics
I have a powerful pain inside my neck 😩,Orthopedics
"I get ear aches every time I go swimming, it's like water gets stuck in there. 😖",ENT
"Head hurts in the back, pain lasts all day long 😩",Neurology
"My acne itches and oozes, it's really gross 😖.",Dermatology
"My ❤️hurts wen I exercise, feels like something's wrong",Cardiology
"When I walk up a flight of stairs, my right knee hurts... it’s really painful 😣.",Orthopedics
i feel head ache 🤯.,Neurology
My knee hurts whenever I walk a lot. 😓,Orthopedics
The other day I 4got the oven on! I never used to be this absent-minded,Neurology
"Tried to take care of my hair, but now it's fallin out even more.. help 😭",Dermatology
"I can't stop coughing, it's like my lungs are trying to jump out of my chest 😷",Pulmonology
"I feel something hurting me when I take a breath, and I can't breathe properly 😓.",Pulmonology
I thought we were done after the last round of shots... more?!! 🤯,Pediatrics
"I have cloudy eyes, can't see clearly, what should I do? 😕",Ophthalmology
"My stomach feels full, upset, and bloated after big meals, it's so uncomfortable 😣.",Gastroenterology
Too many hairs on my pillow every morning... 😭,Dermatology
"I am feeling so dizzy, my body is so fragile, can’t even stand straight 😩",General Medicine
"My back hurts a lot when I bend over, it's unbearable...can't even bend without pain 😖",Orthopedics
I can't move my head up and down 😵.,Orthopedics
There is a sharp pain in my calf. 😣,Orthopedics
"I feel huge emotional pain after I broke up with my gf, it’s unbearable 😢",Psychiatry
"my whole body feels awful, need proper treatment ASAP 😖",Orthopedics
"Even if the temperature is high in the house, my body is always cold, it’s driving me nuts 🥶",General Medicine
When I eat too much sugar my body gets weak and dizzy 🍭😵‍💫.,General Medicine
My husband left me for another woman; my heart hurts so badly that I can't eat or sleep... it’s overwhelming 😢.,Cardiology
"My hair is coming out in chunks, especially when I wash it 😟.",Dermatology
"My heart hurts while I'm sad, why? 😔",Cardiology
The other day I left the house and forgot to close the fridge door,Neurology
My kneecap feels like it is grating bone on bone when I walk. 😣,Orthopedics
My acne itches and oozes. 🤬,Dermatology
i get i joint pain when i try to bend my leg or my arm 😩,Orthopedics
"I walked a long way, like 3 km, and now I feel pain in my foot... like a foot ache 🦶😕.",Orthopedics
Yesterday I had shoulder pain... it’s very uncomfortable 😣.,Orthopedics
I have a painful cramp in my feet 😖.,Orthopedics
My heart hurts when I exercise. 💔🏋️,Cardiology
"my back hurts me a lot, especially after sitting for long periods, it’s really uncomfortable 😩",Orthopedics
I have pain in my stomach 😣,Gastroenterology
I’ve had a toothache for a while now and it seems to be gettin' worse every single day.,Dentistry
I could not exercise because of my knee pain... it’s really frustrating 🏋️‍♂️😣.,Orthopedics
"I find myself repeatin’ storiez an questions, an it’s embarrasin’ 😣",Neurology
"My biceps started aching after a gym session, not sure if I overdid it 🤔",Orthopedics
"I may have overdone it with the weightlifting, because I’m afraid I may have torn a muscle on my back. 😔",Orthopedics
The knee feels like it rusted and I suddenly cannot bend it anymore 😩.,Orthopedics
I can’t move my leg; there is pain in the joint... it’s very limiting 🦵😣.,Orthopedics
"Used to be active but now I just don’t have the strength or energy for even a short walk, what’s wrong with me? 😔",General Medicine
I did loads of analysis to figure out my stomach ache 🤯,Gastroenterology
I can't really jump on my left foot because my triple fracture of the ankle left me with never-ending pains... it’s very limiting ⚽😔.,Orthopedics
"Back pain's so bad I can't sit down or stand for more than 5 mins, it's driving me crazy 😫",Orthopedics
"My face is all broken out with pimples, so annoying 😠",Dermatology
My shoulder hurts me so much 😩.,Orthopedics
"My CBC report shows 10 HB, I get so tired from just a little work, can't keep up 😴📝",General Medicine
"My body feels like it's in a refrigerator 🥶, I'm shivering and stuff.",General Medicine
"I was playing soccer and I twisted my ankle, it’s swollen and really painful. ⚽",Orthopedics
I feel a huge emotional pain after I broke up with my girlfriend 💔😢.,Psychiatry
I feel huge emotional pain after I broke up with my girlfriend 😢,Psychiatry
I can be really motivated one day and lazy the next.,Psychiatry
when i raise my hand i feel pain in my shoulder 😖.,Orthopedics
I feel very weak in my body 😔,General Medicine
I felt my heart hurts when I ran for a long distance... it's very concerning 💔.,Cardiology
"I have a dull ache in my head, like it's constantly throbbing 😩",Neurology
"When I get up, I see my skin vague... it’s concerning 😕.",Dermatology
"Pimples all over my back, it’s embarrassing 😣",Dermatology
It feels like I can't take a deep breath... it’s very distressing 😔.,Pulmonology
"My ankle feels like it's lockin' up, can’t move it smoothlee at all 😣",Orthopedics
I have a neck pain when I sit in-front of my laptop 💻😩.,Orthopedics
"My neck hurts so bad, can’t stand it anymore...pain is just too much 😣",Orthopedics
"It hurts when I bend my arm, and it’s been like this for days 😔",Orthopedics
"I feel like my asthma is controllin' my life, what can I do to get better? 😥",Pulmonology
"Something dark is there on my arm, it’s like a bruise or a spot but I’m not sure 😕",Dermatology
"I feel pain in my chest when I wake up, it’s like a constant ache 💔",Cardiology
I had a cold the last time I travelled by plane and I still have a discomfort in my ears.,ENT
"After the op on my ankle, the nerves r so damaged I can’t even touch the scar 🦶",Orthopedics
"I was diagnosed with B12-deficiency anemia, which explains why I always felt cold... it’s been quite challenging 💉🥶.",General Medicine
"I get really sad for no reason at all, like a dark cloud over me.",Psychiatry
"Even when the heater is on, my body’s always cold.. don’t know wht’s going on 🥶",General Medicine
"My chest is full of pimples, red ones n whiteheads...",Dermatology
"My stomach aches so much when I eat hot food, it’s burning inside 😣",Gastroenterology
There is a tingling sensation in my neck... it’s quite uncomfortable 😕.,Orthopedics
My abdominal muscles have great pain since I was at the gym 😣💪,Orthopedics
"When I'm tired, my head feels heavy 🧠",Neurology
Lower back pain bt it feels better after stretching a bit 🙆‍♀️,Orthopedics
"I feel a sharp pain in my head when I think too hard, it's like my brain is protesting 🧠",Neurology
"I just want to make sure we don’t have any bad reactions, right?",Pediatrics
"I cant stand up or sit down, my back pain is unbearable 😣",Orthopedics
I feel brning sensatn in my shoulder muscle 🥵,Orthopedics
My shoulder hurts a lot whenever I try lifting anything heavy 💪,Orthopedics
"I’ve got this achin’ in my ankle, it’s been botherin’ me for weeks now 😔",Orthopedics
"Can't even do light exercise, I feel sooo weak.. like my body’s completely out of energy 🥲",General Medicine
I have this annoying skin rash after eating an ice-cream 🍦😣,Dermatology
I feel weak... like I can't even lift my arms 😔.,General Medicine
I have a pain in my muscle 💪😣.,Orthopedics
got hurt while playin soccer ⚽️ 😖,Orthopedics
"I have a prob seeing things, it's vry difficult to c 📉",Ophthalmology
"I feel a great amount of pressure on my head, it’s so intense 😓",Neurology
I have a pain in my head 🤕,Neurology
I can't walk because i have a great foot ache. 😣👣,Orthopedics
I feel discomfort throughout the body in general 😞.,General Medicine
"Red stain on my skin, looks weird 🧐",Dermatology
My muscles feel weak and sore.,Orthopedics
"Worst headache was during a hangover, thought I was gonna die 😵",Neurology
"i feel pain in my back, it’s so hard to find a comfortable position 😓.",Orthopedics
"Every time I look to the left, I feel a sharp pain in my neck... it's so stiff 😖.",Orthopedics
I’m always askin’ the same questuns an it’s getting on my family’s nerves 😕,Neurology
I feel weak all over 😓.,General Medicine
Sometimes I feel like a claw on my chest that leaves me breathless 😣.,Pulmonology
I can't stand with this horrible feeling in my stomach. 😩🍽️,Gastroenterology
I’m havin’ difficulty followin’ instrucshuns an it’s makin’ thingz hard 😢,Neurology
i have a problem in my back i cannot extend it 😣.,Orthopedics
I can't see well 👁️😕.,Ophthalmology
I’m havin' a hard time with bad breath and it’s affectin' my social life a lot 😓,Dentistry
"One minute I’m happy, the next I’m crying. I can’t explain it! 😢",Psychiatry
tired 24/7 😴 even wen i rest... i dont know whats going on anymore,General Medicine
"When I'm driving, my eyes go double, I can't focus n it's super dangerous! Help!",Ophthalmology
"My hair is coming out in chunks 😩, like every time I wash it, is this normal?",Dermatology
"I got injured exercising, now I'm worried. 🏋️‍♀️",Orthopedics
I sometimes feel like I’m living in a fog. 😕,Psychiatry
"My leg muscles hurt so bad after running yesterday, even painkillers won’t help 😖",Orthopedics
"Yday I had a shouder pain that wouldn't go away, cudnt sleep bcoz of it",Orthopedics
"My body feels weak, and I think that my face is pale... I can't sleep well at all 😔.",General Medicine
"Whenever I play sports, there’s this burning sensation in my spine, it’s really painful 😫",Orthopedics
When i get up i see my skin vague 😕.,Dermatology
"My chest hurts so bad sometimes, it makes me sad.. like there's a weight pressing down on me 💔",Cardiology
I feel congestion in my chest 😞.,Pulmonology
"Feelin' indigestion, like there's a rock in my stomach, ugh! 🍔😣",Gastroenterology
I have a pain in my trapezius. 😣,Orthopedics
"I keep complaining about my neck pain, I really need to get better. 😔",Orthopedics
I was playing football and got injured with joint pain 😞,Orthopedics
My skin is itchy and flaky.,Dermatology
"I am always cold, even when wearing layers 🧥.",General Medicine
"I have a dull ache in my lower back, it's making it hard to move 😖",Orthopedics
I feel like I went to an acupuncturist and had 100 needles in my shoulder... it’s really painful 😖.,Orthopedics
It hurts when I raise my arm up. 😣,Orthopedics
There’s swelling in my neck and it’s really hurting 😖,Orthopedics
"I don't have problems taking in breath, but out breath is so heavy 😮‍💨.",Pulmonology
I have pain like needles in my joints 😣.,Orthopedics
I'm feeling nauseous 🤢.,Gastroenterology
"My hair is falling out after I take a shower, it’s so frustrating 😢.",Dermatology
The knee feels like it rusted and I suddenly cannot bend it anymore 😖.,Orthopedics
Got a hard time to breath 😰...am I having a heart attack or what? So scarry!,Pulmonology
"Have to wear a pad every day, I’m always bleeding a little 😩",Gynecology
I visited many doctors but they can't find the right treatment to get my hair back 😩,Dermatology
This long scar on my left buttock is from falling off my mountain bike last week. 🏔️,Orthopedics
"No matter what I do, my breath still smells bad. What could be causin' this?",Dentistry
Chronic disease of hair follicles and sebaceous glands 😟.,Dermatology
"After playing tennis, I had a powerful sensation close to my neck. 🎾😣",Orthopedics
"I have neck pain when I sit in front of my laptop for too long, it’s so stiff 😫",Orthopedics
I toppled over while jumping to catch the ball 🤕.,Orthopedics
There are times when I feel crushed under a huge weight and no air passing to my lungs; it actually scares the hell out of me when it happens... it’s terrifying 😨.,Pulmonology
"wen I raise my hand, there's sharp pain in my shoulder 😬",Orthopedics
"I feel a great pain in my shoulder when I try to lift something heavy, it’s like a constant ache 😫",Orthopedics
"There’s a sharp pain in my bicep, tried using pain relief cream but no help 😫.",Orthopedics
I got acne when I ate chili... it’s very upsetting 🌶️😕.,Dermatology
I wake up with a stiff neck every morning. Massage helps but then a couple of days later it's back again. 😩,Orthopedics
My kneecap feels like it's grating bone on bone when I walk 😖.,Orthopedics
"Tried acupuncture nd herbal treatments, nothing works 😕",Gynecology
"My muscle in my shoulder burns when I move my arm, it’s so uncomfortable 😣",Orthopedics
"i was injured during football match, i was diagnosed with Cruciate ligament 🏈",Orthopedics
I have a hair shortage... it’s really concerning 😕.,Dermatology
"My hair is falling without a reason, I can see a lot of hair on my working desk 😱.",Dermatology
"I’m using the eye drops but still seein this greenish discharge, dunno what to do next",Ophthalmology
"leg’s throbbin whenevr I walk, swollen n painful",Orthopedics
My knee is hurting so badly 😣.,Orthopedics
My knee hurts when I play squash... it's affecting my game 🏸😣.,Orthopedics
I get terrible headaches every few months and when I get them my vision is affected 🤕.,Neurology
"I feel so depressed seeing my hair falling out, it’s making me really anxious 😢",Dermatology
I feel dizzy if I skip a meal. idk why. 🍔,Endocrinology
"My knee hurts when I play squash, it feels like it's going to snap 😖",Orthopedics
I've been feeling very sad lately... it's like a dark cloud is hanging over me 😔.,Psychiatry
I hve cut my finger because of playing football and I to apply pain relief cream but it does not help ⚽.,Orthopedics
I get i joint pain when i try to bend my leg or my arm 🤕.,Orthopedics
It’s hard to see things 👀.,Ophthalmology
It feels like I can't take a deep breath 😮‍💨.,Pulmonology
"I’ve got these strange spots on my legs, like little bruises that won't go away.",Dermatology
Why do they give some shots together? Makes me nervous!,Pediatrics
I've been noticing my hair falling out a lot lately. It's kinda worrying 😟,Dermatology
"I always feel like I'm being judged, even when no one’s around. 😔",Psychiatry
i feel head ache 🤕.,Neurology
I always feel hungry even after eating. why is that?,Endocrinology
"I have a rash on my skin, and it's super itchy. Not sure what's causing it tho 🤔",Dermatology
I have tried to relieve it but I can’t. 😩,General Medicine
"My face has broken out in painful red spots and lumps, that no matter how much I clean my face don't seem to be going away. 😩",Dermatology
I don't know why I'm constantly sad 😢.,Psychiatry
"I've got a painful cramp in my feet, it's killing me! 😖",Orthopedics
There are lots of hairs on my pillow in the morning. 😨,Dermatology
"I bruise so easily now, is it just age or is something up?",Hematology
I hate my acne 😠.,Dermatology
"I get clusters of whiteheads and blackheads on my back, it's so annoying 😤",Dermatology
It feels like someone stuck a knife into my shoulder 🔪.,Orthopedics
"My tooth hurts so bad, I’m havin' trouble sleepin' at night because of this pain 😴",Dentistry
"I have difficulty moving my neck, it’s so stiff. 😕",Orthopedics
"my cbc report indicate 10 hb, i feel tired of little work 🩺😴.",General Medicine
"dunno, jus feelin sad and empty lately 😔",Psychiatry
"How long does it take for the vaccine to work? Like, can he still catch stuff?",Pediatrics
I’m havin’ trouble rememberin’ recnt conversashuns and it’s frustratin’,Neurology
I have pain like needles in my joints... it feels sharp and sudden 😖.,Orthopedics
I got acne when I ate chili 🌶️.,Dermatology
I can’t move my leg; there’s pain in the joint 😢,Orthopedics
"I’ve had blurry vision since I woke up this morning, what could be the reason? 😵",Ophthalmology
"I can't do anything, I feel weak in my body all the time, it’s exhausting. 😖",General Medicine
"Sharp pain in my bicep, it's been throbbing all day 💪",Orthopedics
"Severe pain in the upper left side of my chest, and it might be spreading to my back, it scares me 😢.",Cardiology
I get breakouts on my chest with red patches that get more intense when i get hot 🔥.,Dermatology
My skin is itching. 🤯,Dermatology
"I delivered my twins early and they’re in the NICU, I’m so scared 😰",Pediatrics
"My knee’s been hurting, can’t seem to find a comfortable position 😩",Orthopedics
"I feel chilly, like an ice cube 🥶 My sister said she needs several blankets to stay warm 🛏️",General Medicine
"My joints cracked and pop a lot, and the pain is getting worse, especially in my fingers 😕",Orthopedics
"can;t sleep at night, bad dreams suck😢",Psychiatry
"I can't see the sign, I have blurry vision, it's like everything's out of focus 😕",Ophthalmology
"wake up tired, go to bed tired... 😩 its never ending",General Medicine
My knee catches and hurts when I first stand up after sitting. 🦵,Orthopedics
I feel weak all over 😓,General Medicine
"I feel really sad all the time. Like nothing's going right, ya know? 😔.",Psychiatry
I have a sharp pain and clicking sound in my ankle joint when I try to stand on it and walk 🦵🔊.,Orthopedics
Knee pain is too much when I go running 😩,Orthopedics
"My periods are super heavy, I think I’m losin’ too much blood 😓",Hematology
My neck hurts me and i can't stand with this pain 😩.,Orthopedics
I can't do anything I feel a weak in my body 😞.,General Medicine
I have a very rash sensation close to my arms... it's itchy and irritating 😣.,Dermatology
I get chills and aches all over... it's like I'm freezing from the inside out 🥶.,ENT
I struggle to breathe in crowded places 😰,Pulmonology
"I have a sharp pain in my ear, it’s really bad. 😖",ENT
When I eat sugar I notice my vision blurs 😵.,Ophthalmology
"I have front head pain, and when I get it, the light bothers me. It's like everything's too bright, ugh 🤕.",Neurology
"Stomach pain after drinking milk, it’s been bothering me a lot lately 🥴",Gastroenterology
"I feel really sad all the time, like there's a cloud over me 😔.",Psychiatry
I have severe shoulder pain... it’s really affecting my daily life 😖.,Orthopedics
"Congestion in my chest, i feel like I can't breathe properly.",Pulmonology
"The doctors mentioned a bacterial infection in my newborn, should I be worried",Pediatrics
"I feel shoulder pain at intervals, it's like a wave of pain hits me randomly 😓",Orthopedics
I feel pain in my knee 🦵😣.,Orthopedics
I keep craving sweets even tho I know I shouldn't! 🍭,Endocrinology
There is a longitudinal burning line across my back with hard respiratory movements... it’s quite intense 😣.,Orthopedics
My ear ache when I'm listening to music 🎶👂.,ENT
I'm not feeling good I can't take my breath 😢.,Pulmonology
"I have front head pain and when I get it, light bothers me 😖",Neurology
My back hurts me a lot... it’s really limiting my movement 😣.,Orthopedics
"I can't work well, I have a pain in my knee 😕",Orthopedics
"Even if the temperature is high in the house, my body is always cold 🏠❄️.",General Medicine
"i am feeling so dizzy, body is so fragile 😵‍💫.",General Medicine
I get chills and aches all over 🥶😖.,General Medicine
When I remember her I feel down and can't seem to shake off the sadness 😔,Psychiatry
I feel cold when the night comes... it’s really uncomfortable 🌜🥶.,General Medicine
I hit the ground hard when trying to shoot a basketball... it hurt so much 🏀😣.,Orthopedics
I wake up at night feeling cold 🥶.,General Medicine
"I have some pain when i'm walking around my knees. Just doesn't feel right, hurts with every step 😕.",Orthopedics
My knee hurts when I walk. 😣🦵,Orthopedics
In the morning my respiration is loud 😴.,Pulmonology
"When I walk up a flight of stairs, my right knee hurts 😖",Orthopedics
My neck has been sore since the accident. 😣,Orthopedics
I tried to exercise but got tired really fast. what's wrong?,Endocrinology
"When i eat, my stomach hurts 😖",Gastroenterology
"My heart beats so fast it scares me sometimes, like it’s racing 😨",Cardiology
"My entire body is frozen, no matter what I do! I can't stop shaking.",General Medicine
I have blurry vision since I woke up this morning; what could be the reason? 👁️🤔.,Ophthalmology
"I have throbbing in my shoulder, like a deep ache that won’t go away 😣",Orthopedics
"When I go to sleep I am feeling cold, like freezing! 🥶",General Medicine
I have shoulder pain after doing any home work 🏠😣.,Orthopedics
"My hair always falls out a lot lately, especially after I shower 😔.",Dermatology
I have the impression of having no strength in my body... it’s very distressing 😔.,General Medicine
"I feel a clicking sensation in my knee each time I step, it’s rlly painful",Orthopedics
"I’ve been feelin’ dizzie and lightheaded alot lately, could it be my blood?",Hematology
i have issue with my skin 😔.,Dermatology
"Even though I'm an adult my face keeps breaking out in pimples, so embarrassing 😓",Dermatology
I have a dry throat 🏜️.,Pulmonology
I can’t believe how much I have to change my diet. it sucks!,Endocrinology
I have difficulty moving my neck 😣.,Orthopedics
"I’ve had this bruise on my thigh for weeks and it’s not healing. Weird, right?",Dermatology
Is there a cure for acne? 🤔,Dermatology
I can't see well 👀.,Ophthalmology
It feels like my heart is going to leap out of my body. It hurts 💓😣.,Cardiology
Severe pain in the ear 👂😣.,ENT
My foot has been aching since last Tuesday... it’s been ongoing for too long 😔.,Orthopedics
The crushing sensation on my heart leaves me breathless 💔😮‍💨.,Cardiology
"Feelin a tingling sensation in my neck, not sure wht it is 😕",Orthopedics
I have a dull ache in my head 🤕.,Neurology
"When I'm driving, my eyes see double 😵",Ophthalmology
I feel pain in my stomach... it’s quite uncomfortable 😣.,Gastroenterology
I get big patches of irritated pimples on my back and they hurt... it's so frustrating 😞.,Dermatology
"I feel pain whenever I think of her, it's like a constant ache 💔.",Psychiatry
I have dark spots on my skin 😣,Dermatology
"Keep craving stuff at random times, it feels like I'll never be normal again.",Psychiatry
Itch at the front and center of the scalp 🧑‍🦱😣.,Dermatology
"I feel hurt, so much pain in my heart, it’s overwhelming 💔",Psychiatry
My ear hurts and it's worse when I swallow. My ear is very painful and Tylenol hasn't helped 👂😣.,ENT
I’m experiencing issues with my fertility and we’re thinking of consulting a urologist to see if they can help.,Urology
My shower drain is full of hair every time... it’s so frustrating 😟.,Dermatology
I have disturbance in my emotions... it’s very distressing 😞.,Psychiatry
I don’t have full range of motion with my arms 😟,Orthopedics
"My husband left me for another woman, my heart hurts so badly to the point I can't eat or sleep 💔😞.",Cardiology
"I’ve got pain in my upper right abdomen and it’s not goin' away, is this related to my liver? 😣",Hepatology
Why do vaccines have to hurt so much? I wanna cry too! 😭,Pediatrics
My head is so heavy can't think normally 🤯,Neurology
"Even though I'm wearing heavy clothes, I feel so cold and shivery 😟",General Medicine
"After playing football, my muscles are in so much pain, it's like I’ve been hit by a truck! 🚑",Orthopedics
I have a painful cramp in my feet 😖.,Orthopedics
"I feel like I just can't cope anymore 😩, I feel overwhelmed and like I just can't get a break.",Psychiatry
When I eat too much sugar my body gets weak and dizzy 🍭😣.,General Medicine
"My foot is hurting so much, can't walk without pain. 🦶",Orthopedics
Had a party last wk and now I'm super tired and got these weird spots 😫,Hematology
My uterus lining is thin nd it’s hard 4 me to concieve,Gynecology
When I do hard exercises I feel great pain in my muscles 💪😩.,Orthopedics
"There is acne on my face, it’s causing so much trouble 😣",Dermatology
"It started as tinnitus, but now the pain is throbbing n unbearable..plz help 🥺",ENT
"It started as a tinnitus, but now the pain is throbbing and unbearable 😩",ENT
I got injured exercising 💪,Orthopedics
"I feel discomfort all over my body, it's like I'm just achy all the time 😖",General Medicine
I started taking swimming lessons and I guess I swallowed too much water through my nose; this sinusitis is killing me now... it’s very uncomfortable 🏊‍♂️🤧.,Orthopedics
"Toppled over while jumpin to catch the ball, now I’m sore all over, ugh! 🏀🤕",Orthopedics
It feels like I can’t take a deep breath 😔.,Pulmonology
"I can’t rember where I put my car keys, this happens almost every day",Neurology
I have an ear ache when I go to the pool... it’s very bothersome 🏊‍♂️.,ENT
"I have dry skin, it's so flaky 😕.",Dermatology
"Lately, i even 4get the simplest of things, like my own address!",Neurology
can’t hear right 🥲,ENT
"I feel pain in my neck after waking up, it’s so stiff and sore. 😖",Orthopedics
"I tried a lot of cream, but I still feel the same skin problem. 😕",Dermatology
"Had to stop sports cause of all the injuries, it’s getting ridiculous 😤",Orthopedics
"My skin feels like it’s burning when I’m in the shower, I can’t take it!",Dermatology
"My kid has been coughing all night, she can’t sleep 😔. What can I do?",Pulmonology
The nerves were so damaged during the operation on my ankle that I cannot stand being touched on the scar 😣.,Orthopedics
"chronic disease of hair follicles and sebaceous glands, it's really affecting my confidence 😔",Dermatology
I knocked my foot and it really hurts 😩,Orthopedics
"I get tired too fast, I can barely put on my clothes in the morning. 😞",General Medicine
I feel so drained after having a mood swing.,Psychiatry
I used to have acne when I was 15 yrs old 😓,Dermatology
i feel weak 😟,General Medicine
"My speech comes out jumbled, kinda hard to make sense of sometimes",Neurology
I was watching TV and suddenly had blurry vision. 📺😵,Ophthalmology
I'm suffering from a sharp cough with phlegm 🤧,Pulmonology
I feel suicidal 😞💔.,Psychiatry
I have terrible pain in my heart. 💔😣,Cardiology
My hair is coming out in handfuls. It’s like I’m shedding! 😱,Dermatology
I injured myself during the soccer match ⚽,Orthopedics
I get chills and aches all over... it’s very uncomfortable ❄️.,General Medicine
I'm injured and I can't play sports 😢,Orthopedics
I have acne in my face and other problema in my derma like itching 😔.,Dermatology
"I don't have full range of motion with my arms, like I can't even lift my hand to brush my hair 😕",Orthopedics
My muscles feel tired 😫,General Medicine
My knees swell right below the knee cap and hurt when I put weight on them... it’s really painful 😖.,Orthopedics
"i have injured myself during the soccer match, now it’s swollen and painful 😭",Orthopedics
My knees keep swelling right below the kneecap and hurt so much when I put weight on them 😖,Orthopedics
Why does my shoulder ache so much when I try picking up the laundry? 😓,Orthopedics
I broke my ankle while doing rock climbing in the Carpathians 🧗‍♂️,Orthopedics
I don't have problems taking in breath but out breath is so heavy 😣.,Pulmonology
"I cough a lot when I smell perfume, my lungs feel off. 🤧 What’s going on?",Pulmonology
"I complain a lot about my skin allergy, it’s really bothering me 😣",Dermatology
I can’t move my shoulder because of pain... it’s very limiting 🏋️‍♂️.,Orthopedics
"I feel something hurting me when I take a breath, and I can’t breathe properly 😓.",Pulmonology
I have a dry skin 🏜️.,Dermatology
i'm injured i can't play sports 😔.,Orthopedics
"My asthma symptoms seem to be getting worse, could it be somethin' else?",Pulmonology
"Heart rate suddenly increases with sharp pricking pain, it's really scary 💔",Cardiology
"When I raise my hand, I feel pain in my shoulder 😣",Orthopedics
"I got acne all over my face, it's embarrassin 😩",Dermatology
I can't breathe 😞.,Pulmonology
"I visited many doctors, but they can’t find the right treatment to get my hair back 😔.",Dermatology
can't stop coughin'... this is getting really annoying 😷,Pulmonology
People keep asking me to repeat myself...it’s gettin frustr8ing 😫,Neurology
When I get out of bed in the morning my body feels very weak 😔,General Medicine
"my cbc report indicate 10 hb, i feel tired of little work 😔",General Medicine
Sterilizer for the eye 👁️.,Ophthalmology
I feel so sore in my stomach area 😖.,Gastroenterology
I have shoulder pain when I try to carry my groceries 🛒.,Orthopedics
"My heart feels like it's going to explode, it’s really scary 💔.",Cardiology
"My toothache is so intense, it’s affectin' my whole jaw and makin' it hard to deal with 😩",Dentistry
My ear is really killing me 😣 Severe pain in the ear 😩,ENT
"Whenever I play football, I get muscle pain 🏈",Orthopedics
"My head hurts in the back, pain lasts all day long, can’t focus 😣.",Neurology
I can't work well because I have pain in my knee... it's so distracting 😣.,Orthopedics
"Sometimes when it is cold outside, my face hurts, especially around the pimples that are ready to pop... it’s really painful 🌬️😕.",Dermatology
"My shoulder is hurting me, it’s so bad! 😓",Orthopedics
I have an ear ache when showering 🚿,ENT
"Can't sleep at night, always thinking about going back to it, help pls 😔",Psychiatry
I feel cold although we are in summer... it’s really unusual 🌞🥶.,General Medicine
"I have whooping cough with so much mucous 🤧, I think I need a mucolytic or something.",Pulmonology
My memory is like a sieve... nothing stays in! 😂,Neurology
"Loud sounds make my ears hurt a lot, it's unbearable 😖",ENT
I feel a burning sensation in my shoulder muscle 🔥😣,Orthopedics
Severe pain in the ear 😖,ENT
"Shoulder pain whenever I carry groceries, it’s making simple tasks real hard 😩",Orthopedics
I love to walk and be outside but the bottoms of my feet get sore so quickly. 🚶‍♂️😩,Orthopedics
"My neck is annoyin me I can't sleep because of it, it’s so sore 😩",Orthopedics
My memory feels like it's slipping away... so scarry! 😰,Neurology
"My kid has been coughing non-stop and it’s affecting his sleep, is it asthma? 😢",Pulmonology
"red flushes on my skin that itch a lot, is this normal??? 🤔",Dermatology
I feel pain in my lower back 😔,Orthopedics
"i have severe dry cowgh, it's making it really hard to sleep",Pulmonology
I feel back pain when I carry heavy things. 😣,Orthopedics
My hair is falling out just by combing it... it’s very distressing 😢.,Dermatology
A terrible fall in hair 💇‍♀️😢.,Dermatology
"Had an injury from sports in my knee when I was young, and it still hurts sometimes 😔",Orthopedics
I was very active in sports but now my body is feeling pain 🏃‍♂️,Orthopedics
My foot hurts and I can't turn it. Maybe it's broken 🤕,Orthopedics
"I’m havin' trouble digestin' food and feelin' fatigued, should I be worried about my liver?",Hepatology
"When I play football, my joints get really sore and achy, can't run as much anymore 😫",Orthopedics
Idk why but evry treatment we try just doesnt seem to wrk 😔,Gynecology
"I can't keep track of all these shots, it's too much info! 📚",Pediatrics
"Annoyance starts suddenly, often after an injury or exercise 😩.",Orthopedics
I massaged my foot but the pain is still there. hurts so much 🦶,Orthopedics
"There is a sharp pain in my bicep. I have tried applying pain relief cream, but it does not help 😞.",Orthopedics
My skin is very dry and peeling 🤕.,Dermatology
I feel great pain in my feet after playing one of the sports games... it’s very painful 🏅.,Orthopedics
I have an earache when showering... it’s very bothersome 🚿👂.,ENT
I had a sharp pain in my stomach 😖,Gastroenterology
"My knee won’t bend properly, not sure why 😕",Orthopedics
"I get tired too fast 😴, I can barely put on my clothes in the morning.",General Medicine
My grandmother last year went to hospital because she was having a hard time breathing.,Pulmonology
A terrible fall in hair 💇‍♀️😢.,Dermatology
I have a severe cold and cough... it’s really affecting me 🤧.,Pulmonology
My lungs feel heavy like they are filled with mucus 😔.,Pulmonology
The crushing sensation on my heart leaves me breathless... it’s very alarming 💔.,Cardiology
I hardly have enough stength to get up 😞.,General Medicine
"When I extend my leg, there is pain in the knee joint... it’s really painful 😖.",Orthopedics
"Ever since my divorce, I can't stop thinking about how to get revenge on my ex 😢",Psychiatry
"They’re treating my baby for an infection, how long until she’s better",Pediatrics
I get breakouts on my chest with red patches that get worse when I get hot 🥵.,Dermatology
I’m havin' trouble holdin' my urine and it’s really affectin' my daily activities in a big way.,Urology
Standing less than five minutes and my back starts aching 😣,Orthopedics
I have a sharp pain and clicking sound in my ankle joint when I try to stand on it and walk 🦶,Orthopedics
I noticed an important decrease in my vision when I try to look at things up close... it’s very troubling 👀.,Ophthalmology
"jooints feel stiff n achy, crackin all the time too",Orthopedics
"I’m struggling to control my asthma, should I try a new medication? 😣",Pulmonology
"After walking, I have some pain under my foot... it hurts to take another step 😣.",Orthopedics
I feel like I’m always thirsty and can’t quench it. so annoying!,Endocrinology
I'm feelin' nauseous 🤮,Gastroenterology
The area around my heart doesn't feel good 💔,Cardiology
I had pain in my knee when I was swimming... it was unexpected 🏊‍♂️😖.,Orthopedics
"My baby was born early and now has an infection, is that common for preemies 😰",Pediatrics
"My muscles feel so tired, even tho I haven't done much. It's like they’re always fatigued for no reason.",General Medicine
Doc says I'm doing good but why do I still feel so lost and stuck in this addiction?,Psychiatry
I feel so sad 😞.,Psychiatry
"I feel like my blood circullation is really poor, my legs feel so heavvy",Hematology
I feel pain in my stomach... it’s quite persistent 😣.,Gastroenterology
"My vision gets blurry sometimes, but it clears up. so weird!",Endocrinology
"Whenever I play tennis, I get this awful shoulder pain 🎾",Orthopedics
can't sleep cuz of this stupid coff 😫 it’s been keeping me up all night,Pulmonology
"When I get up, I find that I have a stomach ache, and I tried to take medicine, but my stomach still hurts 😢.",Gastroenterology
I have found some issues in my skin and tried to use cream but it doesn't get better.,Dermatology
"I feel pain in my neck after waking up, it's like I slept wrong and now I can't move 😖",Orthopedics
"Every time it rains, I get hives on my belly and sides... it's so uncomfortable 😣.",Dermatology
"One minute I’m fine, the next I’m snapping at my partner. 😠",Psychiatry
I used alot of pain killer to get better but i still feel the same back pain 💊😣.,Orthopedics
My arm hurts when I stretch 💪😣,Orthopedics
My ear hurts and it's worse when I swallow 😣. My ear is very painful and Tylenol hasn't helped,ENT
"When I force my eyes to view I have blurry vision, it’s like everything is out of focus 😕",Ophthalmology
"My body feels like it's in a refrigerator, I'm freezing all the time 🥶.",General Medicine
i have shoulder pain after doing any home work 🏠,Orthopedics
My shoulder muscle hurts when I try to reach up. 😣,Orthopedics
"I walked for a long 3km n now my foot hurts like crazy, pain feels like foot ache. Can't even stand on it 😫",Orthopedics
"Sharp pain in my ear, started suddenly and it’s intense 😫",ENT
my hair’s falling out n it’s freaking me out..it’s everywhere 😨,Dermatology
"My entire body is freezing, even with all the blankets on 🥶",General Medicine
"My body feels like it's in a refrigerator, even with layers on 🥶",General Medicine
"Feels like there’s something swollen and inflamed behind my knee, so uncomfortable 😩",Orthopedics
"My child’s asthma medication isn’t working as well as it used to, what’s the next step?",Pulmonology
"I have blurry vision during swimming training, why? 🤔",Ophthalmology
Even though I'm an adult my face keeps breaking out in pimples 😡.,Dermatology
I had a cold the last time I traveled by plane and I still have discomfort in my ears. 🎧,ENT
When I lift my arms up I have a soreness in my shoulders. 😣,Orthopedics
I feel cold although it’s summer 🌞❄️.,General Medicine
I have acne on my face and other dermal problems like itching... it’s very distressing 😕.,Dermatology
I got a pain in my elbow joint 😣,Orthopedics
"The pain in my tooth is unbearable and it’s been goin' on for days, what should I do? 😩",Dentistry
I wish this excruciating feeling of loss could go away 😔.,Psychiatry
Sterilizer for the eye.,Ophthalmology
"Got injured exercising, now can't move my arm properly 😖",Orthopedics
I feel shoulder pain at intervals of time. 😩,Orthopedics
I get super happy and then suddenly sad. it’s exhausting!,Psychiatry
Feeling suffocated all day. Should i see a doc2r?,Pulmonology
"Sometimes my stomach hurts after I eat, especially if it’s sweet.",Endocrinology
After walking I have some pain under my foot 🚶‍♂️👣.,Orthopedics
woke up with a stiff neck again...hurts to turn it,Orthopedics
"I feel a dull ake in my ankle all the time, especialy when I walk",Orthopedics
I have some terrible problems when I’m breathing during the night 😴.,Pulmonology
"I'm just so disappointed, feeling down lately 😔",Psychiatry
"My back hurts a lot these days, don't know why 😕.",Orthopedics
I feel heart pain when I walk a lot 💔.,Cardiology
I have a throbbing in my joints... it’s very painful 😣.,Orthopedics
I get clusters of pimples on my face that never go away 😠.,Dermatology
"When I walk up a flight of stairs, my right knee hurts 😖",Orthopedics
"My eyes are lookin' yellow and I feel weak, is this a liver problem? 😩",Hepatology
I hate having to prick my finger every day. it hurts! 😩,Endocrinology
i can't breathe 😮‍💨.,Pulmonology
"I feel great pain in my shoulder when I try to lift something heavy, it's unbearable 😖.",Orthopedics
"Acne is the worst! It's so embarassing and RED, can't deal with this",Dermatology
Something dark is on my arm 😟,Dermatology
I feel pain in my ears with tinnitus 👂🔊.,ENT
My upper back has been sore for a week... it’s really persistent 😣.,Orthopedics
My shoulder’s in so much pain...can't even lift my arm properly 😖,Orthopedics
My ankle is hurting me... it’s very painful 👣.,Orthopedics
"I feel shoulder pain at intervals of time, comes and goes but when it comes, it's really bad 😣",Orthopedics
"I get a headache every time I drink a lot of water, it’s weird 🤔",Neurology
I can’t ride my car at night because I have blurry vision 🚗.,Ophthalmology
My neck hurts me and i can't stand with this pain 😖.,Orthopedics
After a breakup I feel something strange in me 💔🤔.,Psychiatry
I feel a pain in my back when I sit on a chair for long 🪑.,Orthopedics
I have a pain in my joint 😩,Orthopedics
"When I drink a lot, I get a headache 🤯",Neurology
"Always mixing up dates and times of my appointments, it's embarrssing 😔",Neurology
I was kicked in the head playing soccer last night 😵‍💫.,Orthopedics
"Headache almost every day, it's becoming unbearable 😔",Neurology
"The pain in my tooth is constant and really botherin' me, what should I do about this?",Dentistry
"My biceps started aching after gym, like I'm wondering if I overdid it or something 🏋️‍♂️",Orthopedics
Stomach pain after drinking milk 🥛😖.,Gastroenterology
I feel suicidal 😞💔.,Psychiatry
I have a sharp pain in my neck 😖,Orthopedics
My face is all broken out with pimples 😞.,Dermatology
"Been feeling super sad lately, can't shake it off 😞",Psychiatry
I feel pain in the knee when walking 😣,Orthopedics
My lower back hurts but it improves if I stretch it. 😣🧘‍♂️,Orthopedics
I'm not good; I'm feeling so cold 😞.,General Medicine
"Words come out so slow, and ppl keep thinking I’m pausing on purpose",Neurology
"When I stand up too quickly, my vision is blurry... it’s hard to focus 😕.",Neurology
My heart feels like it's racing like hrs,Cardiology
I have dry skin 😓,Dermatology
I have the impression of having no strength in my body 😩,General Medicine
my ear hurts me badly 😖,ENT
"I've tried reading books, but nothing can cheer me up 📚😞.",Psychiatry
I have a skin rash after eating an ice-cream 🍦,Dermatology
My head aches since I woke up this morning 🤕.,Neurology
"I feel cold and chills even though my clothes are heavy, it's like I'm freezing from the inside out 🥶",General Medicine
My shoulder aches when I try to lift five pounds. 🏋️‍♀️,Orthopedics
"Doc said I have an iron deficiency, does that mean I have bad blood?",Hematology
"When I tried to be warm and wear more clothes, I found that I was still cold... it’s very frustrating 🧥🥶.",General Medicine
"My face breaks out with acne so often, it’s really annoying 🙄.",Dermatology
"My neck hurts me, and I can’t look down or up 😖.",Orthopedics
My knee hurts when I walk 😖,Orthopedics
I feel a constant discomfort in my bladder and it’s gettin' worse with time.,Urology
I had pain in my knee when I was swimming 🏊‍♂️,Orthopedics
It feels like something is being jabbed into my joints 😖.,Orthopedics
"Can't keep focus, my head feels like it's about to explode 😵",Neurology
I feel heart pain when I walk a lot... it’s very concerning 💔.,Cardiology
"I often get a stomach ache after I eat, can't figure out what triggers it. It’s frustrating! 🤢",Gastroenterology
I have acne on my face and other dermal problems like itching 😟.,Dermatology
"Shoulder's been actin up, pain whenever I try to lift somethin",Orthopedics
My acne gets worse when it is hot... it’s very frustrating 🌞.,Dermatology
I feel pain in my back... it’s constant and bothersome 😔.,Orthopedics
I often get a sharp pain in my chest and can't tell what I'm doing that might be triggering it 😖,Cardiology
When I tried to take care of my hair I found that it is falling out 😰.,Dermatology
"I have a cold and it makes me cough alot, can’t seem to shake it off 😩",Pulmonology
I have shoulder pain when I try to carry my groceries... it’s very painful 🛒😔.,Orthopedics
Longitudinal burning line across my back with hard respiratory movements... it's so painful 🔥😖.,Orthopedics
I get an ear ache when I go to the pool 🏊‍♀️,ENT
"I’ve got a constant pain in my right side and feel nauseous, could it be my liver?",Hepatology
I don’t know why I’m always sad 😢,Psychiatry
"Have severe cold and cough, it’s really making me miserable. 😔",Pulmonology
I have a headache every time I eat ice cream 🍦🤕.,Neurology
When I was young I had an injury from sports in my knee 🏀.,Orthopedics
"Sometimes my body feels so weak, like I’ve got no energy at all 💪.",General Medicine
I often get a stomach ache after I eat. I haven’t figured out which foods might be the trigger 🤔,Gastroenterology
"Got back pain when I carry heavy stuff, can’t even lift anymore 💪😕",Orthopedics
"Woke up this mrng w a bad headache, ugh 😖",Neurology
"I feel back pain when I carry heavy stuff, it's like my back says ""nope, not today"" 😬",Orthopedics
I have a neck pain when I sit in-front of my laptop 💻😣.,Orthopedics
There are times I feel crushed under a huge weight and can’t get any air into my lungs. It's really scary 😱.,Pulmonology
"When I walk, I get a stabbing pain in the top of my foot. It's like, ugh, why can't it just go away? 😫",Orthopedics
Every time it rains I get hives on my belly and sides 🌧️😖.,Dermatology
My body feels weak after my first day in the gym; why? 💪😔,General Medicine
I can't turn my neck to the left without feeling a stabbing pain. 😖,Orthopedics
"It is hard to breathe when I am in the underground metro station, why? 🚇😣.",Pulmonology
I have blurry vision after using the wrong med 🤔,Ophthalmology
"I'm suffering from sharp cough, Accompanied by phlegm. Ugh, can't get a break from this 🫁😤.",Pulmonology
I can't walk cause i got a bad foot ache 😵,Orthopedics
"When I sneeze really hard, I get ear ache 😣",ENT
"Its like I can feel my eyes burnin, especially at night, no matter what drops I use",Ophthalmology
My foot hurts me a lot of playing football 😖.,Orthopedics
"Everything looks like being in a smoky area, it’s hard to see clearly.",Ophthalmology
I have a dry skin 🏜️.,Dermatology
"I'm feeling nauseous and it’s making me feel so sick, not sure why 🤢",Gastroenterology
I feel like I’m not completely emptyin' my bladder and it’s uncomfortable and annoying.,Urology
"My ankle’s been hurtin' for days, I can barely put any weight on it",Orthopedics
"Chronic issue with my hair follicles, pimples everywhere, and it’s getting worse.",Dermatology
I fell off my bike and since then I’ve had hard knee pain 🚴‍♂️,Orthopedics
Sometimes I feel like a claw on my chest that leaves me breathless. 😰✋,Pulmonology
"I can’t hear out of my ear properly, feels like there’s something in it 😖",ENT
I have a very rash sensation close to my arms 😣.,Dermatology
"i have a hard pain in my stomach, it's like someone is twisting it 😖",Gastroenterology
"When I eat, my stomach hurts so bad, I can't even finish my meal 😣.",Gastroenterology
My chest hurts when I go to take a breath 😖.,Pulmonology
"There are some pimples on my face that bother me a lot, and they just won’t go away 😠",Dermatology
"When I remember her, I feel down 💔",Psychiatry
My muscles in my lower back are aching 😣.,Orthopedics
I feel like I went to an acupuncture practice and had 100 needles in my shoulder... it’s really painful 😣.,Orthopedics
Put on my glasses n still can’t see clearly... what’s wrong with me? 😖,Ophthalmology
"I had a cold the last time I traveled by plane, and I still have discomfort in my ears, it's so annoying 😷.",ENT
My foot had been aching since last Tuesday. 😣👣,Orthopedics
I carried a heavy bag yesterday and when I got up today I felt a great shoulder pain... it’s very painful 💼.,Orthopedics
"pain in my ankle joint, feels like something's throbbing when I walk 🦶",Orthopedics
I have pain in my chest that saddens me... it’s really affecting me emotionally 💔.,Cardiology
"My head feels so heavy, it’s hard to think straight 😣.",Neurology
I feel pain in my foot... it's hard to walk without limping 😕.,Orthopedics
I complain alot with my neck pain and i really need to be better 😩.,Orthopedics
In the morning my respiration is loud 😴.,Pulmonology
I feel pain in my heart when I wake up 💔😢.,Cardiology
"Blurry vision since I woke up this morning, what could be the reason? 🤔",Ophthalmology
"I was playin soccer n I twisted my ankle, it’s so swollen n painful 😣",Orthopedics
"My heart hurts when I exercise, it’s like a dull ache that won’t go away 💔",Cardiology
"It feels like someone is hammering my head, pain is unbearable. It throbs badly",Neurology
Since I went into the forest I have pain on my ear. 🌲😣,ENT
"Feels like I can't take a deep breath, it's terrifying. 😥",Pulmonology
"My left ear is ok, but the right one feels like it's being stabbed with a nail, it’s so painful 😣",ENT
Every time I look to left I feel a sharp pain in my neck 😖.,Orthopedics
My face has broken out in painful red spots and lumps that no matter how much I clean my face don’t seem to be going away... it’s very frustrating 🌟.,Dermatology
"Anytime I play tennis 🎾, I feel a shoulder pain, it's really affecting my game 😩",Orthopedics
My chest is breaking out with red pimples and whiteheads 😫,Dermatology
"The skin on my hands is so dry it hurts to wash them, help!",Dermatology
My face breaks out badly every month around my cycle 😞.,Dermatology
"My neck has been sore since the accident, can’t turn it properly without pain 😞",Orthopedics
Are pimples a skin disease? 🤔,Dermatology
"I have a pain in my head that just won’t go away, it's constant 😩",Neurology
"im always yawning, even tho i got like 8 hrs of sleep, smh",General Medicine
"I have a headache every time I eat ice cream, it’s so frustrating 😫",Neurology
"i can't move my leg, there's pain in the joint and it's so bad, idk what to do 😢.",Orthopedics
My skin is very dry and peeling... it’s very uncomfortable 🌿.,Dermatology
"Both my eyes r so bloodshot, they itch non-stop, feelin like I can’t focus at all 😵‍💫",Ophthalmology
There's so much pain when I move my arm... it's unbearable 😫.,Orthopedics
"I can’t do any exercise, I feel so weak 😩",General Medicine
There's this constant tickle in my throat that just won’t go away 😫,Pulmonology
My fertility tests are showing abnormal results and I’m worried about what this means for us 😔,Urology
I have an ear ache that won't go away. I don't have a cold or headache or any other symptoms. Just an earache 👂😣.,ENT
"When I got up, I had a stomach ache, and I tried to take medicine, but my stomach still hurts 😖",Gastroenterology
Sharp pain in my calve 😩,Orthopedics
I have dark spots on my skin that are becoming more noticeable 😕,Dermatology
"My hair is falling out in huge amount, it’s stressing me out 😟.",Dermatology
My neck feels stiff 😖,Orthopedics
I’ve been coughing like crazy with this cold 🤒,Pulmonology
My heart is pumping fast and I'm having a hard time to breath 💓😓.,Pulmonology
"I often blank out during meetings, it’s so embarrassing.",Neurology
I have a rash on my skin... it’s very bothersome 🌿.,Dermatology
"I’m always cold, even when it’s warm out. is that normal?",Endocrinology
I just can't seem to get warm. Even when everyone around me is warm I always feel cold 🥶😞.,General Medicine
I have a skin rash after eating ice cream 🍦😢,Dermatology
It hurts when I raise my arm up... it’s quite painful 😣.,Orthopedics
I have trouble sleeping at night. I wonder if it’s related?,Endocrinology
Are pimples considered a skin disease? 🤔,Dermatology
I can’t walk normmaly 'cause my ankle pain is just too much to handle,Orthopedics
My shoulder is hurting me 😣.,Orthopedics
shoulder pain is so bad that I can't even lift my bag 😖 help plz,Orthopedics
"I feel a lot of pain in the joints, it's really tough 😔.",Orthopedics
"Any time I move my shoulder, pain shoots down my arm.. can’t even lift stuff",Orthopedics
"I have difficulty moving my neck, it’s super stiff and painful 😣",Orthopedics
I feel a sharp pain in the stomach after eating... it's unbearable 😣.,Gastroenterology
"My cough is very heavy, and I have mucus 🤧.",Pulmonology
"i have a problem in my back i cannot extend it, it's been hurting for days 😢",Orthopedics
"Get red patches on my chest that worsen when hot, probably acne? 😕",Dermatology
"My muscle in my shoulder burns when I move my arm, like fire 🔥. So annoying, can't even do basic stuff.",Orthopedics
I hate it when I have to explain my diet to people. 🙄,Endocrinology
Standing for less than 5 mins and my back starts aching so bad...what's goin on 😫?,Orthopedics
My face has random patches that feel hot and look inflamed. Is that normal?,Dermatology
I feel like my heart is on fire 🔥.,Cardiology
Under my skin it burns when I’m doing sports,Orthopedics
I feel pain when parting from loved ones 💔,Psychiatry
I have back pain since I fell on the floor... it’s very painful 😣.,Orthopedics
"My head hurts, then I lose feeling in my face, and my sight goes, what's going on?! 😳😣",Neurology
The severe pain in my stomach I feel 😩.,Gastroenterology
When I eat too much sugar my body gets weak and dizzy.,General Medicine
I feel like I fell in hot water 😵‍💫,Dermatology
"My stomch feels fulll and upset, bloating after big meals.. 😣",Gastroenterology
"Sprained my ankle while running, now it hurts whenever I walk.",Orthopedics
"I have the impression of having no strength in my body, it's like I'm a walking zombie 🧟",General Medicine
The pain feels like it's right below the skin. 😣,Orthopedics
"My joints throb whenever I move them, especially when I get up in the morning.",Orthopedics
I've been over my cold for weeks but still cough every day 🤒.,Pulmonology
"My finger joints hurt in the morning, takes a while to loosen up. Is this arthritis?",Orthopedics
"My skin color on my back is red, I don't know why 😟",Dermatology
I don't have problems taking in breath but out breath is so heavy. 😤,Pulmonology
"My skin itches like crazy, I gotta scratch every minute 😣🦵",Dermatology
I had a collision while playing soccer. My knee buckled and now it's unstable. ⚽🦵,Orthopedics
I feel a pain in my neck 😩.,Orthopedics
"Injured in sports, can't move at all now",Orthopedics
"Had a lot of acne back in highschool, still bothers me sometimes 😔",Dermatology
I have some kind of rash on my belly that’s super embarrassing to show!,Dermatology
I have blurred vision 😕.,Ophthalmology
There is so much pain when I move my arm 😩,Orthopedics
"The pain is INTENSE especially when I go down the stairs, feels like somethin' snapped inside my knee 😩",Orthopedics
The skin on my chest is getting darker and it’s really worrying me!,Dermatology
"Words are getting stuck in my head, like I can’t talk right",Neurology
"My husband says I should see someone, but I'm not sure if it’s serious.",Neurology
I feel like my breath is constantly bad and I don’t kno why it’s happenin' 😷,Dentistry
Hearing any loud sounds makes my ear ache... it’s very painful 🎧.,ENT
"I hv blurry vision & can't see in the dark 😵‍💫, what cud be the reason doc?",Ophthalmology
"When I'm driving 🚗, my eyes see double, it's really scary 😨",Ophthalmology
"Theres this weird pain on the inside of my ankle, feels like somethin’s not rite 😕",Orthopedics
I feel pain in my right shoulder after the tennis match 🎾.,Orthopedics
I have mental suffering 🧠😔.,Psychiatry
I'm dissapointed in everything...,Psychiatry
"When I eat, I feel my stomach hurts 🤢",Gastroenterology
I have a hard muscle pain since I went to the gym... it’s very intense 🏋️‍♂️.,Orthopedics
I have acne all over my face 😔,Dermatology
There's swelling in my neck and it hurts 😣,Orthopedics
I can't work well because I have pain in my knee... it’s very distracting 😟.,Orthopedics
Sometimes my body feels weak without reason 😞.,General Medicine
I have an indigestion 🤢,Gastroenterology
I hit my head at the basketball game... could I have a concussion? 🏀🤕,Orthopedics
"I’ve got this pain in my ankle that won’t go away, even when I rest 😕",Orthopedics
"My doc said I have low hemoglobbin, is that bad?",Hematology
"Every time I park the car, I 4get where I put it! 😫",Neurology
"My heart aches so much, feels like it's not just emotional 💔.",Cardiology
I think there's fluid in my ears... it’s making me feel off 😣.,ENT
"i was injured during football match, i was diagnosed with Cruciate ligament ⚽😟.",Orthopedics
I tried a lot of creams but I still have the same skin problem... it’s really discouraging 🧴.,Dermatology
"My skin is very dry and peeling, looks like it's cracking 😩",Dermatology
"Stiffness in my neck, can’t look right or left without moving my whole body 😞.",Orthopedics
"I feel a sharp pain in my stomach right after eating, it’s really uncomfortable 😣.",Gastroenterology
Sometimes I can’t rember what I was about to say mid-sentence,Neurology
"My skin color on my back turned red 😳, no idea why though!",Dermatology
I have shoulder pain when I try to carry my groceries... it’s really uncomfortable 🛒😣.,Orthopedics
"I feel weak and dizzie, doc said it could be anemea",Hematology
My shoulder hurts when I try to reach something above my head 😖👐.,Orthopedics
There is pain in the muscles I do not know caused 😣.,Orthopedics
I've had this cough for two weeks 🤒.,Pulmonology
I can't sleep because I have a hard cough 🤧.,Pulmonology
"I never had any acne problem until my last pregnancy, when all of a sudden my back got covered in zits... it’s very frustrating 🤰.",Dermatology
I feel pain in my stomach 😩,Gastroenterology
"I am worried about how cold intolerant I am; I am always shivering, even out in the sun... it’s really concerning ☀️🥶.",General Medicine
Feels like there’s a swollen knot at my shoulderblade and pain shoots from it 😖,Orthopedics
There is a sharp pain in my calf 🦵😣.,Orthopedics
"My face breaks out badly, pimples every month during my cycle 😩",Dermatology
I feel discomfort throughout the body in general 😞.,General Medicine
"I get tired too fast, I can barely put on my clothes in the morning 😴.",General Medicine
"I wish they had candy after the shots, makes it less scary for the kids 🍬",Pediatrics
"When I get up, I see my skin vague 🤔.",Dermatology
"I feel a great amount of pressure in my head, like it's gonna burst 😫",Neurology
"When I talk, it feels like I'm forcing the words out...",Neurology
I get clusters of whiteheads and blackheads on my back 😩,Dermatology
"After he left, i don't wanna live anymore",Psychiatry
I wish this excruciating feeling of loss could go away. 😔,Psychiatry
"I was diagnosed with B12-deficiency anemia, which explains why I always feel cold 🥶",General Medicine
I hit my head at the basketball game. Could I have a concussion?... it’s very concerning 🏀🤕.,Orthopedics
I have a blurry vision after my head was hit yesterday 🤕👀.,Ophthalmology
My ear hurts when I touch it 👂.,ENT
I have an issue with my skin... it’s very bothersome 🧴.,Dermatology
"Feelin chilly, like an ice cube. Even with several blankets, still cold 🥶",General Medicine
I feel emotionally crushed 💔.,Psychiatry
"My stomach feels bloated & upset after big meals 😣, it's uncomfortable.",Gastroenterology
"At first, it feels numb, but then a thousand needles start pricking thru my foot 🦶😖",Orthopedics
I feel like I'm tripping over my own tongue,Neurology
"There must be something wrong with my blood circulation. I have to wear socks even on the hottest days, my toes are frozen! 🥶",General Medicine
I feel very hard to breathe 😩.,Pulmonology
"Stabbing pain in the top of my foot when I walk, really bad 😣",Orthopedics
i'm so disappointed... dunno wht to do anymore 😔,Psychiatry
I feel pain in my knee 😣,Orthopedics
"Redness, swelling, and difficulty walking... it’s very concerning 😔.",Orthopedics
Sometimes I look for my glasses but they're on my face! 😂,Neurology
I have blurred vision... it's hard to see things clearly 👓😕.,Ophthalmology
"My baby’s been in the NICU for an infection, how long do newborns stay sick",Pediatrics
I can’t seem to keep friendships cause I push ppl away when I’m stressed.,Psychiatry
"My knee doesn't bend well, feels like it's stuck or something 😟",Orthopedics
I have an earache when I go to the pool 🏊.,ENT
I can't move my head up and down 😣.,Orthopedics
"i walked a long for 3 km, i feel pain in my foot like foot ache 🦶",Orthopedics
"When I bend over, I get a shooting pain down my back 😖",Orthopedics
I’ve noticed a change in the color of my urine and it’s a bit alarm'n and I’m worried.,Urology
"My arm hurts whenever I stretch it, feels like it's gonna tear apart 😖",Orthopedics
"My lower back muscles are aching so bad, idk what’s causing it 😣",Orthopedics
"My ankles are swolen and painful, it's hard to stand or walk for long periods",Orthopedics
I get knee pain when I walk a lot... it’s very bothersome 🏃‍♂️.,Orthopedics
"Got a sore throat, it’s been bothering me a lot lately 😖",Pulmonology
"My heart hurts so bad, it’s a constant dull ache that won't go away 😔.",Cardiology
I feel fluid tryna come up when I cough 😓.,Pulmonology
"When I sneeze really hard I feel a sharp ear ache, like it's throbbing 😩",ENT
My stomach has been sore since yesterday... it’s quite persistent 😔.,Gastroenterology
"I thot we were done with shots after last month, but there’s more?? 😩",Pediatrics
"I don’t have the energy to do the things that I used to, feel so drained all the time 😔",General Medicine
"My grandma went to the hospital last year because she was having a hard time breathing, really scared us 😟",Pulmonology
My ear hurts when I touch it 👂😖.,ENT
My back hurts so much I can't bend down to tie my shoelaces.,Orthopedics
"When my grandfather died, I felt a hard emotional pain... it’s very difficult 😞.",Psychiatry
My nose is congested all the time and there's this gluey secretion in my throat 🤒 that makes it impossible for me to sleep. I often have to nap sitting down.,Pulmonology
"My toenails hurt when I wear tight shoes, they always feel squished!",Dermatology
i got a skin issue 🧴,Dermatology
My face is all broken out with pimples 😞.,Dermatology
"I can't walk at all coz my foot aches so much, feels like it's on fire 😢",Orthopedics
chronic disease of hair follicles and sebaceous glands...ugh 😓,Dermatology
"I keep getting infections, doc said it’s cuz of my white blood cells 😷",Hematology
"Tried IUI but it failed, dnt knw what to do nxt",Gynecology
My head hurts when I'm doing this... it’s really intense 😕.,Neurology
"There is a sharp pain in my bicep, I've tried everything, but nothing seems to help 😓",Orthopedics
Carried a heavy bag yday & now my shoulder hurts sooo bad when I woke up today 😖,Orthopedics
i was watching tv and suddenly have blurry vision 📺😕.,Ophthalmology
I feel weak all over. 😔,General Medicine
I have blurry vision after my head was hit yesterday 🤕,Ophthalmology
When I eat sugar I notice my vision blurs 🤯,Ophthalmology
"Using hair tonic but my hair is still falling out, so much of it everywhere 😢",Dermatology
"My hair's falling out, like a lot, n I dunno why 😢🧑‍🦲",Dermatology
"I think I overdid it carryin all that wood, my lower back is killing me now 😣",Orthopedics
My biceps started aching after I went to the gym... it’s quite intense 🏋️‍♂️😖.,Orthopedics
"I love to walk and be outside 🚶‍♀️, but the bottoms of my feet get sore so quickly 😩.",Orthopedics
My friends don’t get how hard it is to manage this. 🙄,Endocrinology
I often get a sharp pain in my chest and can't tell what might be triggering it 😣.,Cardiology
Docs said I might hv low fertility but theyre not sure yet,Gynecology
It feels like someone stuck a knife into my shoulder 😫,Orthopedics
My ankle is hurting me 😖.,Orthopedics
My stomach has been sore since yesterday. 😩🍽️,Gastroenterology
I tried to put on my glasses to see more clearly but can’t find any change 🤓,Ophthalmology
Is there a cure for acne? 🤔💭.,Dermatology
"I feel like my heart’s poundin hard even when I’m sittin still, is that blood-related?",Hematology
I'm very worried that I'll go bald soon 😰 Am I very sick?,Dermatology
Mr hair is falling out just by combing it. 😢,Dermatology
I feel discomfort throughout the body in general... it’s very troubling 😣.,General Medicine
I feel pain in the knee 🦵😣.,Orthopedics
I feel like I’m draggin’ my feets when I walk and it’s takin’ alot of efort 😕,Neurology
"Evryone around me is getting pregnant, but its not happning 4 me",Gynecology
I can't get warm no matter how much I wrap up or how high I turn the heating 🥶,General Medicine
My grandmother last year went to hospital coz she was having a hard time breathing. Scary times 😟.,Pulmonology
"I get pain in my knee whenever I walk, it's very persistent 😣",Orthopedics
I feel severe itching in the skin with redness. 🤯,Dermatology
"Getting tired of these random bleeds, can't wear white anymore",Gynecology
"I feel pain in my back, it's just so annoying and constant 😖.",Orthopedics
"My blood sugar is low, even tho I eat regularlee, why’s this happenin’?",Hematology
I wake up at night feeling cold 🥶.,General Medicine
"I’m having difficulty with sperm production and it’s affecting our ability to get pregnant, and it’s really hard for us 😣",Urology
"Can't warm up no matter what, even with layers on and the heating turned up. 🥶",General Medicine
"I have an indigestion. Always after meals, just sits like a rock in my stomach 😩.",Gastroenterology
My hair is falling out... it’s very distressing 💇‍♂️😔.,Dermatology
I have a red rash that is itchy on my skin... it’s really bothering me 😖.,Dermatology
"My back hurts me, and I can’t bend it or walk 😔.",Orthopedics
It hurts when I raise my arm up 😣,Orthopedics
I tried to put my glasses to see more clear but cant find any change. 👓😕,Ophthalmology
"I’ve been experiencin' nausea and loss of appetite, could it be a sign of liver problems? 🤢",Hepatology
My knees hurt soo bad when i walk... feel like an old person at 30 😩,Orthopedics
"Got muscle pain in my left leg, it's been hurtin all day idk why 🤔",Orthopedics
"My left ear is fine, but my right one feels like it’s being stabbed with a nail 😤",ENT
I’ve forgotten my laptop password more than 3 times this week alone!,Neurology
I feel muscle pain every time I make an extra effort 💪.,Orthopedics
I got injured exercising 😖.,Orthopedics
"I don't want to go to meetings, they just make me feel worse about myself tbh.",Psychiatry
"My friends say vaccs are a scam, but I’m just tryna do what’s best for my kid.",Pediatrics
Chronic bone disease at the level of the doubles of the lower Extremities 😢,Orthopedics
When I think of my parents I feel so much pain 😢,Psychiatry
I used to have acne when I was 15 years old 😢,Dermatology
My hair isn't well 💇‍♂️.,Dermatology
I've got a hard time to breath- am I having a heart attack? Scary 😨,Pulmonology
"I have a dull ache in my head, feels like it’s never-ending 😔",Neurology
"I feel pain in my legh muscles after I ran yesterday, took some painkillers but it still hurts 😣",Orthopedics
"I keep getting asthma attacks when I’m stressed, is there a way to manage that? 😥",Pulmonology
"Yesterday, I had shoulder pain, it’s been bothering me a lot lately 😖.",Orthopedics
"My upper back has been sore for a week. Can't figure out why, just always feels tight 😣.",Orthopedics
My head hurts whenever I try to do something 😖.,Neurology
"My stomach feels full, upset & bloated after big meals 😖",Gastroenterology
"I have blurry vision after my head was hit yesterday, it’s like looking through a foggy window. 😵",Ophthalmology
"My knee feels weak, gave way at the top of the stairs 😲 lucky I grabbed the rail!",Orthopedics
"I think I sprained my ankle; it rly hurts. Swollen and everything, can't even put weight on it 😣.",Orthopedics
muscle pain but didn’t workout tho 🤔,Orthopedics
When I was washing my hair it was falling out heavily 😩,Dermatology
"I can't do anything, I feel weak in my body 😓",General Medicine
I can't breathe because of a cough... it's making me feel suffocated 😷.,Pulmonology
"I can't stand up, I feel my brain is moving inside my skull 🤯.",Neurology
"Sharp pain in my head when I think too hard, need to rest 😩",Neurology
I think I overdid it when I carried all that lumber from the yard; my lower back is killing me... it’s really painful 😖.,Orthopedics
I have a hard muscle pain since i went to the gym 🏋️‍♂️😣.,Orthopedics
I feel shoulder pain at intervals of time. 😣🕒,Orthopedics
"my abdominal muscles have great pain since i was at the GYM, it's like I overdid it 😅",Orthopedics
I have difficulty moving my neck... it’s really bothersome 😣.,Orthopedics
The joints in my fingers hurt in the morning 😖,Orthopedics
"Pain in the large neck, it feels so stiff and sore 😫",Orthopedics
"dry throat n coughing all the time, makes me feel awful 😷",Pulmonology
I can't stop coughing... it's so persistent 😷.,Pulmonology
i have a great pain in my thorax from heart injury. 💔😖,Cardiology
"After playing football, I have muscle pain with my both legs, it’s exhausting.",Orthopedics
It's hard to see things 😵,Ophthalmology
Cramps along my whole abdomen 😖,Gastroenterology
Mr hair is falling out just by combing it.,Dermatology
how do i know if i tore my meniscus or something?,Orthopedics
"Pain radiates from my chest to my left arm, feels intense 😣",Cardiology
I have a dull ache in my head... it’s persistent and annoying 😖.,Orthopedics
I can't walk because i have a great foot ache 😢👣.,Orthopedics
"lots of pimples, dark spots in differner parts of my body",Dermatology
"My scalp is super sensitive since treatment, it’s driving me nuts!",Dermatology
"I’m havin’ trouble with my gait, it’s so unsteaddy and awkard 😣",Neurology
"I have whooping cough with excess mucous, need mucolytic urgently 😷",Pulmonology
"After that tennis match, my right shoulder’s been killing me...feels like something tore 😔",Orthopedics
I have acne all over my face... it’s really affecting my confidence 😕.,Dermatology
It’s like there’s this intense pain in my left shoulder 😣,Orthopedics
Bleeding so much that I’m scared to leave the house 😓,Gynecology
"My knees seem to grind and ache as I go up or down stairs, it's painful 😓",Orthopedics
Skin breakin out real bad...so embarrassing 😥,Dermatology
"my child has cough all night, she can't sleep 😢.",Pulmonology
huge clumps of hair coming out in the brush when I comb it... so scary 🥲,Dermatology
"Injured myself during the soccer match, now my knee's all swollen up",Orthopedics
"I can't walk properly, my knee hurts me so bad, every step is painful 😫",Orthopedics
"Can’t do any exercise, I feel weak and tired 😫.",General Medicine
Every time I take a deep breath I start coughing... it’s very distressing 🤧.,Pulmonology
When I play sports I get this burning sensation in my spine 🏃,Orthopedics
"I don't know why I feel cold, it’s so weird 🥶",General Medicine
My nose is congested all the time and there's this gluey secretion in my throat that makes it impossible for me to sleep. I often have to nap sitting down 🤧🛏️.,Pulmonology
I have an ear ache that won't go away. I don't have a cold or headache or any other symptoms. Just an earache 👂😣.,ENT
"I'm having difficulty moving my knee, it feels stiff and painful 😣.",Orthopedics
I have pain in my stomach 🤢.,Gastroenterology
My knee hurts when I play squash 🏸.,Orthopedics
I can't stand this horrible feeling in my stomach 😔.,Gastroenterology
I've got a hard time to breath- am I having a heart attack? 😨💔.,Pulmonology
"strange pain inside rib cage, feels like my hrt is being squished 💔",Cardiology
"I feel like I just can't cope anymore, I feel overwhelmed and like I just can't get a break 😩",Psychiatry
I can't carry anything because of this pain in my shoulder. 😣,Orthopedics
"I have whooping cough with excess mucous, need mucolytic, it’s really bad. 🤧",Pulmonology
"I have a very bad cough, it's really rough, feels like my chest is gonna burst 😷🤒",Pulmonology
I can't carry anything; I have a pain in my shoulder... it’s very limiting 😔.,Orthopedics
I'm having a hard time reading because the letters are all fuzzy. 👓,Ophthalmology
"My stomach aches when I eat hot food, why? 🌶️🤔.",Gastroenterology
"The pain is intense especially when I go down the stairs, it feels like something has snapped inside my knee 😵.",Orthopedics
I've been feeling very sad lately 😞.,Psychiatry
I feel pain in the knee when walking. 😫,Orthopedics
"waking up freezing at night, can't feel warm enough 🥶",General Medicine
"I’m experiencing issues with sperm production and it’s challenging for us to get pregnant, and we’re getting stressed.",Urology
"I feel so sore in my stomach area, pain’s been getting worse after meals 😣",Gastroenterology
My eyes are tired🫠,Ophthalmology
"My friends say I’m too sensitive, but I just feel things deeply, you kno?",Psychiatry
"I'm in need for a treatment for my hair fall, it’s getting worse every day 😞",Dermatology
"I have blurred vision, like everything is out of focus 👀",Ophthalmology
I've always been very active but now I just don't have the strength or energy to go for even a short walk. 😞,General Medicine
"I get jealous easily, and it makes me feel awful.",Psychiatry
"My joints ache whenever it is cold... it's like a constant, dull pain 😣.",Orthopedics
My memory’s gettin’ worse and I can’t recall thingz from just yesterday 😕,Neurology
In highschool I had a lot of acne.,Dermatology
The feeling of coughing increases in winter's reach... it’s very bothersome ❄️.,Pulmonology
I'm not good i'm feeling so cold 🥶😞.,General Medicine
"I cough a lot when I smell perfume, what is wrong with my lungs? 🤧👃.",Pulmonology
"I find myself daydreaming a lot, but then I forget what I was doing.",Neurology
"When I move my shoulder, it's like lightning is being sent through my shoulder, the pain is unbearable ⚡",Orthopedics
I just can't seem to get warm. Even when everyone around me is warm I always feel cold. ❄️,General Medicine
"My family says I’m too sensitive, but I can’t help it!",Psychiatry
Couldn’t exercise today coz my knee pain was unbearable 😖,Orthopedics
"Sometimes my feet tingle a bit, but doc said it’s nbd.",Endocrinology
"My CBC report indicates 10 hb, I feel tired from little work 😓",General Medicine
My mouth is dry and my breath smells bad. Could this be a sign of somethin' serious? 😕,Dentistry
"I can’t stop coughing, it’s like nonstop, ugh! 🤧😩",Pulmonology
"I wake up with a stiff neck every morning; massage helps, but then a couple of days later it’s back again... it’s very frustrating 😣.",Orthopedics
"I feel like a rash is taking over my skin, near my arms 🧐",Dermatology
"I get these insane headaches every couple of months, and when it hits, my vision goes haywire too.",Neurology
I have a headache every time I eat ice cream... it’s like an ice cream headache 😣.,Neurology
"I can't get a girlfriend because of my acne, it’s affecting my confidence and self-esteem 😞",Dermatology
"Blurry vision after swimmin' in pool, cud it be chlorine?",Ophthalmology
I wake up at night feeling cold 🥶,General Medicine
I have acne all over my face 😞.,Dermatology
"When I eat sugar 🍬, I notice my vision blurs 🤯.",Ophthalmology
"Can't jump on my left foot anymore, fractured my ankle a while back and the pain just won't go away.",Orthopedics
"My knee feels like it’s rusted and suddenly won’t bend, really painful 😩",Orthopedics
I don't do anything at home and still I feel exhausted. I just can’t figure out why 😩.,General Medicine
How can I know if I tore my meniscus? My knee is giving up on me,Orthopedics
"The blood comes and goes, I never know what to expect",Gynecology
I have throbbing in my shoulder 😩.,Orthopedics
"Started with tinnitus, now the pain is throbbing and unbearable 😣",ENT
"i can't move my leg, the pain in the joint is too much 😖",Orthopedics
"Feels like someone's hittin' my head with a hammer 🛠️, pain on top of my head & throbbing 😖",Neurology
"Hair falling out in chunks, is this normal? 😬",Dermatology
I have a great pain in my thorax from heart injury 💔😖.,Cardiology
I have some pain when I'm walking around my knees.,Orthopedics
I had a sharp pain in my stomach 😖,Gastroenterology
"Sharp pain in bicep, no relief from the cream, what do I do now? 💪",Orthopedics
I was playing football and injured my joint... it’s been really painful ⚽😖.,Orthopedics
"I can't move my head up n down, neck is so stiff 😣",Orthopedics
My fertility tests showed some issues with sperm quality. Should I see a specialist about this problem? 😟,Urology
"I’m always worried about my bad breath, is there somethin' more serious goin' on? 😓",Dentistry
My back hurts so much 😩 I can't even bend down to tie my shoelaces properly.,Orthopedics
"My neck hurts so bad, can't sleep properly 😔",Orthopedics
There is a sharp pain in my ear whenever I do this 👂😣.,ENT
My stomach aches after I drink any soda... why? 🥤😣,Gastroenterology
I have a pain in my elbow joint 😣.,Orthopedics
"I can't do anything, I feel so weak in my body, like I have no energy at all 😔",General Medicine
"When I bend over, I get a shooting pain down my back, it's like lightning ⚡ running down my spine 😣",Orthopedics
"There's so much pain when I move my arm, it just won't go away 😫.",Orthopedics
"I was playing basketball yesterday and sprained my ankle, it hurts so much 😖.",Orthopedics
I broke my ankle while doing rock climbing in the Carpathians. 🧗‍♂️,Orthopedics
"I feel something hurting me when I try to breathe and I can’t get a full breath, it’s really distressing 😥",Pulmonology
Vision goes blurry whenevr I try to read for more than 5 mins,Ophthalmology
i have disterbance in my emotion 😔,Psychiatry
I have indigestion and it’s making me feel so uncomfortable after eating 😟,Gastroenterology
"When i'm driving my eyes see in double, it’s dangerous 😓.",Ophthalmology
"I think I might have overdone it with the weightlifting, I’m afraid I’ve torn a muscle in my back 😖.",Orthopedics
"My ear is ringing... it won't stop, and it's driving me crazy 🔔😖.",ENT
"Redness, swelling, and difficulty walking 😵‍💫",Orthopedics
I cannot bear this squeezing sensation I have in my chest. 😰💔,Cardiology
"After playing tennis 🎾, I had a powerful sensation close to my neck, it's so painful 😖",Orthopedics
"I keep getting bruses everywher, even tho I don’t bump into anything",Hematology
I’ve been dealin' with a lot of pain and burnin' during urination and it’s really frustratin'.,Urology
I feel joint pain every time I move 😖.,Orthopedics
My heart hurts 😖.,Cardiology
"My husband left me for another woman 😔, my heart hurts so badly to the point I can't eat or sleep 😥",Cardiology
My neck hurts me and I can't look down or up 😖.,Orthopedics
My bones ache.,Orthopedics
"My skin is itchy and inflamed, it’s spreading and so uncomfortable 😣",Dermatology
I can laugh one minute and cry the next. is this normal?,Psychiatry
Bending down gives me sharp pain down my back...,Orthopedics
I have pain in my colon and stomach like something cutting it 🔪.,Gastroenterology
"Every time I comb my hair, there are so many hairs in my comb 😨",Dermatology
"I can't stand up, I feel my brain is moving inside my skull, it’s giving me a headache 😣",Neurology
I walked a long 3 km and I feel pain in my foot like foot ache... it’s very painful 🚶‍♂️.,Orthopedics
I have a scab on the back of my hand that just won't go away 🖐️😔.,Dermatology
"When I tried to take care of my hair, I found that it's falling out... it's so distressing 😟.",Dermatology
My ear hurts when I touch it... it's really sensitive 😖.,ENT
"I feel muscle pain every time I make an extra effort, it's like my muscles are rebelling against me 😣",Orthopedics
I’m havin' trouble with urine leakage and it’s really affectin' my quality of life in a negative way 💦,Urology
I have shoulder pain after doing any home work 🏠.,Orthopedics
"When I move my shoulder, pain shoots down my arm 😣.",Orthopedics
"I’m feelin' really fatigued and my stomach is swollen, what could be causin' this? 😟",Hepatology
"I’ve been diagnosed with low platlets, and I don’t know what to do 😩",Hematology
I started taking swimming lessons and I guess I swallowed too much water through my nose; this sinusitis is killing me now 😷.,Orthopedics
After eating I have burning sensation inside of me. 🔥,Gastroenterology
idk if this is normal but im bleeding like crazy after my last period,Gynecology
"I can't walk, my knee hurts me 🦵😣.",Orthopedics
"After playing football, I have muscle pain in both legs 😩",Orthopedics
My throat is sore.,Pulmonology
My ear hurts and it’s worse when I swallow 😩. My ear is very painful and Tylenol hasn’t helped 😫.,ENT
"My acne gets 10x worse when it's hot outside, idk wht to do anymore",Dermatology
I could not exercise because of my knee pain... it’s really frustrating 😟.,Orthopedics
My hair is falling out in bunches... it’s really distressing 😢.,Dermatology
Chronic disease of hair follicles & sebaceous glands.,Dermatology
"I keep getting these sharp pains in my chest, don’t know what’s triggering it.",Cardiology
"I toppled over while jumping to catch the ball, now my ankle hurts a lot 😣",Orthopedics
"In high school I had a lot of acne, still dealing with some breakouts now. 😬",Dermatology
There is pain in my joints. I can not bear pain 😣.,Orthopedics
"I can't sleep, I have a hard cough that just won’t go away 😩.",Pulmonology
I feel really sad all the time 😢.,Psychiatry
i am having problems seeing things feel like a cloud on my eyes everything is blurry 😕.,Ophthalmology
I feel a clicking sensation in my knee each time I step. 😣🔊,Orthopedics
"my child has been coughing all night, she just cant sleep 😔",Pulmonology
My hair is falling out just by combing it... it’s very distressing 💇‍♂️.,Dermatology
"When I wake up, my whole body feels so weak, like I’ve got no energy at all. 😓",General Medicine
"ever since i turned 70, my back hurts, and nothing seems to make it better! 😩",Orthopedics
I have a headache every time I eat ice cream 🍦.,Neurology
I have shoulder pain after doing any home work 🏠😖,Orthopedics
"My knee gave way the other day at the top of the stairs, thank God there was a rail to hold onto, or I would’ve fallen 😣",Orthopedics
"i feel pain in my foot, maybe I need new shoes or something 😅",Orthopedics
"When I walk up a flight of stairs, my right knee hurts 😖",Orthopedics
I need a kind of cream which makes my muscles more relaxed... it’s very frustrating 💪.,Orthopedics
I feel a clicking sensation in my knee each time I step 🦵🔊.,Orthopedics
skin itching all over... what shld i do?,Dermatology
"I’m super nervous about my baby’s next shots, can anyone help?",Pediatrics
"I am struggling to bear weight on my knee; when I stand straight, I feel and hear a loud popping noise... it's really worrying me 😟.",Orthopedics
I read online that some vacines can cause autism... is that true?? 🤷‍♀️,Pediatrics
It feels like something is being jabbed into my joints 😣.,Orthopedics
"I am worried about my driving, because I can barely focus when I am at the wheel; my eyes feel teary, and it's so hard to see 😢.",Ophthalmology
My body feels weak and i think that my face is fade and i can't sleep well 😞.,General Medicine
i have a pain in my trapes.,Orthopedics
I lose a lot of my hair... it's so distressing to see it fall out 😢.,Dermatology
I feel heart pain when I walk a lot 💔.,Cardiology
"Feels like breathin thru a straw lately, sooo hard to get air",Pulmonology
Wake up with stiff neck everyday. Massage helps but it always comes back... idk what to do anymore! 😣,Orthopedics
I often get a sharp pain in my chest and I can't figure out what's causing it 😥,Cardiology
There are some pimples on my face that bother me a lot. 😩,Dermatology
"The cough gets worse as winter comes closer, I hate this time of year 😷.",Pulmonology
"When I walk, it’s hard to breathe... it’s very uncomfortable 🚶‍♂️😕.",Pulmonology
My knees ache on cold and rainy days 😕,Orthopedics
The acne was causing me to feel embarrassed... it’s affecting my confidence 😔.,Dermatology
"My head feels like it’s cracked like nuts, so much pain 😖",Neurology
"I feel this great pain in my left shoulder, it’s been hurting for days now 😣.",Orthopedics
"Omg it feels like someone is hittin my head with a hammer. Pain is unreal, throbbing so bad! 😖",Neurology
"Breathing in is fine, but exhaling feels so heavy 😓",Pulmonology
I feel confused about were I am an what I’m suppozed to be doin’,Neurology
"When I stand up too quick my vision is blurry, can’t focus on anything properly 😣",Ophthalmology
"i have a pain in my trapes, it’s like a deep ache that won’t go away 😔",Orthopedics
I've had this cough for two weeks 🤒.,Pulmonology
"My baby was born with an infection, why didn’t the doctors catch it sooner 😢",Pediatrics
My calves feel like they are tight as knots and are throbbing 😖.,Orthopedics
"My eyes r so sensitive to light lately, I have to squint just to walk outside!",Ophthalmology
Help! i struggle moving from one place to another🦴,Orthopedics
I was kicked in the head playing soccer last night ⚽🤕.,Orthopedics
My hair is literally falling out just by combing it 😩 what's happening?,Dermatology
"I get clusters of pimples on my face that never go away, it’s really frustrating 😠",Dermatology
The area around my ❤️ doesn't feel good.,Cardiology
"My movments are slow and delibrite, and it’s takin’ a toll on my daily activitees 😩",Neurology
My foot hurts sooo bad 😩 and I can’t turn it. Maybe it’s broken. 😭,Orthopedics
I've been over my cold for weeks but still cough every day 🤒.,Pulmonology
I feel abdominal pain 😖,Gastroenterology
"I'm having a hard time reading, the letters are all fuzzy n blurry 😵",Ophthalmology
I get clusters of whiteheads and blackheads on my back 😠.,Dermatology
"I feel a huge emotional pain after I broke up with my girlfriend, it’s been really tough 😔",Psychiatry
"All my body is in a bad case and i need a good treatment, joints are hurting all over 😩",Orthopedics
I can't sleep I have a hard cough. 😴🤧,Pulmonology
Standing less than five minutes and my back starts to ache 😫.,Orthopedics
My knees ache on cold and rainy days 🌧️.,Orthopedics
"I can't walk, my knee hurts me. 😣🦵",Orthopedics
I feel pain in the lower back 😩.,Orthopedics
"I got a problem with expiration cuz of my bronchial asthma, I feel like I’m choking 😤",Pulmonology
"i have a great pain in my foot, like throbbing pain, tried everything for relief 😖",Orthopedics
Can’t handle this squeezing sensation in my chest anymore...feels like I’m suffocating 💔,Cardiology
"My body feels weak although I eat a lot, why? 🤔",General Medicine
My muscle in my shoulder burns when I move my arm 💪🔥.,Orthopedics
I feel joint pain every time I move... it’s really uncomfortable 😕.,Orthopedics
i feel head ache 🤕.,Neurology
I have a pain in my joint.,Orthopedics
I feel cold although we are in summer. ❄️,General Medicine
"redness, swelling, and difficulty walking 😢.",Orthopedics
I feel suicidal 😢,Psychiatry
I have an itch at the front and center of my scalp... it’s very irritating 🧑‍🦲.,Dermatology
I can't move my head up and down 😣,Orthopedics
Longitudinal burning line across my back with hard breathing 🤕,Orthopedics
I noticed an important decrease in my vision when I try to look at things up close. 👓🔍,Ophthalmology
My head hurts in the back and the pain lasts all day. 😣,Neurology
"I am feeling so dizzy, body is so fragile. 😵😔",General Medicine
After eating I have a burning sensation inside of me 🔥,Gastroenterology
I can't stand with this horrible feeling in my stomach. 😩🍽️,Gastroenterology
"My sugar levels go up after I eat pizza, but I can't resist! 🍕",Endocrinology
I feel a lot of pain in my joints 😩.,Orthopedics
My calves feel like they are tight as knots and are throbbing... it’s very painful 🦵.,Orthopedics
My chest acne keeps flaring up and never seems to clear 😞,Dermatology
"Even though I'm an adult my face keeps breaking out in pimples, it’s so frustrating 😩",Dermatology
"There's pain in my foot, it's like stepping on needles when I walk. Ouch!",Orthopedics
"Feelin a lot of pressure on my neck, it’s makin it hard to move 😣",Orthopedics
"I can't sleep 🛌, I have a hard cough.",Pulmonology
My temperature dropped and my body got cyanosed 🌡️💔.,General Medicine
My skin is very dry and peeling. 😩,Dermatology
I have a problem with expiration because I have bronchial asthma 😞,Pulmonology
My foot had been aching since last Tuesday. 😖,Orthopedics
"I have a mental suffering, it’s like my mind is in constant distress 😔",Psychiatry
"I have constant irritation n waterin in my eyes, especially in mornin 😕",Ophthalmology
😣 i have a migrain and i took panadol but it doesn’t help,Neurology
Why is my shoulder aching when I try to pick up the laundry? It's like a stabbing pain 😕.,Orthopedics
OH! eyes are swollen. wht to do? help,Ophthalmology
"Joints feel swollen, can barely move them 😢",Orthopedics
I feel something hurt me when I breathe and I can’t breathe 😓,Pulmonology
I'm in need for a treatment for my hair fall 💇‍♂️,Dermatology
I stopped sports because I get injury from sports 🤕,Orthopedics
I feel very weak in my body 😔.,General Medicine
"Feels like something’s stabbing me in the chest, can’t breathe properly 😩",Pulmonology
"Whenever I move my shoulder, pain shoots down my whole arm. Can’t lift it at all.",Orthopedics
"Mr hair is falling out just by combing it, I'm so stressed about it 😟.",Dermatology
I don't have the energy to do the things I used to 😞,General Medicine
"My body feels weak, and I tried to make it relax, but it still pains me... it's so frustrating 😟.",General Medicine
My acne is really embarrassing... it's so red and noticeable 😞.,Dermatology
"I am having a runny nose, it’s making everything so uncomfortable 😩.",General Medicine
I don’t have the energy to do the things I used to 😔.,General Medicine
"My entire body is freezing, it's like I'm in the Arctic 🥶",General Medicine
When I eat I feel my stomach hurts. 🍽️😖,Gastroenterology
The pain in my ear is unbearable. 😣,ENT
I have shoulder pain after doing any home work 🏠.,Orthopedics
I can't stand with this horrible feeling in my shoulder 😣.,Orthopedics
"feel like i’m dragging my body around, no energy for anything anymore 😔",General Medicine
"Went thru 3 IVF cycles, none were succesful 😭",Gynecology
"I'm having a hard time hearing, feels like my ears are clogged or something 🤔",ENT
Stmch hurts after eatin...get bad cramps.. help pls,Gastroenterology
I have pain like needles in my joints 😩.,Orthopedics
"Pain in my stomach, I can't seem to digest food well after meals... bloating too 😖",Gastroenterology
"I feel pain in my head along with vertigo, everything spins when I move",Neurology
"I’m forgettin’ to do thingz I need to do, and it’s afectin’ my daily life",Neurology
I keep misplacin’ important things an cant remember were I put them,Neurology
I set reminders but then forget to check them 😅,Neurology
"My son’s dealing with a lot of acne too, it’s really hard for him 😞",Dermatology
"I’ve been having frequent asthma attacks lately, is this normal?",Pulmonology
Why does my child need a flu shot? He never gets sick anyway!,Pediatrics
"I sttruggle to pronunce simple stuff, it’s embarassing 😣",Neurology
I have pimples on my back 🤢.,Dermatology
There's swelling in my neck and it hurts 😣,Orthopedics
I have terrible pain in my heart 💔😣.,Cardiology
My grandmother went to hospital last year cuz she had trouble breathing 😟,Pulmonology
I have terrible pain in my heart 💔.,Cardiology
"my neck hurts me, and i can't look down or up 😣.",Orthopedics
It itches inside my ears... it's very annoying 😖.,ENT
"Even though I'm an adult, my face keeps breaking out in pimples 😩",Dermatology
"My skin is so dry, it's peeling off n looks all rough, need help! 🧴😣",Dermatology
"When I move my shoulder, pain shoots down my arm 😣",Orthopedics
"My stomach feels full, upset, and bloated after big meals, what's wrong with me? 😣",Gastroenterology
I feel a strange and powerful pain inside my rib cage. 😖,Cardiology
I feel pain in my joint after an injury in the last football match I played.,Orthopedics
"I notice I lose track of time, like, a lot... is that normal?",Neurology
"My red blood cells are low, and I’m feelin’ weeker every day",Hematology
"I’m not sure if the vaccine is safe 🤔, my friend said she heard stuff.",Pediatrics
My throught is so sore 😖.,Orthopedics
My skin is itching so much 😖,Dermatology
i was playing football and injuried with joint pain 🤕.,Orthopedics
"I can’t control my laughter sometimes, and it feels weird.",Psychiatry
I walk every day but now I get short of breath after going only a short way 😓.,Pulmonology
Pain in the large neck 😣.,Orthopedics
"My stomach feels full and upset and bloated after big meals. Idk why, maybe I'm eating too fast or something 😣.",Gastroenterology
I feel cold when night comes 🥶,General Medicine
"My left ear is ok, but the right one feels like it's being stabbed with a nail 😣.",ENT
I had a lot of exercise yesterday so i feel sharp muscle pains 💪,Orthopedics
My ear is ringing 👂🔊.,ENT
"I was injured during a football match, I was diagnosed with Cruciate ligament injury 🏈",Orthopedics
"My knees ache on cold and rainy days, it's like they're weather sensors or something 😂",Orthopedics
My knee catches and hurts when I first stand up after sitting 😩,Orthopedics
"My joints ache whenever it’s cold, esp my knees, it's like they’re frozen up 😕",Orthopedics
"My back hurts so bad, I can’t even bend to tie my shoes 😩",Orthopedics
when i extend my leg there is pain in knee joint 😖.,Orthopedics
heart feels empty...dunno how to describe it 💔,Psychiatry
"I feel soo cold all the time, can't seem to warm up.",General Medicine
"I was injured during the football match, n they said it's a cruciate ligament tear... rly painful 😞",Orthopedics
"My back hurts so much, I can't bend down to tie my shoelaces 😫",Orthopedics
I have a throbbing in my joints 😩,Orthopedics
"I feel pain in the knee, it’s been bothering me a lot lately.",Orthopedics
"My stomach feels full, upset, and bloated after big meals 😩.",Gastroenterology
I have issues with my skin... it's so frustrating 😔.,Dermatology
I feel very hard to breathe 😰,Pulmonology
my temperature dropped and my body get synosed 🌡️😷.,General Medicine
My heart is pumping fast and I'm having a hard time to breathe... it’s very concerning 💔.,Pulmonology
"I keep feelin' the need to urinate but only a small amount comes out, what’s goin' on?",Urology
I don’t have a full range of motion with my arms 😞.,Orthopedics
"I have blurry vision and I can't see in the darkness; what is the reason, doctor? 🤔",Ophthalmology
There feels like a swollen knot at my shoulderblade with pain shooting from that 😣,Orthopedics
I get joint pain when i try to bend my leg or arm 😣,Orthopedics
I have tried to make massage on my foot but they still pain me 😩.,Orthopedics
The heating in my house is broken n I feel so cold all the time...even with layers of blankets 🥶,General Medicine
"I feel a great amount of pressure on the sides of my neck, it’s really bothering me. 😖",Orthopedics
"Sometimes I struggle to get the words out, like my mouth can't keep up with my brain 😕",Neurology
My face breaks out badly every month around my cycle... it’s very frustrating 🌕😕.,Dermatology
There is pain in my joints. I cannot bear the pain 🦵😣.,Orthopedics
"I feel pain in my eyes, everything's so blurry, it's like I'm living in a fog 😕",Ophthalmology
I have eruptions on my face that come and go 😷.,Dermatology
My hair is falling without any reason; I see a lot of hair on my desk 😔,Dermatology
"getting tired soo fast now, even simple things like doing laundry wipes me out",General Medicine
I don't have the energy to do the things that I used to 😩.,General Medicine
My body feels weak and I think that my face is fading and I can't sleep well... it’s very distressing 😔.,General Medicine
"I’ve been feelin' tired all the time and my stomach is swollen, could it be my liver? 😟",Hepatology
I'm in need of treatment for my hair fall... it’s very distressing 💇‍♂️.,Dermatology
"When I walk it’s hard to breath, I feel out of breath so quickly 😩",Pulmonology
I can't stand this horrible feeling in my shoulder... it’s really uncomfortable 😕.,Orthopedics
"My partner and I have been trying to conceive and we’re worried it might be related to male infertility, which is stressful 😕",Urology
"I love to garden 🌻, but I get a terrible twinge in my lower back when I lean over 😖.",Orthopedics
"My stomach feels sore, hurts bad when I move or touch it 😖",Gastroenterology
"When I move my shoulder, it's like lightning ⚡ is being sent through my shoulder",Orthopedics
"My breath smells even after usin' mouthwash, what’s causin' this strange problem?",Dentistry
"i have a strong shoulder pain, can barely lift anything 😩",Orthopedics
"My friends say they’re proud but they don’t understand how hard it is, like at all 😓",Psychiatry
It's hard to see things... everything is blurry 🧐.,Ophthalmology
I have a painful cramp in my feet 😣.,Orthopedics
I have an ear ache that won't go away 😩. I don't have a cold or headache or any other symptoms. Just an earache.,ENT
I have a scab on the back of my hand that just won't go away 😩.,Dermatology
"My entire body is freezing, I can't seem to get warm no matter what 😨",General Medicine
"My baby has been sleeping a lot after her shots, is that normal?",Pediatrics
My skin is itching like crazy! 😖,Dermatology
I feel pain in my head with vertigo... it’s very troubling 😣.,Neurology
"I feel like I'm getting forgetful, and I'm only in my 40s.",Neurology
"cant move my arms fully, feels stuck 😕",Orthopedics
"I feel like I went to an acupuncture practice and had 100 needles in my shoulder, it’s really painful 😵",Orthopedics
My right shoulder clicks when I move my arm 🤕,Orthopedics
"When I play football, I get this sharp joint pain that won't go away. It happens every time after the game 😩",Orthopedics
"I have blurry vision and I can't see in the dark 🌑, what could be the reason doctor?",Ophthalmology
I feel a pain in my neck 😣.,Orthopedics
I have some pain when I'm walking around my knees... it’s quite uncomfortable 😔.,Orthopedics
"Had I stepped on a needle it wouldn't have hurt so much, like this damned spur in my heel. 😡👣",Orthopedics
"Since I went into the forest 🌳, I've had pain in my ear, it's really bothering me 😖",ENT
I barely have enuff strength to get up 😔,General Medicine
I feel a strange and powerful pain inside my rib cage... it's like a sharp stabbing sensation 😣.,Cardiology
"I cant hear out of my ear right, feels like there’s something stuck in it causing irritation 😣",ENT
I have a scab on the back of my hand that just won't go away 😢,Dermatology
"Are we sure vaccines work? Like, I see a lot of unvaxed kids 😕",Pediatrics
"My cuticles are sooo dry and painful, I can't even push them back!",Dermatology
"When I force my eyes to view, I have blurry vision... it’s very troubling 👁️.",Ophthalmology
"I’m worried because we haven’t been able to conceive and I’ve heard it could be due to male infertility issues, which is really concerning.",Urology
I am feeling so dizzy; my body is so fragile... it’s really unsettling 😕.,General Medicine
"I have trouble seeing objects, it’s just way too difficult to see properly 🤔.",Ophthalmology
my coufh is so bad i can’t breath properly! 😷,Pulmonology
There is a constant tickle in my throat 😷,Pulmonology
Is pimples a skin disease? Asking for a friend 🤔,Dermatology
"When I climb stairs, feels like bone-on-bone in my knees",Orthopedics
i have disterbance in my emotion. 😔,Psychiatry
I’m havin' difficulty urinating and it feels like my bladder isn’t emptyin' fully at all.,Urology
I get clusters of whiteheads and blackheads on my back. 😩,Dermatology
"I lose a lot of my hair every day, it's just falling everywhere and I don't know why 😩",Dermatology
"When I play football, I have muscle pain that makes it hard to move the next day 😩",Orthopedics
My body feels weak and I tried to make it relax but it still pains me... it’s very frustrating 😣.,General Medicine
"can't walk properly, my foot hurts too much 🦶",Orthopedics
I had a sharp pain in my stomach 😣.,Gastroenterology
Need to scratch my skin every minute 😣.,Dermatology
When i'm driving my eyes see in double 😵‍💫,Ophthalmology
I feel cold & chills even though my clothes r heavy ❄️,General Medicine
"When I wake up in the morning, I feel soreness in my body 😩",Orthopedics
"My mind feels so sad, like my thoughts hurt too... breakup makes me cry 😢",Psychiatry
I feel a pain in my back 😩.,Orthopedics
"There's pain in all my joints. I seriously can't bear this pain anymore, it's non-stop, and getting worse each day.",Orthopedics
"I tried to massage my foot, but it still hurts, it's like nothing's helping 🦶",Orthopedics
"My nails keep chipping off, it’s so anoying!!! 😩",Dermatology
There’s a constant tickle in my throat 🤧,Pulmonology
Severe pain in the upper left side of the chest and may have pain to the back... it’s very concerning 💔.,Cardiology
"I m cold but its like 90 degrees outside 🌞, wats going on?",General Medicine
"My skin is itching so much, like constantly scratching 😣",Dermatology
I’ve had this toothache for a while now and it’s not gettin' better no matter what I try.,Dentistry
"I feel like I have no strength in my body 😫, can't even do simple stuff.",General Medicine
"My knees seem to grind as I go up or down stairs, it's so painful 😣",Orthopedics
I’m havin' trouble with my urinary system and I think I need a specialist’s help for sure 🩺,Urology
"I can’t bear weight on my knee, when I stand straight I hear a loud popping noise 😳. What’s happening?!",Orthopedics
I think I might have overdone it with weightlifting. Afraid I’ve torn a muscle in my back 😖.,Orthopedics
I have eruptions on my face that come and go... it’s very frustrating 😕.,Dermatology
I have a sharp pain in my lower stomach 😣.,Gastroenterology
"When I brush my hair, I notice big clumps of hair coming out in the brush. Freaks me out every time 😱.",Dermatology
I get frustrated with myself for feeling this way.,Psychiatry
"Feels like there’s something swollen and painful inside my rib cage, it's really uncomfortable 😩",Cardiology
"There are times when I feel crushed under a huge weight and no air passing to my lungs, it actually scares the hell out of me when it happens. 🫁",Pulmonology
"When I'm doing sports, I have pain under my skin... it's like something is wrong inside 😕.",Orthopedics
"Acne on my face makes me so embarrassed, its so red!",Dermatology
"When I sneeze very hard I feel ear ache, it’s like a sharp pain 😣",ENT
"My entire body is freezing, even with the heater on 😟",General Medicine
"Cough won’t stop, it’s been days and my throat hurts 😷",Pulmonology
I feel cold although we are in summer 🥶.,General Medicine
"When I bend over, I get a shooting pain down my back 😖.",Orthopedics
"I went into labor at 28 weeks, now my baby’s in an incubator, will he be okay? 😭",Pediatrics
My shoulder has great pain... it’s really bothering me 😣.,Orthopedics
"I get an ear ache when it’s cold, especially when the weather changes suddenly 😖",ENT
"I break out on my face like all the time, it's so annoying, like why can't I just have clear skin 😤",Dermatology
"My neck hurts so bad, can't even move it 😣, what can I do?",Orthopedics
"My neck’s been sore since the accident, can’t turn my head much without pain 😕🚗",Orthopedics
Red flushes accompanied with itchy. 😣🔴,Dermatology
"Itchy scalp, especially the front part... lots of hair fall too 😩",Dermatology
There is a constant tickle in my throat... it’s very irritating 😷.,Pulmonology
"Worried 'bout my driving, can't focus, eyes feel teary n it's getting dangerous 😰🚗",Ophthalmology
I complain alot with skin allergy 😣.,Dermatology
I feel pain in my shoulders when I write on the keyboard ⌨️.,Orthopedics
How do you know if you have a torn meniscus in your knee? Is there a specific test or something?,Orthopedics
"I am always cold, even when I am wearing layers... it’s very frustrating 🌡️🥶.",General Medicine
I walk every day but now I get short of breath after going only a short way. 😔,Pulmonology
"When I remember her I feel down and really low, like I can't get out of bed 😔",Psychiatry
The worst headache was during a hangover in my twenties: I sincerely thought I was going to die from brain inflammation. 😫,Neurology
I get super emotional when I’m stressed. it’s not fun!,Psychiatry
I hate my acne 😞.,Dermatology
"It's hard to stand up, and I'm moving sooo slowly 😓",General Medicine
"When I wake up I feel cold all over, it’s like a chill running through my body 🥶",General Medicine
When I'm tired I feel my head heavy. 😴,Neurology
I think I overdid it when I carried all that lumber from the yard. My lower back is killing me 🪵😩.,Orthopedics
"My knees seem to grind as I go up or down stairs, and it's painful 😫.",Orthopedics
"Mixing up my left and right now, what is happening to me??",Neurology
"My ear aches when I'm listening to music. Even the volume's not that high, but it hurts a lot. 🤕",ENT
"There’s swelling in my neck and it hurts, feels tight 😫",Orthopedics
I have a dull ache in my lower back that makes it hard to move 😖,Orthopedics
"I feel so much pain in my joints, I can't even move properly. 😖",Orthopedics
I feel a great amount of pressure on my head... it’s very troubling 😣.,Neurology
"I have tried to relieve it, but I can't... it's so frustrating 😣.",General Medicine
"My back hurts me so much lately, can't even sleep properly anymore 😔.",Orthopedics
I feel soreness in my knees when I walk 🤕,Orthopedics
"When I carry heavy things, I feel like I'm breaking my back 😖.",Orthopedics
I have stiffness and inability to look right or left except by moving the whole body... it’s very uncomfortable 😕.,Orthopedics
"My body feels weak after my first day in the gym, why? Did I do too much? I just feel wrecked 💪😅.",General Medicine
there's pain in my foot 😣,Orthopedics
My head has been aching since I woke up this morning 😣,Neurology
been shivering for hours now...can’t seem to get warm 🥶,General Medicine
There are some pimples on my face that bother me a lot 😣,Dermatology
My doctor mentioned that my sperm motility might be low. What should I do next about this situation?,Urology
"My shoulder hurts me so much, especially when I try to move it 😔",Orthopedics
My skull feels like it’s cracked like nuts... it’s an intense pain 😖.,Gastroenterology
"When I play sports, I have some burning sensation in my spine... it’s quite uncomfortable 🏅😖.",Orthopedics
"I can't hear out of my ear properly, feels like there's something in it causing irritation 🦻",ENT
"My stomach aches after I drink any soda drink, why? 🥤🤔",Gastroenterology
I can't get a girlfriend bc of my acne 😔.,Dermatology
I have pain in my stomach 😢.,Gastroenterology
"I tried to massage my foot but it still hurts, can’t seem to get relief 😫",Orthopedics
In the morning my respiration is loud.,Pulmonology
"I wake up at night feeling cold, even though I’m covered in blankets 🥶",General Medicine
I rolled my ankle playin’ soccer and now it hurts whenever I try to walk 😖,Orthopedics
"my back hurts sooo bad when i bend, what can I do? 😖",Orthopedics
I have pain like needles in my joints 😣,Orthopedics
"Every time I play tennis, my shoulder hurts 🎾",Orthopedics
"The pain feels like it's right below the skin, deep n persistent 😓",Orthopedics
I've been feeling super sad lately 😢,Psychiatry
It feels like my skull is cracked like a nut... it's that painful 😣.,Neurology
"My hair is faling out, like a lot, I'm really scared... 😭",Dermatology
"I had a premature birth, my baby’s weight is super low, is that normal?",Pediatrics
Is there a cure for acne?... I’m really struggling with it 😞.,Dermatology
"Can’t stop coughing, it’s driving me insane 😣",Pulmonology
"My back is hurting so much, can’t find relief 😩",Orthopedics
My acne itches and oozes... it’s really frustrating 😖.,Dermatology
I have a foot ache in winter or when it feels cold; why? ❄️👣.,Orthopedics
I have blurry vision after I used the wrong medicine 😵.,Ophthalmology
I feel fluid trying to come up when I cough 🤮,Pulmonology
I have tried to make massage on my foot but it still pains me 😩,Orthopedics
There are so many hairs on my pillow in the morning 😱,Dermatology
"I think I might’ve sprained my ankle, it really hurts 😢",Orthopedics
I have blurred vision 👁️.,Ophthalmology
"When I get up, I see my skin looks vague, I don't know what's going on 😕.",Dermatology
I feel like my heart is on fire 🔥❤️,Cardiology
"After a long day of hard work, my feet ache so bad I can barely stand 😖",Orthopedics
I find myself repeating stories to the same ppl... cringe 😅,Neurology
I have had hard muscle pain since I went to the gym 🏋️‍♂️.,Orthopedics
"I have a feeling like my whole body is complaining, joints, muscles, everything. 🤕",Orthopedics
"My hair is falling out in clumps when I comb it, it’s so distressing 😢",Dermatology
"When I try to talk, I can't get the words out smoothly",Neurology
There is this pain that radiates from my chest up to my left arm 😖,Cardiology
"I’ve got a bad toothache and I’m not sure what’s causin' it, should I see a dentist? 😓",Dentistry
I feel hurts in my ♥️,Cardiology
"After playing football, I have muscle pain in both legs, especially in the calves. It’s so sore 😵",Orthopedics
I feel pain in my shoulders when I write on the keyboard 🖥️.,Orthopedics
My chest acne keeps breaking out and never clears up 🤬,Dermatology
I feel increased heart rate with prick 💓😣.,Cardiology
My body feels weak and I think that my face is fade and I can't sleep well. 😞,General Medicine
"It’s hard to stand up, and I’m moving very slowly 😣",General Medicine
"My blood tests came back weird, doc said somethin’s wrong with my iron levels 😣",Hematology
Cramps along the whole abdomen 😣,Gastroenterology
"When I go to sleep I am feeling cold, even with the heater on 🥶",General Medicine
This long scar on my left buttock is from falling off my mountain bike 🚴‍♂️🩹.,Orthopedics
"I feel chilly, like an ice cube. My sister said that she needs several blankets to cover her so that she is warm enough 🥶🛏️.",General Medicine
"Back pain since I turned 70, can't stand it anymore 😔",Orthopedics
It feels like I can’t even take a full breath.. like my chest’s tight 😮‍💨,Pulmonology
"My cough is like sooo heavy and I have so much mucus, can't even speak without hacking up 🤧",Pulmonology
"I was diagnosed with B12-deficiency anemia, which explains why I always felt cold, even when it’s warm outside 🥶",General Medicine
I get chills and aches all over 🌨️😰.,General Medicine
"I had a collision while playing soccer, my knee buckled and now it's unstable, it’s driving me crazy. 😖",Orthopedics
"I feel a pain in my back when I sit on a chair for long, it’s so annoying 😣",Orthopedics
I can't stand up; I feel my brain is moving inside my skull 🧠😣.,Neurology
"I have pimples on my back, and it’s so annoying! 😣",Dermatology
I have a problem in my middle ear caused by infection 😷,ENT
"My whole body feels like it's falling apart and I need some serious help. Everything is aching, every joint hurts.",Orthopedics
"I feel like my joints are on fire, especially my knees and ankles 😫",Orthopedics
"I have dark spots on my skin, and it's kinda bothering me 😕",Dermatology
The crushing sensation on my heart leaves me breathless... it’s very alarming 💔.,Cardiology
"I have pimples on my back, it’s really annoying 😩.",Dermatology
my hair isn't well 😟.,Dermatology
Hair just falls off while combing 😢,Dermatology
"I feel sad like hurt or pain, it’s more than just physical 😔.",Psychiatry
I get clusters of whiteheads and blackheads on my back 😫,Dermatology
my head hurts me badly 🤯.,Neurology
The severe pain in my stomach I feel 😣,Gastroenterology
I’ve been chartng my periods but no luck so far 😕,Gynecology
"My child is too young for some shots, is there a list I can see?",Pediatrics
My back hurts so much I can’t bend down to tie my shoelaces... it’s really limiting my movement 😖.,Orthopedics
"I feel pain in my eyes, and I can see fog 🥴.",Ophthalmology
My calves feel like they are tight as knots and are throbbing... it’s quite painful 😣.,Orthopedics
I got injured exercising again 😅,Orthopedics
My hair is falling when I am combing it 💇‍♂️.,Dermatology
"My left ear is ok, but the right one feels like it's being stabbed with a nail 👂🔪.",ENT
I have a headache every time I eat ice cream... it’s very painful 🍦😣.,Neurology
"My skin has darkened a lot since starting chemo, it’s kinda freaky! 😳",Dermatology
"I'm feelin' so dizzy 😵, my body is so fragile.",General Medicine
"I feel that it's hard to breathe for me, especially after running or making any effort 🏃‍♂️😮‍💨.",Pulmonology
"My hands swell up in the mornings, and I can't bend my fingers properly 😕",Orthopedics
"My knuckles is swolen and hurt every time I try to move my hands, it’s frustrating 😔",Orthopedics
"I have a sharp pain in my neck, it’s so intense 😖",Orthopedics
I love to walk and be outside but the bottoms of my feet get sore so quickly 🚶‍♂️👣.,Orthopedics
I have a lot of mucus when I cough 🤧,Pulmonology
My knees hurt so bad to walk 😩 that I stay sitting more than I should.,Orthopedics
I feel a great amount of pressure in my head... it's like it's going to burst 😣.,Neurology
I’m not pregnant but I'm bleeding like I’m having a miscarriage 😩,Gynecology
"When I walk up a flight of stairs, my right knee hurts... it's like a sharp pain with every step 😣.",Orthopedics
"When my grandfather died, I felt a hard emotional pain... it’s very distressing 😞.",Psychiatry
I have shooting pain in my kneecap after working out 🏋️‍♂️.,Orthopedics
I get a knee pain when I walk a lot 🚶‍♂️😣.,Orthopedics
The joints in my fingers are painful in the morning 😣.,Orthopedics
I can't stand this horrible stomach feeling anymore...it’s like someone’s twisting my insides. I feel nauseous all day 😩,Gastroenterology
I get mad over the smallest things. my friends think I’m crazy! 😠,Psychiatry
"I cough a lot when I smell perfume, what's wrong with my lungs? 😷",Pulmonology
"My ear hurts, and it's worse when I swallow... even Tylenol hasn't helped 😫.",ENT
I’ve noticed my nails are way more brittle after starting my new med 😞,Dermatology
"When I tried to take care of my hair, I found that it is falling out... it’s very distressing 💇‍♂️.",Dermatology
There is this pain that radiates from my chest up to my left arm 😣💔.,Cardiology
"After walking, I have some pain under my foot, like a stinging sensation, maybe I stepped on something?",Orthopedics
I was kicked in the head playing soccer last night ⚽💥.,Orthopedics
I feel pain in my joint after an injury in the last football match I played ⚽.,Orthopedics
"After playing football, I have muscle pain in both legs 😖",Orthopedics
Oh my heart hurts me I tried to be calm and I can't. 💔😰,Cardiology
I have shooting pains up and down my back... it feels like electric shocks 😖.,Orthopedics
Sometimes my body feels weak without any reason 😵,General Medicine
"The arches of my feet hurt when I wear heels, it’s so painful 😣",Orthopedics
I feel so sad 😔,Psychiatry
"Every time I look to the left, I feel a sharp pain in my neck 😣",Orthopedics
"Foot hurts, can't turn it. Might be broken 🦶",Orthopedics
"Got a dry throat, feels like it’s scratchy all the time 😣",Pulmonology
"I’m so worried about how cold I get, I’m shivering even in the sun 🥶",General Medicine
"My back is hurting so much, can’t get comfortable no matter how I sit 😖",Orthopedics
"Had a sharp pain in my stomach out of nowhere, thought it wud go away but it hasn't 😕",Gastroenterology
"When I tried to be warm and wear more clothes, I found that I was still cold 🧥🥶.",General Medicine
I luv gardening but my lower back kills me when I bend over,Orthopedics
"Feel weak all over, don’t have the energy to do anything.",General Medicine
I was playing football n injured my knee 😫,Orthopedics
"My blood just won’t clot, I cut myself and it bled for hours 😩",Hematology
"My hair’s falling out in huge amounts, it’s stressing me out 😱",Dermatology
I got a divorce last year and I just can't stop dwelling on how to get revenge on my ex-husband 💔😡.,Psychiatry
My shoulder hurts me so much... I can't even lift my arm 😩.,Orthopedics
It feels like someone is hitting my head with a hammer 😩. I feel pain on the top of my head and it throbs. 🛠️,Neurology
I have a sharp pain in my lower stomach 😖,Gastroenterology
I forget important stuff like work deadlines... 😩,Neurology
"When I eat too much sugar, my body gets weak and dizzy 🍭😵.",General Medicine
"When I get up, I find that I have a stomach ache and I tried to take medicine, but my stomach still hurts... it’s really uncomfortable 😔.",Gastroenterology
How do u know if u have a torn meniscus in ur knee? 🤔,Orthopedics
I got a divorce last year and I just can't stop dwelling on how to get revenge on my ex husband 😔.,Psychiatry
"Injured myself during the football game, now my joints are killing me.",Orthopedics
I can't breathe because of a cough... it’s very distressing 🤧.,Pulmonology
I tried to put my glasses to see more clear but cant find any change 🤓,Ophthalmology
My right shoulder clicks when I move my arm ⏲️😣.,Orthopedics
I feel like my heart is on fire 🔥💓.,Cardiology
I feel a headache coming on... it's getting worse 😣.,Neurology
I had a sharp pain in my stomach... it’s quite intense 😣.,Gastroenterology
I get joint pain when I try to bend my leg or my arm 🦵🖐️😣.,Orthopedics
"I cannot bear this squeezing sensation I have in my chest, it's really intense and scary 😣",Cardiology
"I visited many doctors but they can't find the right treatment to get my hair back, it's so frustrating 😢",Dermatology
"After a breakup, I feel something strange in me... it’s hard to describe 😞.",Psychiatry
"The pain is intense especially when I go down the stairs, feels like somethin' snapped inside my knee 😩",Orthopedics
These red spots on my cheeks are new. What is it? 🤔🔴.,Dermatology
Sometimes I cough because I'm a smoker. 😷,Pulmonology
"I have a pain in my muscle, it’s so frustrating! 😣",Orthopedics
Bleeding clots so big it scares me 😨,Gynecology
I feel like I fell in hot water 😵.,Dermatology
I couldn't exercise because of my knee pain 🏋️‍♂️😖,Orthopedics
I feel weak all over 😓,General Medicine
"Sometimes when it’s cold outside, my face hurts, especially around the pimples that are ready to pop 😖",Dermatology
"I get an ear ache when it is cold, it’s so painful 😣",ENT
I'm injured and can’t play sports 😩🏀,Orthopedics
"Toppled over while jumping to catch the ball, now I’m hurt 😩",Orthopedics
Woke up thiz morning with too much pain in head and eyes,Neurology
I don't know why I'm constantly sad 😢.,Psychiatry
I need to scratch my skin every minute... it’s very irritating 😣.,Dermatology
"I can't recall stuff from my childhood, it's like a blank slate!",Neurology
"The cough gets way worse in winter, it’s unbearable 😩",Pulmonology
When I wake up I am feeling sooo cold 🥶.,General Medicine
My knee doesn't want to bend well 🦵😣.,Orthopedics
"My left ear is ok, but the right one feels like it's being stabbed with a nail, it's so painful 😣",ENT
"Played basketball yday, now I’ve got a sprained ankle 😫, it's swollen so much!",Orthopedics
I feel so depressed when I see my hair falling out 😢,Dermatology
"I feel a burnin sensation in my shoulder muscle, no idea why! Feels like fire 🔥.",Orthopedics
My heart is beating fast and it scares me... it’s very unsettling 💓.,Cardiology
"Sometimes I forget how to do simple things, like cooking.",Neurology
My ear hurts so badly... can’t even sleep on that side anymore 😖,ENT
"I’ve been havin indigestion all day, it’s makin me so uncomfy 🥴",Gastroenterology
There's swelling in my neck and it hurts 😣.,Orthopedics
"When I force my eyes to focus, I have blurry vision, it's like my eyes are giving up on me 😕",Ophthalmology
"My heart is pumping fast, and I'm having a hard time breathing, it's really scary 😰",Pulmonology
"twisted my wrist again, swelled up like a balloon",Orthopedics
When I think of my parents I feel pain 😢.,Psychiatry
When i'm driving my eyes see in double 🚗👀.,Ophthalmology
I can't bear this squeezing sensation in my chest anymore. It's like someone’s constantly pressing down on me 😞,Cardiology
I have a problem in my back; I cannot extend it... it’s so stiff 😖.,Orthopedics
I can't move my head up and down 😩,Orthopedics
I broke my ankle while doing rock climbing in the Carpathians. Was so much fun till I fell 🙃.,Orthopedics
"I have a dry skin that just won't go away, even with lotions and stuff. It's so annoying, like scales 🐍😬.",Dermatology
"I’ve been gettin' shortness of breath and coughing a lot, is this a sign of asthma?",Pulmonology
The pain in my back dwells like a sharp knife in it... it’s extremely painful 🗡️.,Orthopedics
My skin is peeling.,Dermatology
"Just can’t seem to get warm, even when everyone else is fine 🥶",General Medicine
I get cold at night 🌙,General Medicine
"My body feels weak although I eat a lot, why is that happening? ??🤦‍♀️",General Medicine
I have pimples in patches along with a lot of redness on my face... it's so irritating 😔.,Dermatology
I have a pain in my joint 😖.,Orthopedics
"I feel a pain on the left side of my chest, where my heart is ❤️.",Cardiology
"I can hardly move my neck. It hurts a lot, even the slightest movement is painful 😢",Orthopedics
"My stomach's been sore since yesterday, feels like something I ate isn't sitting right 🤢",Gastroenterology
The knee feels like it rusted and I suddenly can't bend it anymore 😖,Orthopedics
"I have whooping cough with so much mucous, need something to help with it 🤧",Pulmonology
My tooth hurts so much that I can’t focus on anything at all 📚,Dentistry
"feeling a pain in neck, kinda stuck.",Orthopedics
Is there a cure for acne? 😔.,Dermatology
I have pain in my chest that saddens me. 😔,Cardiology
I can't turn my neck to the left without feeling a stabbing pain 😖,Orthopedics
"standing less than five minutes and my back starts to ache, it’s really annoying 😣",Orthopedics
"Longitudinal burning line across back with hard respiratory movements, it's like fire running up my spine 🔥",Orthopedics
"When I carry heavy stuff, feels like my back is going to break!",Orthopedics
I often get a sharp pain in my chest and I can't tell what I'm doing that might be triggering it. 💔😖,Cardiology
"My sperm count is lower than normal and we’re struggling to conceive, which is very upsetting 😕",Urology
"When I go to sleep, I am feeling cold 🛏️❄️.",General Medicine
"Flew a few days ago, my ears stayed clogged after landing...still painful n can’t hear properly 😖",ENT
"My breath is always bad and it’s really embarrassin', what should I do to make it better?",Dentistry
After eating I have burning sensation inside of me 🔥,Gastroenterology
My hair is falling out like crazy after I take a shower 😩.,Dermatology
I have a problem in my back I cannot extend it. 😣,Orthopedics
"My chest hurts when I go to take a breath, it’s unbearable! 😩",Pulmonology
I have a scab on the back of my hand that just won't go away 😩.,Dermatology
"I feel sad like hurt or pain inside, it’s hard to shake off. 😔",Psychiatry
i have an issue with my skin 😕.,Dermatology
My knee feels weak and it gave way the other day at the top of the stairs. Luckily there was a rail to hold on to. 😨🦵,Orthopedics
"My heart hurts like crazy when I go for a run, feels like it’s gonna explode. 💔",Cardiology
When I get up I found that I have a stomach ache and I tried to take medicine but my stomach still hurting me 😢,Gastroenterology
"I can't stand up, I feel like my brain is moving inside my skull, it's so dizzying 😵",Neurology
"I'm really worried I'll go bald soon, am I sick? 😟",Dermatology
"My knee is hurting so badly, can't even walk properly 😢",Orthopedics
I feel a stiffness in my elbows and shoulders 😣.,Orthopedics
"I read a book for a long time and when I finished, I had a headache 😫",Neurology
"In the morning my breathing is loud, like a bear 🐻 lol is that normal?",Pulmonology
"I tried a lot of creams, but I still feel the same skin problem 😔.",Dermatology
"my temperature dropped and my body get synosed, feel freezing all the time 🥶",General Medicine
I feel like there’s a sharp pain in my tooth that won’t go away no matter what I do 😣,Dentistry
I feel an intense head ache rn,Neurology
I have front head pain and when I get it the light bothers me 😵,Neurology
"My asthma has been acting up more than usual, what should I do? 😣",Pulmonology
"I feel chilly, like an ice cube. My sister said that she needs several blankets to cover her so that she is warm enough 🥶🛏️.",General Medicine
"I have pain in my colon and my stomach, like something is cutting it... it’s very sharp 😣.",Gastroenterology
"So tired of all the tests, when will it b my turn to hv a baby?",Gynecology
I get clusters of pimples on my face that never go away 😩.,Dermatology
"I was diagnosed with B12-deficiency anemia, which totally explains why I always feel cold, even if everyone else is warm. 🥶",General Medicine
"everything looks blurry, like im lookin thru a fog, hard to focus...",Ophthalmology
"I get rly bad headaches every few months, and when I do, my vision goes all fuzzy 😵‍💫",Neurology
"played basketball yesterday, now my ankle’s swollen up 😣",Orthopedics
"Intense muscle pain after workouts, should i rest or keep pushing? 💪",Orthopedics
"When I walk, it’s hard to breathe, feels like I’m running out of air or something 🫁😨",Pulmonology
I have a painful cramp in my feet. 😣👣,Orthopedics
"My baby’s having feeding issues, they said it’s cause he’s premature 😕",Pediatrics
I have blurry vision after using the wrong medicine 😵‍💫,Ophthalmology
I have a problem in my middle ear made by infection 🦠,ENT
"I feel pain in my ears with tinnitus, it’s driving me nuts 😖.",ENT
"When I brush my hair, I notice big clumps falling out 😣",Dermatology
"I fergot where I put my keys, like, all the time! 😩",Neurology
I have a great stomach ache and I can’t eat anything 😣,Gastroenterology
"When I do sports, I get this pain just under my skin that feels so weird.",Orthopedics
"I have acne all over my face, it’s terrible! 😢",Dermatology
"I had a sharp pain in my stomach, felt like a stabbing sensation 😖",Gastroenterology
"My hair is falling out after I take a shower, it's a lot 😟.",Dermatology
"My son’s infection is affecting his lungs, what’s gonna happen next 😢",Pediatrics
When I carry heavy things I feel like I'm breaking my back... it’s very painful 💪😣.,Orthopedics
"When I extend my leg, there's pain in my knee joint 😣. Can't even stretch properly.",Orthopedics
"I feel so sad all the time, it’s overwhelming and hard to deal with 😔.",Psychiatry
"I don't have the energy to do the things I used to, it's like I'm constantly exhausted 😫",General Medicine
"Hit my head at bball game, can I have a concussion?? 🤕",Orthopedics
"When I brush my hair I notice big clumps of hair coming out in the brush, it’s really distressing 😥",Dermatology
I couldn’t stop shaking or unclench my jaw; that’s how cold I was... it was unbearable 🥶.,General Medicine
"I have so much knee pain whenever I go running, it's getting worse every time 😢.",Orthopedics
There are lots of hairs on my pillow in the morning 🛏️💇‍♂️.,Dermatology
"It started as a tinnitus, but today the pain is throbbing and unbearable. 🔊",ENT
The acne was making me feel so embarrassed 😔,Dermatology
"i have muscle pain in my left leg, can't even walk properly 😖",Orthopedics
"I feel numb sometimes, like nothing really matters anymore.",Psychiatry
"My knee is hurting sooo bad, feels like it’s gonna give out 😣.",Orthopedics
"I have pain in my chest that really saddens me, it’s deep and troubling 😢",Cardiology
My chest acne breaks out and never clears up... it’s very frustrating 😕.,Dermatology
I keep losing my train of thought during conversations... so anoying!,Neurology
"I got a sharp pain in my neck, it’s like sooo uncomfortable, can't even turn my head 😣.",Orthopedics
"shoulder pain out of nowhere, hurts so much 🥵",Orthopedics
I have a sharp pain in my neck 😣.,Orthopedics
I feel a strange and powerful pain inside my rib cage. 😖,Cardiology
My back is hurting so much 😓,Orthopedics
"My ankle pain is so bad, I can’t even stand propperly, let alone walk 😢",Orthopedics
"After my last period, I’m still bleeding but it's not normal",Gynecology
I have a rash on my skin. 😩,Dermatology
"I used to be out of breath after going up a dozen of stairs, but now I struggle to breath even when I sit down. 😰🪑",Pulmonology
"Feels like sumthin is in my eye, n it’s all red n puffy 😕",Ophthalmology
"Every morning when I wake up, my neck feels like I slept on it wrong... it's stiff and painful 😖.",Orthopedics
I have cloudy eyes. 😵,Ophthalmology
"The joints in my fingers hurt really bad in the morning, it’s hard to move them 😕.",Orthopedics
"After I eat, I get this burning feeling inside my stomach, especially if I eat anything spicy.",Gastroenterology
"Sometimes I just want to eat cake, but I know I can’t! 🎂",Endocrinology
I feel like my skull is cracked like nuts... it's very painful 😣.,Neurology
"I can't stand up, I feel my brain is moving inside my skull 🤯.",Neurology
"My tooth is throbbin' with pain and it’s not getting any better, I’m really worried 😔",Dentistry
I need a kind of cream which makes my muscles more relaxed... they're so tense 😩.,Orthopedics
"My troat is sore, hlp pls",Pulmonology
"The rash on my back is really itchy, doc, is that normal with this treatment?",Dermatology
"I can't hear out of my ear properly, I feel like there is something in it causing irritation 🤕",ENT
"My neck is annoying me, I can't sleep because of it... it’s very frustrating 😣.",Orthopedics
"My mind feels so sad, hurts emotionally when I think of my breakup 😢",Psychiatry
I feel pain in my knee... it’s very bothersome 🦵.,Orthopedics
"The pain in my back feels like a sharp knife stuck in it, it’s killing me! 🔪😖",Orthopedics
"my joints ache bad in the cold, stiff n painful 😕",Orthopedics
"The pain in my tooth is really sharp and I can’t ignore it any longer, what should I do? 😖",Dentistry
"Sometimes when it’s cold outside, my face hurts, especially around the pimples that are ready to pop 😣.",Dermatology
"I was diagnosed with pneumonia, I can't breathe easily... it's very distressing 😷.",Pulmonology
"I feel hurt, lots of pain in my heart 😔, don’t know why it's so bad.",Psychiatry
I feel pain in my neck after waking up... it’s really uncomfortable 😣.,Orthopedics
Mr hair is falling out just by combing it 💇‍♀️😢.,Dermatology
"My knees ache when I’m walking, especially on colder days..feels like they’re gonna give out.",Orthopedics
It feels like someone is hitting my head with a hammer 😵🛠️,Neurology
"I have muscle pain in my left leg, it’s been aching for days n not going away 😩",Orthopedics
"The severe pain in the stomach I feel, it's unbearable sometimes. Idk what to eat anymore 🥲.",Gastroenterology
I often lose track of the conversation... makes me feel so dumb,Neurology
Heart aches so much 💔😣.,Cardiology
"When I bend over, I get a shooting pain down my back, it's awful. 😖",Orthopedics
I feel a strange and powerful pain inside my rib cage 💔😣.,Cardiology
I have an issue with my skin 😓.,Dermatology
"The warming system of my house is broken, and I feel so cold 🏠❄️.",General Medicine
I feel really sad all the time 😢,Psychiatry
"When I play football, my joints feel like they're being stabbed from the inside! 😣",Orthopedics
I have a sharp pain in my lower stomach... it’s very painful 😣.,Gastroenterology
I feel a burning sensation in my shoulder muscle 🔥.,Orthopedics
My ear hurts me badly 👂😣.,ENT
Can't stop coffing!! so annoying,Pulmonology
Yesterday I had shoulder pain 😩,Orthopedics
"i can't sleep bcuz of this coff, it's keeping me up all night..ugh so frustrating 😩",Pulmonology
"My breath smells awful no matter how much I brush or use mouthwash, help me! 😩",Dentistry
"I'm not good, I'm feeling so cold 🥶.",General Medicine
I’m disappointed 😞.,Psychiatry
I feel shoulder pain at intervals 😣,Orthopedics
I couldn’t stop shaking or unclenching my jaw; that’s how cold I was... it’s really distressing 🌡️🥶.,General Medicine
"I’m feeling chilly, like an ice cube. My sister says she needs tons of blankets to stay warm 😵‍💫",General Medicine
using hair tonic but still losing tons of hair.. idk wht 2 do 😩,Dermatology
I feel cold and chills even tho my clothes are heavy. 😨,General Medicine
I can't stand up or sit down; I have a pain in my back that's really annoying 😣,Orthopedics
When I get out of bed in the morning my body feels very weak 😵,General Medicine
"My house heating is down and I feel soo cold, like I'm living in a fridge! 🧊",General Medicine
I don't have a full range of motion with my arms 😔.,Orthopedics
My head is so heavy I can’t think normally... it’s very concerning 🤯.,Neurology
How can you tell if you have a torn meniscus in your knee? 😓,Orthopedics
"I feel pain in my neck after waking up, every single morning! 😩",Orthopedics
"Got a headache with this dizzy feeling, feels like my brain is spinning!",Neurology
"Feels like there are pins and needles sticking in my joints all the time, ugh 😩.",Orthopedics
"I feel emotionally crushed, I can't even explain it, it's overwhelming 😔.",Psychiatry
After a breakup I feel something strange in me 💔🤔.,Psychiatry
Doc said my baby’s lungs aren’t fully developed coz she was born too soon 😕,Pediatrics
"I can barely bend my fingers in the morning, and they’re swollen all the time",Orthopedics
Forgot my best friend's birthday AGAIN... this memory thing is getting bad,Neurology
I feel sad 😢.,Psychiatry
I have a very rash sensation close to my arms 😣.,Dermatology
I love to garden but I get a terrible twinge in my lower back when I lean over 🌻😣.,Orthopedics
"My joints feel stiff and soore, and it’s makin’ it hard to walk or moove 😣",Neurology
"My stomach feels full and upset after big meals, it's like a balloon 🎈 is inside me 😖",Gastroenterology
"Lungs feel heavy, like they’re filled with mucus 😣",Pulmonology
I have a throbbing in my joints 😩.,Orthopedics
There’s acne on my face 😔,Dermatology
"My skin feels super thin and fragile now, like it's gonna tear any moment! 😩",Dermatology
"I have a sharp pain in my ear, especially when I touch it 😫",ENT
I'm having a hard time reading because the letters are all fuzzy 😕.,Ophthalmology
"I used to be out of breath after going up a dozen stairs, but now I struggle to breathe even when sitting down 😔😮‍💨",Pulmonology
I feel a sharp pain in my stomach after eating... it’s quite painful 😣.,Gastroenterology
"heavy breathing, always tired 😔",Psychiatry
Sometimes I cough because I’m a smoker 🚬.,Pulmonology
"I can’t see the sign, I have a blurry vision. 😕",Ophthalmology
There are times when I feel crushed under a huge weight and no air is passing to my lungs; it actually scares the hell out of me when it happens 😱.,Pulmonology
"Every time I look to the left, I feel a sharp pain in my neck... it’s very painful 😣.",Orthopedics
I feel like my moods swing a lot. is that normal? 😕,Endocrinology
I feel pain in the knee. 😣🦵,Orthopedics
"When I’m tired, my head feels so heavy, can’t think straight 😵",Neurology
My heart is beating fast and it's freakin' me out 😨,Cardiology
I just can't bear this squeezing sensation in my chest. It's like someone's pressing me down all the time.,Cardiology
I’m experiencin' severe pain in my tooth and I don’t know how to fix it or what to do 😓,Dentistry
"I’ve been struggling with bad breath for a while now, what’s causin' it and how can I fix it?",Dentistry
When I tried to be warm and wear more clothes I found that I was still cold 🌡️🥶.,General Medicine
There is so much pain when I move my arm 💪😣.,Orthopedics
My entire body is freezing... it's very uncomfortable ❄️.,General Medicine
Everything looks like it's in a smoky area 😷,Ophthalmology
"I had a sharp pain in my stomach, it came out of nowhere and it’s so intense 😣",Gastroenterology
"Even tho I’m an adult, my face keeps breaking out in pimples. So annoying 😩",Dermatology
"Just noticed some weird bruises on my arms, it’s kinda scary 😟",Hematology
I feel pain in my neck while I'm working 😣.,Orthopedics
"My ear hurts a lot when I touch it, so sensitive 😣",ENT
"When I walk up a flight of stairs, my right knee hurts... it’s so painful 😣.",General Medicine
I’m experiencin' a lot of discomfort when I try to urinate and it’s quite distressin' for me.,Urology
"I feel a sharp pain in my head when I think too hard, it's like my brain is rebelling against me 🧠",Neurology
"My head hurts and I lose sensation in my face, then lose sight in my eye... it's really scary 😨.",Neurology
"I have shoulder pain after doing any home work, it’s really bothersome 😓",Orthopedics
I think I sprained my ankle it really hurts 😣,Orthopedics
My ankle surgery damaged my nerves so badly I can't even bear touching my foot now!,Orthopedics
"I feel a clicking sensation in my knee each time I step, it’s annoying and kinda painful 😣",Orthopedics
"My back is killing me, feels like I'm in constant pain 😣",Orthopedics
"My ankle pain gets worse whenever I go up or down staires, it’s frustratin’",Orthopedics
I have some pain when I'm walking around my knees... it’s very bothersome 🦵.,Orthopedics
I am struggling to bear weight on my knee; when I stand straight I feel and hear a loud popping noise 🦵🔊.,Orthopedics
I have these dark circles under my eyes that just won’t go away. 🤷‍♀️,Dermatology
I lose a lot of my hair 😢,Dermatology
My back got injured while I was lifting at the gym... it’s really painful 🏋️‍♂️😔.,Orthopedics
"Tons of hair fall every time I comb, i’m worried 💇‍♀️",Dermatology
Hormone treatments rnt helping nd im losing hope,Gynecology
"Evry time I move my ankle, it feels like it’s grindin’ and clickin’, it’s so weird 😖",Orthopedics
My knee hurts when I play squash 🏸,Orthopedics
I keep havin' these urgent urges to urinate but nothin' comes out when I try to go.,Urology
"Every time I put in extra effort, I feel muscle pain 😩, like even lifting a bag feels like a workout.",Orthopedics
"Just when I thought I was better, these fevers come back again 😩",Hematology
"There are some pimples on my face that bother me a lot, it’s like they won’t go away 😩",Dermatology
"I keep forgettin’ thingz I just did, and it’s afectin’ my daily routins",Neurology
I can't rotate my neck at all 😣,Orthopedics
I feel a bone-on-bone pain in my knees when I climb stairs 😣,Orthopedics
Why is my shoulder aching every time I try to pick up laundry? so annoying 😣,Orthopedics
In the morning my respiration is loud 😔.,Pulmonology
"can't work more than one hour in laptop, neck hurts",Orthopedics
i feel pain in my neck 😖.,Orthopedics
Is acne a skin disease? 🤔.,Dermatology
My heart is pumping fast and I'm having a hard time to breath. 💓😰,Pulmonology
My neck has been sore since the accident. 😣🚗,Orthopedics
My body feels weak 😩 and I think my face is fading and I can’t sleep well 😴.,General Medicine
"I feel like I just can't cope anymore, I feel overwhelmed and like I just can’t get a break 😞",Psychiatry
"There must be something wrong with my blood circulation 😰. I have to wear socks even on the hottest days 🥵, my toes are frozen!",General Medicine
I complain alot with skin allergy. 😩,Dermatology
My heart feels like it's going to explode... it’s really distressing 💔.,Cardiology
I got pimples on my back and it’s makin me so self-conscious 😳,Dermatology
I feel a pain in my neck 😣.,Orthopedics
I have acne all over my face 😣.,Dermatology
My head ache since I woke up this morning 😣,Neurology
"I see dry, scaly spots on my elbows, they look ugly! Help!",Dermatology
I need a kind of cream that makes my muscles more relaxed 😣💆‍♂️,Orthopedics
"My head feels so heavy, can't think normally 😵",Neurology
I feel pain in my shoulders when I write on the keyboard. 😣💻,Orthopedics
"I don’t know why I’m constantly sad, just feelin low all the time 😔",Psychiatry
I tried to relieve it but I just can't 😔,General Medicine
How do you know if you have a torn meniscus in your knee? 🤔,Orthopedics
"When I play football ⚽, I have muscle pain, it's like my muscles are on fire 🔥",Orthopedics
When I get up I see my skin vague 🤔,Dermatology
I feel pain when parting with loved ones 💔😞.,Psychiatry
"My head hurts so badly, can’t focus on anything 😩",Neurology
Using hair tonic... but my hair still falls out 😔.,Dermatology
"Feels like pins and needles in my joints all the time, it’s so annoying 😣",Orthopedics
I get breakouts on my chest with red patches that get more intense when I get hot 😰.,Dermatology
"I’m experiencin' a lot of discomfort and pain in my urinary tract, it’s really bad.",Urology
These red spots on my cheeks are new. What is it?... it’s very concerning 😕.,Dermatology
My back got injured while i was lifting at the gym 🏋️‍♂️😖.,Orthopedics
"I feel deep tingling when I touch acne, followed by a bad sensation, it's so uncomfortable 😖",Dermatology
I've been over my cold for weeks but still cough every day 🤒.,Pulmonology
"I have a skin rash after eating an ice-cream, now it's so itchy 😢",Dermatology
My back got injured while I was lifting at the gym 🏋️‍♂️.,Orthopedics
"My speech is slow, ppl keep telling me to speak up",Neurology
My foot hurts a lot after playing football ⚽.,Orthopedics
"Muscles just feel weak, idk whats happening 😕",Orthopedics
I am experiencing a terrible fall in hair... it’s very distressing 💇‍♂️.,Dermatology
I feel severe itching in the skin with redness... it’s really painful 😔.,Dermatology
"Pimples on my face are so bothersome, can’t get rid of them 😠",Dermatology
Chronic disease of hair follicles and sebaceous glands 🩺.,Dermatology
"Wish this excruciating feeling of loss would jus go away, it's too much 😢",Psychiatry
"Severe pain in my ear, it's like someone's drilling inside my head!",ENT
"Every time I eat sugar, my vision goes all blurry n it’s scary 😟",Ophthalmology
I have some pain when i'm walking around my knees. 😣,Orthopedics
I feel a clicking sensation in my knee each time I step 😕.,Orthopedics
"My words come out all mumbled, ppl keep asking me to repeat",Neurology
"I just want my nails to be long and pretty, but they keep breaking!",Dermatology
The pain in my back dwells like a sharp knife in it 🔪.,Orthopedics
I had pain in my knee when I was swimming... it was unexpected 🏊‍♂️😣.,Orthopedics
"When I try to force my eyes to see something, everything just goes blurry. 😣",Ophthalmology
I’ve got a hard time breathing; am I having a heart attack? 💔🤔.,Pulmonology
"When I stand up too quickly, my vision is blurry 😵‍💫👁️.",Ophthalmology
I can't see the sign I have a blurry vision 🤯.,Ophthalmology
"After playing tennis, I had a powerful sensation close to my neck 🎾😣.",Orthopedics
I cant breath properly coz of this persistent cough 😷,Pulmonology
When I do hard exercises I feel great pain in my muscles. 💪😣,Orthopedics
"Every morning my neck feels like I slept on it wrong, so stiff 😩",Orthopedics
My right shoulder clicks when I move my arm ⏲️😣.,Orthopedics
My knees grind like they're made of gravel when I go up or down stairs 😫,Orthopedics
How do you know if you have a torn meniscus in ur knee? 🤔,Orthopedics
"I feel like l fell in hot water, it’s like my skin is burning 🔥.",Dermatology
"The worst headache I’ve had was during a hangover in my twenties 😵, felt like my brain was going to explode.",Neurology
I've been feeling very sad lately... it’s really affecting me 😔.,Psychiatry
My knee hurts when I play squash 🏸.,Orthopedics
I can't turn my neck to the left without feeling a stabbing pain 😣.,Orthopedics
"My baby’s got a high fever, they said it could be due to an infection, how can I help him",Pediatrics
"Oh, my heart hurts; I tried to be calm and I can’t... it’s very distressing 💔😣.",Cardiology
I'm having a hard time reading because the letters are all fuzzy 🤯.,Ophthalmology
My shower drain is full of hair every time 🚿.,Dermatology
There is a tingling sensation in my neck 🤯,Orthopedics
I get clusters of pimples on my face that never go away... it’s very upsetting 😕.,Dermatology
i was watching tv and suddenly have blurry vision 📺.,Ophthalmology
"I’ve noticed a persistent bad smell from my mouth, even after eatin' mints.",Dentistry
I’ve noticed my hair falling out a lot lately... it’s very distressing 💇‍♂️.,Dermatology
"After a breakup, I feel something strange in me 💔🤔.",Psychiatry
Can’t get warm no matter how much I bundle up or turn up the heat 😩,General Medicine
I feel hurts in my heart... it’s very concerning 💔.,Cardiology
My breathing is shallow.,Pulmonology
I got rlly bad shoulder pain..can’t move it without sharp pain 😣,Orthopedics
I notice a lot more hair coming out than usual when I brush it 😭,Dermatology
coff just keeps coming back... so over it,Pulmonology
I feel deep tingling when I touch acne and it feels horrible 😖,Dermatology
"The pain is intense, especially when I go down the stairs; it feels like something has snapped inside my knee... it’s very concerning 😖.",Orthopedics
A terrible fall in hair 😰.,Dermatology
My back hurts me and i can't bend it or walk 😣.,Orthopedics
My hair is falling out after I take a shower... it’s very distressing 💇‍♂️.,Dermatology
I get chills and aches all over 🥶😖.,General Medicine
"I’m having a hard time hearin, like everything's muffled or somethin’ 📢🤷‍♀️",ENT
I have some terrible problems when i'm breathing during the night. 😴😤,Pulmonology
"I'm having a hard time hearing, feels like I'm underwater 😥",ENT
"Stopped sports becuz I keep getting injuries, it sux 😓",Orthopedics
"My friends say I need to rest, but I just can’t shake this fever!",Hematology
Having trouble moving my knee 😔,Orthopedics
I feel pain in my head with a vertigo. 😖😵,Neurology
My back hurts a lot when I bend 😖,Orthopedics
"I’ve got a lot of itching and my skin is changin' color, could it be my liver?",Hepatology
I have pain in my chest that saddens me 💔😢.,Cardiology
"The pain is intense especially when I go down the stairs 😩, it feels like something has snapped inside my knee.",Orthopedics
"I have a great stomach ache and I can't eat anything, it’s so uncomfortable 😣",Gastroenterology
I feel severe itching in the skin with redness... it’s really uncomfortable 😣.,Dermatology
"My lungs feel heavy, like they're filled with mucus, it's hard to breathe 😤",Pulmonology
"i feel wiped out after like the smallest thing, need a nap just to recover",General Medicine
I can't drive my car at night because I have blurry vision... it's dangerous 🚗😕.,Ophthalmology
"My neck is really annoying, I can’t sleep because of it, it's so stiff 😩",Orthopedics
Stomach pain after drinking milk 🥛,Gastroenterology
My skin is so dry and peeling 😟,Dermatology
I'm not good i'm feeling so cold. ❄️😞,General Medicine
I feel weak... it’s affecting my daily life 😔.,General Medicine
"i feel so much hurt in my heart, can’t deal with this pain 💔",Psychiatry
"Got some pain when I'm walking around my knees, feels like they're gonna give out anytime 😣",Orthopedics
I feel a burning sensation in my guts about 2 hours after each meal... it's so uncomfortable 😖.,Gastroenterology
"I've tried reading books 📚, but nothing can cheer me up 😢",Psychiatry
I feel very hard to breathe... it’s very distressing 😣.,Pulmonology
I do not know why I feel cold... it’s very uncomfortable ❄️.,General Medicine
My head is so heavy I can't think normally... it's like a constant fog 😵.,Neurology
"i have a great pain in my foot like throbbing pain with relaxing my pain relief. Ugh, can't even describe how bad it is 😩.",Orthopedics
"Everytime I blink it hurts, feels like somethin scratchin in my eye 😫",Ophthalmology
There is pain in my joints. I cannot bear the pain... it’s very distressing 😣.,Orthopedics
"I feel like I can hardly breathe unless I get what's in my lungs out, it’s uncomfortable. 💨",Pulmonology
I have a pain in my head... it’s quite bothersome 😣.,Neurology
"My TV and computer look out of focus, even tho I just got new glasses. What's wrong with me? 😕",Ophthalmology
"When I get up, I see my skin vague... it’s concerning 😕.",Dermatology
I feel pain in my foot... it’s making it hard to walk 😣.,Orthopedics
Is pimples a skin disease? 🤔,Dermatology
"My husband left me for another woman, my heart hurts so badly, I can't eat or sleep 😭",Cardiology
"I feel pain in my neck, especially when I try to turn it. 😣",Orthopedics
I have this dull ache in my head 😔,Neurology
My body feels weak even tho I take my vitamins regularly. It's like they're not even working 😕.,General Medicine
"I toppled over while jumping to catch the ball, now my whole body hurts and I’m not sure what’s wrong 😩",Orthopedics
"I feel pain in the knee, especially when I walk or bend it..knee's been botherin me for days",Orthopedics
The severe pain in the stomach I feel 😖.,Gastroenterology
I'm so disappointed 😞.,Psychiatry
I don't do anything at home and still I feel exhausted 😴.,General Medicine
I carried a heavy bag yesterday and when I get up today I felt a great shoulder pain. 😣💼,Orthopedics
"Can’t move my shoulder 'cause the pain is too much, it's like locked up 🔒😖",Orthopedics
"I feel this great pain in my shoulder joint that doesn’t seem to go away, it’s constant 😩",Orthopedics
"I have a dull ache in my lower back which makes it difficult to move, especially after sitting for too long",Orthopedics
I have some pimples on my back that won’t go away 😞,Dermatology
"I feel emotionally crushed, it’s hard to get through the day 😔.",Psychiatry
"When I wake up in the morning I feel a soreness in my body, it’s like I’ve been beaten up",Orthopedics
"Something dark is there on my arm, not sure what it is. 😕",Dermatology
Cramps along the whole abdomen 😣.,Gastroenterology
My heart is pumping fast and I'm having a hard time to breathe 💓.,Pulmonology
I was playing football and got injured with joint pain 😔,Orthopedics
My cough is very heavy and I have mucus 🤧.,Pulmonology
I have a hair shortage. My hair used to be so thick and now it's just... not 🥲.,Dermatology
"I have a blurry vision, can’t see well in darkness. Why is this happening doctor? 😔",Ophthalmology
I have some terrible problems when i'm breathing during the night. 😴😤,Pulmonology
I broke my ankle while doing rock climbing in the Carpathians 🧗‍♂️,Orthopedics
I'm feelin' nauseous 🤢,Gastroenterology
I feel a strange and powerful pain inside my rib cage 😩,Cardiology
I have issues with my skin... it's so frustrating 😔.,Dermatology
Chronic disease of hair follicles and sebaceous glands 😟.,Dermatology
My face has broken out in painful red spots and lumps that no matter how much I clean my face don't seem to be going away 😞.,Dermatology
"The skin around my nails is cracked and sore, it hurts to touch anything!",Dermatology
I can’t stop coffing..it's been days now 😷,Pulmonology
I have terrible pain in my heart 😩❤️,Cardiology
My shoulder aches when I try lifting even five pounds 😫,Orthopedics
I feel like I went to an acupuncture's practice and had 100 needles in my shoulder 😣💉.,Orthopedics
"Oh, my heart hurts; I tried to be calm and I can’t... it’s very distressing 💔😣.",Cardiology
My arm hurts when I stretch 😣,Orthopedics
"I feel like I’m losin’ my sense of time, an it’s makin’ me anxyus 😕",Neurology
I have a hard muscle pain since i went to the gym 🏋️‍♂️😣.,Orthopedics
I had a pain in my knee when I was swimming 🏊‍♂️.,Orthopedics
"out of air so fast, it’s gettin rly hard to find air",Pulmonology
"I got a divorce last year, and I just can't stop dwelling on how to get revenge on my ex-husband... it consumes me.",Psychiatry
My back hurts so much I can't even bend down to tie my shoelaces 😢,Orthopedics
I have blurry vision after my head was hit yesterday... it’s very concerning 👀.,Ophthalmology
"Whenever I eat too much sugar, my body gets weak n I start feeling dizzy 🥴",General Medicine
"The acne is causing me to feel embarrassed. It sucks, can't even look ppl in the eye sometimes 😔.",Dermatology
I hardly have enough strength to get up 😔.,General Medicine
My cough is very heavy and I have mucus 🤢,Pulmonology
"The area around my heart doesn't feel good at all, it's really worrying me. 😟",Cardiology
"Done lots n lots of tests to find out why my stomach hurts, n still no answers 🥴",Gastroenterology
I feel a headache... it’s quite bothersome 😣.,Neurology
I don't do anything at home and still I feel exhausted... it's very frustrating 😔.,General Medicine
I can't get a gf cuz of my acne. 😔,Dermatology
"Redness, swelling, and difficulty walking 🚶‍♂️.",Orthopedics
"I wanna quit but my body literally craves it, idk what to do.",Psychiatry
My muscle in my shoulder burns when I move my arm.,Orthopedics
"I have shooting pains up and down my back, like electric shocks! 😩",Orthopedics
I've noticed my hair falling out a lot lately... it's really worrying me 😟.,Dermatology
I can’t recall what happened last week... feels like I’m aging! 😨,Neurology
my hair isn't doing well at all 😔,Dermatology
I feel pain in my joint after an injury in the last football match I played 😔,Orthopedics
"Every time I look to the left, I feel a sharp pain in my neck 😣.",Orthopedics
"Red n swollen knee, so painful to walk 😩",Orthopedics
"I feel cold and chills even though I'm wearing heavy clothes, it's strange 🥶.",General Medicine
"My upper back has been sore for a week, feels like a constant ache 😓",Orthopedics
"My hair is coming out in chunks, especially when I wash it, it's kinda freaking meout 😥",Dermatology
"My back hurts so much I can't even bend down to tie my shoelaces 😩, it’s so painful",Orthopedics
How do you know if you have a torn meniscus in your knee? Cuz mine feels like it might be torn and I'm kinda freaking out 😰,Orthopedics
I'm very worried that I'll go bald soon. Am I very sick? 💇‍♂️😔.,Dermatology
"I've been feeling rly down lately, like nothing’s going right. Don't wanna get outta bed most days 😔",Psychiatry
sharp chest pain whenevr I breathe in..is that bad?,Cardiology
I feel muscle pain every time I make an extra effort... it’s quite painful 💪😣.,Orthopedics
"I can't stand this horrible feeling in my stomach, it's like it's twisted in knots 😖",Gastroenterology
"son has a lot of acne, it's so frustrating, nothing seems to help!",Dermatology
"Feels weird in my heart area, not a good feeling 💔",Cardiology
My shoulder hurts when I try to reach something above my head.,Orthopedics
The pain in my ear is just unbearable 😖,ENT
i was playing football and injuried with joint pain ⚽😖.,Orthopedics
"Annoyance starts suddenly, often after an injury or exercise 😩.",Orthopedics
I feel like I've always got something in my throat 😣.,Pulmonology
"My head hurts and I lose sensation in my face, then lose sight in my eye... it's very alarming 😨.",Dermatology
I was playing football and injured with joint pain... it’s really painful ⚽😔.,Orthopedics
"I can't carry anything, I have a pain in my shoulder 😔.",Orthopedics
i have a pain in my trapes 😣.,Orthopedics
"My hair is falling out without any reason, I see tons of hair on my desk, it’s so freaky 😨",Dermatology
"My acne is ichy and oozing, is this normal?",Dermatology
freezing 24/7 no matter how many blankets I use,General Medicine
I feel pain in my heart when I wake up 😢.,Cardiology
"Can't focus, head hurts so much... 🤯",Neurology
I've got a hard time breathing - am I having a heart attack? It's so scary 😨,Pulmonology
My neck feels so stiff 😕,Orthopedics
"I feel shoulder pain at intervals of time, comes and goes but it’s always annoying 😖",Orthopedics
I can’t see well... it’s affecting my daily life 👁️.,Ophthalmology
My ear hurts when I touch it 😣.,ENT
"i got a problem in my back, can't even extend it, it's like my spine is locked!",Orthopedics
I have shoulder pain after doing any homework... it feels like I've strained something 😣.,Orthopedics
"I felt my heart hurt when I ran for a long distance, it's like it's going to explode 💥",Cardiology
My abdominal muscles have great pain since I was at GYM. 😫,Orthopedics
"My asthma is acting up with the pollen season, what can I do to get relief? 😣",Pulmonology
Got a migrain and took panadol but it doesnƒ????t seem to help 😣,Neurology
"I love to garden, but I get a terrible twinge in my lower back when I lean over... it’s quite painful 🌿😣.",Orthopedics
My neck hurts me and i can't stand with this pain 😵.,Orthopedics
There's swelling in my neck & it hurts 😣,Orthopedics
"Clumps of hair fallin when i comb, super scary 🥲",Dermatology
My ear is ringing so bad 🔔,ENT
"My mind feels very sad, as if it hurts 😔. The way I feel in my head is awful and when I think about my break-up, I cry with sadness 😢.",Psychiatry
I have severe shoulder pain 😣.,Orthopedics
"After playing football, I think I dislocated my shoulder 😢🏈",Orthopedics
I hit the ground when trying to shoot a basketball. 🏀😖,Orthopedics
I have blurry vision during my swimming training in the pool. Why? 🤿,Ophthalmology
Oh my heart hurts me I tried to be calm and I can't. 💔😰,Cardiology
I had a collision while playin' soccer ⚽. My knee buckled and now it's all wobbly 😣.,Orthopedics
It's like I know what to say but my mouth won’t cooperate,Neurology
I can't stop coughing... it’s very distressing 🤧.,Pulmonology
The warming system of my house is broken and I feel so cold... it’s very uncomfortable ❄️.,General Medicine
"When I force my eyes to view, I have blurry vision 🤯.",Ophthalmology
Woke up this morning with hanrd.,Pulmonology
"This fever is making me feel like I got hit by a truck 🚚, can’t focus!",Hematology
"Can't hear properly out of my ear, feels like there’s something stuck inside.",ENT
My knees ache on cold and rainy days 🌧️.,Orthopedics
"When I lift my arms up, there’s soreness in my shoulders that won’t go away 😫",Orthopedics
I have a great stomach ache and I can’t eat anything... it’s very uncomfortable 😣.,Gastroenterology
"I feel sharp pain in my head when I think too hard, it's like stabbing pain 😣.",Neurology
my hair isn't well 💇‍♀️.,Dermatology
I feel pain in my foot 🦶,Orthopedics
It feels like someone stuck a knife into my shoulder.. pain is unbearable,Orthopedics
"My tooth is constantly achin' and it’s really botherin' me, what should I do to fix this?",Dentistry
I feel a headache... it’s very painful 😣.,Neurology
"I've noticed my hair falling out a lot lately, I'm really worried 😟.",Dermatology
My abdominal muscles have great pain since I was at the gym... it’s very painful 💪😣.,Orthopedics
My eyes are watery sometims,Ophthalmology
The nerves were so damaged during the operation on my ankle that I can’t stand being touched on the scar 😣,Orthopedics
"After playing tennis, I had a powerful sensation close to my neck, it was intense 🎾.",Orthopedics
I think I overdid it when I carried all that lumber from the yard. My lower back is killing me 😩.,Orthopedics
I complain a lot about my neck pain and I really need to get better 😣,Orthopedics
i feel that is great pain in my left shoulder. 😖,Orthopedics
"head's pounding nonstop, can’t even think straight 😵",Neurology
I have a scab on the back of my hand that just won't go away... it’s really persistent 😔.,Dermatology
I have a great stomach ache and I can't eat anything. 😩🍽️,Gastroenterology
"When I get up I see my skin vague 😶, like everything is kinda blurry, what's happening??",Dermatology
"Sometimes I cough coz I'm a smoker. Gotta quit but it's hard, man 😶‍🌫️.",Pulmonology
The warming system of my house is broken and I feel sooo cold 🥶,General Medicine
My acne gets worse when it is hot... it’s really frustrating ☀️😕.,Dermatology
Chronic disease of hair follicles and sebaceous glands.,Dermatology
"After walking, I have some pain under my foot 🦶",Orthopedics
"Even when it’s warm inside, my body stays cold 😟",General Medicine
My back hurts me and I can’t bend it or walk... it’s very painful 😣.,Orthopedics
"Feels like pins and needles in my joints, it's driving me crazy 😖.",Orthopedics
"When I eat, I feel my stomach hurts so much, it’s really upsetting 😣",Gastroenterology
"I can't get a girlfriend coz of my acne. I hate it so much, wish it would just clear up 😔.",Dermatology
I have the impression of having no strength in my body 😓,General Medicine
I do not know why I feel cold... it’s very puzzling 😕.,General Medicine
I'm suffering from a sharp cough accompanied by phlegm... it’s very uncomfortable 🤧.,Pulmonology
"My baby was born early and they’re checking for respiratory problems, what does that mean?",Pediatrics
"I'm feeling nauseous, I can't eat anything 😷.",Gastroenterology
"I used to have acne when I was 15 years old, but it’s coming back now 😟",Dermatology
Been clean for weeks but my mind still tricks me into wanting it back. It's crazy.,Psychiatry
"My blood pressurre’s all over the place, is that normall? 😕",Hematology
"I can't stand up, I feel like my brain is moving inside my skull... it’s very unsettling 😕.",Neurology
There’s this weird tingling sensation in my neck 😕,Orthopedics
I have a sharp pain and clicking sound in my ankle joint when I try to stand on it and walk. It’s really unsettling.,Orthopedics
I can't stand up or sit down; I have a pain in my back that annoys me 😖.,Orthopedics
I feel pain in the knee when walking 😩,Orthopedics
My acne itches and oozes... I can't stand it anymore 😣.,Dermatology
My back hurts me and I can't bend it or walk 😣.,Orthopedics
I feel a tightness in my chest... it’s really concerning 😔.,Pulmonology
"My knees feel sore when I walk, especially up stairs. 🚶‍♂️",Orthopedics
"OMG, I have terible pain in my heart 💔, like it's really worrying me, is this serious?",Cardiology
I've had this cough for two weeks... it’s very distressing 🤧.,Pulmonology
"I have a foot ache in winter, or when it feels cold... why does this happen? 🦶❄️",Orthopedics
"I hit the ground hard when trying to shoot a basketball, now it’s sore. 😥",Orthopedics
"My skin is super dry, it peels off 😬",Dermatology
"I can't recall simple words, it's like they're on the tip of my tonque!",Neurology
i have a migrain and i took panadol but it doesn’t help. idk wat else to do now 🤕,Neurology
My joints feel swollen... it’s very bothersome 🦵.,Orthopedics
The acne was causing me to feel embarrassed 😳.,Dermatology
"Every time I look to the left, I feel a sharp pain in my neck, it's like a needle poking me 😣",Orthopedics
I feel pain in my stomach... it’s quite persistent 😣.,Gastroenterology
"I used to have a great memory, now I can't even remember my friend's name!",Neurology
"Carried a heavy bag yesterday, now my shoulder’s in so much pain 😣",Orthopedics
I have a rash and it itches very bad. 🤯,Dermatology
"I had a sharp pain in my stomach, felt like a stabbing sensation 😖",Gastroenterology
My abdominal muscles have great pain since I was at the gym... it’s really intense 🏋️‍♂️😖.,Orthopedics
I’m feeling cold even though the temperature is high... it’s really confusing 🌡️🥶.,General Medicine
My television and computer seem out of focus even though I have new glasses. What's up with that? 😵‍💫,Ophthalmology
"I usually have a bad cough when I get the flu, it's like my lungs are trying to expel something 😷",Pulmonology
"When I eat sugar, I notice my vision blurs... should I be worried? 🍬👀",Ophthalmology
"I feel a pain on the left side of my chest, where my heart is. 💔😖",Cardiology
"I feel back pain when I carry heavy things, it’s awful! 😫",Orthopedics
I get super hungry even after having a full meal. so frustrating!,Endocrinology
"Every winter, my cough gets worse n it’s been real bad this time 🥶",Pulmonology
"I just want to be a mom, y is it so difficult 💔",Gynecology
"Crushing sensation on my heart, feels like I'm suffocating 💔",Cardiology
"I keep writing things down, but I still misplace them.",Neurology
In the morning my respiration is loud.,Pulmonology
"I have eruptions on my face that come and go, they’re really frustrating 😫",Dermatology
I feel pain in my neck after waking up 😣.,Orthopedics
"My heart feels like it's gonna explode, pounding like crazy and hurts so bad 💔",Cardiology
"I have blurry vision after my head was hit yesterday, it's like I can't focus on anything 😕",Ophthalmology
"My lungs feel heavy like they are filled with mucus, it's hard to breathe properly 😷",Pulmonology
Chronic bone disease at the level of the doubles of the lower extremities. 😣🦵,Orthopedics
Y did my baby cry so much after the shots? Like it was soooo loud! 😭,Pediatrics
I think my body temperature is very low. 🥶,General Medicine
any loud sound makes my ear ache 😫,ENT
"I feel a burning sensation in my guts, abt 2 hrs after evry meal. It gets worse if the food is spicy 😩",Gastroenterology
I can’t rotate my neck 😕,Orthopedics
I feel depressed when I see my hair falling out 😔,Dermatology
Is there a cure for acne? I really need help 😟.,Dermatology
"When I'm tired I feel my head heavy, like I can’t keep it up 😔.",Neurology
"The doctor said my baby might have sepsis, what is that",Pediatrics
"I feel chilly, like an ice cube 🧊. My sister said that she needs several blankets to cover her so that she is warm enough.",General Medicine
"After playing football, I have muscle pain in both legs ⚽.",Orthopedics
I think I sprained my ankle it really hurts. 😩🦵,Orthopedics
I feel so cold when night falls 🌙❄️,General Medicine
"Ugh, forgot to lock the door AGAIN, this is becoming too frequent 🤦",Neurology
"I am struggling to bear weight on my knee; when I stand straight, I feel and hear a loud popping noise... it’s concerning 😣.",Orthopedics
"I can’t gripp things properly, and it’s makin’ it hard to do basic taskss 😢",Neurology
I have indigestion... it’s very uncomfortable 😣.,Gastroenterology
"When I wake up in the morning, I feel a soreness in my body 😩, it’s like I'm 90 yrs old 😅.",Orthopedics
"I can't stop thinking about my ex, it drives me crazy! 🙄",Psychiatry
I can be super excited one minute and then just blah the next.,Psychiatry
I feel cold 🥶,General Medicine
Knee catches and hurts when I stand up after sitting for a while 😣,Orthopedics
It itches inside my ears... so annoying 😖.,ENT
I travelled by plane a few days ago and this time during landing my ears remained clogged and painful 😣✈️.,ENT
"I have blurry vision and I can't see in the dark, what’s the reason doc? 🤔",Ophthalmology
I've had this cough for two weeks 🤧.,Pulmonology
My hair is falling out when I am combing it... it’s very distressing 💇‍♂️😢.,Dermatology
"I had a cold the last time I travelled by plane, and I still have this discomfort in my ears 😷.",ENT
I have pimples in patches along with a lot of redness on my face... it’s very distressing 😕.,Dermatology
There is pain in my muscles I do not know what caused it 😕,Orthopedics
My chest acne breaks out and never clears up. 😤,Dermatology
"Can't keep track of what I did in the morning by afternoon, it's a mess",Neurology
"I have pain in my muscle, can’t figure out what’s causing it 😣.",Orthopedics
"My head hurts whenever I try to do anything, it’s like a constant throbbing 🤕",Neurology
"Acne is the worst, it's ruining my skin! 😭",Dermatology
There is pain in the muscles and I don't know what caused it 🤔,Orthopedics
My back hurts and I can’t bend it or walk 😣,Orthopedics
I often get a stomach ache after I eat. I haven't been able to pinpoint which foods might be the trigger. It’s really frustrating 😩,Gastroenterology
"When I’m tired, my head feels so heavy 😫",Neurology
I have a scab on the back of my hand that just won’t go away... it’s very concerning 🩹.,Dermatology
My head hurts whenever I try to do something. 😣,Neurology
I feel really sad all the time 😔,Psychiatry
I have shooting pain in my kneecap after working out 🏋️‍♂️.,Orthopedics
My upper back has been sore for a week... it’s not getting better 😩.,Orthopedics
My right shoulder clicks evrytime I move my arm...is that normal? It's painful too 🥲,Orthopedics
"i feel like it's hard 2 breath, esp after running or any kind of effort 😮‍💨",Pulmonology
I have pimples on my back 😩.,Dermatology
I feel a pain in my back... it's been bothering me all day 😣.,Orthopedics
"When I raise my hand, I feel pain in my shoulder, it’s really sharp 😖.",Orthopedics
I have a scab on the back of my hand that just won't go away... it’s really persistent 😔.,Dermatology
Can't keep focus 😫,Neurology
When I wake up I am feeling cold 🌡️🥶.,General Medicine
My head hurts when I’m doing this 😖.,Neurology
using hair tonic but it ain't helping 😕.,Dermatology
"I complain alot with skin allergy, it’s really bothering me 😟.",Dermatology
I feel a pain in my neck 😣.,Orthopedics
I feel so sore in my stomach area 🤕.,Gastroenterology
Sometimes I cough because I'm a smoker 🚬.,Pulmonology
The arches of my feet hurt when I wear heels 👠.,Orthopedics
I feel a tightness in my chest 😰.,Pulmonology
It feels like someone is hitting my head with a hammer. I feel pain on the top of my head and it throbs 🔨🤯.,Neurology
My acne is really embarrassing 😳. It's so red.,Dermatology
"I feel pain in my throat when I cough, it’s sharp and persistent 😣",Pulmonology
"Yesterday had a shouder pain, still hurts today when I try to move it...what’s happening?",Orthopedics
My muscles feel tired 😫.,General Medicine
I have a neck pain when I sit in-front of my laptop. 💻😣,Orthopedics
"every morning I wake up as if i never slept, still dead tired 😫",General Medicine
I feel cold 🥶,General Medicine
My temperature dropped and my body got cyanosed 🌡️💔.,General Medicine
sterillizer for eye??? wat does that do?,Ophthalmology
I have a scab on the back of my hand that just won't go away. 😟,Dermatology
alk every day but now I get short of breath after going only a short way 😥.,Pulmonology
I feel a burning sensation in my guts about 2 hours after each meal 🔥.,Gastroenterology
"I sometimes forget where I put my phone, even when it’s ringing!",Neurology
"Got this shooting pain in my kneecap after working out, like whyyyy 😩?!",Orthopedics
I feel like my heart is on fire 🔥,Cardiology
"I often mix up names and faces, it’s so embaressing! 😳",Neurology
"My ear hurts when I touch it, it’s really sensitive 😣",ENT
I m feeling cold though the temperature is high 🥶🌡️.,General Medicine
There are some pimples on my face that bother me a lot 😩.,Dermatology
My shoulder hurts so bad 😖,Orthopedics
"Stepped on a needle, wouldn't hurt as much as this stupid heel spur 😤",Orthopedics
Chronic bone disease at the lvl of the doubles of the lower Estremidades.,Orthopedics
"I started swimming lessons n I guess I swallowed too much water through my nose 😅, cuz this sinusitis is killing me now",Orthopedics
"My joints feel super stiff and painful, especially after sitting or resting for a while 😔",Orthopedics
"I travelled by plane a few days ago and now during landing, my ears were clogged and hurt ✈️",ENT
These pimples on my face make me feel so self-conscious 😩,Dermatology
I have trouble remembering names... it's so awkward!,Neurology
My knee is hurting so badly. 😩🦵,Orthopedics
My back hurts so much I can't bend down to tie my shoelaces 😣.,Orthopedics
My acne is so embarrasing! It's all red n I can’t even look at myself 😳,Dermatology
I feel pain in my neck 😣,Orthopedics
"Pain in ear is too much, unbearable",ENT
"When I lift my arms up, I have soreness in my shoulders... it’s very painful 💪.",Orthopedics
Can my son get sick from vaccines? He just seems so tired...,Pediatrics
My face is all broken out with pimples... it's so frustrating 😣.,Dermatology
"my neck feels stiff, can't move it much 😖",Orthopedics
"My ear hurts when I listen to music too loud, like a sharp pain 😖",ENT
"I feel chilly, like an ice cube. My sister said that she needs several blankets to cover her so that she is warm enough. ❄️",General Medicine
I feel great pressure in my chest. 😰💔,Pulmonology
"It is hard to breath when I am in the underground metro station, why? 🚇😣.",Pulmonology
I feel hurts in my heart. 💔,Cardiology
My shoulder is hurting me 😣.,Orthopedics
"When I eat sugar, my vision blurs 😵, is that normal??",Ophthalmology
I have neck pain when I sit in front of my laptop 💻.,Orthopedics
I break out on my face very frequently. 😣,Dermatology
"Back pain when I carry heavy things, really uncomfortable 😣",Orthopedics
"There must be something wrong with my blood circulation; I have to wear socks even on the hottest days, and my toes are frozen 🧦.",General Medicine
"Can't work properly, got a bad knee pain that just won’t let me focus 🦵😕",Orthopedics
"There's swelling in my neck & it's hurting bad 😥, what could it be?",Orthopedics
I have difficulty moving my neck. 😣,Orthopedics
I have muscle pain in my left leg... it's hard to walk 😖.,Orthopedics
I’m having shooting pains all up and down my back 😣,Orthopedics
My stomach feels full and upset and bloating after big meals. 😩🍽️,Gastroenterology
I feel like I’m constntly tryin’ to catch up with my own thaughts 😣,Neurology
The area around my heart doesn't feel good... it’s very concerning 💔.,Cardiology
"i have difficulty moving my neck, it’s stiff and painful, makes it hard to look around 😞",Orthopedics
My skin is very dry and peeling 🏜️😣.,Dermatology
My heart hurts when I exercise 😓,Cardiology
My face break out badly every month around my cycle 😔.,Dermatology
My television 📺 and computer seem out of focus even tho I have new glasses 👓,Ophthalmology
I feel a pain in my neck 😣,Orthopedics
"Mornings r the worst, I can barely breath properly",Pulmonology
Are pimples a skin disease? 🤔,Dermatology
I feel great pain in the head 🤯.,Neurology
I’ve been feeling super anxious about everything lately. 😟,Psychiatry
I have this strange rash on my arm and it’s really annoying 😡,Dermatology
"I hve cut my finger because of playing football, and I applied pain relief cream, but it doesn't help 😕.",Orthopedics
I cannot get warm no matter how much I wrap up or how high I put the heating on 🌡️🥶.,General Medicine
i can hardly breathe 😤,Pulmonology
"Redness, swelling, and I’m having trouble walking 🦵",Orthopedics
I have cloudy eyes 😕,Ophthalmology
Feels like my skull is cracked like nuts 🥜,Neurology
I stopped sports because I keep getting Injuries from sports 😓,Orthopedics
"I feel pain in my lower back, it's getting worse. 😓",Orthopedics
"Sharp pain in my neck, feels like a pinched nerve or smth 😣",Orthopedics
my ankle is hurting me. 😣,Orthopedics
I feel muscle pain every time I make an extra effort 💪😩.,Orthopedics
I cannot breathe because of this dull ache below my left shoulder 😓.,Cardiology
I have injured myself during the soccer match... it’s very painful ⚽😔.,Orthopedics
"There are some pimples on my face that bother me a lot, it's like they never go away 😣",Dermatology
"My urine is really dark and my stool is pale, could it be liver trouble?",Hepatology
My biceps started aching after I went to the gym... I must have overdone it 💪😣.,Orthopedics
I have a burning sensation in my chest.,Cardiology
heavy breath with fatigue 😥.,Psychiatry
"My ankle swells up at the end of the day, and it’s painfull to tuch",Orthopedics
My back is hurting so much. 😣,Orthopedics
I think I’m driving my partner crazy with my moods.,Psychiatry
"When I extend my leg, there is pain in the knee joint... it’s very painful 🦵.",Orthopedics
I keep finding weird little lumps under my skin. Should I be scared?,Dermatology
"I’m scared my asthma might be getting worse, should I see a specialist? 😟",Pulmonology
I feel pain in my neck after waking up 😣.,Orthopedics
My body feels weak and I think that my face is fading and I can't sleep well 😞🛏️.,General Medicine
"I’m worried my kid’s vaccine schedule is too packed 😬, is that normal?",Pediatrics
"Everything is blurry, like I’ve got a cloud over my eyes. Can’t see things clearly at all.",Ophthalmology
I have terrible pain in my heart 😢.,Cardiology
I feel shoulder pain sometimes 🤕,Orthopedics
I have acne all over my face 😷,Dermatology
"The feeling of coughing increases in winter's reach, it’s worse in the cold.😥",Pulmonology
Chronik disease of hair folikles n sebaceous glands.,Dermatology
My heart hurts me 💔.,Cardiology
Sometimes I forget to take my meds. it’s just so much to remember!,Endocrinology
"Can't see the sign, my vision's all blurry. 🧐",Ophthalmology
"having a hard time seeing clearly, things are blurry... 🤔",Ophthalmology
"I feel pain in my neck while I'm working, it’s so distracting 😫",Orthopedics
"My mood swings are so bad, one minute I'm happy, then I'm crying 😭",Psychiatry
"My eye is swollen, red, n hurts when I blink, really need help! 😩",Ophthalmology
I cannot get warm no matter how much I wrap up or how high I put the heating on. ❄️,General Medicine
I feel strong pain in my knee after it was hit during the football match. It’s like a deep ache 😩,Orthopedics
skin is so dry it’s like peeling off...pls help 😩,Dermatology
"My stomach's been hurting a lot, like a constant ache 🤕",Gastroenterology
I can't turn my neck to the left without feeling a stabbing pain... it's so stiff 😖.,Orthopedics
It itches inside my ears 🤔,ENT
I feel a tightness in my chest... it’s really concerning 😔.,Pulmonology
"When I get out of bed in the morning, my whole body feels so weak, can barely stand up, no energy 😣",General Medicine
My neck feels stiff. 😣,Orthopedics
"My baby’s immune system is weak, and they said that’s why he got an infection 😢",Pediatrics
I have a weird rash that feels like sunburn but I haven’t been in the sun!,Dermatology
There is a sharp pain in my ear whenever I do this 😖,ENT
"These red spots on my cheeks are new, what’s goin on? 🧐😕",Dermatology
"I feel heart pain when I walk a lot, it's like a sharp, stabbing pain. 💔",Cardiology
My baby was born preterm and they said her immune system’s weak,Pediatrics
"I twisted my ankle again, and now it’s swollen and brused all ova",Orthopedics
I’ve tried everything to relieve my toothache but it won’t go away no matter what I do 😩,Dentistry
Every time I look to the left I feel a sharp pain in my neck 😣.,Orthopedics
"soccer match injury, leg hurts 😩",Orthopedics
"I keep getting chills and aches everywhere, not sure what’s going on 😵",General Medicine
Can't keep focus 😣,Neurology
"Keeps bleeding after intercourse, makes me feel embarrassed",Gynecology
"I think I might have a fungus or something, my nails look funny 😕",Dermatology
The severe pain in the stomach I feel. 😩🍽️,Gastroenterology
I'm in need of treatment for my hair fall 💇‍♀️🩺.,Dermatology
I feel weak all over 😓.,General Medicine
"The redness on my face won't fade, is it from the meds? 🤔",Dermatology
"When I drink a lot, I get a headache 🤕",Neurology
"I can’t remember where I put my glasses half the time, it's driving me nuts",Neurology
"I wake up with a stiff neck every morning, massage helps but then it’s back again in a couple of days.",Orthopedics
It feels like my heart is gonna leap outta my chest...is it normal? It hurts sooo much 😥,Cardiology
I can’t walk well; I have an ache in my foot 🚶‍♂️.,Orthopedics
i have disterbance in my emotions 😔,Psychiatry
"Neck pain so bad, can’t sleep properly! 😴",Orthopedics
I feel pain in my joint after an injury in the last football match I played. 😣,Orthopedics
I have blurry vision since I woke up this morning; what could be the reason? 👁️🤔.,Ophthalmology
My body feels like it's in a refrigerator. 🥶,General Medicine
"Losing track of the days and feeling disorganized, what’s wrong with me?",Neurology
"Red eyes all day, crusty stuff all night, it’s been like a week! 😒",Ophthalmology
Head feels like it's gonna split open...such a strong pain! can't take it anymore 😵‍💫,Neurology
"Fell off my bike and now my knee hurts so much, can't walk properly 🚲",Orthopedics
It's hard to see things 👀.,Ophthalmology
I don't knw why I feel cold all the time...,General Medicine
"my kid's been coughing all night, can’t sleep 😟",Pulmonology
i feel pain in my neck 😩.,Orthopedics
hard exercise makes my muscles ache terribly...,Orthopedics
"My hair always falls out and I have lost a lot of hair lately, it’s so frustrating. 💢",Dermatology
Deep breathes make me cough badly,Pulmonology
itch at front and center of scalp. 🤯,Dermatology
"I try to eat healthy, but pizza is just my weakness! 🍕",Endocrinology
I have a sharp pain in my neck... it’s very uncomfortable 😖.,Orthopedics
"Sometimes I feel like a claw on my chest that leaves me breathless, it’s really scary 😨",Pulmonology
i feel sad. 😞,Psychiatry
When I stand up too quick my vision is blurry 🤯.,Ophthalmology
My ear hurts when I touch it 😣.,ENT
"Got an ear ache when I went to the pool, it’s really bothering me 😣",ENT
I usually have a bad cough when I get flu 🤧.,Pulmonology
"Losing so much hair these days, it's fallin out like crazy 😩",Dermatology
My knees seem to grind as I go up or down stairs 🦵😣.,Orthopedics
Oh my heart hurts 💔! I try to stay calm but it’s not helping. Am I having a panic attack?,Cardiology
"I can't hear out of my ear properly, I feel like there is something in it causing irritation. 👂😖",ENT
"When I do hard exercises, my muscles hurt a lot 😫",Orthopedics
My head hurts when I'm doing this 🤯.,Neurology
"There feels like a swollen knot at my shoulder blade with pain shooting from that, it’s really uncomfortable 😖",Orthopedics
I feel a sharp pain in my ankle joint when I stand... it’s really painful 😣.,Orthopedics
I feel a soreness in my knees when I walk... it’s quite bothersome 🚶‍♂️😣.,Orthopedics
"Sometimes feels like a claw is gripping my chest, can't breathe, freaks me out 🫣",Pulmonology
I feel pain in my neck while I'm working 💻😣,Orthopedics
My hair is falling out 😢.,Dermatology
I’m having trouble with fertility and my partner and I have been trying for a while now and it’s really hard 😔,Urology
"My whole body feels off, like I’m in a bad state and need treatment badly 😔",Orthopedics
I can't walk well I have an ache in my foot 😖.,Orthopedics
"When I carry heavy things i feel like breaking my bck, can't even move sometimes 😓",Orthopedics
Can I give my kid Tylenol after shots? Just want him to be comfy!,Pediatrics
"After playing tennis, I had a powerful sensation close to my neck, feels like it’s tight or pulled 😩",Orthopedics
"My son was born too soon and they put him on oxygen, is that bad?",Pediatrics
"I just can't seem to get warm. Even when everyone around me is warm, I always feel cold 😓",General Medicine
"I put my glasses on, but things still look blurry. What's wrong with me?",Ophthalmology
I got joint pain after an injury in the last football match I played. Can't even run properly anymore 🏃‍♂️⚽,Orthopedics
My skin is very dry and peeling 😣,Dermatology
My newborn has an infection and I don’t understand how it happened 😢,Pediatrics
My head has been aching since I woke up this morning 🤕,Neurology
"I get tired too fast, I can barely put on my clothes in the morning 😓.",General Medicine
I’m facing issues with fertility and we’re considering seeing a urologist for help with this situation 😟,Urology
My right shoulder clicks when I move my arm ⏲️😣.,Orthopedics
I’ve got a hard time to breathe—am I having a heart attack?... it’s very alarming 💔.,Pulmonology
"I have shoulder pain when I try to carry my groceries, it’s really tough 🛒.",Orthopedics
"I made lots and lots of analysis to know the main reason for my stomach ache, still no clue 🤔",Gastroenterology
We’ve been trying to have a baby for months now and nothing is working at all. Could it be a male fertility issue that we need to look into?,Urology
I think I hanve Knee panin.,Orthopedics
"I don't have the energy to do the things that I used to, it’s like I'm always drained 😴",General Medicine
"After eating, I feel a burning sensation inside my stomach 😣",Gastroenterology
"I started taking swimming lessons and I guess I swallowed too much water through my nose, because this sinusitis is killing me now. 🌊🤧",Orthopedics
"My premature baby isn’t gaining weight like he should, what can I do?",Pediatrics
"My back is hurting so much, I can barely move 😖",Orthopedics
"I get stuck on simple words, my fam is noticing 😔",Neurology
"I feel a sharp pain in my stomach after eating, like something's stabbing me from the inside 🍽️😖.",Gastroenterology
I could not exercise because of my knee pain 😞.,Orthopedics
My calves feel like they are tight as knots and are throbbing 🦵😣.,Orthopedics
"I can't rotate my neck, it’s so stiff and painful 😣",Orthopedics
My hair is falling without any reason; I see a lot of hair on my desk 😔,Dermatology
"I've had this cough for two weeks... it's not going away, and it's so annoying 😷.",Pulmonology
I feel a great amount of pressure on the sides of my neck 😰,Orthopedics
"My back hurts so much, I can't bend or walk, it's really limiting me 😣.",Orthopedics
My bladder feels full all the time and it’s makin' me uncomfortable and stressed out.,Urology
"My breath is bad and it’s affectin' my confidence, what can I do to fix it?",Dentistry
"I travelled by plane a few days ago and now my ears remain clogged and painful, it’s driving me crazy 🤯",ENT
"My baby’s infection hasn’t cleared up after a week, what’s the next step",Pediatrics
"i cant breathe, it’s so frustrating 😰.",Pulmonology
"My hands start shking when I think about drugs, it's so scary.",Psychiatry
I’m constntly askin’ for the same info and cant seem to remmber it 😣,Neurology
Why does my shoulder ache when I try to pick up the laundry? 😣,Orthopedics
My tooth hurts every time I chew and it’s gettin' worse with each day that passes 😣,Dentistry
"When I'm tired, my head feels heavy like there's a weight on it..hard to stay awake or focus.",Neurology
"I’m experiencin' pain in my side and have lost weight, should I see a specialist? 😕",Hepatology
there pain in my foot 😖.,Orthopedics
"My hair is fallin out in bunches, it's so freakin scary 😱",Dermatology
"My back hurts so much, I can't even sleep comfortably anymore... 😩",Orthopedics
I have an earache when showering 🚿.,ENT
"My face has broken out in painful red spots and lumps, that no matter how much I clean my face don't seem to be going away. 😩",Dermatology
"There must be something wrong with my blood circulation, I have to wear socks even on the hottest days 🧦",General Medicine
"I often feel lost when someone is talking to me, like I zone out.",Neurology
When I wake up I am feeling cold. ❄️,General Medicine
I can’t turn my neck to the left without feeling a stabbing pain... it’s very painful 😣.,Orthopedics
"Sharp pain in my bicep, feels like I pulled somethin real bad 💪😬",Orthopedics
My entire body is freezing 😨.,General Medicine
"i feel pain in my foot, can't even walk properly. Idk what's going on 😖.",Orthopedics
"Whenever I play, my back burns so much 🔥",Orthopedics
I’ve been having a hair shortage 😔,Dermatology
"Coughin whenever I smell perfume, sumthin’s up with my lungs 😷",Pulmonology
I can't really jump on my left foot because my triple fracture of the ankle left me with neverending pains 😔,Orthopedics
I have terrible pain in my heart ❤️.,Cardiology
"When I sneeze real hard, I feel ear ache.",ENT
"I have a problem in my back, I can't even extend it. The pain is awful whenever I try to move 😖",Orthopedics
I feel a sharp pain in my ankle joint when I stand 😖.,Orthopedics
I've got a hard time breathing—am I having a heart attack? It feels so scary 💔😨.,Pulmonology
I feel like there is something swollen and inflamed at the back of my knee 🤕.,Orthopedics
I am having a runny nose... it’s quite bothersome 🤧.,General Medicine
i need cream tht makes my muscles relaxed fast.,Orthopedics
The pain in my ear is unbearable 😵.,ENT
"I get an ear ache when it's cold outside, it's so annoying 😣.",ENT
I feel like there is something swollen and inflamed at the back of my knee 😖,Orthopedics
I think I overdid it when I carried all that lumber from the yard. My lower back is killing me... it’s very painful 🏡😣.,Orthopedics
"I can’t remember what I had for lunch yesterday, like, what? 🤔",Neurology
I’m dealin' with a severe toothache and nothin' seems to help me feel better at all 😣,Dentistry
I feel like my heart is on fire 🔥,Cardiology
"I can’t stop coughing. It's been days, maybe even weeks. Really hope it's not something serious 😷.",Pulmonology
My television and computer seem out of focus even though I have new glasses 👓.,Ophthalmology
I have acne all over my face 😣.,Dermatology
I’m constantly feelin’ of ballance and it’s makin’ everyday taskks diffficult 😩,Neurology
I feel a sharp pain in my ankle joint when I stand... it’s quite painful 😣.,Orthopedics
"When I move my shoulder, pain shoots down my arm, it’s really sharp 😣",Orthopedics
We’ve been trying for a baby and I’m concerned that it might be a male infertility problem that we need to address.,Urology
There is a sharp pain in my bicep. I have tried to apply pain relief cream but it does not help 💪😣.,Orthopedics
"When I was young, I had an injury from sports in my knee... it’s still affecting me 🏅😔.",Orthopedics
When I carry heavy things i feel like breaking my back. 😣💪,Orthopedics
I have acne on my face and other skin problems like itching 😩.,Dermatology
I feel pain in my lower back... it’s constant and bothersome 😣.,Orthopedics
I think there's fluid in my ears. 💦,ENT
Stomach pain after drinking milk 🥛.,Gastroenterology
"Injured myself during soccer match, now everything just hurts ugh ⚽.",Orthopedics
"The doctors said my little girl is premature, but I don’t understand what that really means 😣",Pediatrics
I need treatment for my hair fall 😩,Dermatology
My body feels like it's in a refrigerator. 🥶,General Medicine
"I used to have acne when I was 15 years old, wish it would just go away 😟",Dermatology
It feels like my heart is going to leap out of my body; it hurts... it’s such a strong feeling 💔.,Cardiology
I don't know why I'm constantly sad 😞.,Psychiatry
"Hurt myself working out, pulled something and now it won’t stop hurting.",Orthopedics
I have shooting pains up n down my back... it's been this way for weeks n nothing is helping. Pain is unbearable 😖,Orthopedics
My knee hurts when I play squash 🏸,Orthopedics
"Oh, my heart hurts so much. I tried to stay calm, but I can’t 😓",Cardiology
"I have a problem in my middle ear due to infection, it’s so painful 😣.",ENT
My heart feels like it's going to explode. 💔😨,Cardiology
I feel discomfort throughout the body in general 😩.,General Medicine
"I have a pain in my joint, it's getting worse every day 💥",Orthopedics
"After walking, got some pain under my foot, like it’s throbbing 😖",Orthopedics
"I carried a heavy bag ystrday and today when I got up, I felt gr8 shoulder pain 😣.",Orthopedics
Im having hard tym reading coz letters r all fuzzy. 📚,Ophthalmology
My stomach has been sore since yesterday 😩.,Gastroenterology
Worst headache ever was during a hangover in my twenties 🥴. Thought I was gonna die from brain inflammation.,Neurology
This long scar on my left buttock is from falling off my mountain bike 🚵‍♂️,Orthopedics
Typing out a msg and then forgetting what I was gonna say halfway thru...,Neurology
My movemints are soo slow and it’s affectin’ my quallity of lyfe,Neurology
I have a dull ache in my lower back which makes it difficult to move... it’s been persistent 😖.,Orthopedics
I think I sprained my ankle it really hurts. 😩,Orthopedics
I feel really sad all the time... it's hard to shake this feeling of sadness 😔.,Psychiatry
"Sometimes my skin just randomly hurts, like a burning sensation. What’s up?",Dermatology
"Sometimes I just need to cry, even if I don’t know why.",Psychiatry
I can't stand this horrible feeling in my stomach 🤢,Gastroenterology
I can't work good I have a pain in my knee 😩,Orthopedics
"My baby has a skin infection, should I be worried that it could get worse",Pediatrics
"I get knee pain when I walk a lot, it’s been persistent 😞",Orthopedics
"i hv hair loss, its getting worse evryday 🥲",Dermatology
I can’t do anything; I feel weak in my body... it’s very frustrating 😔.,General Medicine
"My heart hurts when I exercise, especially during intense workouts, it’s kinda scary 😟",Cardiology
There is this pain that radiates from my chest up to my left arm. 💔💪,Cardiology
It feels like my heart is going to leap out of my body 💓. It hurts.,Cardiology
"I'm not feeling good... I can't catch my breath, it's like I'm suffocating 😮‍💨.",Pulmonology
"When I get up, I have a stomach ache. I tried taking medicine, but my stomach still hurts 🤢💊",Gastroenterology
"I’m feeling so dizzy, my body is so fragile 😰",General Medicine
"I can’t move my neck without feelin pain, it's like something's locked up in there 😖",Orthopedics
My skin is discolored.,Dermatology
"Evry time I get a cut, it takes forver to heal, it’s so annoyin’",Hematology
"After playing tennis, I had a powerful sensation close to my neck... it’s quite intense 🎾😣.",Orthopedics
"I paint my nails all the time, but they keep looking unhealthy 🥴",Dermatology
"My skin's been so itchy and inflamed lately, it feels like it's on fire 🥵",Dermatology
I’m having difficulty moving my knee 😖.,Orthopedics
"No matter what I eat or drink, my breath always smells bad and it’s frustratin'.",Dentistry
My neck feels stiff 😖,Orthopedics
My foot hurts a lot from playing football... it’s quite painful ⚽😣.,Orthopedics
"I had a collision while playing soccer, my knee buckled and now it’s really unstable 😔",Orthopedics
"I notice a lot more hair coming out than usual when I brush my hair, it’s worrying. 💇",Dermatology
"I got hair shortage.. like seriously, it’s fallin out like crazy!!",Dermatology
"I have shooting pains up and down my back, it's like someone's poking me with a needle 😣",Orthopedics
"When I get up, I have a stomach ache and even after taking medicine, it still hurts 🤢",Gastroenterology
"I’m havin’ diffficulty gettin’ up from bed or a chair, it’s so frustrateing 😢",Neurology
"My ankle's throbben after I walk for a while, it’s really gettin’ me down",Orthopedics
"I could not exercise because of my knee pain, it’s too painful to even think about working out 😢",Orthopedics
I forget what shots my kid needs next. Can someone send me a reminder? 📅,Pediatrics
"I’m havin’ trouble recognizin’ familiar placess and people, it’s distressin’",Neurology
I get lost in familar places and cant remember how to get home 😩,Neurology
i feel pain in my foot 😖.,Orthopedics
I have a severe cold and cough 🤒.,Pulmonology
My ankle feels like it's gonna give out evry time I walk 😔,Orthopedics
All my body is in a bad case and I need a good treatment... it’s overwhelming 😔.,Orthopedics
"After a breakup, I feel something strange in me... it's hard to explain. 💔",Psychiatry
There are lots of hairs on my pillow in the morning... it's scary to see 😟.,Dermatology
My toothache is so bad that I’m havin' trouble eatin' and talkin' at all 😔,Dentistry
writing on keyboard makes my shoulders ache... is it carpal tunnel or something?,Orthopedics
"I feel like a walking thermometer, always checking my temp now! 🔍",Hematology
"My voice just sounds slurred all the time now, no idea why",Neurology
I feel discomfort throughout the body in general 😞.,General Medicine
I can't walk because I have a great foot ache. 😣👣,Orthopedics
My head hurts whenever I try to do something... it's hard to concentrate 😕.,Neurology
I have an ear ache when showering 🚿👂.,ENT
I hit my head at the basketball game. Could I have a concussion? 🏀🤕.,Orthopedics
I have muscle pain in my left leg 🦵.,Orthopedics
My heart feels like it’s going to explode 💔.,Cardiology
"Not sure whats rong, but I feel terrible and sad always",Psychiatry
I'm not hearing well; I have a problem with my ear... everything sounds muffled 😕.,ENT
"My ear hurts and it's worse when I swallow; my ear is very painful, and Tylenol hasn't helped... it’s really bothering me 😖.",Dermatology
I've got a hard time to breath- am I having a heart attack? 😨💔,Pulmonology
It's hard to see things 👀,Ophthalmology
"My skin color on my back is red, and I don't kno why.",Dermatology
"Just woke up with this fever that won't go away, what is going on?!",Hematology
"I'm not good, I'm feeling so cold, it's like my body's frozen 🥶",General Medicine
i have a strong shoulder pain 💪,Orthopedics
The warming system of my house is broken n feel sooo cold 🥶,General Medicine
My arm hurts when I stretch 💪,Orthopedics
I have a foot ache even though I don't walk much 🤔,Orthopedics
I feel congestion in my chest 😔.,Pulmonology
"I feel like I’m walkin’ on a weak ankle, it gives out on me some times",Orthopedics
I wonder if my mood swings are affecting my work performance.,Psychiatry
In highschool I had a lot of acne.,Dermatology
"Sharp pain in my bicep, really annoying 😫",Orthopedics
"after running, my foot aches so much, can't believe it. 🏃‍♂️",Orthopedics
I noticed an important decrease in my vision when I try to look at things up close 👓😕.,Ophthalmology
My arm hurts whenever I stretch it. 😫,Orthopedics
"My periods r so off, sometimes i bleed for weeks, other times not at all",Gynecology
"My heart hurts when I’m sad 💔, like is this normal?",Cardiology
I have disturbance in my emotions 😢.,Psychiatry
I don’t know why I feel cold 🥶,General Medicine
"My nose is congested all the time, and there's this gluey secretion in my throat, it's impossible to sleep 😷",Pulmonology
"I feel pain in my back when I sit on a chair for too long, it's unbearable 😫.",Orthopedics
I keep havin' bad breath no matter how often I brush. Should I see a dentist about it? 😔,Dentistry
"I feel joint pain every time I move, feels like I'm 100 years old 😂",Orthopedics
"My vains feel so weak, like they could burst any second",Hematology
"I thought quitting would make me feel better, but now I'm just angry all the time.",Psychiatry
I do not feel better in my muscles.,Orthopedics
My chest acne breaks out and never clears up... it’s very frustrating 😕.,Dermatology
"I get these panic attacks when I'm alone, makes me feel really isolated. 🥺",Psychiatry
I get big patches of irritated pimples on my back and they hurt 😖.,Dermatology
"I broke my ankle while doing rock climbing in the Carpathians, it’s so swollen and painful 😫",Orthopedics
I feel pain in my back 😣,Orthopedics
I feel a great pain in my shoulder when I try to lift something heavy... it’s very intense 🏋️‍♂️😣.,Orthopedics
"I have eruptions on my face that come and go, so annoying 😔.",Dermatology
"I have neck pain when I sit in-front of my laptop for long hours, it’s really bothersome 😓",Orthopedics
I feel great pain in my feet after playing one of the sports games 😢,Orthopedics
"It’s hard 4 me to talk lately, like my tongue gets stuck or sumthin",Neurology
I have eruptions on my face that come n go 😫,Dermatology
"My skin color on my back is red, I don't know why 😟",Dermatology
my temp dropped and now my body feels like ice ❄️,General Medicine
I hit my head at the basketball game. Could I have a concussion? 🏀,Orthopedics
"When I play football, my joints hurt a lot, especially when I try to run fast...it’s making it hard to play like I used to.",Orthopedics
I can't do anything... my body feels so weak n tired all the time 😩,General Medicine
"There's something dark on my arm, it doesn't look right 😕.",Dermatology
I feel congestion in my chest 😣.,Pulmonology
I walk into rooms and forget why I went there 😕,Neurology
I’ve had this cough for two weeks... it’s really persistent 🤧.,Pulmonology
"Lately, I noticed my hair falling out a LOT, like I’m losing it 😩. Is this normal?",Dermatology
"They said my baby’s blood test came back showing signs of an infection, what should we do",Pediatrics
I feel a tightness in my chest. 🫁,Pulmonology
The acne was making me so embarrassed 😔,Dermatology
"I keep getting hangnails, it's so frustrating! 😠",Dermatology
Severe pain in the ear 👂😣.,ENT
I was diagnosed with pneumonia; I can’t breathe easily 😷😔,Pulmonology
I can't rotate my neck 😖,Orthopedics
There’s this pain that radiates from my chest up to my left arm 😣.,Cardiology
Sharp pain in my neck everytime I look left 💢,Orthopedics
There's something dark on my arm... I'm not sure what it is 😕.,Dermatology
I’m not good; I’m feeling so cold... it’s really uncomfortable 🥶.,General Medicine
My hair isn't well 😢.,Dermatology
The severe pain in the stomach I feel 🤢.,Gastroenterology
i have pain like needles in my joints 💉🦵.,Orthopedics
I have eruptions on my face that come and go 🌟,Dermatology
The pain in my back dwells like a sharp knife in it 🔪😣.,Orthopedics
My foot is hurting so much. 😫,Orthopedics
Can't keep focus... it’s affecting my productivity 😔.,Neurology
"I have a pain in my joint, like it's stiff or something. Hard to move around. 🦴😫",Orthopedics
My shoulder has great pain... it’s very bothersome 😔.,Orthopedics
I feel a lot of pain in the joints 😖.,Orthopedics
I cough a lot when I smell perfume 😷 What's wrong with my lungs?,Pulmonology
My skin is itchy and inflamed 😣.,Dermatology
I feel a strange and powerful pain inside my rib cage. 😣,Cardiology
"Used alot of painkillers to get better but I still feel the same back pain, not improving at all 😓",Orthopedics
"Joints pain is killing me, I cant even move without feeling like I’m 90yrs old",Orthopedics
I’m having some disturbance in my emotions 😔,Psychiatry
I have blurry vision after I used the wrong medicine 😵.,Ophthalmology
"i have a great pain in my foot like a throbbing pain, even with relaxing my pain relievers... it just won't go away 😖.",Orthopedics
I'm having a hard time hearing anything from my left ear..it feels blocked or something. It's been like this for days now 😕,ENT
My joints feel swollen... it’s very bothersome 😔.,Orthopedics
I feel like I'm going to vomit evrytime after the meal,Gastroenterology
"My stomach aches when I eat hot food, why? 🌶️😩",Gastroenterology
I have blurry vision during my swimming training in the pool; why? 🏊‍♂️🤔.,Ophthalmology
I have a red rash that’s itchy all over my skin 😣.,Dermatology
"My body feels so weak, even trying to relax doesn’t help 😩",General Medicine
The severe pain in the stomach I feel... it’s very uncomfortable 😣.,Gastroenterology
I'm very worried that I'll go bald soon. Am I very sick? 😟🧑‍🦲.,Dermatology
"Whenever I play tennis, my shoulder starts hurting badly 😣",Orthopedics
"I feel like there’s always something stuck in my throat, it’s so annoying 😣.",Pulmonology
After eating I have burning sensation inside of me. 🔥,Gastroenterology
Headache kills me everytime i focus too hard on anything 🤯,Neurology
I feel like I can hardly breathe unless I get what's in my lungs out 😮‍💨,Pulmonology
"Body feels weak all over, can’t even stand for too long...what's wrong with me? 😔",General Medicine
My mood swings make it hard to keep friends. they don’t get it!,Psychiatry
"I get outta breath so fast, the doctor said it’s related to my blood count 😮‍💨",Hematology
I feel like I just can't cope anymore; I feel overwhelmed and like I just can't get a break... it's all too much 😞.,Psychiatry
"Sharp pain in my ear whenever I do this, like somethin’s wrong inside 🦻😣",ENT
"I get tired too fast, I can barely put on my clothes in the morning. 😞",General Medicine
I have a powerful pain inside my neck 😩.,Orthopedics
I often get a stomach ache after eating. I haven’t been able to pinpoint which foods might be the trigger 🤔,Gastroenterology
"I twisted my ankle again, it’s swollen and hurtin’, this keeps happennin’",Orthopedics
"I just can't seem to get warm. Even when everyone around me is warm, I'm always freezing 🥶",General Medicine
Is there any cure for acne? I’ve tried everything and nothing seems to work 😩.,Dermatology
"My asthma symptoms are affectin' my daily life and work, what can I do to improve it?",Pulmonology
I feel great pressure in my chest 😰.,Pulmonology
"My vision went blurry after I used the wrong medicine, and now it’s hard to see 😵",Ophthalmology
"My legs are covered in tiny red spots that itch, what’s causing that?",Dermatology
"My nails have these little lines on them, is that normal?? 🤔",Dermatology
