date,medicine_id,medicine_name,category,quantity_dispensed
2014-01-02,MED-ATC-M01AB,Diclofenac,Anti-inflammatory,0.0
2014-01-03,MED-ATC-M01AB,Diclofenac,Anti-inflammatory,8.0
2014-01-04,MED-ATC-M01AB,Diclofenac,Anti-inflammatory,2.0
2014-01-05,MED-ATC-M01AB,Diclofenac,Anti-inflammatory,4.0
2014-01-06,MED-ATC-M01AB,Diclofenac,Anti-inflammatory,5.0
2014-01-07,MED-ATC-M01AB,Diclofenac,Anti-inflammatory,0.0
2014-01-08,MED-ATC-M01AB,Diclofenac,Anti-inflammatory,5.33
2014-01-09,MED-ATC-M01AB,Diclofenac,Anti-inflammatory,7.0
2014-01-10,MED-ATC-M01AB,Diclofenac,Anti-inflammatory,5.0
2014-01-11,MED-ATC-M01AB,Diclofenac,Anti-inflammatory,5.0
2014-01-12,MED-ATC-M01AB,Diclofenac,Anti-inflammatory,2.0
2014-01-13,MED-ATC-M01AB,Diclofenac,Anti-inflammatory,7.34
2014-01-14,MED-ATC-M01AB,Diclofenac,Anti-inflammatory,6.0
2014-01-15,MED-ATC-M01AB,Diclofenac,Anti-inflammatory,4.0
2014-01-16,MED-ATC-M01AB,Diclofenac,Anti-inflammatory,6.0
2014-01-17,MED-ATC-M01AB,Diclofenac,Anti-inflammatory,2.0
2014-01-18,MED-ATC-M01AB,Diclofenac,Anti-inflammatory,1.0
2014-01-19,MED-ATC-M01AB,Diclofenac,Anti-inflammatory,4.33
2014-01-20,MED-ATC-M01AB,Diclofenac,Anti-inflammatory,6.0
2014-01-21,MED-ATC-M01AB,Diclofenac,Anti-inflammatory,2.0
2014-01-22,MED-ATC-M01AB,Diclofenac,Anti-inflammatory,7.0
2014-01-23,MED-ATC-M01AB,Diclofenac,Anti-inflammatory,4.0
2014-01-24,MED-ATC-M01AB,Diclofenac,Anti-inflammatory,4.67
2014-01-25,MED-ATC-M01AB,Diclofenac,Anti-inflammatory,6.0
2014-01-26,MED-ATC-M01AB,Diclofenac,Anti-inflammatory,4.33
2014-01-27,MED-ATC-M01AB,Diclofenac,Anti-inflammatory,4.34
2014-01-28,MED-ATC-M01AB,Diclofenac,Anti-inflammatory,6.0
2014-01-29,MED-ATC-M01AB,Diclofenac,Anti-inflammatory,5.33
2014-01-30,MED-ATC-M01AB,Diclofenac,Anti-inflammatory,3.02
2014-01-31,MED-ATC-M01AB,Diclofenac,Anti-inflammatory,1.0
2014-02-01,MED-ATC-M01AB,Diclofenac,Anti-inflammatory,4.33
2014-02-02,MED-ATC-M01AB,Diclofenac,Anti-inflammatory,7.0
2014-02-03,MED-ATC-M01AB,Diclofenac,Anti-inflammatory,5.0
2014-02-04,MED-ATC-M01AB,Diclofenac,Anti-inflammatory,1.33
2014-02-05,MED-ATC-M01AB,Diclofenac,Anti-inflammatory,3.0
2014-02-06,MED-ATC-M01AB,Diclofenac,Anti-inflammatory,3.33
2014-02-07,MED-ATC-M01AB,Diclofenac,Anti-inflammatory,2.66
2014-02-08,MED-ATC-M01AB,Diclofenac,Anti-inflammatory,3.33
2014-02-09,MED-ATC-M01AB,Diclofenac,Anti-inflammatory,4.0
2014-02-10,MED-ATC-M01AB,Diclofenac,Anti-inflammatory,5.0
2014-02-11,MED-ATC-M01AB,Diclofenac,Anti-inflammatory,10.0
2014-02-12,MED-ATC-M01AB,Diclofenac,Anti-inflammatory,9.0
2014-02-13,MED-ATC-M01AB,Diclofenac,Anti-inflammatory,4.33
2014-02-14,MED-ATC-M01AB,Diclofenac,Anti-inflammatory,4.0
2014-02-15,MED-ATC-M01AB,Diclofenac,Anti-inflammatory,1.0
2014-02-16,MED-ATC-M01AB,Diclofenac,Anti-inflammatory,0.0
2014-02-17,MED-ATC-M01AB,Diclofenac,Anti-inflammatory,7.34
2014-02-18,MED-ATC-M01AB,Diclofenac,Anti-inflammatory,7.34
2014-02-19,MED-ATC-M01AB,Diclofenac,Anti-inflammatory,3.33
2014-02-20,MED-ATC-M01AB,Diclofenac,Anti-inflammatory,7.0
2014-02-21,MED-ATC-M01AB,Diclofenac,Anti-inflammatory,6.0
2014-02-22,MED-ATC-M01AB,Diclofenac,Anti-inflammatory,7.0
2014-02-23,MED-ATC-M01AB,Diclofenac,Anti-inflammatory,1.0
2014-02-24,MED-ATC-M01AB,Diclofenac,Anti-inflammatory,7.0
2014-02-25,MED-ATC-M01AB,Diclofenac,Anti-inflammatory,5.0
2014-02-26,MED-ATC-M01AB,Diclofenac,Anti-inflammatory,5.0
2014-02-27,MED-ATC-M01AB,Diclofenac,Anti-inflammatory,3.0
2014-02-28,MED-ATC-M01AB,Diclofenac,Anti-inflammatory,7.0
2014-03-01,MED-ATC-M01AB,Diclofenac,Anti-inflammatory,6.34
2014-03-02,MED-ATC-M01AB,Diclofenac,Anti-inflammatory,3.34
2014-03-03,MED-ATC-M01AB,Diclofenac,Anti-inflammatory,4.0
2014-03-04,MED-ATC-M01AB,Diclofenac,Anti-inflammatory,5.34
2014-03-05,MED-ATC-M01AB,Diclofenac,Anti-inflammatory,3.34
2014-03-06,MED-ATC-M01AB,Diclofenac,Anti-inflammatory,3.0
2014-03-07,MED-ATC-M01AB,Diclofenac,Anti-inflammatory,4.0
2014-03-08,MED-ATC-M01AB,Diclofenac,Anti-inflammatory,4.34
2014-03-09,MED-ATC-M01AB,Diclofenac,Anti-inflammatory,1.0
2014-03-10,MED-ATC-M01AB,Diclofenac,Anti-inflammatory,6.68
2014-03-11,MED-ATC-M01AB,Diclofenac,Anti-inflammatory,6.0
2014-03-12,MED-ATC-M01AB,Diclofenac,Anti-inflammatory,6.34
2014-03-13,MED-ATC-M01AB,Diclofenac,Anti-inflammatory,2.31
2014-03-14,MED-ATC-M01AB,Diclofenac,Anti-inflammatory,4.34
2014-03-15,MED-ATC-M01AB,Diclofenac,Anti-inflammatory,4.0
2014-03-16,MED-ATC-M01AB,Diclofenac,Anti-inflammatory,2.68
2014-03-17,MED-ATC-M01AB,Diclofenac,Anti-inflammatory,8.68
2014-03-18,MED-ATC-M01AB,Diclofenac,Anti-inflammatory,8.0
2014-03-19,MED-ATC-M01AB,Diclofenac,Anti-inflammatory,4.0
2014-03-20,MED-ATC-M01AB,Diclofenac,Anti-inflammatory,3.0
2014-03-21,MED-ATC-M01AB,Diclofenac,Anti-inflammatory,6.0
2014-03-22,MED-ATC-M01AB,Diclofenac,Anti-inflammatory,3.34
2014-03-23,MED-ATC-M01AB,Diclofenac,Anti-inflammatory,6.34
2014-03-24,MED-ATC-M01AB,Diclofenac,Anti-inflammatory,5.68
2014-03-25,MED-ATC-M01AB,Diclofenac,Anti-inflammatory,4.0
2014-03-26,MED-ATC-M01AB,Diclofenac,Anti-inflammatory,2.34
2014-03-27,MED-ATC-M01AB,Diclofenac,Anti-inflammatory,4.0
2014-03-28,MED-ATC-M01AB,Diclofenac,Anti-inflammatory,2.67
2014-03-29,MED-ATC-M01AB,Diclofenac,Anti-inflammatory,4.0
2014-03-30,MED-ATC-M01AB,Diclofenac,Anti-inflammatory,3.0
2014-03-31,MED-ATC-M01AB,Diclofenac,Anti-inflammatory,5.34
2014-04-01,MED-ATC-M01AB,Diclofenac,Anti-inflammatory,4.34
2014-04-02,MED-ATC-M01AB,Diclofenac,Anti-inflammatory,2.0
2014-04-03,MED-ATC-M01AB,Diclofenac,Anti-inflammatory,1.0
2014-04-04,MED-ATC-M01AB,Diclofenac,Anti-inflammatory,3.0
2014-04-05,MED-ATC-M01AB,Diclofenac,Anti-inflammatory,2.0
2014-04-06,MED-ATC-M01AB,Diclofenac,Anti-inflammatory,2.0
2014-04-07,MED-ATC-M01AB,Diclofenac,Anti-inflammatory,6.34
2014-04-08,MED-ATC-M01AB,Diclofenac,Anti-inflammatory,4.34
2014-04-09,MED-ATC-M01AB,Diclofenac,Anti-inflammatory,6.0
2014-04-10,MED-ATC-M01AB,Diclofenac,Anti-inflammatory,3.33
2014-04-11,MED-ATC-M01AB,Diclofenac,Anti-inflammatory,6.0
2014-04-12,MED-ATC-M01AB,Diclofenac,Anti-inflammatory,7.02
2014-04-13,MED-ATC-M01AB,Diclofenac,Anti-inflammatory,3.0
2014-04-14,MED-ATC-M01AB,Diclofenac,Anti-inflammatory,1.34
2014-04-15,MED-ATC-M01AB,Diclofenac,Anti-inflammatory,4.34
2014-04-16,MED-ATC-M01AB,Diclofenac,Anti-inflammatory,2.0
2014-04-17,MED-ATC-M01AB,Diclofenac,Anti-inflammatory,5.34
2014-04-18,MED-ATC-M01AB,Diclofenac,Anti-inflammatory,7.0
2014-04-19,MED-ATC-M01AB,Diclofenac,Anti-inflammatory,7.34
2014-04-20,MED-ATC-M01AB,Diclofenac,Anti-inflammatory,0.0
2014-04-21,MED-ATC-M01AB,Diclofenac,Anti-inflammatory,1.34
2014-04-22,MED-ATC-M01AB,Diclofenac,Anti-inflammatory,5.34
2014-04-23,MED-ATC-M01AB,Diclofenac,Anti-inflammatory,6.34
2014-04-24,MED-ATC-M01AB,Diclofenac,Anti-inflammatory,2.0
2014-04-25,MED-ATC-M01AB,Diclofenac,Anti-inflammatory,3.0
2014-04-26,MED-ATC-M01AB,Diclofenac,Anti-inflammatory,4.34
2014-04-27,MED-ATC-M01AB,Diclofenac,Anti-inflammatory,4.0
2014-04-28,MED-ATC-M01AB,Diclofenac,Anti-inflammatory,1.34
2014-04-29,MED-ATC-M01AB,Diclofenac,Anti-inflammatory,3.33
2014-04-30,MED-ATC-M01AB,Diclofenac,Anti-inflammatory,4.34
2014-05-01,MED-ATC-M01AB,Diclofenac,Anti-inflammatory,0.0
2014-05-02,MED-ATC-M01AB,Diclofenac,Anti-inflammatory,7.34
2014-05-03,MED-ATC-M01AB,Diclofenac,Anti-inflammatory,4.0
2014-05-04,MED-ATC-M01AB,Diclofenac,Anti-inflammatory,1.67
2014-05-05,MED-ATC-M01AB,Diclofenac,Anti-inflammatory,3.0
2014-05-06,MED-ATC-M01AB,Diclofenac,Anti-inflammatory,7.34
2014-05-07,MED-ATC-M01AB,Diclofenac,Anti-inflammatory,3.33
2014-05-08,MED-ATC-M01AB,Diclofenac,Anti-inflammatory,2.0
2014-05-09,MED-ATC-M01AB,Diclofenac,Anti-inflammatory,2.0
2014-05-10,MED-ATC-M01AB,Diclofenac,Anti-inflammatory,5.0
2014-05-11,MED-ATC-M01AB,Diclofenac,Anti-inflammatory,2.0
2014-05-12,MED-ATC-M01AB,Diclofenac,Anti-inflammatory,4.34
2014-05-13,MED-ATC-M01AB,Diclofenac,Anti-inflammatory,3.68
2014-05-14,MED-ATC-M01AB,Diclofenac,Anti-inflammatory,1.0
2014-05-15,MED-ATC-M01AB,Diclofenac,Anti-inflammatory,2.34
2014-05-16,MED-ATC-M01AB,Diclofenac,Anti-inflammatory,5.34
2014-05-17,MED-ATC-M01AB,Diclofenac,Anti-inflammatory,2.34
2014-05-18,MED-ATC-M01AB,Diclofenac,Anti-inflammatory,3.34
2014-05-19,MED-ATC-M01AB,Diclofenac,Anti-inflammatory,8.34
2014-05-20,MED-ATC-M01AB,Diclofenac,Anti-inflammatory,1.0
2014-05-21,MED-ATC-M01AB,Diclofenac,Anti-inflammatory,2.0
2014-05-22,MED-ATC-M01AB,Diclofenac,Anti-inflammatory,3.68
2014-05-23,MED-ATC-M01AB,Diclofenac,Anti-inflammatory,5.0
2014-05-24,MED-ATC-M01AB,Diclofenac,Anti-inflammatory,3.0
2014-05-25,MED-ATC-M01AB,Diclofenac,Anti-inflammatory,2.0
2014-05-26,MED-ATC-M01AB,Diclofenac,Anti-inflammatory,2.68
2014-05-27,MED-ATC-M01AB,Diclofenac,Anti-inflammatory,0.0
2014-05-28,MED-ATC-M01AB,Diclofenac,Anti-inflammatory,1.34
2014-05-29,MED-ATC-M01AB,Diclofenac,Anti-inflammatory,4.0
2014-05-30,MED-ATC-M01AB,Diclofenac,Anti-inflammatory,3.02
2014-05-31,MED-ATC-M01AB,Diclofenac,Anti-inflammatory,5.67
2014-06-01,MED-ATC-M01AB,Diclofenac,Anti-inflammatory,1.0
2014-06-02,MED-ATC-M01AB,Diclofenac,Anti-inflammatory,4.0
2014-06-03,MED-ATC-M01AB,Diclofenac,Anti-inflammatory,3.0
2014-06-04,MED-ATC-M01AB,Diclofenac,Anti-inflammatory,1.0
2014-06-05,MED-ATC-M01AB,Diclofenac,Anti-inflammatory,0.34
2014-06-06,MED-ATC-M01AB,Diclofenac,Anti-inflammatory,5.0
2014-06-07,MED-ATC-M01AB,Diclofenac,Anti-inflammatory,9.0
2014-06-08,MED-ATC-M01AB,Diclofenac,Anti-inflammatory,1.0
2014-06-09,MED-ATC-M01AB,Diclofenac,Anti-inflammatory,6.33
2014-06-10,MED-ATC-M01AB,Diclofenac,Anti-inflammatory,8.68
2014-06-11,MED-ATC-M01AB,Diclofenac,Anti-inflammatory,4.34
2014-06-12,MED-ATC-M01AB,Diclofenac,Anti-inflammatory,4.34
2014-06-13,MED-ATC-M01AB,Diclofenac,Anti-inflammatory,1.0
2014-06-14,MED-ATC-M01AB,Diclofenac,Anti-inflammatory,4.0
2014-06-15,MED-ATC-M01AB,Diclofenac,Anti-inflammatory,0.34
2014-06-16,MED-ATC-M01AB,Diclofenac,Anti-inflammatory,4.34
2014-06-17,MED-ATC-M01AB,Diclofenac,Anti-inflammatory,5.0
2014-06-18,MED-ATC-M01AB,Diclofenac,Anti-inflammatory,2.0
2014-06-19,MED-ATC-M01AB,Diclofenac,Anti-inflammatory,3.0
2014-06-20,MED-ATC-M01AB,Diclofenac,Anti-inflammatory,7.34
2014-06-21,MED-ATC-M01AB,Diclofenac,Anti-inflammatory,6.0
2014-06-22,MED-ATC-M01AB,Diclofenac,Anti-inflammatory,4.0
2014-06-23,MED-ATC-M01AB,Diclofenac,Anti-inflammatory,2.34
2014-06-24,MED-ATC-M01AB,Diclofenac,Anti-inflammatory,3.0
2014-06-25,MED-ATC-M01AB,Diclofenac,Anti-inflammatory,8.0
2014-06-26,MED-ATC-M01AB,Diclofenac,Anti-inflammatory,3.0
2014-06-27,MED-ATC-M01AB,Diclofenac,Anti-inflammatory,4.34
2014-06-28,MED-ATC-M01AB,Diclofenac,Anti-inflammatory,0.34
2014-06-29,MED-ATC-M01AB,Diclofenac,Anti-inflammatory,0.0
2014-06-30,MED-ATC-M01AB,Diclofenac,Anti-inflammatory,6.0
2014-07-01,MED-ATC-M01AB,Diclofenac,Anti-inflammatory,4.34
2014-07-02,MED-ATC-M01AB,Diclofenac,Anti-inflammatory,3.0
2014-07-03,MED-ATC-M01AB,Diclofenac,Anti-inflammatory,2.33
2014-07-04,MED-ATC-M01AB,Diclofenac,Anti-inflammatory,4.34
2014-07-05,MED-ATC-M01AB,Diclofenac,Anti-inflammatory,3.34
2014-07-06,MED-ATC-M01AB,Diclofenac,Anti-inflammatory,4.0
2014-07-07,MED-ATC-M01AB,Diclofenac,Anti-inflammatory,2.0
2014-07-08,MED-ATC-M01AB,Diclofenac,Anti-inflammatory,6.34
2014-07-09,MED-ATC-M01AB,Diclofenac,Anti-inflammatory,3.0
2014-07-10,MED-ATC-M01AB,Diclofenac,Anti-inflammatory,2.33
2014-07-11,MED-ATC-M01AB,Diclofenac,Anti-inflammatory,2.0
2014-07-12,MED-ATC-M01AB,Diclofenac,Anti-inflammatory,8.34
2014-07-13,MED-ATC-M01AB,Diclofenac,Anti-inflammatory,2.0
2014-07-14,MED-ATC-M01AB,Diclofenac,Anti-inflammatory,5.0
2014-07-15,MED-ATC-M01AB,Diclofenac,Anti-inflammatory,3.34
2014-07-16,MED-ATC-M01AB,Diclofenac,Anti-inflammatory,4.0
2014-07-17,MED-ATC-M01AB,Diclofenac,Anti-inflammatory,2.0
2014-07-18,MED-ATC-M01AB,Diclofenac,Anti-inflammatory,9.0
2014-07-19,MED-ATC-M01AB,Diclofenac,Anti-inflammatory,7.33
2014-07-20,MED-ATC-M01AB,Diclofenac,Anti-inflammatory,3.0
2014-07-21,MED-ATC-M01AB,Diclofenac,Anti-inflammatory,3.0
2014-07-22,MED-ATC-M01AB,Diclofenac,Anti-inflammatory,5.0
2014-07-23,MED-ATC-M01AB,Diclofenac,Anti-inflammatory,2.67
2014-07-24,MED-ATC-M01AB,Diclofenac,Anti-inflammatory,5.34
2014-07-25,MED-ATC-M01AB,Diclofenac,Anti-inflammatory,5.0
2014-07-26,MED-ATC-M01AB,Diclofenac,Anti-inflammatory,4.0
2014-07-27,MED-ATC-M01AB,Diclofenac,Anti-inflammatory,3.0
2014-07-28,MED-ATC-M01AB,Diclofenac,Anti-inflammatory,2.0
2014-07-29,MED-ATC-M01AB,Diclofenac,Anti-inflammatory,2.34
2014-07-30,MED-ATC-M01AB,Diclofenac,Anti-inflammatory,0.68
2014-07-31,MED-ATC-M01AB,Diclofenac,Anti-inflammatory,3.0
2014-08-01,MED-ATC-M01AB,Diclofenac,Anti-inflammatory,2.0
2014-08-02,MED-ATC-M01AB,Diclofenac,Anti-inflammatory,5.0
2014-08-03,MED-ATC-M01AB,Diclofenac,Anti-inflammatory,5.0
2014-08-04,MED-ATC-M01AB,Diclofenac,Anti-inflammatory,4.0
2014-08-05,MED-ATC-M01AB,Diclofenac,Anti-inflammatory,2.0
2014-08-06,MED-ATC-M01AB,Diclofenac,Anti-inflammatory,6.0
2014-08-07,MED-ATC-M01AB,Diclofenac,Anti-inflammatory,3.34
2014-08-08,MED-ATC-M01AB,Diclofenac,Anti-inflammatory,5.02
2014-08-09,MED-ATC-M01AB,Diclofenac,Anti-inflammatory,4.0
2014-08-10,MED-ATC-M01AB,Diclofenac,Anti-inflammatory,4.0
2014-08-11,MED-ATC-M01AB,Diclofenac,Anti-inflammatory,8.0
2014-08-12,MED-ATC-M01AB,Diclofenac,Anti-inflammatory,0.0
2014-08-13,MED-ATC-M01AB,Diclofenac,Anti-inflammatory,1.34
2014-08-14,MED-ATC-M01AB,Diclofenac,Anti-inflammatory,4.0
2014-08-15,MED-ATC-M01AB,Diclofenac,Anti-inflammatory,4.34
2014-08-16,MED-ATC-M01AB,Diclofenac,Anti-inflammatory,8.0
2014-08-17,MED-ATC-M01AB,Diclofenac,Anti-inflammatory,0.34
2014-08-18,MED-ATC-M01AB,Diclofenac,Anti-inflammatory,4.34
2014-08-19,MED-ATC-M01AB,Diclofenac,Anti-inflammatory,11.34
2014-08-20,MED-ATC-M01AB,Diclofenac,Anti-inflammatory,5.34
2014-08-21,MED-ATC-M01AB,Diclofenac,Anti-inflammatory,3.0
2014-08-22,MED-ATC-M01AB,Diclofenac,Anti-inflammatory,6.34
2014-08-23,MED-ATC-M01AB,Diclofenac,Anti-inflammatory,3.0
2014-08-24,MED-ATC-M01AB,Diclofenac,Anti-inflammatory,3.0
2014-08-25,MED-ATC-M01AB,Diclofenac,Anti-inflammatory,4.01
2014-08-26,MED-ATC-M01AB,Diclofenac,Anti-inflammatory,2.34
2014-08-27,MED-ATC-M01AB,Diclofenac,Anti-inflammatory,3.34
2014-08-28,MED-ATC-M01AB,Diclofenac,Anti-inflammatory,2.34
2014-08-29,MED-ATC-M01AB,Diclofenac,Anti-inflammatory,6.34
2014-08-30,MED-ATC-M01AB,Diclofenac,Anti-inflammatory,3.68
2014-08-31,MED-ATC-M01AB,Diclofenac,Anti-inflammatory,0.0
2014-09-01,MED-ATC-M01AB,Diclofenac,Anti-inflammatory,3.34
2014-09-02,MED-ATC-M01AB,Diclofenac,Anti-inflammatory,2.34
2014-09-03,MED-ATC-M01AB,Diclofenac,Anti-inflammatory,7.0
2014-09-04,MED-ATC-M01AB,Diclofenac,Anti-inflammatory,5.68
2014-09-05,MED-ATC-M01AB,Diclofenac,Anti-inflammatory,4.0
2014-09-06,MED-ATC-M01AB,Diclofenac,Anti-inflammatory,5.34
2014-09-07,MED-ATC-M01AB,Diclofenac,Anti-inflammatory,2.0
2014-09-08,MED-ATC-M01AB,Diclofenac,Anti-inflammatory,1.0
2014-09-09,MED-ATC-M01AB,Diclofenac,Anti-inflammatory,6.34
2014-09-10,MED-ATC-M01AB,Diclofenac,Anti-inflammatory,4.34
2014-09-11,MED-ATC-M01AB,Diclofenac,Anti-inflammatory,0.0
2014-09-12,MED-ATC-M01AB,Diclofenac,Anti-inflammatory,2.68
2014-09-13,MED-ATC-M01AB,Diclofenac,Anti-inflammatory,3.0
2014-09-14,MED-ATC-M01AB,Diclofenac,Anti-inflammatory,1.34
2014-09-15,MED-ATC-M01AB,Diclofenac,Anti-inflammatory,1.34
2014-09-16,MED-ATC-M01AB,Diclofenac,Anti-inflammatory,4.0
2014-09-17,MED-ATC-M01AB,Diclofenac,Anti-inflammatory,2.34
2014-09-18,MED-ATC-M01AB,Diclofenac,Anti-inflammatory,3.0
2014-09-19,MED-ATC-M01AB,Diclofenac,Anti-inflammatory,2.0
2014-09-20,MED-ATC-M01AB,Diclofenac,Anti-inflammatory,4.34
2014-09-21,MED-ATC-M01AB,Diclofenac,Anti-inflammatory,1.0
2014-09-22,MED-ATC-M01AB,Diclofenac,Anti-inflammatory,3.34
2014-09-23,MED-ATC-M01AB,Diclofenac,Anti-inflammatory,3.0
2014-09-24,MED-ATC-M01AB,Diclofenac,Anti-inflammatory,6.0
2014-09-25,MED-ATC-M01AB,Diclofenac,Anti-inflammatory,4.68
2014-09-26,MED-ATC-M01AB,Diclofenac,Anti-inflammatory,4.0
2014-09-27,MED-ATC-M01AB,Diclofenac,Anti-inflammatory,4.0
2014-09-28,MED-ATC-M01AB,Diclofenac,Anti-inflammatory,0.34
2014-09-29,MED-ATC-M01AB,Diclofenac,Anti-inflammatory,7.0
2014-09-30,MED-ATC-M01AB,Diclofenac,Anti-inflammatory,10.0
2014-10-01,MED-ATC-M01AB,Diclofenac,Anti-inflammatory,2.34
2014-10-02,MED-ATC-M01AB,Diclofenac,Anti-inflammatory,2.0
2014-10-03,MED-ATC-M01AB,Diclofenac,Anti-inflammatory,4.33
2014-10-04,MED-ATC-M01AB,Diclofenac,Anti-inflammatory,4.68
2014-10-05,MED-ATC-M01AB,Diclofenac,Anti-inflammatory,2.0
2014-10-06,MED-ATC-M01AB,Diclofenac,Anti-inflammatory,5.34
2014-10-07,MED-ATC-M01AB,Diclofenac,Anti-inflammatory,3.0
2014-10-08,MED-ATC-M01AB,Diclofenac,Anti-inflammatory,3.68
2014-10-09,MED-ATC-M01AB,Diclofenac,Anti-inflammatory,1.0
2014-10-10,MED-ATC-M01AB,Diclofenac,Anti-inflammatory,4.34
2014-10-11,MED-ATC-M01AB,Diclofenac,Anti-inflammatory,3.34
2014-10-12,MED-ATC-M01AB,Diclofenac,Anti-inflammatory,3.0
2014-10-13,MED-ATC-M01AB,Diclofenac,Anti-inflammatory,1.68
2014-10-14,MED-ATC-M01AB,Diclofenac,Anti-inflammatory,3.0
2014-10-15,MED-ATC-M01AB,Diclofenac,Anti-inflammatory,1.33
2014-10-16,MED-ATC-M01AB,Diclofenac,Anti-inflammatory,6.775
2014-10-17,MED-ATC-M01AB,Diclofenac,Anti-inflammatory,3.0
2014-10-18,MED-ATC-M01AB,Diclofenac,Anti-inflammatory,4.0
2014-10-19,MED-ATC-M01AB,Diclofenac,Anti-inflammatory,3.33
2014-10-20,MED-ATC-M01AB,Diclofenac,Anti-inflammatory,3.34
2014-10-21,MED-ATC-M01AB,Diclofenac,Anti-inflammatory,2.34
2014-10-22,MED-ATC-M01AB,Diclofenac,Anti-inflammatory,3.33
2014-10-23,MED-ATC-M01AB,Diclofenac,Anti-inflammatory,1.34
2014-10-24,MED-ATC-M01AB,Diclofenac,Anti-inflammatory,3.67
2014-10-25,MED-ATC-M01AB,Diclofenac,Anti-inflammatory,2.33
2014-10-26,MED-ATC-M01AB,Diclofenac,Anti-inflammatory,3.34
2014-10-27,MED-ATC-M01AB,Diclofenac,Anti-inflammatory,8.34
2014-10-28,MED-ATC-M01AB,Diclofenac,Anti-inflammatory,4.0
2014-10-29,MED-ATC-M01AB,Diclofenac,Anti-inflammatory,5.0
2014-10-30,MED-ATC-M01AB,Diclofenac,Anti-inflammatory,0.0
2014-10-31,MED-ATC-M01AB,Diclofenac,Anti-inflammatory,2.0
2014-11-01,MED-ATC-M01AB,Diclofenac,Anti-inflammatory,2.33
2014-11-02,MED-ATC-M01AB,Diclofenac,Anti-inflammatory,4.0
2014-11-03,MED-ATC-M01AB,Diclofenac,Anti-inflammatory,7.0
2014-11-04,MED-ATC-M01AB,Diclofenac,Anti-inflammatory,6.33
2014-11-05,MED-ATC-M01AB,Diclofenac,Anti-inflammatory,0.0
2014-11-06,MED-ATC-M01AB,Diclofenac,Anti-inflammatory,6.0
2014-11-07,MED-ATC-M01AB,Diclofenac,Anti-inflammatory,6.0
2014-11-08,MED-ATC-M01AB,Diclofenac,Anti-inflammatory,12.0
2014-11-09,MED-ATC-M01AB,Diclofenac,Anti-inflammatory,3.34
2014-11-10,MED-ATC-M01AB,Diclofenac,Anti-inflammatory,1.0
2014-11-11,MED-ATC-M01AB,Diclofenac,Anti-inflammatory,8.0
2014-11-12,MED-ATC-M01AB,Diclofenac,Anti-inflammatory,3.0
2014-11-13,MED-ATC-M01AB,Diclofenac,Anti-inflammatory,8.0
2014-11-14,MED-ATC-M01AB,Diclofenac,Anti-inflammatory,5.34
2014-11-15,MED-ATC-M01AB,Diclofenac,Anti-inflammatory,4.33
2014-11-16,MED-ATC-M01AB,Diclofenac,Anti-inflammatory,2.0
2014-11-17,MED-ATC-M01AB,Diclofenac,Anti-inflammatory,9.0
2014-11-18,MED-ATC-M01AB,Diclofenac,Anti-inflammatory,2.67
2014-11-19,MED-ATC-M01AB,Diclofenac,Anti-inflammatory,1.34
2014-11-20,MED-ATC-M01AB,Diclofenac,Anti-inflammatory,4.0
2014-11-21,MED-ATC-M01AB,Diclofenac,Anti-inflammatory,1.34
2014-11-22,MED-ATC-M01AB,Diclofenac,Anti-inflammatory,6.0
2014-11-23,MED-ATC-M01AB,Diclofenac,Anti-inflammatory,4.0
2014-11-24,MED-ATC-M01AB,Diclofenac,Anti-inflammatory,4.0
2014-11-25,MED-ATC-M01AB,Diclofenac,Anti-inflammatory,5.36
2014-11-26,MED-ATC-M01AB,Diclofenac,Anti-inflammatory,3.0
2014-11-27,MED-ATC-M01AB,Diclofenac,Anti-inflammatory,7.0
2014-11-28,MED-ATC-M01AB,Diclofenac,Anti-inflammatory,3.02
2014-11-29,MED-ATC-M01AB,Diclofenac,Anti-inflammatory,3.0
2014-11-30,MED-ATC-M01AB,Diclofenac,Anti-inflammatory,5.68
2014-12-01,MED-ATC-M01AB,Diclofenac,Anti-inflammatory,4.34
2014-12-02,MED-ATC-M01AB,Diclofenac,Anti-inflammatory,6.99
2014-12-03,MED-ATC-M01AB,Diclofenac,Anti-inflammatory,4.0
2014-12-04,MED-ATC-M01AB,Diclofenac,Anti-inflammatory,3.0
2014-12-05,MED-ATC-M01AB,Diclofenac,Anti-inflammatory,2.02
2014-12-06,MED-ATC-M01AB,Diclofenac,Anti-inflammatory,3.34
2014-12-07,MED-ATC-M01AB,Diclofenac,Anti-inflammatory,5.0
2014-12-08,MED-ATC-M01AB,Diclofenac,Anti-inflammatory,1.0
2014-12-09,MED-ATC-M01AB,Diclofenac,Anti-inflammatory,1.0
2014-12-10,MED-ATC-M01AB,Diclofenac,Anti-inflammatory,3.34
2014-12-11,MED-ATC-M01AB,Diclofenac,Anti-inflammatory,2.34
2014-12-12,MED-ATC-M01AB,Diclofenac,Anti-inflammatory,6.34
2014-12-13,MED-ATC-M01AB,Diclofenac,Anti-inflammatory,1.0
2014-12-14,MED-ATC-M01AB,Diclofenac,Anti-inflammatory,10.0
2014-12-15,MED-ATC-M01AB,Diclofenac,Anti-inflammatory,5.34
2014-12-16,MED-ATC-M01AB,Diclofenac,Anti-inflammatory,6.34
2014-12-17,MED-ATC-M01AB,Diclofenac,Anti-inflammatory,3.0
2014-12-18,MED-ATC-M01AB,Diclofenac,Anti-inflammatory,5.0
2014-12-19,MED-ATC-M01AB,Diclofenac,Anti-inflammatory,0.0
2014-12-20,MED-ATC-M01AB,Diclofenac,Anti-inflammatory,1.0
2014-12-21,MED-ATC-M01AB,Diclofenac,Anti-inflammatory,4.33
2014-12-22,MED-ATC-M01AB,Diclofenac,Anti-inflammatory,3.34
2014-12-23,MED-ATC-M01AB,Diclofenac,Anti-inflammatory,10.5
2014-12-24,MED-ATC-M01AB,Diclofenac,Anti-inflammatory,1.0
2014-12-25,MED-ATC-M01AB,Diclofenac,Anti-inflammatory,8.34
2014-12-26,MED-ATC-M01AB,Diclofenac,Anti-inflammatory,3.33
2014-12-27,MED-ATC-M01AB,Diclofenac,Anti-inflammatory,7.33
2014-12-28,MED-ATC-M01AB,Diclofenac,Anti-inflammatory,2.34
2014-12-29,MED-ATC-M01AB,Diclofenac,Anti-inflammatory,2.33
2014-12-30,MED-ATC-M01AB,Diclofenac,Anti-inflammatory,9.0
2014-12-31,MED-ATC-M01AB,Diclofenac,Anti-inflammatory,5.67
2015-01-01,MED-ATC-M01AB,Diclofenac,Anti-inflammatory,0.0
2015-01-02,MED-ATC-M01AB,Diclofenac,Anti-inflammatory,6.0
2015-01-03,MED-ATC-M01AB,Diclofenac,Anti-inflammatory,9.0
2015-01-04,MED-ATC-M01AB,Diclofenac,Anti-inflammatory,4.68
2015-01-05,MED-ATC-M01AB,Diclofenac,Anti-inflammatory,2.34
2015-01-06,MED-ATC-M01AB,Diclofenac,Anti-inflammatory,3.0
2015-01-07,MED-ATC-M01AB,Diclofenac,Anti-inflammatory,0.0
2015-01-08,MED-ATC-M01AB,Diclofenac,Anti-inflammatory,2.0
2015-01-09,MED-ATC-M01AB,Diclofenac,Anti-inflammatory,3.0
2015-01-10,MED-ATC-M01AB,Diclofenac,Anti-inflammatory,6.0
2015-01-11,MED-ATC-M01AB,Diclofenac,Anti-inflammatory,3.0
2015-01-12,MED-ATC-M01AB,Diclofenac,Anti-inflammatory,2.33
2015-01-13,MED-ATC-M01AB,Diclofenac,Anti-inflammatory,10.34
2015-01-14,MED-ATC-M01AB,Diclofenac,Anti-inflammatory,3.0
2015-01-15,MED-ATC-M01AB,Diclofenac,Anti-inflammatory,6.67
2015-01-16,MED-ATC-M01AB,Diclofenac,Anti-inflammatory,6.33
2015-01-17,MED-ATC-M01AB,Diclofenac,Anti-inflammatory,6.68
2015-01-18,MED-ATC-M01AB,Diclofenac,Anti-inflammatory,4.0
2015-01-19,MED-ATC-M01AB,Diclofenac,Anti-inflammatory,5.34
2015-01-20,MED-ATC-M01AB,Diclofenac,Anti-inflammatory,4.34
2015-01-21,MED-ATC-M01AB,Diclofenac,Anti-inflammatory,4.0
2015-01-22,MED-ATC-M01AB,Diclofenac,Anti-inflammatory,4.0
2015-01-23,MED-ATC-M01AB,Diclofenac,Anti-inflammatory,3.67
2015-01-24,MED-ATC-M01AB,Diclofenac,Anti-inflammatory,4.34
2015-01-25,MED-ATC-M01AB,Diclofenac,Anti-inflammatory,4.0
2015-01-26,MED-ATC-M01AB,Diclofenac,Anti-inflammatory,8.5
2015-01-27,MED-ATC-M01AB,Diclofenac,Anti-inflammatory,2.67
2015-01-28,MED-ATC-M01AB,Diclofenac,Anti-inflammatory,3.0
2015-01-29,MED-ATC-M01AB,Diclofenac,Anti-inflammatory,4.34
2015-01-30,MED-ATC-M01AB,Diclofenac,Anti-inflammatory,1.0
2015-01-31,MED-ATC-M01AB,Diclofenac,Anti-inflammatory,8.34
2015-02-01,MED-ATC-M01AB,Diclofenac,Anti-inflammatory,4.34
2015-02-02,MED-ATC-M01AB,Diclofenac,Anti-inflammatory,6.0
2015-02-03,MED-ATC-M01AB,Diclofenac,Anti-inflammatory,3.33
2015-02-04,MED-ATC-M01AB,Diclofenac,Anti-inflammatory,2.34
2015-02-05,MED-ATC-M01AB,Diclofenac,Anti-inflammatory,2.0
2015-02-06,MED-ATC-M01AB,Diclofenac,Anti-inflammatory,3.33
2015-02-07,MED-ATC-M01AB,Diclofenac,Anti-inflammatory,2.0
2015-02-08,MED-ATC-M01AB,Diclofenac,Anti-inflammatory,1.34
2015-02-09,MED-ATC-M01AB,Diclofenac,Anti-inflammatory,3.33
2015-02-10,MED-ATC-M01AB,Diclofenac,Anti-inflammatory,3.66
2015-02-11,MED-ATC-M01AB,Diclofenac,Anti-inflammatory,3.0
2015-02-12,MED-ATC-M01AB,Diclofenac,Anti-inflammatory,3.0
2015-02-13,MED-ATC-M01AB,Diclofenac,Anti-inflammatory,6.01
2015-02-14,MED-ATC-M01AB,Diclofenac,Anti-inflammatory,4.33
2015-02-15,MED-ATC-M01AB,Diclofenac,Anti-inflammatory,11.68
2015-02-16,MED-ATC-M01AB,Diclofenac,Anti-inflammatory,3.01
2015-02-17,MED-ATC-M01AB,Diclofenac,Anti-inflammatory,5.33
2015-02-18,MED-ATC-M01AB,Diclofenac,Anti-inflammatory,1.0
2015-02-19,MED-ATC-M01AB,Diclofenac,Anti-inflammatory,2.0
2015-02-20,MED-ATC-M01AB,Diclofenac,Anti-inflammatory,5.33
2015-02-21,MED-ATC-M01AB,Diclofenac,Anti-inflammatory,3.0
2015-02-22,MED-ATC-M01AB,Diclofenac,Anti-inflammatory,2.0
2015-02-23,MED-ATC-M01AB,Diclofenac,Anti-inflammatory,5.0
2015-02-24,MED-ATC-M01AB,Diclofenac,Anti-inflammatory,3.68
2015-02-25,MED-ATC-M01AB,Diclofenac,Anti-inflammatory,7.0
2015-02-26,MED-ATC-M01AB,Diclofenac,Anti-inflammatory,6.0
2015-02-27,MED-ATC-M01AB,Diclofenac,Anti-inflammatory,6.33
2015-02-28,MED-ATC-M01AB,Diclofenac,Anti-inflammatory,6.34
2015-03-01,MED-ATC-M01AB,Diclofenac,Anti-inflammatory,9.0
2015-03-02,MED-ATC-M01AB,Diclofenac,Anti-inflammatory,6.67
2015-03-03,MED-ATC-M01AB,Diclofenac,Anti-inflammatory,8.0
2015-03-04,MED-ATC-M01AB,Diclofenac,Anti-inflammatory,9.68
2015-03-05,MED-ATC-M01AB,Diclofenac,Anti-inflammatory,6.0
2015-03-06,MED-ATC-M01AB,Diclofenac,Anti-inflammatory,2.0
2015-03-07,MED-ATC-M01AB,Diclofenac,Anti-inflammatory,3.33
2015-03-08,MED-ATC-M01AB,Diclofenac,Anti-inflammatory,6.0
2015-03-09,MED-ATC-M01AB,Diclofenac,Anti-inflammatory,2.0
2015-03-10,MED-ATC-M01AB,Diclofenac,Anti-inflammatory,1.34
2015-03-11,MED-ATC-M01AB,Diclofenac,Anti-inflammatory,11.0
2015-03-12,MED-ATC-M01AB,Diclofenac,Anti-inflammatory,2.68
2015-03-13,MED-ATC-M01AB,Diclofenac,Anti-inflammatory,4.0
2015-03-14,MED-ATC-M01AB,Diclofenac,Anti-inflammatory,2.66
2015-03-15,MED-ATC-M01AB,Diclofenac,Anti-inflammatory,3.34
2015-03-16,MED-ATC-M01AB,Diclofenac,Anti-inflammatory,8.0
2015-03-17,MED-ATC-M01AB,Diclofenac,Anti-inflammatory,5.0
2015-03-18,MED-ATC-M01AB,Diclofenac,Anti-inflammatory,7.33
2015-03-19,MED-ATC-M01AB,Diclofenac,Anti-inflammatory,2.0
2015-03-20,MED-ATC-M01AB,Diclofenac,Anti-inflammatory,1.0
2015-03-21,MED-ATC-M01AB,Diclofenac,Anti-inflammatory,10.33
2015-03-22,MED-ATC-M01AB,Diclofenac,Anti-inflammatory,8.34
2015-03-23,MED-ATC-M01AB,Diclofenac,Anti-inflammatory,2.0
2015-03-24,MED-ATC-M01AB,Diclofenac,Anti-inflammatory,4.0
2015-03-25,MED-ATC-M01AB,Diclofenac,Anti-inflammatory,3.68
2015-03-26,MED-ATC-M01AB,Diclofenac,Anti-inflammatory,5.0
2015-03-27,MED-ATC-M01AB,Diclofenac,Anti-inflammatory,3.0
2015-03-28,MED-ATC-M01AB,Diclofenac,Anti-inflammatory,1.33
2015-03-29,MED-ATC-M01AB,Diclofenac,Anti-inflammatory,6.0
2015-03-30,MED-ATC-M01AB,Diclofenac,Anti-inflammatory,6.33
2015-03-31,MED-ATC-M01AB,Diclofenac,Anti-inflammatory,5.0
2015-04-01,MED-ATC-M01AB,Diclofenac,Anti-inflammatory,6.34
2015-04-02,MED-ATC-M01AB,Diclofenac,Anti-inflammatory,5.0
2015-04-03,MED-ATC-M01AB,Diclofenac,Anti-inflammatory,5.33
2015-04-04,MED-ATC-M01AB,Diclofenac,Anti-inflammatory,3.67
2015-04-05,MED-ATC-M01AB,Diclofenac,Anti-inflammatory,3.34
2015-04-06,MED-ATC-M01AB,Diclofenac,Anti-inflammatory,7.33
2015-04-07,MED-ATC-M01AB,Diclofenac,Anti-inflammatory,6.0
2015-04-08,MED-ATC-M01AB,Diclofenac,Anti-inflammatory,4.0
2015-04-09,MED-ATC-M01AB,Diclofenac,Anti-inflammatory,1.33
2015-04-10,MED-ATC-M01AB,Diclofenac,Anti-inflammatory,9.84
2015-04-11,MED-ATC-M01AB,Diclofenac,Anti-inflammatory,11.68
2015-04-12,MED-ATC-M01AB,Diclofenac,Anti-inflammatory,0.0
2015-04-13,MED-ATC-M01AB,Diclofenac,Anti-inflammatory,6.67
2015-04-14,MED-ATC-M01AB,Diclofenac,Anti-inflammatory,4.66
2015-04-15,MED-ATC-M01AB,Diclofenac,Anti-inflammatory,2.0
2015-04-16,MED-ATC-M01AB,Diclofenac,Anti-inflammatory,2.34
2015-04-17,MED-ATC-M01AB,Diclofenac,Anti-inflammatory,9.33
2015-04-18,MED-ATC-M01AB,Diclofenac,Anti-inflammatory,7.33
2015-04-19,MED-ATC-M01AB,Diclofenac,Anti-inflammatory,9.32
2015-04-20,MED-ATC-M01AB,Diclofenac,Anti-inflammatory,3.0
2015-04-21,MED-ATC-M01AB,Diclofenac,Anti-inflammatory,6.33
2015-04-22,MED-ATC-M01AB,Diclofenac,Anti-inflammatory,1.33
2015-04-23,MED-ATC-M01AB,Diclofenac,Anti-inflammatory,4.0
2015-04-24,MED-ATC-M01AB,Diclofenac,Anti-inflammatory,10.0
2015-04-25,MED-ATC-M01AB,Diclofenac,Anti-inflammatory,5.0
2015-04-26,MED-ATC-M01AB,Diclofenac,Anti-inflammatory,7.0
2015-04-27,MED-ATC-M01AB,Diclofenac,Anti-inflammatory,3.0
2015-04-28,MED-ATC-M01AB,Diclofenac,Anti-inflammatory,4.33
2015-04-29,MED-ATC-M01AB,Diclofenac,Anti-inflammatory,2.0
2015-04-30,MED-ATC-M01AB,Diclofenac,Anti-inflammatory,3.0
2015-05-01,MED-ATC-M01AB,Diclofenac,Anti-inflammatory,5.34
2015-05-02,MED-ATC-M01AB,Diclofenac,Anti-inflammatory,5.0
2015-05-03,MED-ATC-M01AB,Diclofenac,Anti-inflammatory,6.67
2015-05-04,MED-ATC-M01AB,Diclofenac,Anti-inflammatory,4.0
2015-05-05,MED-ATC-M01AB,Diclofenac,Anti-inflammatory,3.34
2015-05-06,MED-ATC-M01AB,Diclofenac,Anti-inflammatory,4.66
2015-05-07,MED-ATC-M01AB,Diclofenac,Anti-inflammatory,2.0
2015-05-08,MED-ATC-M01AB,Diclofenac,Anti-inflammatory,1.0
2015-05-09,MED-ATC-M01AB,Diclofenac,Anti-inflammatory,3.66
2015-05-10,MED-ATC-M01AB,Diclofenac,Anti-inflammatory,3.34
2015-05-11,MED-ATC-M01AB,Diclofenac,Anti-inflammatory,3.33
2015-05-12,MED-ATC-M01AB,Diclofenac,Anti-inflammatory,7.33
2015-05-13,MED-ATC-M01AB,Diclofenac,Anti-inflammatory,8.0
2015-05-14,MED-ATC-M01AB,Diclofenac,Anti-inflammatory,3.0
2015-05-15,MED-ATC-M01AB,Diclofenac,Anti-inflammatory,3.34
2015-05-16,MED-ATC-M01AB,Diclofenac,Anti-inflammatory,5.0
2015-05-17,MED-ATC-M01AB,Diclofenac,Anti-inflammatory,5.0
2015-05-18,MED-ATC-M01AB,Diclofenac,Anti-inflammatory,7.0
2015-05-19,MED-ATC-M01AB,Diclofenac,Anti-inflammatory,3.0
2015-05-20,MED-ATC-M01AB,Diclofenac,Anti-inflammatory,5.67
2015-05-21,MED-ATC-M01AB,Diclofenac,Anti-inflammatory,6.0
2015-05-22,MED-ATC-M01AB,Diclofenac,Anti-inflammatory,3.0
2015-05-23,MED-ATC-M01AB,Diclofenac,Anti-inflammatory,5.68
2015-05-24,MED-ATC-M01AB,Diclofenac,Anti-inflammatory,5.33
2015-05-25,MED-ATC-M01AB,Diclofenac,Anti-inflammatory,9.66
2015-05-26,MED-ATC-M01AB,Diclofenac,Anti-inflammatory,7.34
2015-05-27,MED-ATC-M01AB,Diclofenac,Anti-inflammatory,4.0
2015-05-28,MED-ATC-M01AB,Diclofenac,Anti-inflammatory,6.0
2015-05-29,MED-ATC-M01AB,Diclofenac,Anti-inflammatory,6.33
2015-05-30,MED-ATC-M01AB,Diclofenac,Anti-inflammatory,14.0
2015-05-31,MED-ATC-M01AB,Diclofenac,Anti-inflammatory,3.0
2015-06-01,MED-ATC-M01AB,Diclofenac,Anti-inflammatory,4.66
2015-06-02,MED-ATC-M01AB,Diclofenac,Anti-inflammatory,8.33
2015-06-03,MED-ATC-M01AB,Diclofenac,Anti-inflammatory,5.0
2015-06-04,MED-ATC-M01AB,Diclofenac,Anti-inflammatory,2.33
2015-06-05,MED-ATC-M01AB,Diclofenac,Anti-inflammatory,5.0
2015-06-06,MED-ATC-M01AB,Diclofenac,Anti-inflammatory,3.68
2015-06-07,MED-ATC-M01AB,Diclofenac,Anti-inflammatory,6.34
2015-06-08,MED-ATC-M01AB,Diclofenac,Anti-inflammatory,6.0
2015-06-09,MED-ATC-M01AB,Diclofenac,Anti-inflammatory,3.0
2015-06-10,MED-ATC-M01AB,Diclofenac,Anti-inflammatory,4.34
2015-06-11,MED-ATC-M01AB,Diclofenac,Anti-inflammatory,6.0
2015-06-12,MED-ATC-M01AB,Diclofenac,Anti-inflammatory,1.67
2015-06-13,MED-ATC-M01AB,Diclofenac,Anti-inflammatory,2.33
2015-06-14,MED-ATC-M01AB,Diclofenac,Anti-inflammatory,5.0
2015-06-15,MED-ATC-M01AB,Diclofenac,Anti-inflammatory,4.0
2015-06-16,MED-ATC-M01AB,Diclofenac,Anti-inflammatory,7.0
2015-06-17,MED-ATC-M01AB,Diclofenac,Anti-inflammatory,3.66
2015-06-18,MED-ATC-M01AB,Diclofenac,Anti-inflammatory,3.0
2015-06-19,MED-ATC-M01AB,Diclofenac,Anti-inflammatory,5.33
2015-06-20,MED-ATC-M01AB,Diclofenac,Anti-inflammatory,9.34
2015-06-21,MED-ATC-M01AB,Diclofenac,Anti-inflammatory,9.34
2015-06-22,MED-ATC-M01AB,Diclofenac,Anti-inflammatory,5.17
2015-06-23,MED-ATC-M01AB,Diclofenac,Anti-inflammatory,4.67
2015-06-24,MED-ATC-M01AB,Diclofenac,Anti-inflammatory,3.83
2015-06-25,MED-ATC-M01AB,Diclofenac,Anti-inflammatory,6.33
2015-06-26,MED-ATC-M01AB,Diclofenac,Anti-inflammatory,7.17
2015-06-27,MED-ATC-M01AB,Diclofenac,Anti-inflammatory,7.33
2015-06-28,MED-ATC-M01AB,Diclofenac,Anti-inflammatory,5.34
2015-06-29,MED-ATC-M01AB,Diclofenac,Anti-inflammatory,5.68
2015-06-30,MED-ATC-M01AB,Diclofenac,Anti-inflammatory,1.0
2015-07-01,MED-ATC-M01AB,Diclofenac,Anti-inflammatory,8.83
2015-07-02,MED-ATC-M01AB,Diclofenac,Anti-inflammatory,3.0
2015-07-03,MED-ATC-M01AB,Diclofenac,Anti-inflammatory,5.5
2015-07-04,MED-ATC-M01AB,Diclofenac,Anti-inflammatory,7.35
2015-07-05,MED-ATC-M01AB,Diclofenac,Anti-inflammatory,5.0
2015-07-06,MED-ATC-M01AB,Diclofenac,Anti-inflammatory,5.5
2015-07-07,MED-ATC-M01AB,Diclofenac,Anti-inflammatory,4.84
2015-07-08,MED-ATC-M01AB,Diclofenac,Anti-inflammatory,2.0
2015-07-09,MED-ATC-M01AB,Diclofenac,Anti-inflammatory,2.34
2015-07-10,MED-ATC-M01AB,Diclofenac,Anti-inflammatory,5.5
2015-07-11,MED-ATC-M01AB,Diclofenac,Anti-inflammatory,4.0
2015-07-12,MED-ATC-M01AB,Diclofenac,Anti-inflammatory,6.33
2015-07-13,MED-ATC-M01AB,Diclofenac,Anti-inflammatory,3.68
2015-07-14,MED-ATC-M01AB,Diclofenac,Anti-inflammatory,0.34
2015-07-15,MED-ATC-M01AB,Diclofenac,Anti-inflammatory,8.49
2015-07-16,MED-ATC-M01AB,Diclofenac,Anti-inflammatory,8.34
2015-07-17,MED-ATC-M01AB,Diclofenac,Anti-inflammatory,2.5
2015-07-18,MED-ATC-M01AB,Diclofenac,Anti-inflammatory,3.68
2015-07-19,MED-ATC-M01AB,Diclofenac,Anti-inflammatory,11.68
2015-07-20,MED-ATC-M01AB,Diclofenac,Anti-inflammatory,5.84
2015-07-21,MED-ATC-M01AB,Diclofenac,Anti-inflammatory,4.68
2015-07-22,MED-ATC-M01AB,Diclofenac,Anti-inflammatory,9.33
2015-07-23,MED-ATC-M01AB,Diclofenac,Anti-inflammatory,1.5
2015-07-24,MED-ATC-M01AB,Diclofenac,Anti-inflammatory,6.0
2015-07-25,MED-ATC-M01AB,Diclofenac,Anti-inflammatory,4.0
2015-07-26,MED-ATC-M01AB,Diclofenac,Anti-inflammatory,5.0
2015-07-27,MED-ATC-M01AB,Diclofenac,Anti-inflammatory,7.34
2015-07-28,MED-ATC-M01AB,Diclofenac,Anti-inflammatory,14.18
2015-07-29,MED-ATC-M01AB,Diclofenac,Anti-inflammatory,10.34
2015-07-30,MED-ATC-M01AB,Diclofenac,Anti-inflammatory,3.0
2015-07-31,MED-ATC-M01AB,Diclofenac,Anti-inflammatory,5.5
2015-08-01,MED-ATC-M01AB,Diclofenac,Anti-inflammatory,5.0
2015-08-02,MED-ATC-M01AB,Diclofenac,Anti-inflammatory,5.0
2015-08-03,MED-ATC-M01AB,Diclofenac,Anti-inflammatory,1.5
2015-08-04,MED-ATC-M01AB,Diclofenac,Anti-inflammatory,6.34
2015-08-05,MED-ATC-M01AB,Diclofenac,Anti-inflammatory,5.0
2015-08-06,MED-ATC-M01AB,Diclofenac,Anti-inflammatory,5.33
2015-08-07,MED-ATC-M01AB,Diclofenac,Anti-inflammatory,4.33
2015-08-08,MED-ATC-M01AB,Diclofenac,Anti-inflammatory,6.33
2015-08-09,MED-ATC-M01AB,Diclofenac,Anti-inflammatory,5.0
2015-08-10,MED-ATC-M01AB,Diclofenac,Anti-inflammatory,3.67
2015-08-11,MED-ATC-M01AB,Diclofenac,Anti-inflammatory,12.33
2015-08-12,MED-ATC-M01AB,Diclofenac,Anti-inflammatory,8.67
2015-08-13,MED-ATC-M01AB,Diclofenac,Anti-inflammatory,8.0
2015-08-14,MED-ATC-M01AB,Diclofenac,Anti-inflammatory,3.0
2015-08-15,MED-ATC-M01AB,Diclofenac,Anti-inflammatory,3.34
2015-08-16,MED-ATC-M01AB,Diclofenac,Anti-inflammatory,2.0
2015-08-17,MED-ATC-M01AB,Diclofenac,Anti-inflammatory,8.0
2015-08-18,MED-ATC-M01AB,Diclofenac,Anti-inflammatory,6.01
2015-08-19,MED-ATC-M01AB,Diclofenac,Anti-inflammatory,6.33
2015-08-20,MED-ATC-M01AB,Diclofenac,Anti-inflammatory,3.5
2015-08-21,MED-ATC-M01AB,Diclofenac,Anti-inflammatory,6.0
2015-08-22,MED-ATC-M01AB,Diclofenac,Anti-inflammatory,2.34
2015-08-23,MED-ATC-M01AB,Diclofenac,Anti-inflammatory,8.99
2015-08-24,MED-ATC-M01AB,Diclofenac,Anti-inflammatory,8.5
2015-08-25,MED-ATC-M01AB,Diclofenac,Anti-inflammatory,2.34
2015-08-26,MED-ATC-M01AB,Diclofenac,Anti-inflammatory,2.67
2015-08-27,MED-ATC-M01AB,Diclofenac,Anti-inflammatory,9.33
2015-08-28,MED-ATC-M01AB,Diclofenac,Anti-inflammatory,7.0
2015-08-29,MED-ATC-M01AB,Diclofenac,Anti-inflammatory,10.84
2015-08-30,MED-ATC-M01AB,Diclofenac,Anti-inflammatory,11.0
2015-08-31,MED-ATC-M01AB,Diclofenac,Anti-inflammatory,4.0
2015-09-01,MED-ATC-M01AB,Diclofenac,Anti-inflammatory,8.18
2015-09-02,MED-ATC-M01AB,Diclofenac,Anti-inflammatory,5.33
2015-09-03,MED-ATC-M01AB,Diclofenac,Anti-inflammatory,1.34
2015-09-04,MED-ATC-M01AB,Diclofenac,Anti-inflammatory,3.34
2015-09-05,MED-ATC-M01AB,Diclofenac,Anti-inflammatory,8.83
2015-09-06,MED-ATC-M01AB,Diclofenac,Anti-inflammatory,8.33
2015-09-07,MED-ATC-M01AB,Diclofenac,Anti-inflammatory,4.34
2015-09-08,MED-ATC-M01AB,Diclofenac,Anti-inflammatory,2.67
2015-09-09,MED-ATC-M01AB,Diclofenac,Anti-inflammatory,2.0
2015-09-10,MED-ATC-M01AB,Diclofenac,Anti-inflammatory,6.0
2015-09-11,MED-ATC-M01AB,Diclofenac,Anti-inflammatory,11.33
2015-09-12,MED-ATC-M01AB,Diclofenac,Anti-inflammatory,4.66
2015-09-13,MED-ATC-M01AB,Diclofenac,Anti-inflammatory,7.33
2015-09-14,MED-ATC-M01AB,Diclofenac,Anti-inflammatory,4.68
2015-09-15,MED-ATC-M01AB,Diclofenac,Anti-inflammatory,3.33
2015-09-16,MED-ATC-M01AB,Diclofenac,Anti-inflammatory,0.67
2015-09-17,MED-ATC-M01AB,Diclofenac,Anti-inflammatory,9.83
2015-09-18,MED-ATC-M01AB,Diclofenac,Anti-inflammatory,3.34
2015-09-19,MED-ATC-M01AB,Diclofenac,Anti-inflammatory,6.83
2015-09-20,MED-ATC-M01AB,Diclofenac,Anti-inflammatory,9.99
2015-09-21,MED-ATC-M01AB,Diclofenac,Anti-inflammatory,2.0
2015-09-22,MED-ATC-M01AB,Diclofenac,Anti-inflammatory,6.99
2015-09-23,MED-ATC-M01AB,Diclofenac,Anti-inflammatory,6.16
2015-09-24,MED-ATC-M01AB,Diclofenac,Anti-inflammatory,2.99
2015-09-25,MED-ATC-M01AB,Diclofenac,Anti-inflammatory,4.83
2015-09-26,MED-ATC-M01AB,Diclofenac,Anti-inflammatory,12.42
2015-09-27,MED-ATC-M01AB,Diclofenac,Anti-inflammatory,5.83
2015-09-28,MED-ATC-M01AB,Diclofenac,Anti-inflammatory,1.0
2015-09-29,MED-ATC-M01AB,Diclofenac,Anti-inflammatory,6.33
2015-09-30,MED-ATC-M01AB,Diclofenac,Anti-inflammatory,5.32
2015-10-01,MED-ATC-M01AB,Diclofenac,Anti-inflammatory,9.66
2015-10-02,MED-ATC-M01AB,Diclofenac,Anti-inflammatory,5.0
2015-10-03,MED-ATC-M01AB,Diclofenac,Anti-inflammatory,10.34
2015-10-04,MED-ATC-M01AB,Diclofenac,Anti-inflammatory,7.0
2015-10-05,MED-ATC-M01AB,Diclofenac,Anti-inflammatory,5.0
2015-10-06,MED-ATC-M01AB,Diclofenac,Anti-inflammatory,5.69
2015-10-07,MED-ATC-M01AB,Diclofenac,Anti-inflammatory,7.33
2015-10-08,MED-ATC-M01AB,Diclofenac,Anti-inflammatory,8.82
2015-10-09,MED-ATC-M01AB,Diclofenac,Anti-inflammatory,2.0
2015-10-10,MED-ATC-M01AB,Diclofenac,Anti-inflammatory,6.16
2015-10-11,MED-ATC-M01AB,Diclofenac,Anti-inflammatory,10.33
2015-10-12,MED-ATC-M01AB,Diclofenac,Anti-inflammatory,9.66
2015-10-13,MED-ATC-M01AB,Diclofenac,Anti-inflammatory,3.83
2015-10-14,MED-ATC-M01AB,Diclofenac,Anti-inflammatory,4.66
2015-10-15,MED-ATC-M01AB,Diclofenac,Anti-inflammatory,5.16
2015-10-16,MED-ATC-M01AB,Diclofenac,Anti-inflammatory,1.67
2015-10-17,MED-ATC-M01AB,Diclofenac,Anti-inflammatory,10.34
2015-10-18,MED-ATC-M01AB,Diclofenac,Anti-inflammatory,7.34
2015-10-19,MED-ATC-M01AB,Diclofenac,Anti-inflammatory,12.0
2015-10-20,MED-ATC-M01AB,Diclofenac,Anti-inflammatory,3.34
2015-10-21,MED-ATC-M01AB,Diclofenac,Anti-inflammatory,8.66
2015-10-22,MED-ATC-M01AB,Diclofenac,Anti-inflammatory,4.33
2015-10-23,MED-ATC-M01AB,Diclofenac,Anti-inflammatory,7.0
2015-10-24,MED-ATC-M01AB,Diclofenac,Anti-inflammatory,9.84
2015-10-25,MED-ATC-M01AB,Diclofenac,Anti-inflammatory,3.0
2015-10-26,MED-ATC-M01AB,Diclofenac,Anti-inflammatory,9.0
2015-10-27,MED-ATC-M01AB,Diclofenac,Anti-inflammatory,4.33
2015-10-28,MED-ATC-M01AB,Diclofenac,Anti-inflammatory,1.0
2015-10-29,MED-ATC-M01AB,Diclofenac,Anti-inflammatory,2.33
2015-10-30,MED-ATC-M01AB,Diclofenac,Anti-inflammatory,5.33
2015-10-31,MED-ATC-M01AB,Diclofenac,Anti-inflammatory,5.66
2015-11-01,MED-ATC-M01AB,Diclofenac,Anti-inflammatory,2.33
2015-11-02,MED-ATC-M01AB,Diclofenac,Anti-inflammatory,4.66
2015-11-03,MED-ATC-M01AB,Diclofenac,Anti-inflammatory,1.34
2015-11-04,MED-ATC-M01AB,Diclofenac,Anti-inflammatory,8.5
2015-11-05,MED-ATC-M01AB,Diclofenac,Anti-inflammatory,4.33
2015-11-06,MED-ATC-M01AB,Diclofenac,Anti-inflammatory,3.33
2015-11-07,MED-ATC-M01AB,Diclofenac,Anti-inflammatory,4.0
2015-11-08,MED-ATC-M01AB,Diclofenac,Anti-inflammatory,6.33
2015-11-09,MED-ATC-M01AB,Diclofenac,Anti-inflammatory,3.66
2015-11-10,MED-ATC-M01AB,Diclofenac,Anti-inflammatory,6.33
2015-11-11,MED-ATC-M01AB,Diclofenac,Anti-inflammatory,9.66
2015-11-12,MED-ATC-M01AB,Diclofenac,Anti-inflammatory,6.0
2015-11-13,MED-ATC-M01AB,Diclofenac,Anti-inflammatory,5.0
2015-11-14,MED-ATC-M01AB,Diclofenac,Anti-inflammatory,4.99
2015-11-15,MED-ATC-M01AB,Diclofenac,Anti-inflammatory,1.33
2015-11-16,MED-ATC-M01AB,Diclofenac,Anti-inflammatory,5.67
2015-11-17,MED-ATC-M01AB,Diclofenac,Anti-inflammatory,6.34
2015-11-18,MED-ATC-M01AB,Diclofenac,Anti-inflammatory,6.34
2015-11-19,MED-ATC-M01AB,Diclofenac,Anti-inflammatory,2.0
2015-11-20,MED-ATC-M01AB,Diclofenac,Anti-inflammatory,5.66
2015-11-21,MED-ATC-M01AB,Diclofenac,Anti-inflammatory,4.0
2015-11-22,MED-ATC-M01AB,Diclofenac,Anti-inflammatory,2.0
2015-11-23,MED-ATC-M01AB,Diclofenac,Anti-inflammatory,3.0
2015-11-24,MED-ATC-M01AB,Diclofenac,Anti-inflammatory,5.0
2015-11-25,MED-ATC-M01AB,Diclofenac,Anti-inflammatory,5.66
2015-11-26,MED-ATC-M01AB,Diclofenac,Anti-inflammatory,4.33
2015-11-27,MED-ATC-M01AB,Diclofenac,Anti-inflammatory,0.67
2015-11-28,MED-ATC-M01AB,Diclofenac,Anti-inflammatory,6.33
2015-11-29,MED-ATC-M01AB,Diclofenac,Anti-inflammatory,6.66
2015-11-30,MED-ATC-M01AB,Diclofenac,Anti-inflammatory,7.33
2015-12-01,MED-ATC-M01AB,Diclofenac,Anti-inflammatory,1.99
2015-12-02,MED-ATC-M01AB,Diclofenac,Anti-inflammatory,1.0
2015-12-03,MED-ATC-M01AB,Diclofenac,Anti-inflammatory,4.0
2015-12-04,MED-ATC-M01AB,Diclofenac,Anti-inflammatory,3.33
2015-12-05,MED-ATC-M01AB,Diclofenac,Anti-inflammatory,8.0
2015-12-06,MED-ATC-M01AB,Diclofenac,Anti-inflammatory,5.67
2015-12-07,MED-ATC-M01AB,Diclofenac,Anti-inflammatory,3.0
2015-12-08,MED-ATC-M01AB,Diclofenac,Anti-inflammatory,2.0
2015-12-09,MED-ATC-M01AB,Diclofenac,Anti-inflammatory,3.34
2015-12-10,MED-ATC-M01AB,Diclofenac,Anti-inflammatory,11.66
2015-12-11,MED-ATC-M01AB,Diclofenac,Anti-inflammatory,5.84
2015-12-12,MED-ATC-M01AB,Diclofenac,Anti-inflammatory,6.34
2015-12-13,MED-ATC-M01AB,Diclofenac,Anti-inflammatory,9.33
2015-12-14,MED-ATC-M01AB,Diclofenac,Anti-inflammatory,5.0
2015-12-15,MED-ATC-M01AB,Diclofenac,Anti-inflammatory,4.99
2015-12-16,MED-ATC-M01AB,Diclofenac,Anti-inflammatory,6.67
2015-12-17,MED-ATC-M01AB,Diclofenac,Anti-inflammatory,9.0
2015-12-18,MED-ATC-M01AB,Diclofenac,Anti-inflammatory,4.33
2015-12-19,MED-ATC-M01AB,Diclofenac,Anti-inflammatory,0.0
2015-12-20,MED-ATC-M01AB,Diclofenac,Anti-inflammatory,3.0
2015-12-21,MED-ATC-M01AB,Diclofenac,Anti-inflammatory,5.0
2015-12-22,MED-ATC-M01AB,Diclofenac,Anti-inflammatory,5.66
2015-12-23,MED-ATC-M01AB,Diclofenac,Anti-inflammatory,3.33
2015-12-24,MED-ATC-M01AB,Diclofenac,Anti-inflammatory,7.33
2015-12-25,MED-ATC-M01AB,Diclofenac,Anti-inflammatory,0.66
2015-12-26,MED-ATC-M01AB,Diclofenac,Anti-inflammatory,4.67
2015-12-27,MED-ATC-M01AB,Diclofenac,Anti-inflammatory,5.33
2015-12-28,MED-ATC-M01AB,Diclofenac,Anti-inflammatory,4.0
2015-12-29,MED-ATC-M01AB,Diclofenac,Anti-inflammatory,10.67
2015-12-30,MED-ATC-M01AB,Diclofenac,Anti-inflammatory,6.66
2015-12-31,MED-ATC-M01AB,Diclofenac,Anti-inflammatory,7.66
2016-01-01,MED-ATC-M01AB,Diclofenac,Anti-inflammatory,0.0
2016-01-02,MED-ATC-M01AB,Diclofenac,Anti-inflammatory,0.34
2016-01-03,MED-ATC-M01AB,Diclofenac,Anti-inflammatory,4.0
2016-01-04,MED-ATC-M01AB,Diclofenac,Anti-inflammatory,7.33
2016-01-05,MED-ATC-M01AB,Diclofenac,Anti-inflammatory,5.33
2016-01-06,MED-ATC-M01AB,Diclofenac,Anti-inflammatory,6.66
2016-01-07,MED-ATC-M01AB,Diclofenac,Anti-inflammatory,0.0
2016-01-08,MED-ATC-M01AB,Diclofenac,Anti-inflammatory,8.0
2016-01-09,MED-ATC-M01AB,Diclofenac,Anti-inflammatory,7.33
2016-01-10,MED-ATC-M01AB,Diclofenac,Anti-inflammatory,7.0
2016-01-11,MED-ATC-M01AB,Diclofenac,Anti-inflammatory,9.34
2016-01-12,MED-ATC-M01AB,Diclofenac,Anti-inflammatory,12.0
2016-01-13,MED-ATC-M01AB,Diclofenac,Anti-inflammatory,9.0
2016-01-14,MED-ATC-M01AB,Diclofenac,Anti-inflammatory,2.0
2016-01-15,MED-ATC-M01AB,Diclofenac,Anti-inflammatory,8.98
2016-01-16,MED-ATC-M01AB,Diclofenac,Anti-inflammatory,3.34
2016-01-17,MED-ATC-M01AB,Diclofenac,Anti-inflammatory,7.01
2016-01-18,MED-ATC-M01AB,Diclofenac,Anti-inflammatory,3.5
2016-01-19,MED-ATC-M01AB,Diclofenac,Anti-inflammatory,6.0
2016-01-20,MED-ATC-M01AB,Diclofenac,Anti-inflammatory,2.32
2016-01-21,MED-ATC-M01AB,Diclofenac,Anti-inflammatory,5.0
2016-01-22,MED-ATC-M01AB,Diclofenac,Anti-inflammatory,0.83
2016-01-23,MED-ATC-M01AB,Diclofenac,Anti-inflammatory,6.33
2016-01-24,MED-ATC-M01AB,Diclofenac,Anti-inflammatory,4.0
2016-01-25,MED-ATC-M01AB,Diclofenac,Anti-inflammatory,10.33
2016-01-26,MED-ATC-M01AB,Diclofenac,Anti-inflammatory,5.68
2016-01-27,MED-ATC-M01AB,Diclofenac,Anti-inflammatory,4.34
2016-01-28,MED-ATC-M01AB,Diclofenac,Anti-inflammatory,7.33
2016-01-29,MED-ATC-M01AB,Diclofenac,Anti-inflammatory,5.0
2016-01-30,MED-ATC-M01AB,Diclofenac,Anti-inflammatory,9.0
2016-01-31,MED-ATC-M01AB,Diclofenac,Anti-inflammatory,4.33
2016-02-01,MED-ATC-M01AB,Diclofenac,Anti-inflammatory,6.34
2016-02-02,MED-ATC-M01AB,Diclofenac,Anti-inflammatory,14.33
2016-02-03,MED-ATC-M01AB,Diclofenac,Anti-inflammatory,8.0
2016-02-04,MED-ATC-M01AB,Diclofenac,Anti-inflammatory,8.34
2016-02-05,MED-ATC-M01AB,Diclofenac,Anti-inflammatory,5.66
2016-02-06,MED-ATC-M01AB,Diclofenac,Anti-inflammatory,5.33
2016-02-07,MED-ATC-M01AB,Diclofenac,Anti-inflammatory,3.66
2016-02-08,MED-ATC-M01AB,Diclofenac,Anti-inflammatory,6.33
2016-02-09,MED-ATC-M01AB,Diclofenac,Anti-inflammatory,7.0
2016-02-10,MED-ATC-M01AB,Diclofenac,Anti-inflammatory,4.34
2016-02-11,MED-ATC-M01AB,Diclofenac,Anti-inflammatory,1.66
2016-02-12,MED-ATC-M01AB,Diclofenac,Anti-inflammatory,5.99
2016-02-13,MED-ATC-M01AB,Diclofenac,Anti-inflammatory,2.67
2016-02-14,MED-ATC-M01AB,Diclofenac,Anti-inflammatory,5.84
2016-02-15,MED-ATC-M01AB,Diclofenac,Anti-inflammatory,5.33
2016-02-16,MED-ATC-M01AB,Diclofenac,Anti-inflammatory,7.33
2016-02-17,MED-ATC-M01AB,Diclofenac,Anti-inflammatory,3.0
2016-02-18,MED-ATC-M01AB,Diclofenac,Anti-inflammatory,2.34
2016-02-19,MED-ATC-M01AB,Diclofenac,Anti-inflammatory,4.0
2016-02-20,MED-ATC-M01AB,Diclofenac,Anti-inflammatory,10.33
2016-02-21,MED-ATC-M01AB,Diclofenac,Anti-inflammatory,6.34
2016-02-22,MED-ATC-M01AB,Diclofenac,Anti-inflammatory,3.0
2016-02-23,MED-ATC-M01AB,Diclofenac,Anti-inflammatory,3.0
2016-02-24,MED-ATC-M01AB,Diclofenac,Anti-inflammatory,7.66
2016-02-25,MED-ATC-M01AB,Diclofenac,Anti-inflammatory,7.99
2016-02-26,MED-ATC-M01AB,Diclofenac,Anti-inflammatory,5.0
2016-02-27,MED-ATC-M01AB,Diclofenac,Anti-inflammatory,8.0
2016-02-28,MED-ATC-M01AB,Diclofenac,Anti-inflammatory,8.0
2016-02-29,MED-ATC-M01AB,Diclofenac,Anti-inflammatory,7.0
2016-03-01,MED-ATC-M01AB,Diclofenac,Anti-inflammatory,10.0
2016-03-02,MED-ATC-M01AB,Diclofenac,Anti-inflammatory,3.33
2016-03-03,MED-ATC-M01AB,Diclofenac,Anti-inflammatory,2.83
2016-03-04,MED-ATC-M01AB,Diclofenac,Anti-inflammatory,5.0
2016-03-05,MED-ATC-M01AB,Diclofenac,Anti-inflammatory,5.0
2016-03-06,MED-ATC-M01AB,Diclofenac,Anti-inflammatory,5.0
2016-03-07,MED-ATC-M01AB,Diclofenac,Anti-inflammatory,5.33
2016-03-08,MED-ATC-M01AB,Diclofenac,Anti-inflammatory,4.0
2016-03-09,MED-ATC-M01AB,Diclofenac,Anti-inflammatory,4.34
2016-03-10,MED-ATC-M01AB,Diclofenac,Anti-inflammatory,6.33
2016-03-11,MED-ATC-M01AB,Diclofenac,Anti-inflammatory,3.33
2016-03-12,MED-ATC-M01AB,Diclofenac,Anti-inflammatory,3.0
2016-03-13,MED-ATC-M01AB,Diclofenac,Anti-inflammatory,2.5
2016-03-14,MED-ATC-M01AB,Diclofenac,Anti-inflammatory,4.33
2016-03-15,MED-ATC-M01AB,Diclofenac,Anti-inflammatory,5.33
2016-03-16,MED-ATC-M01AB,Diclofenac,Anti-inflammatory,5.33
2016-03-17,MED-ATC-M01AB,Diclofenac,Anti-inflammatory,5.66
2016-03-18,MED-ATC-M01AB,Diclofenac,Anti-inflammatory,3.34
2016-03-19,MED-ATC-M01AB,Diclofenac,Anti-inflammatory,10.66
2016-03-20,MED-ATC-M01AB,Diclofenac,Anti-inflammatory,7.99
2016-03-21,MED-ATC-M01AB,Diclofenac,Anti-inflammatory,5.0
2016-03-22,MED-ATC-M01AB,Diclofenac,Anti-inflammatory,2.33
2016-03-23,MED-ATC-M01AB,Diclofenac,Anti-inflammatory,4.0
2016-03-24,MED-ATC-M01AB,Diclofenac,Anti-inflammatory,6.84
2016-03-25,MED-ATC-M01AB,Diclofenac,Anti-inflammatory,7.0
2016-03-26,MED-ATC-M01AB,Diclofenac,Anti-inflammatory,2.5
2016-03-27,MED-ATC-M01AB,Diclofenac,Anti-inflammatory,7.83
2016-03-28,MED-ATC-M01AB,Diclofenac,Anti-inflammatory,3.34
2016-03-29,MED-ATC-M01AB,Diclofenac,Anti-inflammatory,5.68
2016-03-30,MED-ATC-M01AB,Diclofenac,Anti-inflammatory,7.16
2016-03-31,MED-ATC-M01AB,Diclofenac,Anti-inflammatory,2.33
2016-04-01,MED-ATC-M01AB,Diclofenac,Anti-inflammatory,6.33
2016-04-02,MED-ATC-M01AB,Diclofenac,Anti-inflammatory,3.67
2016-04-03,MED-ATC-M01AB,Diclofenac,Anti-inflammatory,9.67
2016-04-04,MED-ATC-M01AB,Diclofenac,Anti-inflammatory,7.0
2016-04-05,MED-ATC-M01AB,Diclofenac,Anti-inflammatory,6.0
2016-04-06,MED-ATC-M01AB,Diclofenac,Anti-inflammatory,6.66
2016-04-07,MED-ATC-M01AB,Diclofenac,Anti-inflammatory,6.33
2016-04-08,MED-ATC-M01AB,Diclofenac,Anti-inflammatory,7.67
2016-04-09,MED-ATC-M01AB,Diclofenac,Anti-inflammatory,9.0
2016-04-10,MED-ATC-M01AB,Diclofenac,Anti-inflammatory,5.0
2016-04-11,MED-ATC-M01AB,Diclofenac,Anti-inflammatory,0.33
2016-04-12,MED-ATC-M01AB,Diclofenac,Anti-inflammatory,4.34
2016-04-13,MED-ATC-M01AB,Diclofenac,Anti-inflammatory,6.33
2016-04-14,MED-ATC-M01AB,Diclofenac,Anti-inflammatory,2.66
2016-04-15,MED-ATC-M01AB,Diclofenac,Anti-inflammatory,4.33
2016-04-16,MED-ATC-M01AB,Diclofenac,Anti-inflammatory,5.34
2016-04-17,MED-ATC-M01AB,Diclofenac,Anti-inflammatory,4.33
2016-04-18,MED-ATC-M01AB,Diclofenac,Anti-inflammatory,3.66
2016-04-19,MED-ATC-M01AB,Diclofenac,Anti-inflammatory,3.0
2016-04-20,MED-ATC-M01AB,Diclofenac,Anti-inflammatory,2.66
2016-04-21,MED-ATC-M01AB,Diclofenac,Anti-inflammatory,3.0
2016-04-22,MED-ATC-M01AB,Diclofenac,Anti-inflammatory,6.0
2016-04-23,MED-ATC-M01AB,Diclofenac,Anti-inflammatory,13.66
2016-04-24,MED-ATC-M01AB,Diclofenac,Anti-inflammatory,1.0
2016-04-25,MED-ATC-M01AB,Diclofenac,Anti-inflammatory,6.67
2016-04-26,MED-ATC-M01AB,Diclofenac,Anti-inflammatory,5.33
2016-04-27,MED-ATC-M01AB,Diclofenac,Anti-inflammatory,5.66
2016-04-28,MED-ATC-M01AB,Diclofenac,Anti-inflammatory,4.66
2016-04-29,MED-ATC-M01AB,Diclofenac,Anti-inflammatory,6.66
2016-04-30,MED-ATC-M01AB,Diclofenac,Anti-inflammatory,9.66
2016-05-01,MED-ATC-M01AB,Diclofenac,Anti-inflammatory,0.0
2016-05-02,MED-ATC-M01AB,Diclofenac,Anti-inflammatory,4.0
2016-05-03,MED-ATC-M01AB,Diclofenac,Anti-inflammatory,6.33
2016-05-04,MED-ATC-M01AB,Diclofenac,Anti-inflammatory,7.34
2016-05-05,MED-ATC-M01AB,Diclofenac,Anti-inflammatory,4.66
2016-05-06,MED-ATC-M01AB,Diclofenac,Anti-inflammatory,4.0
2016-05-07,MED-ATC-M01AB,Diclofenac,Anti-inflammatory,3.99
2016-05-08,MED-ATC-M01AB,Diclofenac,Anti-inflammatory,5.0
2016-05-09,MED-ATC-M01AB,Diclofenac,Anti-inflammatory,5.67
2016-05-10,MED-ATC-M01AB,Diclofenac,Anti-inflammatory,7.33
2016-05-11,MED-ATC-M01AB,Diclofenac,Anti-inflammatory,5.33
2016-05-12,MED-ATC-M01AB,Diclofenac,Anti-inflammatory,3.01
2016-05-13,MED-ATC-M01AB,Diclofenac,Anti-inflammatory,2.33
2016-05-14,MED-ATC-M01AB,Diclofenac,Anti-inflammatory,5.34
2016-05-15,MED-ATC-M01AB,Diclofenac,Anti-inflammatory,5.33
2016-05-16,MED-ATC-M01AB,Diclofenac,Anti-inflammatory,5.0
2016-05-17,MED-ATC-M01AB,Diclofenac,Anti-inflammatory,4.0
2016-05-18,MED-ATC-M01AB,Diclofenac,Anti-inflammatory,4.0
2016-05-19,MED-ATC-M01AB,Diclofenac,Anti-inflammatory,6.34
2016-05-20,MED-ATC-M01AB,Diclofenac,Anti-inflammatory,3.0
2016-05-21,MED-ATC-M01AB,Diclofenac,Anti-inflammatory,2.0
2016-05-22,MED-ATC-M01AB,Diclofenac,Anti-inflammatory,4.34
2016-05-23,MED-ATC-M01AB,Diclofenac,Anti-inflammatory,5.0
2016-05-24,MED-ATC-M01AB,Diclofenac,Anti-inflammatory,12.0
2016-05-25,MED-ATC-M01AB,Diclofenac,Anti-inflammatory,8.34
2016-05-26,MED-ATC-M01AB,Diclofenac,Anti-inflammatory,4.67
2016-05-27,MED-ATC-M01AB,Diclofenac,Anti-inflammatory,8.67
2016-05-28,MED-ATC-M01AB,Diclofenac,Anti-inflammatory,12.33
2016-05-29,MED-ATC-M01AB,Diclofenac,Anti-inflammatory,8.67
2016-05-30,MED-ATC-M01AB,Diclofenac,Anti-inflammatory,3.34
2016-05-31,MED-ATC-M01AB,Diclofenac,Anti-inflammatory,6.0
2016-06-01,MED-ATC-M01AB,Diclofenac,Anti-inflammatory,9.0
2016-06-02,MED-ATC-M01AB,Diclofenac,Anti-inflammatory,2.33
2016-06-03,MED-ATC-M01AB,Diclofenac,Anti-inflammatory,7.33
2016-06-04,MED-ATC-M01AB,Diclofenac,Anti-inflammatory,3.33
2016-06-05,MED-ATC-M01AB,Diclofenac,Anti-inflammatory,10.34
2016-06-06,MED-ATC-M01AB,Diclofenac,Anti-inflammatory,5.33
2016-06-07,MED-ATC-M01AB,Diclofenac,Anti-inflammatory,6.0
2016-06-08,MED-ATC-M01AB,Diclofenac,Anti-inflammatory,8.66
2016-06-09,MED-ATC-M01AB,Diclofenac,Anti-inflammatory,8.67
2016-06-10,MED-ATC-M01AB,Diclofenac,Anti-inflammatory,8.33
2016-06-11,MED-ATC-M01AB,Diclofenac,Anti-inflammatory,10.66
2016-06-12,MED-ATC-M01AB,Diclofenac,Anti-inflammatory,8.34
2016-06-13,MED-ATC-M01AB,Diclofenac,Anti-inflammatory,5.66
2016-06-14,MED-ATC-M01AB,Diclofenac,Anti-inflammatory,2.33
2016-06-15,MED-ATC-M01AB,Diclofenac,Anti-inflammatory,5.0
2016-06-16,MED-ATC-M01AB,Diclofenac,Anti-inflammatory,4.0
2016-06-17,MED-ATC-M01AB,Diclofenac,Anti-inflammatory,3.34
2016-06-18,MED-ATC-M01AB,Diclofenac,Anti-inflammatory,2.0
2016-06-19,MED-ATC-M01AB,Diclofenac,Anti-inflammatory,6.34
2016-06-20,MED-ATC-M01AB,Diclofenac,Anti-inflammatory,7.34
2016-06-21,MED-ATC-M01AB,Diclofenac,Anti-inflammatory,7.33
2016-06-22,MED-ATC-M01AB,Diclofenac,Anti-inflammatory,2.0
2016-06-23,MED-ATC-M01AB,Diclofenac,Anti-inflammatory,3.0
2016-06-24,MED-ATC-M01AB,Diclofenac,Anti-inflammatory,6.0
2016-06-25,MED-ATC-M01AB,Diclofenac,Anti-inflammatory,5.68
2016-06-26,MED-ATC-M01AB,Diclofenac,Anti-inflammatory,3.0
2016-06-27,MED-ATC-M01AB,Diclofenac,Anti-inflammatory,6.0
2016-06-28,MED-ATC-M01AB,Diclofenac,Anti-inflammatory,1.33
2016-06-29,MED-ATC-M01AB,Diclofenac,Anti-inflammatory,7.0
2016-06-30,MED-ATC-M01AB,Diclofenac,Anti-inflammatory,4.0
2016-07-01,MED-ATC-M01AB,Diclofenac,Anti-inflammatory,4.0
2016-07-02,MED-ATC-M01AB,Diclofenac,Anti-inflammatory,4.66
2016-07-03,MED-ATC-M01AB,Diclofenac,Anti-inflammatory,6.67
2016-07-04,MED-ATC-M01AB,Diclofenac,Anti-inflammatory,8.34
2016-07-05,MED-ATC-M01AB,Diclofenac,Anti-inflammatory,6.0
2016-07-06,MED-ATC-M01AB,Diclofenac,Anti-inflammatory,9.33
2016-07-07,MED-ATC-M01AB,Diclofenac,Anti-inflammatory,7.34
2016-07-08,MED-ATC-M01AB,Diclofenac,Anti-inflammatory,1.34
2016-07-09,MED-ATC-M01AB,Diclofenac,Anti-inflammatory,3.33
2016-07-10,MED-ATC-M01AB,Diclofenac,Anti-inflammatory,5.66
2016-07-11,MED-ATC-M01AB,Diclofenac,Anti-inflammatory,6.33
2016-07-12,MED-ATC-M01AB,Diclofenac,Anti-inflammatory,5.67
2016-07-13,MED-ATC-M01AB,Diclofenac,Anti-inflammatory,6.2183
2016-07-14,MED-ATC-M01AB,Diclofenac,Anti-inflammatory,2.34
2016-07-15,MED-ATC-M01AB,Diclofenac,Anti-inflammatory,3.0
2016-07-16,MED-ATC-M01AB,Diclofenac,Anti-inflammatory,9.33
2016-07-17,MED-ATC-M01AB,Diclofenac,Anti-inflammatory,9.01
2016-07-18,MED-ATC-M01AB,Diclofenac,Anti-inflammatory,6.0
2016-07-19,MED-ATC-M01AB,Diclofenac,Anti-inflammatory,7.34
2016-07-20,MED-ATC-M01AB,Diclofenac,Anti-inflammatory,10.33
2016-07-21,MED-ATC-M01AB,Diclofenac,Anti-inflammatory,5.66
2016-07-22,MED-ATC-M01AB,Diclofenac,Anti-inflammatory,3.33
2016-07-23,MED-ATC-M01AB,Diclofenac,Anti-inflammatory,4.66
2016-07-24,MED-ATC-M01AB,Diclofenac,Anti-inflammatory,2.33
2016-07-25,MED-ATC-M01AB,Diclofenac,Anti-inflammatory,13.0
2016-07-26,MED-ATC-M01AB,Diclofenac,Anti-inflammatory,8.32
2016-07-27,MED-ATC-M01AB,Diclofenac,Anti-inflammatory,3.0
2016-07-28,MED-ATC-M01AB,Diclofenac,Anti-inflammatory,9.67
2016-07-29,MED-ATC-M01AB,Diclofenac,Anti-inflammatory,9.99
2016-07-30,MED-ATC-M01AB,Diclofenac,Anti-inflammatory,6.33
2016-07-31,MED-ATC-M01AB,Diclofenac,Anti-inflammatory,6.0
2016-08-01,MED-ATC-M01AB,Diclofenac,Anti-inflammatory,8.33
2016-08-02,MED-ATC-M01AB,Diclofenac,Anti-inflammatory,8.33
2016-08-03,MED-ATC-M01AB,Diclofenac,Anti-inflammatory,8.0
2016-08-04,MED-ATC-M01AB,Diclofenac,Anti-inflammatory,8.0
2016-08-05,MED-ATC-M01AB,Diclofenac,Anti-inflammatory,10.33
2016-08-06,MED-ATC-M01AB,Diclofenac,Anti-inflammatory,3.0
2016-08-07,MED-ATC-M01AB,Diclofenac,Anti-inflammatory,8.0
2016-08-08,MED-ATC-M01AB,Diclofenac,Anti-inflammatory,8.34
2016-08-09,MED-ATC-M01AB,Diclofenac,Anti-inflammatory,6.33
2016-08-10,MED-ATC-M01AB,Diclofenac,Anti-inflammatory,11.34
2016-08-11,MED-ATC-M01AB,Diclofenac,Anti-inflammatory,5.67
2016-08-12,MED-ATC-M01AB,Diclofenac,Anti-inflammatory,8.66
2016-08-13,MED-ATC-M01AB,Diclofenac,Anti-inflammatory,8.0
2016-08-14,MED-ATC-M01AB,Diclofenac,Anti-inflammatory,5.0
2016-08-15,MED-ATC-M01AB,Diclofenac,Anti-inflammatory,5.0
2016-08-16,MED-ATC-M01AB,Diclofenac,Anti-inflammatory,10.0
2016-08-17,MED-ATC-M01AB,Diclofenac,Anti-inflammatory,8.66
2016-08-18,MED-ATC-M01AB,Diclofenac,Anti-inflammatory,6.99
2016-08-19,MED-ATC-M01AB,Diclofenac,Anti-inflammatory,1.0
2016-08-20,MED-ATC-M01AB,Diclofenac,Anti-inflammatory,4.33
2016-08-21,MED-ATC-M01AB,Diclofenac,Anti-inflammatory,8.0
2016-08-22,MED-ATC-M01AB,Diclofenac,Anti-inflammatory,3.34
2016-08-23,MED-ATC-M01AB,Diclofenac,Anti-inflammatory,3.0
2016-08-24,MED-ATC-M01AB,Diclofenac,Anti-inflammatory,9.33
2016-08-25,MED-ATC-M01AB,Diclofenac,Anti-inflammatory,4.33
2016-08-26,MED-ATC-M01AB,Diclofenac,Anti-inflammatory,4.0
2016-08-27,MED-ATC-M01AB,Diclofenac,Anti-inflammatory,8.83
2016-08-28,MED-ATC-M01AB,Diclofenac,Anti-inflammatory,7.33
2016-08-29,MED-ATC-M01AB,Diclofenac,Anti-inflammatory,9.0
2016-08-30,MED-ATC-M01AB,Diclofenac,Anti-inflammatory,4.66
2016-08-31,MED-ATC-M01AB,Diclofenac,Anti-inflammatory,6.0
2016-09-01,MED-ATC-M01AB,Diclofenac,Anti-inflammatory,5.0
2016-09-02,MED-ATC-M01AB,Diclofenac,Anti-inflammatory,9.34
2016-09-03,MED-ATC-M01AB,Diclofenac,Anti-inflammatory,5.33
2016-09-04,MED-ATC-M01AB,Diclofenac,Anti-inflammatory,8.33
2016-09-05,MED-ATC-M01AB,Diclofenac,Anti-inflammatory,3.32
2016-09-06,MED-ATC-M01AB,Diclofenac,Anti-inflammatory,5.0
2016-09-07,MED-ATC-M01AB,Diclofenac,Anti-inflammatory,2.33
2016-09-08,MED-ATC-M01AB,Diclofenac,Anti-inflammatory,6.0
2016-09-09,MED-ATC-M01AB,Diclofenac,Anti-inflammatory,4.99
2016-09-10,MED-ATC-M01AB,Diclofenac,Anti-inflammatory,8.33
2016-09-11,MED-ATC-M01AB,Diclofenac,Anti-inflammatory,2.66
2016-09-12,MED-ATC-M01AB,Diclofenac,Anti-inflammatory,7.0
2016-09-13,MED-ATC-M01AB,Diclofenac,Anti-inflammatory,7.0
2016-09-14,MED-ATC-M01AB,Diclofenac,Anti-inflammatory,6.0
2016-09-15,MED-ATC-M01AB,Diclofenac,Anti-inflammatory,3.0
2016-09-16,MED-ATC-M01AB,Diclofenac,Anti-inflammatory,2.0
2016-09-17,MED-ATC-M01AB,Diclofenac,Anti-inflammatory,6.67
2016-09-18,MED-ATC-M01AB,Diclofenac,Anti-inflammatory,5.99
2016-09-19,MED-ATC-M01AB,Diclofenac,Anti-inflammatory,4.0
2016-09-20,MED-ATC-M01AB,Diclofenac,Anti-inflammatory,4.67
2016-09-21,MED-ATC-M01AB,Diclofenac,Anti-inflammatory,8.34
2016-09-22,MED-ATC-M01AB,Diclofenac,Anti-inflammatory,6.33
2016-09-23,MED-ATC-M01AB,Diclofenac,Anti-inflammatory,2.33
2016-09-24,MED-ATC-M01AB,Diclofenac,Anti-inflammatory,2.0
2016-09-25,MED-ATC-M01AB,Diclofenac,Anti-inflammatory,6.0
2016-09-26,MED-ATC-M01AB,Diclofenac,Anti-inflammatory,5.99
2016-09-27,MED-ATC-M01AB,Diclofenac,Anti-inflammatory,7.0
2016-09-28,MED-ATC-M01AB,Diclofenac,Anti-inflammatory,13.68
2016-09-29,MED-ATC-M01AB,Diclofenac,Anti-inflammatory,7.33
2016-09-30,MED-ATC-M01AB,Diclofenac,Anti-inflammatory,7.0
2016-10-01,MED-ATC-M01AB,Diclofenac,Anti-inflammatory,7.33
2016-10-02,MED-ATC-M01AB,Diclofenac,Anti-inflammatory,17.0
2016-10-03,MED-ATC-M01AB,Diclofenac,Anti-inflammatory,3.33
2016-10-04,MED-ATC-M01AB,Diclofenac,Anti-inflammatory,6.33
2016-10-05,MED-ATC-M01AB,Diclofenac,Anti-inflammatory,4.0
2016-10-06,MED-ATC-M01AB,Diclofenac,Anti-inflammatory,4.33
2016-10-07,MED-ATC-M01AB,Diclofenac,Anti-inflammatory,4.34
2016-10-08,MED-ATC-M01AB,Diclofenac,Anti-inflammatory,7.34
2016-10-09,MED-ATC-M01AB,Diclofenac,Anti-inflammatory,6.68
2016-10-10,MED-ATC-M01AB,Diclofenac,Anti-inflammatory,2.0
2016-10-11,MED-ATC-M01AB,Diclofenac,Anti-inflammatory,7.33
2016-10-12,MED-ATC-M01AB,Diclofenac,Anti-inflammatory,8.33
2016-10-13,MED-ATC-M01AB,Diclofenac,Anti-inflammatory,4.66
2016-10-14,MED-ATC-M01AB,Diclofenac,Anti-inflammatory,7.0
2016-10-15,MED-ATC-M01AB,Diclofenac,Anti-inflammatory,4.0
2016-10-16,MED-ATC-M01AB,Diclofenac,Anti-inflammatory,8.33
2016-10-17,MED-ATC-M01AB,Diclofenac,Anti-inflammatory,2.0
2016-10-18,MED-ATC-M01AB,Diclofenac,Anti-inflammatory,3.0
2016-10-19,MED-ATC-M01AB,Diclofenac,Anti-inflammatory,4.33
2016-10-20,MED-ATC-M01AB,Diclofenac,Anti-inflammatory,1.64
2016-10-21,MED-ATC-M01AB,Diclofenac,Anti-inflammatory,8.66
2016-10-22,MED-ATC-M01AB,Diclofenac,Anti-inflammatory,7.0
2016-10-23,MED-ATC-M01AB,Diclofenac,Anti-inflammatory,12.33
2016-10-24,MED-ATC-M01AB,Diclofenac,Anti-inflammatory,2.66
2016-10-25,MED-ATC-M01AB,Diclofenac,Anti-inflammatory,4.33
2016-10-26,MED-ATC-M01AB,Diclofenac,Anti-inflammatory,2.33
2016-10-27,MED-ATC-M01AB,Diclofenac,Anti-inflammatory,6.5
2016-10-28,MED-ATC-M01AB,Diclofenac,Anti-inflammatory,7.0
2016-10-29,MED-ATC-M01AB,Diclofenac,Anti-inflammatory,15.33
2016-10-30,MED-ATC-M01AB,Diclofenac,Anti-inflammatory,4.66
2016-10-31,MED-ATC-M01AB,Diclofenac,Anti-inflammatory,2.66
2016-11-01,MED-ATC-M01AB,Diclofenac,Anti-inflammatory,2.33
2016-11-02,MED-ATC-M01AB,Diclofenac,Anti-inflammatory,4.0
2016-11-03,MED-ATC-M01AB,Diclofenac,Anti-inflammatory,2.0
2016-11-04,MED-ATC-M01AB,Diclofenac,Anti-inflammatory,8.33
2016-11-05,MED-ATC-M01AB,Diclofenac,Anti-inflammatory,7.6667
2016-11-06,MED-ATC-M01AB,Diclofenac,Anti-inflammatory,8.0
2016-11-07,MED-ATC-M01AB,Diclofenac,Anti-inflammatory,5.0
2016-11-08,MED-ATC-M01AB,Diclofenac,Anti-inflammatory,7.0
2016-11-09,MED-ATC-M01AB,Diclofenac,Anti-inflammatory,2.34
2016-11-10,MED-ATC-M01AB,Diclofenac,Anti-inflammatory,7.33
2016-11-11,MED-ATC-M01AB,Diclofenac,Anti-inflammatory,10.66
2016-11-12,MED-ATC-M01AB,Diclofenac,Anti-inflammatory,8.0
2016-11-13,MED-ATC-M01AB,Diclofenac,Anti-inflammatory,6.0
2016-11-14,MED-ATC-M01AB,Diclofenac,Anti-inflammatory,10.0
2016-11-15,MED-ATC-M01AB,Diclofenac,Anti-inflammatory,5.33
2016-11-16,MED-ATC-M01AB,Diclofenac,Anti-inflammatory,4.0
2016-11-17,MED-ATC-M01AB,Diclofenac,Anti-inflammatory,5.0
2016-11-18,MED-ATC-M01AB,Diclofenac,Anti-inflammatory,1.33
2016-11-19,MED-ATC-M01AB,Diclofenac,Anti-inflammatory,5.0
2016-11-20,MED-ATC-M01AB,Diclofenac,Anti-inflammatory,7.0
2016-11-21,MED-ATC-M01AB,Diclofenac,Anti-inflammatory,1.34
2016-11-22,MED-ATC-M01AB,Diclofenac,Anti-inflammatory,4.01
2016-11-23,MED-ATC-M01AB,Diclofenac,Anti-inflammatory,3.0
2016-11-24,MED-ATC-M01AB,Diclofenac,Anti-inflammatory,8.67
2016-11-25,MED-ATC-M01AB,Diclofenac,Anti-inflammatory,7.34
2016-11-26,MED-ATC-M01AB,Diclofenac,Anti-inflammatory,3.33
2016-11-27,MED-ATC-M01AB,Diclofenac,Anti-inflammatory,9.33
2016-11-28,MED-ATC-M01AB,Diclofenac,Anti-inflammatory,4.5
2016-11-29,MED-ATC-M01AB,Diclofenac,Anti-inflammatory,5.68
2016-11-30,MED-ATC-M01AB,Diclofenac,Anti-inflammatory,3.33
2016-12-01,MED-ATC-M01AB,Diclofenac,Anti-inflammatory,4.5
2016-12-02,MED-ATC-M01AB,Diclofenac,Anti-inflammatory,6.0
2016-12-03,MED-ATC-M01AB,Diclofenac,Anti-inflammatory,3.17
2016-12-04,MED-ATC-M01AB,Diclofenac,Anti-inflammatory,7.0
2016-12-05,MED-ATC-M01AB,Diclofenac,Anti-inflammatory,9.5
2016-12-06,MED-ATC-M01AB,Diclofenac,Anti-inflammatory,6.0
2016-12-07,MED-ATC-M01AB,Diclofenac,Anti-inflammatory,4.34
2016-12-08,MED-ATC-M01AB,Diclofenac,Anti-inflammatory,5.67
2016-12-09,MED-ATC-M01AB,Diclofenac,Anti-inflammatory,5.66
2016-12-10,MED-ATC-M01AB,Diclofenac,Anti-inflammatory,7.34
2016-12-11,MED-ATC-M01AB,Diclofenac,Anti-inflammatory,3.34
2016-12-12,MED-ATC-M01AB,Diclofenac,Anti-inflammatory,3.66
2016-12-13,MED-ATC-M01AB,Diclofenac,Anti-inflammatory,1.0
2016-12-14,MED-ATC-M01AB,Diclofenac,Anti-inflammatory,5.83
2016-12-15,MED-ATC-M01AB,Diclofenac,Anti-inflammatory,9.66
2016-12-16,MED-ATC-M01AB,Diclofenac,Anti-inflammatory,7.33
2016-12-17,MED-ATC-M01AB,Diclofenac,Anti-inflammatory,5.99
2016-12-18,MED-ATC-M01AB,Diclofenac,Anti-inflammatory,1.67
2016-12-19,MED-ATC-M01AB,Diclofenac,Anti-inflammatory,0.0
2016-12-20,MED-ATC-M01AB,Diclofenac,Anti-inflammatory,6.33
2016-12-21,MED-ATC-M01AB,Diclofenac,Anti-inflammatory,1.34
2016-12-22,MED-ATC-M01AB,Diclofenac,Anti-inflammatory,4.34
2016-12-23,MED-ATC-M01AB,Diclofenac,Anti-inflammatory,5.33
2016-12-24,MED-ATC-M01AB,Diclofenac,Anti-inflammatory,6.33
2016-12-25,MED-ATC-M01AB,Diclofenac,Anti-inflammatory,2.33
2016-12-26,MED-ATC-M01AB,Diclofenac,Anti-inflammatory,10.33
2016-12-27,MED-ATC-M01AB,Diclofenac,Anti-inflammatory,6.0
2016-12-28,MED-ATC-M01AB,Diclofenac,Anti-inflammatory,4.34
2016-12-29,MED-ATC-M01AB,Diclofenac,Anti-inflammatory,11.0
2016-12-30,MED-ATC-M01AB,Diclofenac,Anti-inflammatory,5.66
2016-12-31,MED-ATC-M01AB,Diclofenac,Anti-inflammatory,8.33
2017-01-01,MED-ATC-M01AB,Diclofenac,Anti-inflammatory,3.5438
2017-01-02,MED-ATC-M01AB,Diclofenac,Anti-inflammatory,0.2125
2017-01-03,MED-ATC-M01AB,Diclofenac,Anti-inflammatory,6.25
2017-01-04,MED-ATC-M01AB,Diclofenac,Anti-inflammatory,6.8042
2017-01-05,MED-ATC-M01AB,Diclofenac,Anti-inflammatory,7.5042
2017-01-06,MED-ATC-M01AB,Diclofenac,Anti-inflammatory,4.5833
2017-01-07,MED-ATC-M01AB,Diclofenac,Anti-inflammatory,2.9167
2017-01-08,MED-ATC-M01AB,Diclofenac,Anti-inflammatory,5.4167
2017-01-09,MED-ATC-M01AB,Diclofenac,Anti-inflammatory,3.8875
2017-01-10,MED-ATC-M01AB,Diclofenac,Anti-inflammatory,6.3875
2017-01-11,MED-ATC-M01AB,Diclofenac,Anti-inflammatory,9.3083
2017-01-12,MED-ATC-M01AB,Diclofenac,Anti-inflammatory,8.3333
2017-01-13,MED-ATC-M01AB,Diclofenac,Anti-inflammatory,6.8042
2017-01-14,MED-ATC-M01AB,Diclofenac,Anti-inflammatory,5.975
2017-01-15,MED-ATC-M01AB,Diclofenac,Anti-inflammatory,8.05
2017-01-16,MED-ATC-M01AB,Diclofenac,Anti-inflammatory,6.6708
2017-01-17,MED-ATC-M01AB,Diclofenac,Anti-inflammatory,7.225
2017-01-18,MED-ATC-M01AB,Diclofenac,Anti-inflammatory,6.7417
2017-01-19,MED-ATC-M01AB,Diclofenac,Anti-inflammatory,5.0
2017-01-20,MED-ATC-M01AB,Diclofenac,Anti-inflammatory,3.6083
2017-01-21,MED-ATC-M01AB,Diclofenac,Anti-inflammatory,5.6958
2017-01-22,MED-ATC-M01AB,Diclofenac,Anti-inflammatory,4.5125
2017-01-23,MED-ATC-M01AB,Diclofenac,Anti-inflammatory,5.1375
2017-01-24,MED-ATC-M01AB,Diclofenac,Anti-inflammatory,6.1125
2017-01-25,MED-ATC-M01AB,Diclofenac,Anti-inflammatory,7.7792
2017-01-26,MED-ATC-M01AB,Diclofenac,Anti-inflammatory,5.9792
2017-01-27,MED-ATC-M01AB,Diclofenac,Anti-inflammatory,7.85
2017-01-28,MED-ATC-M01AB,Diclofenac,Anti-inflammatory,5.9708
2017-01-29,MED-ATC-M01AB,Diclofenac,Anti-inflammatory,5.1417
2017-01-30,MED-ATC-M01AB,Diclofenac,Anti-inflammatory,8.0583
2017-01-31,MED-ATC-M01AB,Diclofenac,Anti-inflammatory,4.4417
2017-02-01,MED-ATC-M01AB,Diclofenac,Anti-inflammatory,7.375
2017-02-02,MED-ATC-M01AB,Diclofenac,Anti-inflammatory,8.1958
2017-02-03,MED-ATC-M01AB,Diclofenac,Anti-inflammatory,7.6375
2017-02-04,MED-ATC-M01AB,Diclofenac,Anti-inflammatory,7.7792
2017-02-05,MED-ATC-M01AB,Diclofenac,Anti-inflammatory,10.67
2017-02-06,MED-ATC-M01AB,Diclofenac,Anti-inflammatory,10.0
2017-02-07,MED-ATC-M01AB,Diclofenac,Anti-inflammatory,3.0
2017-02-08,MED-ATC-M01AB,Diclofenac,Anti-inflammatory,11.0
2017-02-09,MED-ATC-M01AB,Diclofenac,Anti-inflammatory,3.9825
2017-02-10,MED-ATC-M01AB,Diclofenac,Anti-inflammatory,4.01
2017-02-11,MED-ATC-M01AB,Diclofenac,Anti-inflammatory,5.33
2017-02-12,MED-ATC-M01AB,Diclofenac,Anti-inflammatory,10.0
2017-02-13,MED-ATC-M01AB,Diclofenac,Anti-inflammatory,0.0
2017-02-14,MED-ATC-M01AB,Diclofenac,Anti-inflammatory,4.33
2017-02-15,MED-ATC-M01AB,Diclofenac,Anti-inflammatory,6.0
2017-02-16,MED-ATC-M01AB,Diclofenac,Anti-inflammatory,3.66
2017-02-17,MED-ATC-M01AB,Diclofenac,Anti-inflammatory,3.0
2017-02-18,MED-ATC-M01AB,Diclofenac,Anti-inflammatory,7.0
2017-02-19,MED-ATC-M01AB,Diclofenac,Anti-inflammatory,3.34
2017-02-20,MED-ATC-M01AB,Diclofenac,Anti-inflammatory,5.0
2017-02-21,MED-ATC-M01AB,Diclofenac,Anti-inflammatory,5.0
2017-02-22,MED-ATC-M01AB,Diclofenac,Anti-inflammatory,3.67
2017-02-23,MED-ATC-M01AB,Diclofenac,Anti-inflammatory,6.67
2017-02-24,MED-ATC-M01AB,Diclofenac,Anti-inflammatory,1.0
2017-02-25,MED-ATC-M01AB,Diclofenac,Anti-inflammatory,6.0
2017-02-26,MED-ATC-M01AB,Diclofenac,Anti-inflammatory,5.33
2017-02-27,MED-ATC-M01AB,Diclofenac,Anti-inflammatory,5.67
2017-02-28,MED-ATC-M01AB,Diclofenac,Anti-inflammatory,5.34
2017-03-01,MED-ATC-M01AB,Diclofenac,Anti-inflammatory,4.0
2017-03-02,MED-ATC-M01AB,Diclofenac,Anti-inflammatory,5.0
2017-03-03,MED-ATC-M01AB,Diclofenac,Anti-inflammatory,9.0
2017-03-04,MED-ATC-M01AB,Diclofenac,Anti-inflammatory,5.01
2017-03-05,MED-ATC-M01AB,Diclofenac,Anti-inflammatory,12.33
2017-03-06,MED-ATC-M01AB,Diclofenac,Anti-inflammatory,6.83
2017-03-07,MED-ATC-M01AB,Diclofenac,Anti-inflammatory,2.34
2017-03-08,MED-ATC-M01AB,Diclofenac,Anti-inflammatory,1.0
2017-03-09,MED-ATC-M01AB,Diclofenac,Anti-inflammatory,11.33
2017-03-10,MED-ATC-M01AB,Diclofenac,Anti-inflammatory,2.0
2017-03-11,MED-ATC-M01AB,Diclofenac,Anti-inflammatory,6.33
2017-03-12,MED-ATC-M01AB,Diclofenac,Anti-inflammatory,7.68
2017-03-13,MED-ATC-M01AB,Diclofenac,Anti-inflammatory,2.33
2017-03-14,MED-ATC-M01AB,Diclofenac,Anti-inflammatory,2.67
2017-03-15,MED-ATC-M01AB,Diclofenac,Anti-inflammatory,3.66
2017-03-16,MED-ATC-M01AB,Diclofenac,Anti-inflammatory,6.0
2017-03-17,MED-ATC-M01AB,Diclofenac,Anti-inflammatory,4.33
2017-03-18,MED-ATC-M01AB,Diclofenac,Anti-inflammatory,5.0
2017-03-19,MED-ATC-M01AB,Diclofenac,Anti-inflammatory,10.0
2017-03-20,MED-ATC-M01AB,Diclofenac,Anti-inflammatory,1.66
2017-03-21,MED-ATC-M01AB,Diclofenac,Anti-inflammatory,9.16
2017-03-22,MED-ATC-M01AB,Diclofenac,Anti-inflammatory,1.66
2017-03-23,MED-ATC-M01AB,Diclofenac,Anti-inflammatory,7.34
2017-03-24,MED-ATC-M01AB,Diclofenac,Anti-inflammatory,1.67
2017-03-25,MED-ATC-M01AB,Diclofenac,Anti-inflammatory,10.0
2017-03-26,MED-ATC-M01AB,Diclofenac,Anti-inflammatory,5.34
2017-03-27,MED-ATC-M01AB,Diclofenac,Anti-inflammatory,4.84
2017-03-28,MED-ATC-M01AB,Diclofenac,Anti-inflammatory,2.67
2017-03-29,MED-ATC-M01AB,Diclofenac,Anti-inflammatory,6.34
2017-03-30,MED-ATC-M01AB,Diclofenac,Anti-inflammatory,1.33
2017-03-31,MED-ATC-M01AB,Diclofenac,Anti-inflammatory,4.0
2017-04-01,MED-ATC-M01AB,Diclofenac,Anti-inflammatory,2.33
2017-04-02,MED-ATC-M01AB,Diclofenac,Anti-inflammatory,6.67
2017-04-03,MED-ATC-M01AB,Diclofenac,Anti-inflammatory,6.33
2017-04-04,MED-ATC-M01AB,Diclofenac,Anti-inflammatory,0.33
2017-04-05,MED-ATC-M01AB,Diclofenac,Anti-inflammatory,5.0
2017-04-06,MED-ATC-M01AB,Diclofenac,Anti-inflammatory,5.0
2017-04-07,MED-ATC-M01AB,Diclofenac,Anti-inflammatory,3.5
2017-04-08,MED-ATC-M01AB,Diclofenac,Anti-inflammatory,7.51
2017-04-09,MED-ATC-M01AB,Diclofenac,Anti-inflammatory,4.99
2017-04-10,MED-ATC-M01AB,Diclofenac,Anti-inflammatory,8.66
2017-04-11,MED-ATC-M01AB,Diclofenac,Anti-inflammatory,4.0
2017-04-12,MED-ATC-M01AB,Diclofenac,Anti-inflammatory,11.99
2017-04-13,MED-ATC-M01AB,Diclofenac,Anti-inflammatory,5.0
2017-04-14,MED-ATC-M01AB,Diclofenac,Anti-inflammatory,7.34
2017-04-15,MED-ATC-M01AB,Diclofenac,Anti-inflammatory,11.67
2017-04-16,MED-ATC-M01AB,Diclofenac,Anti-inflammatory,0.0
2017-04-17,MED-ATC-M01AB,Diclofenac,Anti-inflammatory,4.0
2017-04-18,MED-ATC-M01AB,Diclofenac,Anti-inflammatory,7.33
2017-04-19,MED-ATC-M01AB,Diclofenac,Anti-inflammatory,1.0
2017-04-20,MED-ATC-M01AB,Diclofenac,Anti-inflammatory,4.66
2017-04-21,MED-ATC-M01AB,Diclofenac,Anti-inflammatory,3.67
2017-04-22,MED-ATC-M01AB,Diclofenac,Anti-inflammatory,2.64
2017-04-23,MED-ATC-M01AB,Diclofenac,Anti-inflammatory,9.0
2017-04-24,MED-ATC-M01AB,Diclofenac,Anti-inflammatory,9.33
2017-04-25,MED-ATC-M01AB,Diclofenac,Anti-inflammatory,8.0
2017-04-26,MED-ATC-M01AB,Diclofenac,Anti-inflammatory,3.0
2017-04-27,MED-ATC-M01AB,Diclofenac,Anti-inflammatory,3.33
2017-04-28,MED-ATC-M01AB,Diclofenac,Anti-inflammatory,3.33
2017-04-29,MED-ATC-M01AB,Diclofenac,Anti-inflammatory,5.0
2017-04-30,MED-ATC-M01AB,Diclofenac,Anti-inflammatory,1.0
2017-05-01,MED-ATC-M01AB,Diclofenac,Anti-inflammatory,0.34
2017-05-02,MED-ATC-M01AB,Diclofenac,Anti-inflammatory,2.0
2017-05-03,MED-ATC-M01AB,Diclofenac,Anti-inflammatory,1.33
2017-05-04,MED-ATC-M01AB,Diclofenac,Anti-inflammatory,5.67
2017-05-05,MED-ATC-M01AB,Diclofenac,Anti-inflammatory,2.34
2017-05-06,MED-ATC-M01AB,Diclofenac,Anti-inflammatory,7.33
2017-05-07,MED-ATC-M01AB,Diclofenac,Anti-inflammatory,6.33
2017-05-08,MED-ATC-M01AB,Diclofenac,Anti-inflammatory,2.33
2017-05-09,MED-ATC-M01AB,Diclofenac,Anti-inflammatory,7.33
2017-05-10,MED-ATC-M01AB,Diclofenac,Anti-inflammatory,8.66
2017-05-11,MED-ATC-M01AB,Diclofenac,Anti-inflammatory,6.0
2017-05-12,MED-ATC-M01AB,Diclofenac,Anti-inflammatory,4.99
2017-05-13,MED-ATC-M01AB,Diclofenac,Anti-inflammatory,5.0
2017-05-14,MED-ATC-M01AB,Diclofenac,Anti-inflammatory,4.67
2017-05-15,MED-ATC-M01AB,Diclofenac,Anti-inflammatory,5.34
2017-05-16,MED-ATC-M01AB,Diclofenac,Anti-inflammatory,2.33
2017-05-17,MED-ATC-M01AB,Diclofenac,Anti-inflammatory,6.34
2017-05-18,MED-ATC-M01AB,Diclofenac,Anti-inflammatory,3.33
2017-05-19,MED-ATC-M01AB,Diclofenac,Anti-inflammatory,4.34
2017-05-20,MED-ATC-M01AB,Diclofenac,Anti-inflammatory,3.99
2017-05-21,MED-ATC-M01AB,Diclofenac,Anti-inflammatory,6.0
2017-05-22,MED-ATC-M01AB,Diclofenac,Anti-inflammatory,5.33
2017-05-23,MED-ATC-M01AB,Diclofenac,Anti-inflammatory,3.0
2017-05-24,MED-ATC-M01AB,Diclofenac,Anti-inflammatory,6.68
2017-05-25,MED-ATC-M01AB,Diclofenac,Anti-inflammatory,5.66
2017-05-26,MED-ATC-M01AB,Diclofenac,Anti-inflammatory,2.34
2017-05-27,MED-ATC-M01AB,Diclofenac,Anti-inflammatory,7.33
2017-05-28,MED-ATC-M01AB,Diclofenac,Anti-inflammatory,1.99
2017-05-29,MED-ATC-M01AB,Diclofenac,Anti-inflammatory,3.34
2017-05-30,MED-ATC-M01AB,Diclofenac,Anti-inflammatory,8.0
2017-05-31,MED-ATC-M01AB,Diclofenac,Anti-inflammatory,4.0
2017-06-01,MED-ATC-M01AB,Diclofenac,Anti-inflammatory,1.34
2017-06-02,MED-ATC-M01AB,Diclofenac,Anti-inflammatory,2.33
2017-06-03,MED-ATC-M01AB,Diclofenac,Anti-inflammatory,5.0
2017-06-04,MED-ATC-M01AB,Diclofenac,Anti-inflammatory,7.0
2017-06-05,MED-ATC-M01AB,Diclofenac,Anti-inflammatory,3.33
2017-06-06,MED-ATC-M01AB,Diclofenac,Anti-inflammatory,1.0
2017-06-07,MED-ATC-M01AB,Diclofenac,Anti-inflammatory,5.33
2017-06-08,MED-ATC-M01AB,Diclofenac,Anti-inflammatory,5.0
2017-06-09,MED-ATC-M01AB,Diclofenac,Anti-inflammatory,1.33
2017-06-10,MED-ATC-M01AB,Diclofenac,Anti-inflammatory,9.0
2017-06-11,MED-ATC-M01AB,Diclofenac,Anti-inflammatory,5.5
2017-06-12,MED-ATC-M01AB,Diclofenac,Anti-inflammatory,4.34
2017-06-13,MED-ATC-M01AB,Diclofenac,Anti-inflammatory,2.99
2017-06-14,MED-ATC-M01AB,Diclofenac,Anti-inflammatory,1.33
2017-06-15,MED-ATC-M01AB,Diclofenac,Anti-inflammatory,3.0
2017-06-16,MED-ATC-M01AB,Diclofenac,Anti-inflammatory,4.0
2017-06-17,MED-ATC-M01AB,Diclofenac,Anti-inflammatory,2.0
2017-06-18,MED-ATC-M01AB,Diclofenac,Anti-inflammatory,4.0
2017-06-19,MED-ATC-M01AB,Diclofenac,Anti-inflammatory,1.33
2017-06-20,MED-ATC-M01AB,Diclofenac,Anti-inflammatory,9.33
2017-06-21,MED-ATC-M01AB,Diclofenac,Anti-inflammatory,4.0
2017-06-22,MED-ATC-M01AB,Diclofenac,Anti-inflammatory,1.0
2017-06-23,MED-ATC-M01AB,Diclofenac,Anti-inflammatory,1.0
2017-06-24,MED-ATC-M01AB,Diclofenac,Anti-inflammatory,5.0
2017-06-25,MED-ATC-M01AB,Diclofenac,Anti-inflammatory,6.5
2017-06-26,MED-ATC-M01AB,Diclofenac,Anti-inflammatory,7.68
2017-06-27,MED-ATC-M01AB,Diclofenac,Anti-inflammatory,4.0
2017-06-28,MED-ATC-M01AB,Diclofenac,Anti-inflammatory,4.0
2017-06-29,MED-ATC-M01AB,Diclofenac,Anti-inflammatory,4.0
2017-06-30,MED-ATC-M01AB,Diclofenac,Anti-inflammatory,6.67
2017-07-01,MED-ATC-M01AB,Diclofenac,Anti-inflammatory,3.33
2017-07-02,MED-ATC-M01AB,Diclofenac,Anti-inflammatory,5.0
2017-07-03,MED-ATC-M01AB,Diclofenac,Anti-inflammatory,3.67
2017-07-04,MED-ATC-M01AB,Diclofenac,Anti-inflammatory,10.67
2017-07-05,MED-ATC-M01AB,Diclofenac,Anti-inflammatory,4.5
2017-07-06,MED-ATC-M01AB,Diclofenac,Anti-inflammatory,4.33
2017-07-07,MED-ATC-M01AB,Diclofenac,Anti-inflammatory,5.0
2017-07-08,MED-ATC-M01AB,Diclofenac,Anti-inflammatory,4.99
2017-07-09,MED-ATC-M01AB,Diclofenac,Anti-inflammatory,2.33
2017-07-10,MED-ATC-M01AB,Diclofenac,Anti-inflammatory,2.0
2017-07-11,MED-ATC-M01AB,Diclofenac,Anti-inflammatory,3.34
2017-07-12,MED-ATC-M01AB,Diclofenac,Anti-inflammatory,2.0
2017-07-13,MED-ATC-M01AB,Diclofenac,Anti-inflammatory,3.33
2017-07-14,MED-ATC-M01AB,Diclofenac,Anti-inflammatory,2.33
2017-07-15,MED-ATC-M01AB,Diclofenac,Anti-inflammatory,3.33
2017-07-16,MED-ATC-M01AB,Diclofenac,Anti-inflammatory,11.34
2017-07-17,MED-ATC-M01AB,Diclofenac,Anti-inflammatory,9.0
2017-07-18,MED-ATC-M01AB,Diclofenac,Anti-inflammatory,9.67
2017-07-19,MED-ATC-M01AB,Diclofenac,Anti-inflammatory,6.33
2017-07-20,MED-ATC-M01AB,Diclofenac,Anti-inflammatory,5.0
2017-07-21,MED-ATC-M01AB,Diclofenac,Anti-inflammatory,2.33
2017-07-22,MED-ATC-M01AB,Diclofenac,Anti-inflammatory,3.0
2017-07-23,MED-ATC-M01AB,Diclofenac,Anti-inflammatory,6.5
2017-07-24,MED-ATC-M01AB,Diclofenac,Anti-inflammatory,3.84
2017-07-25,MED-ATC-M01AB,Diclofenac,Anti-inflammatory,6.34
2017-07-26,MED-ATC-M01AB,Diclofenac,Anti-inflammatory,3.33
2017-07-27,MED-ATC-M01AB,Diclofenac,Anti-inflammatory,5.0
2017-07-28,MED-ATC-M01AB,Diclofenac,Anti-inflammatory,4.0
2017-07-29,MED-ATC-M01AB,Diclofenac,Anti-inflammatory,3.0
2017-07-30,MED-ATC-M01AB,Diclofenac,Anti-inflammatory,4.125
2017-07-31,MED-ATC-M01AB,Diclofenac,Anti-inflammatory,7.34
2017-08-01,MED-ATC-M01AB,Diclofenac,Anti-inflammatory,7.33
2017-08-02,MED-ATC-M01AB,Diclofenac,Anti-inflammatory,6.0
2017-08-03,MED-ATC-M01AB,Diclofenac,Anti-inflammatory,6.33
2017-08-04,MED-ATC-M01AB,Diclofenac,Anti-inflammatory,8.0
2017-08-05,MED-ATC-M01AB,Diclofenac,Anti-inflammatory,4.66
2017-08-06,MED-ATC-M01AB,Diclofenac,Anti-inflammatory,2.0
2017-08-07,MED-ATC-M01AB,Diclofenac,Anti-inflammatory,1.0
2017-08-08,MED-ATC-M01AB,Diclofenac,Anti-inflammatory,6.0
2017-08-09,MED-ATC-M01AB,Diclofenac,Anti-inflammatory,2.33
2017-08-10,MED-ATC-M01AB,Diclofenac,Anti-inflammatory,0.0
2017-08-11,MED-ATC-M01AB,Diclofenac,Anti-inflammatory,4.33
2017-08-12,MED-ATC-M01AB,Diclofenac,Anti-inflammatory,2.69
2017-08-13,MED-ATC-M01AB,Diclofenac,Anti-inflammatory,3.66
2017-08-14,MED-ATC-M01AB,Diclofenac,Anti-inflammatory,11.34
2017-08-15,MED-ATC-M01AB,Diclofenac,Anti-inflammatory,2.33
2017-08-16,MED-ATC-M01AB,Diclofenac,Anti-inflammatory,5.33
2017-08-17,MED-ATC-M01AB,Diclofenac,Anti-inflammatory,5.16
2017-08-18,MED-ATC-M01AB,Diclofenac,Anti-inflammatory,2.33
2017-08-19,MED-ATC-M01AB,Diclofenac,Anti-inflammatory,5.0
2017-08-20,MED-ATC-M01AB,Diclofenac,Anti-inflammatory,4.33
2017-08-21,MED-ATC-M01AB,Diclofenac,Anti-inflammatory,9.33
2017-08-22,MED-ATC-M01AB,Diclofenac,Anti-inflammatory,6.0
2017-08-23,MED-ATC-M01AB,Diclofenac,Anti-inflammatory,3.33
2017-08-24,MED-ATC-M01AB,Diclofenac,Anti-inflammatory,8.0
2017-08-25,MED-ATC-M01AB,Diclofenac,Anti-inflammatory,6.0
2017-08-26,MED-ATC-M01AB,Diclofenac,Anti-inflammatory,4.99
2017-08-27,MED-ATC-M01AB,Diclofenac,Anti-inflammatory,3.0
2017-08-28,MED-ATC-M01AB,Diclofenac,Anti-inflammatory,8.0
2017-08-29,MED-ATC-M01AB,Diclofenac,Anti-inflammatory,7.0
2017-08-30,MED-ATC-M01AB,Diclofenac,Anti-inflammatory,7.67
2017-08-31,MED-ATC-M01AB,Diclofenac,Anti-inflammatory,16.68
2017-09-01,MED-ATC-M01AB,Diclofenac,Anti-inflammatory,3.34
2017-09-02,MED-ATC-M01AB,Diclofenac,Anti-inflammatory,6.34
2017-09-03,MED-ATC-M01AB,Diclofenac,Anti-inflammatory,6.83
2017-09-04,MED-ATC-M01AB,Diclofenac,Anti-inflammatory,6.5
2017-09-05,MED-ATC-M01AB,Diclofenac,Anti-inflammatory,6.17
2017-09-06,MED-ATC-M01AB,Diclofenac,Anti-inflammatory,4.33
2017-09-07,MED-ATC-M01AB,Diclofenac,Anti-inflammatory,3.0
2017-09-08,MED-ATC-M01AB,Diclofenac,Anti-inflammatory,8.83
2017-09-09,MED-ATC-M01AB,Diclofenac,Anti-inflammatory,6.0
2017-09-10,MED-ATC-M01AB,Diclofenac,Anti-inflammatory,3.34
2017-09-11,MED-ATC-M01AB,Diclofenac,Anti-inflammatory,2.0
2017-09-12,MED-ATC-M01AB,Diclofenac,Anti-inflammatory,1.0
2017-09-13,MED-ATC-M01AB,Diclofenac,Anti-inflammatory,4.0
2017-09-14,MED-ATC-M01AB,Diclofenac,Anti-inflammatory,5.0
2017-09-15,MED-ATC-M01AB,Diclofenac,Anti-inflammatory,3.0
2017-09-16,MED-ATC-M01AB,Diclofenac,Anti-inflammatory,7.0
2017-09-17,MED-ATC-M01AB,Diclofenac,Anti-inflammatory,5.0
2017-09-18,MED-ATC-M01AB,Diclofenac,Anti-inflammatory,9.0
2017-09-19,MED-ATC-M01AB,Diclofenac,Anti-inflammatory,3.33
2017-09-20,MED-ATC-M01AB,Diclofenac,Anti-inflammatory,2.0
2017-09-21,MED-ATC-M01AB,Diclofenac,Anti-inflammatory,7.34
2017-09-22,MED-ATC-M01AB,Diclofenac,Anti-inflammatory,4.66
2017-09-23,MED-ATC-M01AB,Diclofenac,Anti-inflammatory,9.99
2017-09-24,MED-ATC-M01AB,Diclofenac,Anti-inflammatory,3.66
2017-09-25,MED-ATC-M01AB,Diclofenac,Anti-inflammatory,1.0
2017-09-26,MED-ATC-M01AB,Diclofenac,Anti-inflammatory,2.0
2017-09-27,MED-ATC-M01AB,Diclofenac,Anti-inflammatory,4.0
2017-09-28,MED-ATC-M01AB,Diclofenac,Anti-inflammatory,3.34
2017-09-29,MED-ATC-M01AB,Diclofenac,Anti-inflammatory,1.0
2017-09-30,MED-ATC-M01AB,Diclofenac,Anti-inflammatory,5.33
2017-10-01,MED-ATC-M01AB,Diclofenac,Anti-inflammatory,4.0
2017-10-02,MED-ATC-M01AB,Diclofenac,Anti-inflammatory,8.33
2017-10-03,MED-ATC-M01AB,Diclofenac,Anti-inflammatory,0.34
2017-10-04,MED-ATC-M01AB,Diclofenac,Anti-inflammatory,2.0
2017-10-05,MED-ATC-M01AB,Diclofenac,Anti-inflammatory,5.33
2017-10-06,MED-ATC-M01AB,Diclofenac,Anti-inflammatory,3.99
2017-10-07,MED-ATC-M01AB,Diclofenac,Anti-inflammatory,4.0
2017-10-08,MED-ATC-M01AB,Diclofenac,Anti-inflammatory,8.67
2017-10-09,MED-ATC-M01AB,Diclofenac,Anti-inflammatory,0.0
2017-10-10,MED-ATC-M01AB,Diclofenac,Anti-inflammatory,10.0
2017-10-11,MED-ATC-M01AB,Diclofenac,Anti-inflammatory,3.5
2017-10-12,MED-ATC-M01AB,Diclofenac,Anti-inflammatory,4.0
2017-10-13,MED-ATC-M01AB,Diclofenac,Anti-inflammatory,5.33
2017-10-14,MED-ATC-M01AB,Diclofenac,Anti-inflammatory,4.84
2017-10-15,MED-ATC-M01AB,Diclofenac,Anti-inflammatory,6.0
2017-10-16,MED-ATC-M01AB,Diclofenac,Anti-inflammatory,2.33
2017-10-17,MED-ATC-M01AB,Diclofenac,Anti-inflammatory,3.34
2017-10-18,MED-ATC-M01AB,Diclofenac,Anti-inflammatory,5.34
2017-10-19,MED-ATC-M01AB,Diclofenac,Anti-inflammatory,4.33
2017-10-20,MED-ATC-M01AB,Diclofenac,Anti-inflammatory,2.83
2017-10-21,MED-ATC-M01AB,Diclofenac,Anti-inflammatory,3.33
2017-10-22,MED-ATC-M01AB,Diclofenac,Anti-inflammatory,8.0
2017-10-23,MED-ATC-M01AB,Diclofenac,Anti-inflammatory,3.33
2017-10-24,MED-ATC-M01AB,Diclofenac,Anti-inflammatory,2.0
2017-10-25,MED-ATC-M01AB,Diclofenac,Anti-inflammatory,6.34
2017-10-26,MED-ATC-M01AB,Diclofenac,Anti-inflammatory,1.33
2017-10-27,MED-ATC-M01AB,Diclofenac,Anti-inflammatory,6.32
2017-10-28,MED-ATC-M01AB,Diclofenac,Anti-inflammatory,5.0
2017-10-29,MED-ATC-M01AB,Diclofenac,Anti-inflammatory,7.66
2017-10-30,MED-ATC-M01AB,Diclofenac,Anti-inflammatory,1.5
2017-10-31,MED-ATC-M01AB,Diclofenac,Anti-inflammatory,4.33
2017-11-01,MED-ATC-M01AB,Diclofenac,Anti-inflammatory,0.67
2017-11-02,MED-ATC-M01AB,Diclofenac,Anti-inflammatory,4.0
2017-11-03,MED-ATC-M01AB,Diclofenac,Anti-inflammatory,2.33
2017-11-04,MED-ATC-M01AB,Diclofenac,Anti-inflammatory,10.34
2017-11-05,MED-ATC-M01AB,Diclofenac,Anti-inflammatory,6.33
2017-11-06,MED-ATC-M01AB,Diclofenac,Anti-inflammatory,8.34
2017-11-07,MED-ATC-M01AB,Diclofenac,Anti-inflammatory,0.67
2017-11-08,MED-ATC-M01AB,Diclofenac,Anti-inflammatory,6.0
2017-11-09,MED-ATC-M01AB,Diclofenac,Anti-inflammatory,2.67
2017-11-10,MED-ATC-M01AB,Diclofenac,Anti-inflammatory,9.34
2017-11-11,MED-ATC-M01AB,Diclofenac,Anti-inflammatory,8.5
2017-11-12,MED-ATC-M01AB,Diclofenac,Anti-inflammatory,5.0
2017-11-13,MED-ATC-M01AB,Diclofenac,Anti-inflammatory,9.33
2017-11-14,MED-ATC-M01AB,Diclofenac,Anti-inflammatory,3.0
2017-11-15,MED-ATC-M01AB,Diclofenac,Anti-inflammatory,5.33
2017-11-16,MED-ATC-M01AB,Diclofenac,Anti-inflammatory,5.33
2017-11-17,MED-ATC-M01AB,Diclofenac,Anti-inflammatory,3.0
2017-11-18,MED-ATC-M01AB,Diclofenac,Anti-inflammatory,5.33
2017-11-19,MED-ATC-M01AB,Diclofenac,Anti-inflammatory,4.0
2017-11-20,MED-ATC-M01AB,Diclofenac,Anti-inflammatory,2.34
2017-11-21,MED-ATC-M01AB,Diclofenac,Anti-inflammatory,13.33
2017-11-22,MED-ATC-M01AB,Diclofenac,Anti-inflammatory,2.0
2017-11-23,MED-ATC-M01AB,Diclofenac,Anti-inflammatory,9.33
2017-11-24,MED-ATC-M01AB,Diclofenac,Anti-inflammatory,8.0
2017-11-25,MED-ATC-M01AB,Diclofenac,Anti-inflammatory,5.33
2017-11-26,MED-ATC-M01AB,Diclofenac,Anti-inflammatory,5.66
2017-11-27,MED-ATC-M01AB,Diclofenac,Anti-inflammatory,1.34
2017-11-28,MED-ATC-M01AB,Diclofenac,Anti-inflammatory,5.0
2017-11-29,MED-ATC-M01AB,Diclofenac,Anti-inflammatory,6.34
2017-11-30,MED-ATC-M01AB,Diclofenac,Anti-inflammatory,5.67
2017-12-01,MED-ATC-M01AB,Diclofenac,Anti-inflammatory,10.33
2017-12-02,MED-ATC-M01AB,Diclofenac,Anti-inflammatory,4.33
2017-12-03,MED-ATC-M01AB,Diclofenac,Anti-inflammatory,5.33
2017-12-04,MED-ATC-M01AB,Diclofenac,Anti-inflammatory,1.0
2017-12-05,MED-ATC-M01AB,Diclofenac,Anti-inflammatory,3.68
2017-12-06,MED-ATC-M01AB,Diclofenac,Anti-inflammatory,4.0
2017-12-07,MED-ATC-M01AB,Diclofenac,Anti-inflammatory,3.0
2017-12-08,MED-ATC-M01AB,Diclofenac,Anti-inflammatory,5.33
2017-12-09,MED-ATC-M01AB,Diclofenac,Anti-inflammatory,5.0
2017-12-10,MED-ATC-M01AB,Diclofenac,Anti-inflammatory,5.0
2017-12-11,MED-ATC-M01AB,Diclofenac,Anti-inflammatory,8.0
2017-12-12,MED-ATC-M01AB,Diclofenac,Anti-inflammatory,1.33
2017-12-13,MED-ATC-M01AB,Diclofenac,Anti-inflammatory,4.0
2017-12-14,MED-ATC-M01AB,Diclofenac,Anti-inflammatory,3.0
2017-12-15,MED-ATC-M01AB,Diclofenac,Anti-inflammatory,4.18
2017-12-16,MED-ATC-M01AB,Diclofenac,Anti-inflammatory,11.0
2017-12-17,MED-ATC-M01AB,Diclofenac,Anti-inflammatory,7.0
2017-12-18,MED-ATC-M01AB,Diclofenac,Anti-inflammatory,0.66
2017-12-19,MED-ATC-M01AB,Diclofenac,Anti-inflammatory,0.0
2017-12-20,MED-ATC-M01AB,Diclofenac,Anti-inflammatory,2.0
2017-12-21,MED-ATC-M01AB,Diclofenac,Anti-inflammatory,2.02
2017-12-22,MED-ATC-M01AB,Diclofenac,Anti-inflammatory,5.99
2017-12-23,MED-ATC-M01AB,Diclofenac,Anti-inflammatory,6.0
2017-12-24,MED-ATC-M01AB,Diclofenac,Anti-inflammatory,7.66
2017-12-25,MED-ATC-M01AB,Diclofenac,Anti-inflammatory,1.0
2017-12-26,MED-ATC-M01AB,Diclofenac,Anti-inflammatory,2.99
2017-12-27,MED-ATC-M01AB,Diclofenac,Anti-inflammatory,7.0
2017-12-28,MED-ATC-M01AB,Diclofenac,Anti-inflammatory,7.33
2017-12-29,MED-ATC-M01AB,Diclofenac,Anti-inflammatory,9.34
2017-12-30,MED-ATC-M01AB,Diclofenac,Anti-inflammatory,8.68
2017-12-31,MED-ATC-M01AB,Diclofenac,Anti-inflammatory,13.83
2018-01-01,MED-ATC-M01AB,Diclofenac,Anti-inflammatory,0.0
2018-01-02,MED-ATC-M01AB,Diclofenac,Anti-inflammatory,1.0
2018-01-03,MED-ATC-M01AB,Diclofenac,Anti-inflammatory,4.67
2018-01-04,MED-ATC-M01AB,Diclofenac,Anti-inflammatory,6.0
2018-01-05,MED-ATC-M01AB,Diclofenac,Anti-inflammatory,12.0
2018-01-06,MED-ATC-M01AB,Diclofenac,Anti-inflammatory,4.66
2018-01-07,MED-ATC-M01AB,Diclofenac,Anti-inflammatory,0.0
2018-01-08,MED-ATC-M01AB,Diclofenac,Anti-inflammatory,2.33
2018-01-09,MED-ATC-M01AB,Diclofenac,Anti-inflammatory,5.33
2018-01-10,MED-ATC-M01AB,Diclofenac,Anti-inflammatory,9.33
2018-01-11,MED-ATC-M01AB,Diclofenac,Anti-inflammatory,4.0
2018-01-12,MED-ATC-M01AB,Diclofenac,Anti-inflammatory,5.66
2018-01-13,MED-ATC-M01AB,Diclofenac,Anti-inflammatory,3.5
2018-01-14,MED-ATC-M01AB,Diclofenac,Anti-inflammatory,4.33
2018-01-15,MED-ATC-M01AB,Diclofenac,Anti-inflammatory,6.99
2018-01-16,MED-ATC-M01AB,Diclofenac,Anti-inflammatory,6.34
2018-01-17,MED-ATC-M01AB,Diclofenac,Anti-inflammatory,6.67
2018-01-18,MED-ATC-M01AB,Diclofenac,Anti-inflammatory,4.33
2018-01-19,MED-ATC-M01AB,Diclofenac,Anti-inflammatory,6.33
2018-01-20,MED-ATC-M01AB,Diclofenac,Anti-inflammatory,2.66
2018-01-21,MED-ATC-M01AB,Diclofenac,Anti-inflammatory,3.33
2018-01-22,MED-ATC-M01AB,Diclofenac,Anti-inflammatory,6.0
2018-01-23,MED-ATC-M01AB,Diclofenac,Anti-inflammatory,1.0
2018-01-24,MED-ATC-M01AB,Diclofenac,Anti-inflammatory,7.33
2018-01-25,MED-ATC-M01AB,Diclofenac,Anti-inflammatory,3.66
2018-01-26,MED-ATC-M01AB,Diclofenac,Anti-inflammatory,3.0
2018-01-27,MED-ATC-M01AB,Diclofenac,Anti-inflammatory,3.34
2018-01-28,MED-ATC-M01AB,Diclofenac,Anti-inflammatory,1.5
2018-01-29,MED-ATC-M01AB,Diclofenac,Anti-inflammatory,2.33
2018-01-30,MED-ATC-M01AB,Diclofenac,Anti-inflammatory,4.33
2018-01-31,MED-ATC-M01AB,Diclofenac,Anti-inflammatory,0.33
2018-02-01,MED-ATC-M01AB,Diclofenac,Anti-inflammatory,5.34
2018-02-02,MED-ATC-M01AB,Diclofenac,Anti-inflammatory,2.33
2018-02-03,MED-ATC-M01AB,Diclofenac,Anti-inflammatory,4.33
2018-02-04,MED-ATC-M01AB,Diclofenac,Anti-inflammatory,7.99
2018-02-05,MED-ATC-M01AB,Diclofenac,Anti-inflammatory,7.33
2018-02-06,MED-ATC-M01AB,Diclofenac,Anti-inflammatory,4.34
2018-02-07,MED-ATC-M01AB,Diclofenac,Anti-inflammatory,4.84
2018-02-08,MED-ATC-M01AB,Diclofenac,Anti-inflammatory,6.33
2018-02-09,MED-ATC-M01AB,Diclofenac,Anti-inflammatory,3.0
2018-02-10,MED-ATC-M01AB,Diclofenac,Anti-inflammatory,10.01
2018-02-11,MED-ATC-M01AB,Diclofenac,Anti-inflammatory,6.33
2018-02-12,MED-ATC-M01AB,Diclofenac,Anti-inflammatory,8.0
2018-02-13,MED-ATC-M01AB,Diclofenac,Anti-inflammatory,6.0
2018-02-14,MED-ATC-M01AB,Diclofenac,Anti-inflammatory,1.0
2018-02-15,MED-ATC-M01AB,Diclofenac,Anti-inflammatory,1.5
2018-02-16,MED-ATC-M01AB,Diclofenac,Anti-inflammatory,7.68
2018-02-17,MED-ATC-M01AB,Diclofenac,Anti-inflammatory,1.33
2018-02-18,MED-ATC-M01AB,Diclofenac,Anti-inflammatory,6.0
2018-02-19,MED-ATC-M01AB,Diclofenac,Anti-inflammatory,1.0
2018-02-20,MED-ATC-M01AB,Diclofenac,Anti-inflammatory,4.18
2018-02-21,MED-ATC-M01AB,Diclofenac,Anti-inflammatory,1.34
2018-02-22,MED-ATC-M01AB,Diclofenac,Anti-inflammatory,5.0
2018-02-23,MED-ATC-M01AB,Diclofenac,Anti-inflammatory,5.83
2018-02-24,MED-ATC-M01AB,Diclofenac,Anti-inflammatory,8.0
2018-02-25,MED-ATC-M01AB,Diclofenac,Anti-inflammatory,4.0
2018-02-26,MED-ATC-M01AB,Diclofenac,Anti-inflammatory,1.0
2018-02-27,MED-ATC-M01AB,Diclofenac,Anti-inflammatory,3.33
2018-02-28,MED-ATC-M01AB,Diclofenac,Anti-inflammatory,1.0
2018-03-01,MED-ATC-M01AB,Diclofenac,Anti-inflammatory,1.0
2018-03-02,MED-ATC-M01AB,Diclofenac,Anti-inflammatory,4.0
2018-03-03,MED-ATC-M01AB,Diclofenac,Anti-inflammatory,8.0
2018-03-04,MED-ATC-M01AB,Diclofenac,Anti-inflammatory,1.0
2018-03-05,MED-ATC-M01AB,Diclofenac,Anti-inflammatory,4.33
2018-03-06,MED-ATC-M01AB,Diclofenac,Anti-inflammatory,9.5
2018-03-07,MED-ATC-M01AB,Diclofenac,Anti-inflammatory,4.5
2018-03-08,MED-ATC-M01AB,Diclofenac,Anti-inflammatory,1.33
2018-03-09,MED-ATC-M01AB,Diclofenac,Anti-inflammatory,6.33
2018-03-10,MED-ATC-M01AB,Diclofenac,Anti-inflammatory,6.0
2018-03-11,MED-ATC-M01AB,Diclofenac,Anti-inflammatory,4.66
2018-03-12,MED-ATC-M01AB,Diclofenac,Anti-inflammatory,9.0
2018-03-13,MED-ATC-M01AB,Diclofenac,Anti-inflammatory,2.0
2018-03-14,MED-ATC-M01AB,Diclofenac,Anti-inflammatory,2.34
2018-03-15,MED-ATC-M01AB,Diclofenac,Anti-inflammatory,3.34
2018-03-16,MED-ATC-M01AB,Diclofenac,Anti-inflammatory,3.33
2018-03-17,MED-ATC-M01AB,Diclofenac,Anti-inflammatory,3.99
2018-03-18,MED-ATC-M01AB,Diclofenac,Anti-inflammatory,7.33
2018-03-19,MED-ATC-M01AB,Diclofenac,Anti-inflammatory,4.34
2018-03-20,MED-ATC-M01AB,Diclofenac,Anti-inflammatory,2.67
2018-03-21,MED-ATC-M01AB,Diclofenac,Anti-inflammatory,2.0
2018-03-22,MED-ATC-M01AB,Diclofenac,Anti-inflammatory,3.0
2018-03-23,MED-ATC-M01AB,Diclofenac,Anti-inflammatory,5.0
2018-03-24,MED-ATC-M01AB,Diclofenac,Anti-inflammatory,7.0
2018-03-25,MED-ATC-M01AB,Diclofenac,Anti-inflammatory,4.0
2018-03-26,MED-ATC-M01AB,Diclofenac,Anti-inflammatory,5.0
2018-03-27,MED-ATC-M01AB,Diclofenac,Anti-inflammatory,4.34
2018-03-28,MED-ATC-M01AB,Diclofenac,Anti-inflammatory,5.5
2018-03-29,MED-ATC-M01AB,Diclofenac,Anti-inflammatory,7.0
2018-03-30,MED-ATC-M01AB,Diclofenac,Anti-inflammatory,5.33
2018-03-31,MED-ATC-M01AB,Diclofenac,Anti-inflammatory,9.0
2018-04-01,MED-ATC-M01AB,Diclofenac,Anti-inflammatory,6.83
2018-04-02,MED-ATC-M01AB,Diclofenac,Anti-inflammatory,5.66
2018-04-03,MED-ATC-M01AB,Diclofenac,Anti-inflammatory,1.0
2018-04-04,MED-ATC-M01AB,Diclofenac,Anti-inflammatory,6.01
2018-04-05,MED-ATC-M01AB,Diclofenac,Anti-inflammatory,6.33
2018-04-06,MED-ATC-M01AB,Diclofenac,Anti-inflammatory,3.67
2018-04-07,MED-ATC-M01AB,Diclofenac,Anti-inflammatory,16.18
2018-04-08,MED-ATC-M01AB,Diclofenac,Anti-inflammatory,0.0
2018-04-09,MED-ATC-M01AB,Diclofenac,Anti-inflammatory,5.0
2018-04-10,MED-ATC-M01AB,Diclofenac,Anti-inflammatory,2.0
2018-04-11,MED-ATC-M01AB,Diclofenac,Anti-inflammatory,6.67
2018-04-12,MED-ATC-M01AB,Diclofenac,Anti-inflammatory,5.0
2018-04-13,MED-ATC-M01AB,Diclofenac,Anti-inflammatory,4.5
2018-04-14,MED-ATC-M01AB,Diclofenac,Anti-inflammatory,8.0
2018-04-15,MED-ATC-M01AB,Diclofenac,Anti-inflammatory,7.66
2018-04-16,MED-ATC-M01AB,Diclofenac,Anti-inflammatory,2.0
2018-04-17,MED-ATC-M01AB,Diclofenac,Anti-inflammatory,3.34
2018-04-18,MED-ATC-M01AB,Diclofenac,Anti-inflammatory,5.0
2018-04-19,MED-ATC-M01AB,Diclofenac,Anti-inflammatory,5.0
2018-04-20,MED-ATC-M01AB,Diclofenac,Anti-inflammatory,5.0
2018-04-21,MED-ATC-M01AB,Diclofenac,Anti-inflammatory,3.5
2018-04-22,MED-ATC-M01AB,Diclofenac,Anti-inflammatory,6.0
2018-04-23,MED-ATC-M01AB,Diclofenac,Anti-inflammatory,7.0
2018-04-24,MED-ATC-M01AB,Diclofenac,Anti-inflammatory,6.0
2018-04-25,MED-ATC-M01AB,Diclofenac,Anti-inflammatory,9.0
2018-04-26,MED-ATC-M01AB,Diclofenac,Anti-inflammatory,5.33
2018-04-27,MED-ATC-M01AB,Diclofenac,Anti-inflammatory,6.68
2018-04-28,MED-ATC-M01AB,Diclofenac,Anti-inflammatory,9.33
2018-04-29,MED-ATC-M01AB,Diclofenac,Anti-inflammatory,7.33
2018-04-30,MED-ATC-M01AB,Diclofenac,Anti-inflammatory,5.0
2018-05-01,MED-ATC-M01AB,Diclofenac,Anti-inflammatory,2.34
2018-05-02,MED-ATC-M01AB,Diclofenac,Anti-inflammatory,6.0
2018-05-03,MED-ATC-M01AB,Diclofenac,Anti-inflammatory,2.33
2018-05-04,MED-ATC-M01AB,Diclofenac,Anti-inflammatory,1.0
2018-05-05,MED-ATC-M01AB,Diclofenac,Anti-inflammatory,9.0
2018-05-06,MED-ATC-M01AB,Diclofenac,Anti-inflammatory,3.34
2018-05-07,MED-ATC-M01AB,Diclofenac,Anti-inflammatory,9.66
2018-05-08,MED-ATC-M01AB,Diclofenac,Anti-inflammatory,10.5
2018-05-09,MED-ATC-M01AB,Diclofenac,Anti-inflammatory,9.34
2018-05-10,MED-ATC-M01AB,Diclofenac,Anti-inflammatory,8.5
2018-05-11,MED-ATC-M01AB,Diclofenac,Anti-inflammatory,9.33
2018-05-12,MED-ATC-M01AB,Diclofenac,Anti-inflammatory,1.33
2018-05-13,MED-ATC-M01AB,Diclofenac,Anti-inflammatory,5.16
2018-05-14,MED-ATC-M01AB,Diclofenac,Anti-inflammatory,6.0
2018-05-15,MED-ATC-M01AB,Diclofenac,Anti-inflammatory,4.0
2018-05-16,MED-ATC-M01AB,Diclofenac,Anti-inflammatory,4.01
2018-05-17,MED-ATC-M01AB,Diclofenac,Anti-inflammatory,2.0
2018-05-18,MED-ATC-M01AB,Diclofenac,Anti-inflammatory,2.34
2018-05-19,MED-ATC-M01AB,Diclofenac,Anti-inflammatory,2.34
2018-05-20,MED-ATC-M01AB,Diclofenac,Anti-inflammatory,7.0
2018-05-21,MED-ATC-M01AB,Diclofenac,Anti-inflammatory,12.0
2018-05-22,MED-ATC-M01AB,Diclofenac,Anti-inflammatory,3.67
2018-05-23,MED-ATC-M01AB,Diclofenac,Anti-inflammatory,1.5
2018-05-24,MED-ATC-M01AB,Diclofenac,Anti-inflammatory,2.0
2018-05-25,MED-ATC-M01AB,Diclofenac,Anti-inflammatory,2.33
2018-05-26,MED-ATC-M01AB,Diclofenac,Anti-inflammatory,3.33
2018-05-27,MED-ATC-M01AB,Diclofenac,Anti-inflammatory,6.33
2018-05-28,MED-ATC-M01AB,Diclofenac,Anti-inflammatory,7.0
2018-05-29,MED-ATC-M01AB,Diclofenac,Anti-inflammatory,9.0
2018-05-30,MED-ATC-M01AB,Diclofenac,Anti-inflammatory,4.34
2018-05-31,MED-ATC-M01AB,Diclofenac,Anti-inflammatory,3.5
2018-06-01,MED-ATC-M01AB,Diclofenac,Anti-inflammatory,12.33
2018-06-02,MED-ATC-M01AB,Diclofenac,Anti-inflammatory,8.0
2018-06-03,MED-ATC-M01AB,Diclofenac,Anti-inflammatory,5.0
2018-06-04,MED-ATC-M01AB,Diclofenac,Anti-inflammatory,3.33
2018-06-05,MED-ATC-M01AB,Diclofenac,Anti-inflammatory,4.33
2018-06-06,MED-ATC-M01AB,Diclofenac,Anti-inflammatory,6.0
2018-06-07,MED-ATC-M01AB,Diclofenac,Anti-inflammatory,2.0
2018-06-08,MED-ATC-M01AB,Diclofenac,Anti-inflammatory,4.0
2018-06-09,MED-ATC-M01AB,Diclofenac,Anti-inflammatory,8.0
2018-06-10,MED-ATC-M01AB,Diclofenac,Anti-inflammatory,2.66
2018-06-11,MED-ATC-M01AB,Diclofenac,Anti-inflammatory,8.0
2018-06-12,MED-ATC-M01AB,Diclofenac,Anti-inflammatory,2.34
2018-06-13,MED-ATC-M01AB,Diclofenac,Anti-inflammatory,12.0
2018-06-14,MED-ATC-M01AB,Diclofenac,Anti-inflammatory,0.0
2018-06-15,MED-ATC-M01AB,Diclofenac,Anti-inflammatory,1.0
2018-06-16,MED-ATC-M01AB,Diclofenac,Anti-inflammatory,3.34
2018-06-17,MED-ATC-M01AB,Diclofenac,Anti-inflammatory,4.84
2018-06-18,MED-ATC-M01AB,Diclofenac,Anti-inflammatory,4.5
2018-06-19,MED-ATC-M01AB,Diclofenac,Anti-inflammatory,4.0
2018-06-20,MED-ATC-M01AB,Diclofenac,Anti-inflammatory,3.66
2018-06-21,MED-ATC-M01AB,Diclofenac,Anti-inflammatory,3.35
2018-06-22,MED-ATC-M01AB,Diclofenac,Anti-inflammatory,5.0
2018-06-23,MED-ATC-M01AB,Diclofenac,Anti-inflammatory,5.33
2018-06-24,MED-ATC-M01AB,Diclofenac,Anti-inflammatory,1.67
2018-06-25,MED-ATC-M01AB,Diclofenac,Anti-inflammatory,3.33
2018-06-26,MED-ATC-M01AB,Diclofenac,Anti-inflammatory,10.33
2018-06-27,MED-ATC-M01AB,Diclofenac,Anti-inflammatory,2.0
2018-06-28,MED-ATC-M01AB,Diclofenac,Anti-inflammatory,3.0
2018-06-29,MED-ATC-M01AB,Diclofenac,Anti-inflammatory,1.0
2018-06-30,MED-ATC-M01AB,Diclofenac,Anti-inflammatory,6.84
2018-07-01,MED-ATC-M01AB,Diclofenac,Anti-inflammatory,2.0
2018-07-02,MED-ATC-M01AB,Diclofenac,Anti-inflammatory,3.33
2018-07-03,MED-ATC-M01AB,Diclofenac,Anti-inflammatory,6.34
2018-07-04,MED-ATC-M01AB,Diclofenac,Anti-inflammatory,1.0
2018-07-05,MED-ATC-M01AB,Diclofenac,Anti-inflammatory,4.33
2018-07-06,MED-ATC-M01AB,Diclofenac,Anti-inflammatory,2.33
2018-07-07,MED-ATC-M01AB,Diclofenac,Anti-inflammatory,6.33
2018-07-08,MED-ATC-M01AB,Diclofenac,Anti-inflammatory,7.33
2018-07-09,MED-ATC-M01AB,Diclofenac,Anti-inflammatory,3.33
2018-07-10,MED-ATC-M01AB,Diclofenac,Anti-inflammatory,6.0
2018-07-11,MED-ATC-M01AB,Diclofenac,Anti-inflammatory,10.0
2018-07-12,MED-ATC-M01AB,Diclofenac,Anti-inflammatory,3.0
2018-07-13,MED-ATC-M01AB,Diclofenac,Anti-inflammatory,1.34
2018-07-14,MED-ATC-M01AB,Diclofenac,Anti-inflammatory,0.0
2018-07-15,MED-ATC-M01AB,Diclofenac,Anti-inflammatory,10.0
2018-07-16,MED-ATC-M01AB,Diclofenac,Anti-inflammatory,9.33
2018-07-17,MED-ATC-M01AB,Diclofenac,Anti-inflammatory,2.33
2018-07-18,MED-ATC-M01AB,Diclofenac,Anti-inflammatory,2.5
2018-07-19,MED-ATC-M01AB,Diclofenac,Anti-inflammatory,6.84
2018-07-20,MED-ATC-M01AB,Diclofenac,Anti-inflammatory,5.0
2018-07-21,MED-ATC-M01AB,Diclofenac,Anti-inflammatory,4.0
2018-07-22,MED-ATC-M01AB,Diclofenac,Anti-inflammatory,3.66
2018-07-23,MED-ATC-M01AB,Diclofenac,Anti-inflammatory,8.68
2018-07-24,MED-ATC-M01AB,Diclofenac,Anti-inflammatory,9.68
2018-07-25,MED-ATC-M01AB,Diclofenac,Anti-inflammatory,5.0
2018-07-26,MED-ATC-M01AB,Diclofenac,Anti-inflammatory,4.33
2018-07-27,MED-ATC-M01AB,Diclofenac,Anti-inflammatory,2.34
2018-07-28,MED-ATC-M01AB,Diclofenac,Anti-inflammatory,6.0
2018-07-29,MED-ATC-M01AB,Diclofenac,Anti-inflammatory,3.5
2018-07-30,MED-ATC-M01AB,Diclofenac,Anti-inflammatory,3.0
2018-07-31,MED-ATC-M01AB,Diclofenac,Anti-inflammatory,7.33
2018-08-01,MED-ATC-M01AB,Diclofenac,Anti-inflammatory,1.0
2018-08-02,MED-ATC-M01AB,Diclofenac,Anti-inflammatory,0.0
2018-08-03,MED-ATC-M01AB,Diclofenac,Anti-inflammatory,4.01
2018-08-04,MED-ATC-M01AB,Diclofenac,Anti-inflammatory,5.0
2018-08-05,MED-ATC-M01AB,Diclofenac,Anti-inflammatory,6.0
2018-08-06,MED-ATC-M01AB,Diclofenac,Anti-inflammatory,8.33
2018-08-07,MED-ATC-M01AB,Diclofenac,Anti-inflammatory,2.33
2018-08-08,MED-ATC-M01AB,Diclofenac,Anti-inflammatory,4.33
2018-08-09,MED-ATC-M01AB,Diclofenac,Anti-inflammatory,2.67
2018-08-10,MED-ATC-M01AB,Diclofenac,Anti-inflammatory,6.0
2018-08-11,MED-ATC-M01AB,Diclofenac,Anti-inflammatory,4.0
2018-08-12,MED-ATC-M01AB,Diclofenac,Anti-inflammatory,10.99
2018-08-13,MED-ATC-M01AB,Diclofenac,Anti-inflammatory,3.33
2018-08-14,MED-ATC-M01AB,Diclofenac,Anti-inflammatory,1.33
2018-08-15,MED-ATC-M01AB,Diclofenac,Anti-inflammatory,8.34
2018-08-16,MED-ATC-M01AB,Diclofenac,Anti-inflammatory,3.33
2018-08-17,MED-ATC-M01AB,Diclofenac,Anti-inflammatory,2.33
2018-08-18,MED-ATC-M01AB,Diclofenac,Anti-inflammatory,6.33
2018-08-19,MED-ATC-M01AB,Diclofenac,Anti-inflammatory,6.33
2018-08-20,MED-ATC-M01AB,Diclofenac,Anti-inflammatory,4.0
2018-08-21,MED-ATC-M01AB,Diclofenac,Anti-inflammatory,2.34
2018-08-22,MED-ATC-M01AB,Diclofenac,Anti-inflammatory,5.0
2018-08-23,MED-ATC-M01AB,Diclofenac,Anti-inflammatory,5.0
2018-08-24,MED-ATC-M01AB,Diclofenac,Anti-inflammatory,4.0
2018-08-25,MED-ATC-M01AB,Diclofenac,Anti-inflammatory,3.67
2018-08-26,MED-ATC-M01AB,Diclofenac,Anti-inflammatory,11.33
2018-08-27,MED-ATC-M01AB,Diclofenac,Anti-inflammatory,3.34
2018-08-28,MED-ATC-M01AB,Diclofenac,Anti-inflammatory,2.0
2018-08-29,MED-ATC-M01AB,Diclofenac,Anti-inflammatory,6.67
2018-08-30,MED-ATC-M01AB,Diclofenac,Anti-inflammatory,2.33
2018-08-31,MED-ATC-M01AB,Diclofenac,Anti-inflammatory,4.34
2018-09-01,MED-ATC-M01AB,Diclofenac,Anti-inflammatory,2.34
2018-09-02,MED-ATC-M01AB,Diclofenac,Anti-inflammatory,6.68
2018-09-03,MED-ATC-M01AB,Diclofenac,Anti-inflammatory,1.0
2018-09-04,MED-ATC-M01AB,Diclofenac,Anti-inflammatory,4.0
2018-09-05,MED-ATC-M01AB,Diclofenac,Anti-inflammatory,6.5
2018-09-06,MED-ATC-M01AB,Diclofenac,Anti-inflammatory,6.66
2018-09-07,MED-ATC-M01AB,Diclofenac,Anti-inflammatory,2.0
2018-09-08,MED-ATC-M01AB,Diclofenac,Anti-inflammatory,10.0
2018-09-09,MED-ATC-M01AB,Diclofenac,Anti-inflammatory,4.0
2018-09-10,MED-ATC-M01AB,Diclofenac,Anti-inflammatory,7.0
2018-09-11,MED-ATC-M01AB,Diclofenac,Anti-inflammatory,9.0
2018-09-12,MED-ATC-M01AB,Diclofenac,Anti-inflammatory,4.0
2018-09-13,MED-ATC-M01AB,Diclofenac,Anti-inflammatory,2.83
2018-09-14,MED-ATC-M01AB,Diclofenac,Anti-inflammatory,8.0
2018-09-15,MED-ATC-M01AB,Diclofenac,Anti-inflammatory,6.0
2018-09-16,MED-ATC-M01AB,Diclofenac,Anti-inflammatory,3.33
2018-09-17,MED-ATC-M01AB,Diclofenac,Anti-inflammatory,3.0
2018-09-18,MED-ATC-M01AB,Diclofenac,Anti-inflammatory,4.34
2018-09-19,MED-ATC-M01AB,Diclofenac,Anti-inflammatory,6.0
2018-09-20,MED-ATC-M01AB,Diclofenac,Anti-inflammatory,2.0
2018-09-21,MED-ATC-M01AB,Diclofenac,Anti-inflammatory,4.66
2018-09-22,MED-ATC-M01AB,Diclofenac,Anti-inflammatory,6.0
2018-09-23,MED-ATC-M01AB,Diclofenac,Anti-inflammatory,7.34
2018-09-24,MED-ATC-M01AB,Diclofenac,Anti-inflammatory,7.33
2018-09-25,MED-ATC-M01AB,Diclofenac,Anti-inflammatory,6.0
2018-09-26,MED-ATC-M01AB,Diclofenac,Anti-inflammatory,3.0
2018-09-27,MED-ATC-M01AB,Diclofenac,Anti-inflammatory,4.0
2018-09-28,MED-ATC-M01AB,Diclofenac,Anti-inflammatory,2.0
2018-09-29,MED-ATC-M01AB,Diclofenac,Anti-inflammatory,3.5
2018-09-30,MED-ATC-M01AB,Diclofenac,Anti-inflammatory,11.01
2018-10-01,MED-ATC-M01AB,Diclofenac,Anti-inflammatory,3.0
2018-10-02,MED-ATC-M01AB,Diclofenac,Anti-inflammatory,6.0
2018-10-03,MED-ATC-M01AB,Diclofenac,Anti-inflammatory,6.0
2018-10-04,MED-ATC-M01AB,Diclofenac,Anti-inflammatory,6.0
2018-10-05,MED-ATC-M01AB,Diclofenac,Anti-inflammatory,4.84
2018-10-06,MED-ATC-M01AB,Diclofenac,Anti-inflammatory,2.0
2018-10-07,MED-ATC-M01AB,Diclofenac,Anti-inflammatory,2.68
2018-10-08,MED-ATC-M01AB,Diclofenac,Anti-inflammatory,4.0
2018-10-09,MED-ATC-M01AB,Diclofenac,Anti-inflammatory,2.0
2018-10-10,MED-ATC-M01AB,Diclofenac,Anti-inflammatory,9.0
2018-10-11,MED-ATC-M01AB,Diclofenac,Anti-inflammatory,2.0
2018-10-12,MED-ATC-M01AB,Diclofenac,Anti-inflammatory,6.33
2018-10-13,MED-ATC-M01AB,Diclofenac,Anti-inflammatory,6.99
2018-10-14,MED-ATC-M01AB,Diclofenac,Anti-inflammatory,2.34
2018-10-15,MED-ATC-M01AB,Diclofenac,Anti-inflammatory,7.17
2018-10-16,MED-ATC-M01AB,Diclofenac,Anti-inflammatory,6.0
2018-10-17,MED-ATC-M01AB,Diclofenac,Anti-inflammatory,2.33
2018-10-18,MED-ATC-M01AB,Diclofenac,Anti-inflammatory,4.34
2018-10-19,MED-ATC-M01AB,Diclofenac,Anti-inflammatory,4.0
2018-10-20,MED-ATC-M01AB,Diclofenac,Anti-inflammatory,2.34
2018-10-21,MED-ATC-M01AB,Diclofenac,Anti-inflammatory,6.67
2018-10-22,MED-ATC-M01AB,Diclofenac,Anti-inflammatory,2.66
2018-10-23,MED-ATC-M01AB,Diclofenac,Anti-inflammatory,2.34
2018-10-24,MED-ATC-M01AB,Diclofenac,Anti-inflammatory,4.0
2018-10-25,MED-ATC-M01AB,Diclofenac,Anti-inflammatory,5.33
2018-10-26,MED-ATC-M01AB,Diclofenac,Anti-inflammatory,4.0
2018-10-27,MED-ATC-M01AB,Diclofenac,Anti-inflammatory,8.34
2018-10-28,MED-ATC-M01AB,Diclofenac,Anti-inflammatory,5.33
2018-10-29,MED-ATC-M01AB,Diclofenac,Anti-inflammatory,5.35
2018-10-30,MED-ATC-M01AB,Diclofenac,Anti-inflammatory,9.33
2018-10-31,MED-ATC-M01AB,Diclofenac,Anti-inflammatory,2.0
2018-11-01,MED-ATC-M01AB,Diclofenac,Anti-inflammatory,7.84
2018-11-02,MED-ATC-M01AB,Diclofenac,Anti-inflammatory,5.14
2018-11-03,MED-ATC-M01AB,Diclofenac,Anti-inflammatory,3.0
2018-11-04,MED-ATC-M01AB,Diclofenac,Anti-inflammatory,13.99
2018-11-05,MED-ATC-M01AB,Diclofenac,Anti-inflammatory,6.33
2018-11-06,MED-ATC-M01AB,Diclofenac,Anti-inflammatory,3.33
2018-11-07,MED-ATC-M01AB,Diclofenac,Anti-inflammatory,7.0
2018-11-08,MED-ATC-M01AB,Diclofenac,Anti-inflammatory,3.0
2018-11-09,MED-ATC-M01AB,Diclofenac,Anti-inflammatory,5.0
2018-11-10,MED-ATC-M01AB,Diclofenac,Anti-inflammatory,4.33
2018-11-11,MED-ATC-M01AB,Diclofenac,Anti-inflammatory,11.0
2018-11-12,MED-ATC-M01AB,Diclofenac,Anti-inflammatory,2.34
2018-11-13,MED-ATC-M01AB,Diclofenac,Anti-inflammatory,6.33
2018-11-14,MED-ATC-M01AB,Diclofenac,Anti-inflammatory,5.66
2018-11-15,MED-ATC-M01AB,Diclofenac,Anti-inflammatory,2.0
2018-11-16,MED-ATC-M01AB,Diclofenac,Anti-inflammatory,8.33
2018-11-17,MED-ATC-M01AB,Diclofenac,Anti-inflammatory,8.0
2018-11-18,MED-ATC-M01AB,Diclofenac,Anti-inflammatory,4.68
2018-11-19,MED-ATC-M01AB,Diclofenac,Anti-inflammatory,6.01
2018-11-20,MED-ATC-M01AB,Diclofenac,Anti-inflammatory,5.33
2018-11-21,MED-ATC-M01AB,Diclofenac,Anti-inflammatory,7.0
2018-11-22,MED-ATC-M01AB,Diclofenac,Anti-inflammatory,8.0
2018-11-23,MED-ATC-M01AB,Diclofenac,Anti-inflammatory,6.0
2018-11-24,MED-ATC-M01AB,Diclofenac,Anti-inflammatory,5.66
2018-11-25,MED-ATC-M01AB,Diclofenac,Anti-inflammatory,5.33
2018-11-26,MED-ATC-M01AB,Diclofenac,Anti-inflammatory,5.33
2018-11-27,MED-ATC-M01AB,Diclofenac,Anti-inflammatory,8.0
2018-11-28,MED-ATC-M01AB,Diclofenac,Anti-inflammatory,3.0
2018-11-29,MED-ATC-M01AB,Diclofenac,Anti-inflammatory,4.33
2018-11-30,MED-ATC-M01AB,Diclofenac,Anti-inflammatory,1.0
2018-12-01,MED-ATC-M01AB,Diclofenac,Anti-inflammatory,7.0
2018-12-02,MED-ATC-M01AB,Diclofenac,Anti-inflammatory,3.17
2018-12-03,MED-ATC-M01AB,Diclofenac,Anti-inflammatory,6.0
2018-12-04,MED-ATC-M01AB,Diclofenac,Anti-inflammatory,2.5
2018-12-05,MED-ATC-M01AB,Diclofenac,Anti-inflammatory,5.33
2018-12-06,MED-ATC-M01AB,Diclofenac,Anti-inflammatory,0.0
2018-12-07,MED-ATC-M01AB,Diclofenac,Anti-inflammatory,5.0
2018-12-08,MED-ATC-M01AB,Diclofenac,Anti-inflammatory,0.0
2018-12-09,MED-ATC-M01AB,Diclofenac,Anti-inflammatory,4.66
2018-12-10,MED-ATC-M01AB,Diclofenac,Anti-inflammatory,4.0
2018-12-11,MED-ATC-M01AB,Diclofenac,Anti-inflammatory,4.0
2018-12-12,MED-ATC-M01AB,Diclofenac,Anti-inflammatory,4.33
2018-12-13,MED-ATC-M01AB,Diclofenac,Anti-inflammatory,3.68
2018-12-14,MED-ATC-M01AB,Diclofenac,Anti-inflammatory,2.0
2018-12-15,MED-ATC-M01AB,Diclofenac,Anti-inflammatory,4.0
2018-12-16,MED-ATC-M01AB,Diclofenac,Anti-inflammatory,1.33
2018-12-17,MED-ATC-M01AB,Diclofenac,Anti-inflammatory,6.34
2018-12-18,MED-ATC-M01AB,Diclofenac,Anti-inflammatory,0.33
2018-12-19,MED-ATC-M01AB,Diclofenac,Anti-inflammatory,0.0
2018-12-20,MED-ATC-M01AB,Diclofenac,Anti-inflammatory,8.34
2018-12-21,MED-ATC-M01AB,Diclofenac,Anti-inflammatory,2.0
2018-12-22,MED-ATC-M01AB,Diclofenac,Anti-inflammatory,8.34
2018-12-23,MED-ATC-M01AB,Diclofenac,Anti-inflammatory,12.33
2018-12-24,MED-ATC-M01AB,Diclofenac,Anti-inflammatory,8.67
2018-12-25,MED-ATC-M01AB,Diclofenac,Anti-inflammatory,8.0
2018-12-26,MED-ATC-M01AB,Diclofenac,Anti-inflammatory,1.0
2018-12-27,MED-ATC-M01AB,Diclofenac,Anti-inflammatory,3.68
2018-12-28,MED-ATC-M01AB,Diclofenac,Anti-inflammatory,11.67
2018-12-29,MED-ATC-M01AB,Diclofenac,Anti-inflammatory,6.68
2018-12-30,MED-ATC-M01AB,Diclofenac,Anti-inflammatory,5.33
2018-12-31,MED-ATC-M01AB,Diclofenac,Anti-inflammatory,8.0
2014-01-02,MED-ATC-M01AE,Ibuprofen,Anti-inflammatory,3.67
2014-01-03,MED-ATC-M01AE,Ibuprofen,Anti-inflammatory,4.0
2014-01-04,MED-ATC-M01AE,Ibuprofen,Anti-inflammatory,1.0
2014-01-05,MED-ATC-M01AE,Ibuprofen,Anti-inflammatory,3.0
2014-01-06,MED-ATC-M01AE,Ibuprofen,Anti-inflammatory,1.0
2014-01-07,MED-ATC-M01AE,Ibuprofen,Anti-inflammatory,0.0
2014-01-08,MED-ATC-M01AE,Ibuprofen,Anti-inflammatory,3.0
2014-01-09,MED-ATC-M01AE,Ibuprofen,Anti-inflammatory,1.68
2014-01-10,MED-ATC-M01AE,Ibuprofen,Anti-inflammatory,2.0
2014-01-11,MED-ATC-M01AE,Ibuprofen,Anti-inflammatory,4.34
2014-01-12,MED-ATC-M01AE,Ibuprofen,Anti-inflammatory,0.66
2014-01-13,MED-ATC-M01AE,Ibuprofen,Anti-inflammatory,7.66
2014-01-14,MED-ATC-M01AE,Ibuprofen,Anti-inflammatory,1.33
2014-01-15,MED-ATC-M01AE,Ibuprofen,Anti-inflammatory,2.34
2014-01-16,MED-ATC-M01AE,Ibuprofen,Anti-inflammatory,2.0
2014-01-17,MED-ATC-M01AE,Ibuprofen,Anti-inflammatory,3.68
2014-01-18,MED-ATC-M01AE,Ibuprofen,Anti-inflammatory,5.33
2014-01-19,MED-ATC-M01AE,Ibuprofen,Anti-inflammatory,4.0
2014-01-20,MED-ATC-M01AE,Ibuprofen,Anti-inflammatory,3.34
2014-01-21,MED-ATC-M01AE,Ibuprofen,Anti-inflammatory,3.34
2014-01-22,MED-ATC-M01AE,Ibuprofen,Anti-inflammatory,3.0
2014-01-23,MED-ATC-M01AE,Ibuprofen,Anti-inflammatory,4.67
2014-01-24,MED-ATC-M01AE,Ibuprofen,Anti-inflammatory,7.34
2014-01-25,MED-ATC-M01AE,Ibuprofen,Anti-inflammatory,9.0
2014-01-26,MED-ATC-M01AE,Ibuprofen,Anti-inflammatory,1.68
2014-01-27,MED-ATC-M01AE,Ibuprofen,Anti-inflammatory,4.67
2014-01-28,MED-ATC-M01AE,Ibuprofen,Anti-inflammatory,3.34
2014-01-29,MED-ATC-M01AE,Ibuprofen,Anti-inflammatory,4.0
2014-01-30,MED-ATC-M01AE,Ibuprofen,Anti-inflammatory,1.34
2014-01-31,MED-ATC-M01AE,Ibuprofen,Anti-inflammatory,2.68
2014-02-01,MED-ATC-M01AE,Ibuprofen,Anti-inflammatory,4.32
2014-02-02,MED-ATC-M01AE,Ibuprofen,Anti-inflammatory,3.0
2014-02-03,MED-ATC-M01AE,Ibuprofen,Anti-inflammatory,1.0
2014-02-04,MED-ATC-M01AE,Ibuprofen,Anti-inflammatory,3.0
2014-02-05,MED-ATC-M01AE,Ibuprofen,Anti-inflammatory,4.02
2014-02-06,MED-ATC-M01AE,Ibuprofen,Anti-inflammatory,6.68
2014-02-07,MED-ATC-M01AE,Ibuprofen,Anti-inflammatory,8.67
2014-02-08,MED-ATC-M01AE,Ibuprofen,Anti-inflammatory,3.35
2014-02-09,MED-ATC-M01AE,Ibuprofen,Anti-inflammatory,3.0
2014-02-10,MED-ATC-M01AE,Ibuprofen,Anti-inflammatory,10.33
2014-02-11,MED-ATC-M01AE,Ibuprofen,Anti-inflammatory,6.99
2014-02-12,MED-ATC-M01AE,Ibuprofen,Anti-inflammatory,1.67
2014-02-13,MED-ATC-M01AE,Ibuprofen,Anti-inflammatory,3.67
2014-02-14,MED-ATC-M01AE,Ibuprofen,Anti-inflammatory,4.01
2014-02-15,MED-ATC-M01AE,Ibuprofen,Anti-inflammatory,2.34
2014-02-16,MED-ATC-M01AE,Ibuprofen,Anti-inflammatory,1.68
2014-02-17,MED-ATC-M01AE,Ibuprofen,Anti-inflammatory,4.0
2014-02-18,MED-ATC-M01AE,Ibuprofen,Anti-inflammatory,7.36
2014-02-19,MED-ATC-M01AE,Ibuprofen,Anti-inflammatory,5.02
2014-02-20,MED-ATC-M01AE,Ibuprofen,Anti-inflammatory,7.02
2014-02-21,MED-ATC-M01AE,Ibuprofen,Anti-inflammatory,4.34
2014-02-22,MED-ATC-M01AE,Ibuprofen,Anti-inflammatory,3.17
2014-02-23,MED-ATC-M01AE,Ibuprofen,Anti-inflammatory,3.34
2014-02-24,MED-ATC-M01AE,Ibuprofen,Anti-inflammatory,4.68
2014-02-25,MED-ATC-M01AE,Ibuprofen,Anti-inflammatory,1.68
2014-02-26,MED-ATC-M01AE,Ibuprofen,Anti-inflammatory,4.01
2014-02-27,MED-ATC-M01AE,Ibuprofen,Anti-inflammatory,6.34
2014-02-28,MED-ATC-M01AE,Ibuprofen,Anti-inflammatory,7.36
2014-03-01,MED-ATC-M01AE,Ibuprofen,Anti-inflammatory,3.68
2014-03-02,MED-ATC-M01AE,Ibuprofen,Anti-inflammatory,1.0
2014-03-03,MED-ATC-M01AE,Ibuprofen,Anti-inflammatory,3.68
2014-03-04,MED-ATC-M01AE,Ibuprofen,Anti-inflammatory,7.02
2014-03-05,MED-ATC-M01AE,Ibuprofen,Anti-inflammatory,1.0
2014-03-06,MED-ATC-M01AE,Ibuprofen,Anti-inflammatory,2.0
2014-03-07,MED-ATC-M01AE,Ibuprofen,Anti-inflammatory,4.34
2014-03-08,MED-ATC-M01AE,Ibuprofen,Anti-inflammatory,3.07
2014-03-09,MED-ATC-M01AE,Ibuprofen,Anti-inflammatory,0.0
2014-03-10,MED-ATC-M01AE,Ibuprofen,Anti-inflammatory,5.35
2014-03-11,MED-ATC-M01AE,Ibuprofen,Anti-inflammatory,5.7
2014-03-12,MED-ATC-M01AE,Ibuprofen,Anti-inflammatory,2.68
2014-03-13,MED-ATC-M01AE,Ibuprofen,Anti-inflammatory,4.36
2014-03-14,MED-ATC-M01AE,Ibuprofen,Anti-inflammatory,1.68
2014-03-15,MED-ATC-M01AE,Ibuprofen,Anti-inflammatory,2.0
2014-03-16,MED-ATC-M01AE,Ibuprofen,Anti-inflammatory,2.0
2014-03-17,MED-ATC-M01AE,Ibuprofen,Anti-inflammatory,3.34
2014-03-18,MED-ATC-M01AE,Ibuprofen,Anti-inflammatory,4.0
2014-03-19,MED-ATC-M01AE,Ibuprofen,Anti-inflammatory,3.02
2014-03-20,MED-ATC-M01AE,Ibuprofen,Anti-inflammatory,5.34
2014-03-21,MED-ATC-M01AE,Ibuprofen,Anti-inflammatory,3.68
2014-03-22,MED-ATC-M01AE,Ibuprofen,Anti-inflammatory,2.34
2014-03-23,MED-ATC-M01AE,Ibuprofen,Anti-inflammatory,2.0
2014-03-24,MED-ATC-M01AE,Ibuprofen,Anti-inflammatory,1.0
2014-03-25,MED-ATC-M01AE,Ibuprofen,Anti-inflammatory,1.34
2014-03-26,MED-ATC-M01AE,Ibuprofen,Anti-inflammatory,3.99
2014-03-27,MED-ATC-M01AE,Ibuprofen,Anti-inflammatory,0.33
2014-03-28,MED-ATC-M01AE,Ibuprofen,Anti-inflammatory,2.0
2014-03-29,MED-ATC-M01AE,Ibuprofen,Anti-inflammatory,6.33
2014-03-30,MED-ATC-M01AE,Ibuprofen,Anti-inflammatory,2.34
2014-03-31,MED-ATC-M01AE,Ibuprofen,Anti-inflammatory,2.34
2014-04-01,MED-ATC-M01AE,Ibuprofen,Anti-inflammatory,1.34
2014-04-02,MED-ATC-M01AE,Ibuprofen,Anti-inflammatory,4.68
2014-04-03,MED-ATC-M01AE,Ibuprofen,Anti-inflammatory,1.34
2014-04-04,MED-ATC-M01AE,Ibuprofen,Anti-inflammatory,3.67
2014-04-05,MED-ATC-M01AE,Ibuprofen,Anti-inflammatory,7.68
2014-04-06,MED-ATC-M01AE,Ibuprofen,Anti-inflammatory,1.0
2014-04-07,MED-ATC-M01AE,Ibuprofen,Anti-inflammatory,6.0
2014-04-08,MED-ATC-M01AE,Ibuprofen,Anti-inflammatory,2.34
2014-04-09,MED-ATC-M01AE,Ibuprofen,Anti-inflammatory,1.02
2014-04-10,MED-ATC-M01AE,Ibuprofen,Anti-inflammatory,1.68
2014-04-11,MED-ATC-M01AE,Ibuprofen,Anti-inflammatory,4.0
2014-04-12,MED-ATC-M01AE,Ibuprofen,Anti-inflammatory,3.34
2014-04-13,MED-ATC-M01AE,Ibuprofen,Anti-inflammatory,2.0
2014-04-14,MED-ATC-M01AE,Ibuprofen,Anti-inflammatory,4.68
2014-04-15,MED-ATC-M01AE,Ibuprofen,Anti-inflammatory,3.0
2014-04-16,MED-ATC-M01AE,Ibuprofen,Anti-inflammatory,1.01
2014-04-17,MED-ATC-M01AE,Ibuprofen,Anti-inflammatory,0.34
2014-04-18,MED-ATC-M01AE,Ibuprofen,Anti-inflammatory,7.0
2014-04-19,MED-ATC-M01AE,Ibuprofen,Anti-inflammatory,3.35
2014-04-20,MED-ATC-M01AE,Ibuprofen,Anti-inflammatory,0.0
2014-04-21,MED-ATC-M01AE,Ibuprofen,Anti-inflammatory,1.68
2014-04-22,MED-ATC-M01AE,Ibuprofen,Anti-inflammatory,7.165
2014-04-23,MED-ATC-M01AE,Ibuprofen,Anti-inflammatory,2.34
2014-04-24,MED-ATC-M01AE,Ibuprofen,Anti-inflammatory,2.0
2014-04-25,MED-ATC-M01AE,Ibuprofen,Anti-inflammatory,2.02
2014-04-26,MED-ATC-M01AE,Ibuprofen,Anti-inflammatory,2.67
2014-04-27,MED-ATC-M01AE,Ibuprofen,Anti-inflammatory,2.34
2014-04-28,MED-ATC-M01AE,Ibuprofen,Anti-inflammatory,3.09
2014-04-29,MED-ATC-M01AE,Ibuprofen,Anti-inflammatory,4.02
2014-04-30,MED-ATC-M01AE,Ibuprofen,Anti-inflammatory,2.68
2014-05-01,MED-ATC-M01AE,Ibuprofen,Anti-inflammatory,0.0
2014-05-02,MED-ATC-M01AE,Ibuprofen,Anti-inflammatory,7.34
2014-05-03,MED-ATC-M01AE,Ibuprofen,Anti-inflammatory,5.34
2014-05-04,MED-ATC-M01AE,Ibuprofen,Anti-inflammatory,4.69
2014-05-05,MED-ATC-M01AE,Ibuprofen,Anti-inflammatory,5.785
2014-05-06,MED-ATC-M01AE,Ibuprofen,Anti-inflammatory,4.36
2014-05-07,MED-ATC-M01AE,Ibuprofen,Anti-inflammatory,6.32
2014-05-08,MED-ATC-M01AE,Ibuprofen,Anti-inflammatory,2.34
2014-05-09,MED-ATC-M01AE,Ibuprofen,Anti-inflammatory,5.0
2014-05-10,MED-ATC-M01AE,Ibuprofen,Anti-inflammatory,6.0
2014-05-11,MED-ATC-M01AE,Ibuprofen,Anti-inflammatory,2.68
2014-05-12,MED-ATC-M01AE,Ibuprofen,Anti-inflammatory,3.34
2014-05-13,MED-ATC-M01AE,Ibuprofen,Anti-inflammatory,0.34
2014-05-14,MED-ATC-M01AE,Ibuprofen,Anti-inflammatory,4.02
2014-05-15,MED-ATC-M01AE,Ibuprofen,Anti-inflammatory,2.02
2014-05-16,MED-ATC-M01AE,Ibuprofen,Anti-inflammatory,7.0
2014-05-17,MED-ATC-M01AE,Ibuprofen,Anti-inflammatory,7.68
2014-05-18,MED-ATC-M01AE,Ibuprofen,Anti-inflammatory,2.0
2014-05-19,MED-ATC-M01AE,Ibuprofen,Anti-inflammatory,3.84
2014-05-20,MED-ATC-M01AE,Ibuprofen,Anti-inflammatory,2.375
2014-05-21,MED-ATC-M01AE,Ibuprofen,Anti-inflammatory,4.68
2014-05-22,MED-ATC-M01AE,Ibuprofen,Anti-inflammatory,1.33
2014-05-23,MED-ATC-M01AE,Ibuprofen,Anti-inflammatory,2.34
2014-05-24,MED-ATC-M01AE,Ibuprofen,Anti-inflammatory,4.713
2014-05-25,MED-ATC-M01AE,Ibuprofen,Anti-inflammatory,3.0
2014-05-26,MED-ATC-M01AE,Ibuprofen,Anti-inflammatory,3.34
2014-05-27,MED-ATC-M01AE,Ibuprofen,Anti-inflammatory,2.34
2014-05-28,MED-ATC-M01AE,Ibuprofen,Anti-inflammatory,5.02
2014-05-29,MED-ATC-M01AE,Ibuprofen,Anti-inflammatory,5.34
2014-05-30,MED-ATC-M01AE,Ibuprofen,Anti-inflammatory,2.02
2014-05-31,MED-ATC-M01AE,Ibuprofen,Anti-inflammatory,3.34
2014-06-01,MED-ATC-M01AE,Ibuprofen,Anti-inflammatory,0.68
2014-06-02,MED-ATC-M01AE,Ibuprofen,Anti-inflammatory,4.34
2014-06-03,MED-ATC-M01AE,Ibuprofen,Anti-inflammatory,2.0
2014-06-04,MED-ATC-M01AE,Ibuprofen,Anti-inflammatory,4.68
2014-06-05,MED-ATC-M01AE,Ibuprofen,Anti-inflammatory,4.68
2014-06-06,MED-ATC-M01AE,Ibuprofen,Anti-inflammatory,1.68
2014-06-07,MED-ATC-M01AE,Ibuprofen,Anti-inflammatory,3.68
2014-06-08,MED-ATC-M01AE,Ibuprofen,Anti-inflammatory,2.0
2014-06-09,MED-ATC-M01AE,Ibuprofen,Anti-inflammatory,1.34
2014-06-10,MED-ATC-M01AE,Ibuprofen,Anti-inflammatory,2.68
2014-06-11,MED-ATC-M01AE,Ibuprofen,Anti-inflammatory,0.68
2014-06-12,MED-ATC-M01AE,Ibuprofen,Anti-inflammatory,3.0
2014-06-13,MED-ATC-M01AE,Ibuprofen,Anti-inflammatory,2.68
2014-06-14,MED-ATC-M01AE,Ibuprofen,Anti-inflammatory,5.02
2014-06-15,MED-ATC-M01AE,Ibuprofen,Anti-inflammatory,2.0
2014-06-16,MED-ATC-M01AE,Ibuprofen,Anti-inflammatory,4.34
2014-06-17,MED-ATC-M01AE,Ibuprofen,Anti-inflammatory,2.34
2014-06-18,MED-ATC-M01AE,Ibuprofen,Anti-inflammatory,2.0
2014-06-19,MED-ATC-M01AE,Ibuprofen,Anti-inflammatory,3.33
2014-06-20,MED-ATC-M01AE,Ibuprofen,Anti-inflammatory,2.02
2014-06-21,MED-ATC-M01AE,Ibuprofen,Anti-inflammatory,5.68
2014-06-22,MED-ATC-M01AE,Ibuprofen,Anti-inflammatory,1.02
2014-06-23,MED-ATC-M01AE,Ibuprofen,Anti-inflammatory,7.68
2014-06-24,MED-ATC-M01AE,Ibuprofen,Anti-inflammatory,5.14
2014-06-25,MED-ATC-M01AE,Ibuprofen,Anti-inflammatory,5.34
2014-06-26,MED-ATC-M01AE,Ibuprofen,Anti-inflammatory,2.0
2014-06-27,MED-ATC-M01AE,Ibuprofen,Anti-inflammatory,1.0
2014-06-28,MED-ATC-M01AE,Ibuprofen,Anti-inflammatory,5.34
2014-06-29,MED-ATC-M01AE,Ibuprofen,Anti-inflammatory,1.0
2014-06-30,MED-ATC-M01AE,Ibuprofen,Anti-inflammatory,5.34
2014-07-01,MED-ATC-M01AE,Ibuprofen,Anti-inflammatory,2.34
2014-07-02,MED-ATC-M01AE,Ibuprofen,Anti-inflammatory,0.34
2014-07-03,MED-ATC-M01AE,Ibuprofen,Anti-inflammatory,5.68
2014-07-04,MED-ATC-M01AE,Ibuprofen,Anti-inflammatory,4.7
2014-07-05,MED-ATC-M01AE,Ibuprofen,Anti-inflammatory,4.34
2014-07-06,MED-ATC-M01AE,Ibuprofen,Anti-inflammatory,2.0
2014-07-07,MED-ATC-M01AE,Ibuprofen,Anti-inflammatory,3.34
2014-07-08,MED-ATC-M01AE,Ibuprofen,Anti-inflammatory,2.34
2014-07-09,MED-ATC-M01AE,Ibuprofen,Anti-inflammatory,6.34
2014-07-10,MED-ATC-M01AE,Ibuprofen,Anti-inflammatory,4.66
2014-07-11,MED-ATC-M01AE,Ibuprofen,Anti-inflammatory,1.68
2014-07-12,MED-ATC-M01AE,Ibuprofen,Anti-inflammatory,2.68
2014-07-13,MED-ATC-M01AE,Ibuprofen,Anti-inflammatory,1.34
2014-07-14,MED-ATC-M01AE,Ibuprofen,Anti-inflammatory,3.04
2014-07-15,MED-ATC-M01AE,Ibuprofen,Anti-inflammatory,1.68
2014-07-16,MED-ATC-M01AE,Ibuprofen,Anti-inflammatory,3.34
2014-07-17,MED-ATC-M01AE,Ibuprofen,Anti-inflammatory,3.0
2014-07-18,MED-ATC-M01AE,Ibuprofen,Anti-inflammatory,2.34
2014-07-19,MED-ATC-M01AE,Ibuprofen,Anti-inflammatory,7.02
2014-07-20,MED-ATC-M01AE,Ibuprofen,Anti-inflammatory,0.34
2014-07-21,MED-ATC-M01AE,Ibuprofen,Anti-inflammatory,4.68
2014-07-22,MED-ATC-M01AE,Ibuprofen,Anti-inflammatory,5.68
2014-07-23,MED-ATC-M01AE,Ibuprofen,Anti-inflammatory,6.37
2014-07-24,MED-ATC-M01AE,Ibuprofen,Anti-inflammatory,2.0
2014-07-25,MED-ATC-M01AE,Ibuprofen,Anti-inflammatory,2.02
2014-07-26,MED-ATC-M01AE,Ibuprofen,Anti-inflammatory,6.68
2014-07-27,MED-ATC-M01AE,Ibuprofen,Anti-inflammatory,1.34
2014-07-28,MED-ATC-M01AE,Ibuprofen,Anti-inflammatory,1.34
2014-07-29,MED-ATC-M01AE,Ibuprofen,Anti-inflammatory,0.68
2014-07-30,MED-ATC-M01AE,Ibuprofen,Anti-inflammatory,1.34
2014-07-31,MED-ATC-M01AE,Ibuprofen,Anti-inflammatory,0.34
2014-08-01,MED-ATC-M01AE,Ibuprofen,Anti-inflammatory,1.0
2014-08-02,MED-ATC-M01AE,Ibuprofen,Anti-inflammatory,2.01
2014-08-03,MED-ATC-M01AE,Ibuprofen,Anti-inflammatory,1.0
2014-08-04,MED-ATC-M01AE,Ibuprofen,Anti-inflammatory,5.02
2014-08-05,MED-ATC-M01AE,Ibuprofen,Anti-inflammatory,1.34
2014-08-06,MED-ATC-M01AE,Ibuprofen,Anti-inflammatory,5.0
2014-08-07,MED-ATC-M01AE,Ibuprofen,Anti-inflammatory,2.68
2014-08-08,MED-ATC-M01AE,Ibuprofen,Anti-inflammatory,4.02
2014-08-09,MED-ATC-M01AE,Ibuprofen,Anti-inflammatory,1.34
2014-08-10,MED-ATC-M01AE,Ibuprofen,Anti-inflammatory,0.34
2014-08-11,MED-ATC-M01AE,Ibuprofen,Anti-inflammatory,5.36
2014-08-12,MED-ATC-M01AE,Ibuprofen,Anti-inflammatory,1.36
2014-08-13,MED-ATC-M01AE,Ibuprofen,Anti-inflammatory,3.34
2014-08-14,MED-ATC-M01AE,Ibuprofen,Anti-inflammatory,2.34
2014-08-15,MED-ATC-M01AE,Ibuprofen,Anti-inflammatory,4.02
2014-08-16,MED-ATC-M01AE,Ibuprofen,Anti-inflammatory,2.43
2014-08-17,MED-ATC-M01AE,Ibuprofen,Anti-inflammatory,0.68
2014-08-18,MED-ATC-M01AE,Ibuprofen,Anti-inflammatory,6.0
2014-08-19,MED-ATC-M01AE,Ibuprofen,Anti-inflammatory,6.35
2014-08-20,MED-ATC-M01AE,Ibuprofen,Anti-inflammatory,5.34
2014-08-21,MED-ATC-M01AE,Ibuprofen,Anti-inflammatory,1.0
2014-08-22,MED-ATC-M01AE,Ibuprofen,Anti-inflammatory,1.34
2014-08-23,MED-ATC-M01AE,Ibuprofen,Anti-inflammatory,3.02
2014-08-24,MED-ATC-M01AE,Ibuprofen,Anti-inflammatory,2.175
2014-08-25,MED-ATC-M01AE,Ibuprofen,Anti-inflammatory,3.175
2014-08-26,MED-ATC-M01AE,Ibuprofen,Anti-inflammatory,5.34
2014-08-27,MED-ATC-M01AE,Ibuprofen,Anti-inflammatory,8.02
2014-08-28,MED-ATC-M01AE,Ibuprofen,Anti-inflammatory,5.36
2014-08-29,MED-ATC-M01AE,Ibuprofen,Anti-inflammatory,3.68
2014-08-30,MED-ATC-M01AE,Ibuprofen,Anti-inflammatory,3.02
2014-08-31,MED-ATC-M01AE,Ibuprofen,Anti-inflammatory,2.68
2014-09-01,MED-ATC-M01AE,Ibuprofen,Anti-inflammatory,1.715
2014-09-02,MED-ATC-M01AE,Ibuprofen,Anti-inflammatory,4.68
2014-09-03,MED-ATC-M01AE,Ibuprofen,Anti-inflammatory,6.34
2014-09-04,MED-ATC-M01AE,Ibuprofen,Anti-inflammatory,5.34
2014-09-05,MED-ATC-M01AE,Ibuprofen,Anti-inflammatory,0.779
2014-09-06,MED-ATC-M01AE,Ibuprofen,Anti-inflammatory,5.0
2014-09-07,MED-ATC-M01AE,Ibuprofen,Anti-inflammatory,5.515
2014-09-08,MED-ATC-M01AE,Ibuprofen,Anti-inflammatory,5.36
2014-09-09,MED-ATC-M01AE,Ibuprofen,Anti-inflammatory,2.34
2014-09-10,MED-ATC-M01AE,Ibuprofen,Anti-inflammatory,3.34
2014-09-11,MED-ATC-M01AE,Ibuprofen,Anti-inflammatory,1.34
2014-09-12,MED-ATC-M01AE,Ibuprofen,Anti-inflammatory,2.67
2014-09-13,MED-ATC-M01AE,Ibuprofen,Anti-inflammatory,5.36
2014-09-14,MED-ATC-M01AE,Ibuprofen,Anti-inflammatory,2.0
2014-09-15,MED-ATC-M01AE,Ibuprofen,Anti-inflammatory,3.0
2014-09-16,MED-ATC-M01AE,Ibuprofen,Anti-inflammatory,2.68
2014-09-17,MED-ATC-M01AE,Ibuprofen,Anti-inflammatory,6.0
2014-09-18,MED-ATC-M01AE,Ibuprofen,Anti-inflammatory,2.02
2014-09-19,MED-ATC-M01AE,Ibuprofen,Anti-inflammatory,4.34
2014-09-20,MED-ATC-M01AE,Ibuprofen,Anti-inflammatory,1.855
2014-09-21,MED-ATC-M01AE,Ibuprofen,Anti-inflammatory,3.02
2014-09-22,MED-ATC-M01AE,Ibuprofen,Anti-inflammatory,4.0
2014-09-23,MED-ATC-M01AE,Ibuprofen,Anti-inflammatory,3.34
2014-09-24,MED-ATC-M01AE,Ibuprofen,Anti-inflammatory,3.34
2014-09-25,MED-ATC-M01AE,Ibuprofen,Anti-inflammatory,6.34
2014-09-26,MED-ATC-M01AE,Ibuprofen,Anti-inflammatory,3.68
2014-09-27,MED-ATC-M01AE,Ibuprofen,Anti-inflammatory,2.0
2014-09-28,MED-ATC-M01AE,Ibuprofen,Anti-inflammatory,2.68
2014-09-29,MED-ATC-M01AE,Ibuprofen,Anti-inflammatory,3.68
2014-09-30,MED-ATC-M01AE,Ibuprofen,Anti-inflammatory,5.34
2014-10-01,MED-ATC-M01AE,Ibuprofen,Anti-inflammatory,0.0
2014-10-02,MED-ATC-M01AE,Ibuprofen,Anti-inflammatory,4.99
2014-10-03,MED-ATC-M01AE,Ibuprofen,Anti-inflammatory,1.34
2014-10-04,MED-ATC-M01AE,Ibuprofen,Anti-inflammatory,7.766
2014-10-05,MED-ATC-M01AE,Ibuprofen,Anti-inflammatory,3.34
2014-10-06,MED-ATC-M01AE,Ibuprofen,Anti-inflammatory,1.365
2014-10-07,MED-ATC-M01AE,Ibuprofen,Anti-inflammatory,4.34
2014-10-08,MED-ATC-M01AE,Ibuprofen,Anti-inflammatory,6.0
2014-10-09,MED-ATC-M01AE,Ibuprofen,Anti-inflammatory,4.69
2014-10-10,MED-ATC-M01AE,Ibuprofen,Anti-inflammatory,2.68
2014-10-11,MED-ATC-M01AE,Ibuprofen,Anti-inflammatory,3.68
2014-10-12,MED-ATC-M01AE,Ibuprofen,Anti-inflammatory,0.33
2014-10-13,MED-ATC-M01AE,Ibuprofen,Anti-inflammatory,4.0
2014-10-14,MED-ATC-M01AE,Ibuprofen,Anti-inflammatory,5.41
2014-10-15,MED-ATC-M01AE,Ibuprofen,Anti-inflammatory,6.35
2014-10-16,MED-ATC-M01AE,Ibuprofen,Anti-inflammatory,3.5103
2014-10-17,MED-ATC-M01AE,Ibuprofen,Anti-inflammatory,2.34
2014-10-18,MED-ATC-M01AE,Ibuprofen,Anti-inflammatory,6.0
2014-10-19,MED-ATC-M01AE,Ibuprofen,Anti-inflammatory,3.0
2014-10-20,MED-ATC-M01AE,Ibuprofen,Anti-inflammatory,5.66
2014-10-21,MED-ATC-M01AE,Ibuprofen,Anti-inflammatory,4.34
2014-10-22,MED-ATC-M01AE,Ibuprofen,Anti-inflammatory,2.0
2014-10-23,MED-ATC-M01AE,Ibuprofen,Anti-inflammatory,4.33
2014-10-24,MED-ATC-M01AE,Ibuprofen,Anti-inflammatory,2.67
2014-10-25,MED-ATC-M01AE,Ibuprofen,Anti-inflammatory,5.14
2014-10-26,MED-ATC-M01AE,Ibuprofen,Anti-inflammatory,1.0
2014-10-27,MED-ATC-M01AE,Ibuprofen,Anti-inflammatory,4.55
2014-10-28,MED-ATC-M01AE,Ibuprofen,Anti-inflammatory,3.48
2014-10-29,MED-ATC-M01AE,Ibuprofen,Anti-inflammatory,1.0
2014-10-30,MED-ATC-M01AE,Ibuprofen,Anti-inflammatory,1.0
2014-10-31,MED-ATC-M01AE,Ibuprofen,Anti-inflammatory,2.45
2014-11-01,MED-ATC-M01AE,Ibuprofen,Anti-inflammatory,2.34
2014-11-02,MED-ATC-M01AE,Ibuprofen,Anti-inflammatory,0.0
2014-11-03,MED-ATC-M01AE,Ibuprofen,Anti-inflammatory,4.33
2014-11-04,MED-ATC-M01AE,Ibuprofen,Anti-inflammatory,1.0
2014-11-05,MED-ATC-M01AE,Ibuprofen,Anti-inflammatory,1.68
2014-11-06,MED-ATC-M01AE,Ibuprofen,Anti-inflammatory,2.34
2014-11-07,MED-ATC-M01AE,Ibuprofen,Anti-inflammatory,10.34
2014-11-08,MED-ATC-M01AE,Ibuprofen,Anti-inflammatory,7.02
2014-11-09,MED-ATC-M01AE,Ibuprofen,Anti-inflammatory,4.34
2014-11-10,MED-ATC-M01AE,Ibuprofen,Anti-inflammatory,5.32
2014-11-11,MED-ATC-M01AE,Ibuprofen,Anti-inflammatory,4.0
2014-11-12,MED-ATC-M01AE,Ibuprofen,Anti-inflammatory,5.0
2014-11-13,MED-ATC-M01AE,Ibuprofen,Anti-inflammatory,2.0
2014-11-14,MED-ATC-M01AE,Ibuprofen,Anti-inflammatory,0.0
2014-11-15,MED-ATC-M01AE,Ibuprofen,Anti-inflammatory,5.34
2014-11-16,MED-ATC-M01AE,Ibuprofen,Anti-inflammatory,2.68
2014-11-17,MED-ATC-M01AE,Ibuprofen,Anti-inflammatory,5.01
2014-11-18,MED-ATC-M01AE,Ibuprofen,Anti-inflammatory,2.0
2014-11-19,MED-ATC-M01AE,Ibuprofen,Anti-inflammatory,3.67
2014-11-20,MED-ATC-M01AE,Ibuprofen,Anti-inflammatory,7.0
2014-11-21,MED-ATC-M01AE,Ibuprofen,Anti-inflammatory,1.34
2014-11-22,MED-ATC-M01AE,Ibuprofen,Anti-inflammatory,2.34
2014-11-23,MED-ATC-M01AE,Ibuprofen,Anti-inflammatory,3.68
2014-11-24,MED-ATC-M01AE,Ibuprofen,Anti-inflammatory,3.0
2014-11-25,MED-ATC-M01AE,Ibuprofen,Anti-inflammatory,1.68
2014-11-26,MED-ATC-M01AE,Ibuprofen,Anti-inflammatory,5.0
2014-11-27,MED-ATC-M01AE,Ibuprofen,Anti-inflammatory,3.67
2014-11-28,MED-ATC-M01AE,Ibuprofen,Anti-inflammatory,1.4
2014-11-29,MED-ATC-M01AE,Ibuprofen,Anti-inflammatory,2.01
2014-11-30,MED-ATC-M01AE,Ibuprofen,Anti-inflammatory,1.33
2014-12-01,MED-ATC-M01AE,Ibuprofen,Anti-inflammatory,4.01
2014-12-02,MED-ATC-M01AE,Ibuprofen,Anti-inflammatory,4.33
2014-12-03,MED-ATC-M01AE,Ibuprofen,Anti-inflammatory,3.33
2014-12-04,MED-ATC-M01AE,Ibuprofen,Anti-inflammatory,4.34
2014-12-05,MED-ATC-M01AE,Ibuprofen,Anti-inflammatory,5.68
2014-12-06,MED-ATC-M01AE,Ibuprofen,Anti-inflammatory,3.68
2014-12-07,MED-ATC-M01AE,Ibuprofen,Anti-inflammatory,4.911
2014-12-08,MED-ATC-M01AE,Ibuprofen,Anti-inflammatory,3.33
2014-12-09,MED-ATC-M01AE,Ibuprofen,Anti-inflammatory,2.34
2014-12-10,MED-ATC-M01AE,Ibuprofen,Anti-inflammatory,3.0
2014-12-11,MED-ATC-M01AE,Ibuprofen,Anti-inflammatory,5.33
2014-12-12,MED-ATC-M01AE,Ibuprofen,Anti-inflammatory,2.34
2014-12-13,MED-ATC-M01AE,Ibuprofen,Anti-inflammatory,3.34
2014-12-14,MED-ATC-M01AE,Ibuprofen,Anti-inflammatory,2.34
2014-12-15,MED-ATC-M01AE,Ibuprofen,Anti-inflammatory,4.02
2014-12-16,MED-ATC-M01AE,Ibuprofen,Anti-inflammatory,1.34
2014-12-17,MED-ATC-M01AE,Ibuprofen,Anti-inflammatory,3.67
2014-12-18,MED-ATC-M01AE,Ibuprofen,Anti-inflammatory,3.67
2014-12-19,MED-ATC-M01AE,Ibuprofen,Anti-inflammatory,0.0
2014-12-20,MED-ATC-M01AE,Ibuprofen,Anti-inflammatory,3.66
2014-12-21,MED-ATC-M01AE,Ibuprofen,Anti-inflammatory,4.33
2014-12-22,MED-ATC-M01AE,Ibuprofen,Anti-inflammatory,4.68
2014-12-23,MED-ATC-M01AE,Ibuprofen,Anti-inflammatory,3.0
2014-12-24,MED-ATC-M01AE,Ibuprofen,Anti-inflammatory,3.0
2014-12-25,MED-ATC-M01AE,Ibuprofen,Anti-inflammatory,2.0
2014-12-26,MED-ATC-M01AE,Ibuprofen,Anti-inflammatory,4.01
2014-12-27,MED-ATC-M01AE,Ibuprofen,Anti-inflammatory,5.34
2014-12-28,MED-ATC-M01AE,Ibuprofen,Anti-inflammatory,10.76
2014-12-29,MED-ATC-M01AE,Ibuprofen,Anti-inflammatory,3.66
2014-12-30,MED-ATC-M01AE,Ibuprofen,Anti-inflammatory,5.63
2014-12-31,MED-ATC-M01AE,Ibuprofen,Anti-inflammatory,6.33
2015-01-01,MED-ATC-M01AE,Ibuprofen,Anti-inflammatory,0.0
2015-01-02,MED-ATC-M01AE,Ibuprofen,Anti-inflammatory,5.33
2015-01-03,MED-ATC-M01AE,Ibuprofen,Anti-inflammatory,4.67
2015-01-04,MED-ATC-M01AE,Ibuprofen,Anti-inflammatory,8.92
2015-01-05,MED-ATC-M01AE,Ibuprofen,Anti-inflammatory,3.32
2015-01-06,MED-ATC-M01AE,Ibuprofen,Anti-inflammatory,9.37
2015-01-07,MED-ATC-M01AE,Ibuprofen,Anti-inflammatory,0.0
2015-01-08,MED-ATC-M01AE,Ibuprofen,Anti-inflammatory,7.077
2015-01-09,MED-ATC-M01AE,Ibuprofen,Anti-inflammatory,4.34
2015-01-10,MED-ATC-M01AE,Ibuprofen,Anti-inflammatory,5.864
2015-01-11,MED-ATC-M01AE,Ibuprofen,Anti-inflammatory,7.34
2015-01-12,MED-ATC-M01AE,Ibuprofen,Anti-inflammatory,3.34
2015-01-13,MED-ATC-M01AE,Ibuprofen,Anti-inflammatory,4.66
2015-01-14,MED-ATC-M01AE,Ibuprofen,Anti-inflammatory,3.34
2015-01-15,MED-ATC-M01AE,Ibuprofen,Anti-inflammatory,3.0
2015-01-16,MED-ATC-M01AE,Ibuprofen,Anti-inflammatory,5.99
2015-01-17,MED-ATC-M01AE,Ibuprofen,Anti-inflammatory,5.68
2015-01-18,MED-ATC-M01AE,Ibuprofen,Anti-inflammatory,4.34
2015-01-19,MED-ATC-M01AE,Ibuprofen,Anti-inflammatory,2.68
2015-01-20,MED-ATC-M01AE,Ibuprofen,Anti-inflammatory,0.33
2015-01-21,MED-ATC-M01AE,Ibuprofen,Anti-inflammatory,1.0
2015-01-22,MED-ATC-M01AE,Ibuprofen,Anti-inflammatory,1.34
2015-01-23,MED-ATC-M01AE,Ibuprofen,Anti-inflammatory,4.728
2015-01-24,MED-ATC-M01AE,Ibuprofen,Anti-inflammatory,3.33
2015-01-25,MED-ATC-M01AE,Ibuprofen,Anti-inflammatory,1.13
2015-01-26,MED-ATC-M01AE,Ibuprofen,Anti-inflammatory,4.67
2015-01-27,MED-ATC-M01AE,Ibuprofen,Anti-inflammatory,6.33
2015-01-28,MED-ATC-M01AE,Ibuprofen,Anti-inflammatory,5.34
2015-01-29,MED-ATC-M01AE,Ibuprofen,Anti-inflammatory,5.71
2015-01-30,MED-ATC-M01AE,Ibuprofen,Anti-inflammatory,1.068
2015-01-31,MED-ATC-M01AE,Ibuprofen,Anti-inflammatory,6.112
2015-02-01,MED-ATC-M01AE,Ibuprofen,Anti-inflammatory,7.35
2015-02-02,MED-ATC-M01AE,Ibuprofen,Anti-inflammatory,4.0
2015-02-03,MED-ATC-M01AE,Ibuprofen,Anti-inflammatory,3.0
2015-02-04,MED-ATC-M01AE,Ibuprofen,Anti-inflammatory,2.67
2015-02-05,MED-ATC-M01AE,Ibuprofen,Anti-inflammatory,5.57
2015-02-06,MED-ATC-M01AE,Ibuprofen,Anti-inflammatory,3.33
2015-02-07,MED-ATC-M01AE,Ibuprofen,Anti-inflammatory,5.0
2015-02-08,MED-ATC-M01AE,Ibuprofen,Anti-inflammatory,7.759
2015-02-09,MED-ATC-M01AE,Ibuprofen,Anti-inflammatory,3.54
2015-02-10,MED-ATC-M01AE,Ibuprofen,Anti-inflammatory,8.67
2015-02-11,MED-ATC-M01AE,Ibuprofen,Anti-inflammatory,5.14
2015-02-12,MED-ATC-M01AE,Ibuprofen,Anti-inflammatory,4.0
2015-02-13,MED-ATC-M01AE,Ibuprofen,Anti-inflammatory,4.23
2015-02-14,MED-ATC-M01AE,Ibuprofen,Anti-inflammatory,1.736
2015-02-15,MED-ATC-M01AE,Ibuprofen,Anti-inflammatory,2.33
2015-02-16,MED-ATC-M01AE,Ibuprofen,Anti-inflammatory,3.75
2015-02-17,MED-ATC-M01AE,Ibuprofen,Anti-inflammatory,8.693
2015-02-18,MED-ATC-M01AE,Ibuprofen,Anti-inflammatory,2.66
2015-02-19,MED-ATC-M01AE,Ibuprofen,Anti-inflammatory,3.332
2015-02-20,MED-ATC-M01AE,Ibuprofen,Anti-inflammatory,4.66
2015-02-21,MED-ATC-M01AE,Ibuprofen,Anti-inflammatory,5.347
2015-02-22,MED-ATC-M01AE,Ibuprofen,Anti-inflammatory,4.34
2015-02-23,MED-ATC-M01AE,Ibuprofen,Anti-inflammatory,3.16
2015-02-24,MED-ATC-M01AE,Ibuprofen,Anti-inflammatory,3.34
2015-02-25,MED-ATC-M01AE,Ibuprofen,Anti-inflammatory,6.33
2015-02-26,MED-ATC-M01AE,Ibuprofen,Anti-inflammatory,2.0
2015-02-27,MED-ATC-M01AE,Ibuprofen,Anti-inflammatory,4.473
2015-02-28,MED-ATC-M01AE,Ibuprofen,Anti-inflammatory,3.33
2015-03-01,MED-ATC-M01AE,Ibuprofen,Anti-inflammatory,7.893
2015-03-02,MED-ATC-M01AE,Ibuprofen,Anti-inflammatory,4.68
2015-03-03,MED-ATC-M01AE,Ibuprofen,Anti-inflammatory,6.03
2015-03-04,MED-ATC-M01AE,Ibuprofen,Anti-inflammatory,5.67
2015-03-05,MED-ATC-M01AE,Ibuprofen,Anti-inflammatory,2.33
2015-03-06,MED-ATC-M01AE,Ibuprofen,Anti-inflammatory,2.67
2015-03-07,MED-ATC-M01AE,Ibuprofen,Anti-inflammatory,1.0
2015-03-08,MED-ATC-M01AE,Ibuprofen,Anti-inflammatory,3.397
2015-03-09,MED-ATC-M01AE,Ibuprofen,Anti-inflammatory,3.0
2015-03-10,MED-ATC-M01AE,Ibuprofen,Anti-inflammatory,3.66
2015-03-11,MED-ATC-M01AE,Ibuprofen,Anti-inflammatory,5.0
2015-03-12,MED-ATC-M01AE,Ibuprofen,Anti-inflammatory,6.387
2015-03-13,MED-ATC-M01AE,Ibuprofen,Anti-inflammatory,3.33
2015-03-14,MED-ATC-M01AE,Ibuprofen,Anti-inflammatory,4.33
2015-03-15,MED-ATC-M01AE,Ibuprofen,Anti-inflammatory,4.16
2015-03-16,MED-ATC-M01AE,Ibuprofen,Anti-inflammatory,3.01
2015-03-17,MED-ATC-M01AE,Ibuprofen,Anti-inflammatory,3.0
2015-03-18,MED-ATC-M01AE,Ibuprofen,Anti-inflammatory,2.0
2015-03-19,MED-ATC-M01AE,Ibuprofen,Anti-inflammatory,2.33
2015-03-20,MED-ATC-M01AE,Ibuprofen,Anti-inflammatory,7.0
2015-03-21,MED-ATC-M01AE,Ibuprofen,Anti-inflammatory,3.34
2015-03-22,MED-ATC-M01AE,Ibuprofen,Anti-inflammatory,6.67
2015-03-23,MED-ATC-M01AE,Ibuprofen,Anti-inflammatory,4.34
2015-03-24,MED-ATC-M01AE,Ibuprofen,Anti-inflammatory,5.472
2015-03-25,MED-ATC-M01AE,Ibuprofen,Anti-inflammatory,8.66
2015-03-26,MED-ATC-M01AE,Ibuprofen,Anti-inflammatory,1.747
2015-03-27,MED-ATC-M01AE,Ibuprofen,Anti-inflammatory,2.67
2015-03-28,MED-ATC-M01AE,Ibuprofen,Anti-inflammatory,3.056
2015-03-29,MED-ATC-M01AE,Ibuprofen,Anti-inflammatory,5.727
2015-03-30,MED-ATC-M01AE,Ibuprofen,Anti-inflammatory,4.827
2015-03-31,MED-ATC-M01AE,Ibuprofen,Anti-inflammatory,2.0
2015-04-01,MED-ATC-M01AE,Ibuprofen,Anti-inflammatory,1.33
2015-04-02,MED-ATC-M01AE,Ibuprofen,Anti-inflammatory,3.99
2015-04-03,MED-ATC-M01AE,Ibuprofen,Anti-inflammatory,2.32
2015-04-04,MED-ATC-M01AE,Ibuprofen,Anti-inflammatory,4.33
2015-04-05,MED-ATC-M01AE,Ibuprofen,Anti-inflammatory,5.01
2015-04-06,MED-ATC-M01AE,Ibuprofen,Anti-inflammatory,3.33
2015-04-07,MED-ATC-M01AE,Ibuprofen,Anti-inflammatory,3.66
2015-04-08,MED-ATC-M01AE,Ibuprofen,Anti-inflammatory,2.33
2015-04-09,MED-ATC-M01AE,Ibuprofen,Anti-inflammatory,6.0
2015-04-10,MED-ATC-M01AE,Ibuprofen,Anti-inflammatory,6.505
2015-04-11,MED-ATC-M01AE,Ibuprofen,Anti-inflammatory,3.0
2015-04-12,MED-ATC-M01AE,Ibuprofen,Anti-inflammatory,0.0
2015-04-13,MED-ATC-M01AE,Ibuprofen,Anti-inflammatory,1.34
2015-04-14,MED-ATC-M01AE,Ibuprofen,Anti-inflammatory,6.01
2015-04-15,MED-ATC-M01AE,Ibuprofen,Anti-inflammatory,2.33
2015-04-16,MED-ATC-M01AE,Ibuprofen,Anti-inflammatory,1.0
2015-04-17,MED-ATC-M01AE,Ibuprofen,Anti-inflammatory,3.66
2015-04-18,MED-ATC-M01AE,Ibuprofen,Anti-inflammatory,3.0
2015-04-19,MED-ATC-M01AE,Ibuprofen,Anti-inflammatory,5.528
2015-04-20,MED-ATC-M01AE,Ibuprofen,Anti-inflammatory,5.043
2015-04-21,MED-ATC-M01AE,Ibuprofen,Anti-inflammatory,1.0
2015-04-22,MED-ATC-M01AE,Ibuprofen,Anti-inflammatory,4.627
2015-04-23,MED-ATC-M01AE,Ibuprofen,Anti-inflammatory,1.0
2015-04-24,MED-ATC-M01AE,Ibuprofen,Anti-inflammatory,1.0
2015-04-25,MED-ATC-M01AE,Ibuprofen,Anti-inflammatory,3.165
2015-04-26,MED-ATC-M01AE,Ibuprofen,Anti-inflammatory,6.0
2015-04-27,MED-ATC-M01AE,Ibuprofen,Anti-inflammatory,0.78
2015-04-28,MED-ATC-M01AE,Ibuprofen,Anti-inflammatory,4.67
2015-04-29,MED-ATC-M01AE,Ibuprofen,Anti-inflammatory,0.43
2015-04-30,MED-ATC-M01AE,Ibuprofen,Anti-inflammatory,8.727
2015-05-01,MED-ATC-M01AE,Ibuprofen,Anti-inflammatory,1.68
2015-05-02,MED-ATC-M01AE,Ibuprofen,Anti-inflammatory,3.66
2015-05-03,MED-ATC-M01AE,Ibuprofen,Anti-inflammatory,1.066
2015-05-04,MED-ATC-M01AE,Ibuprofen,Anti-inflammatory,4.723
2015-05-05,MED-ATC-M01AE,Ibuprofen,Anti-inflammatory,3.462
2015-05-06,MED-ATC-M01AE,Ibuprofen,Anti-inflammatory,6.497
2015-05-07,MED-ATC-M01AE,Ibuprofen,Anti-inflammatory,3.34
2015-05-08,MED-ATC-M01AE,Ibuprofen,Anti-inflammatory,6.34
2015-05-09,MED-ATC-M01AE,Ibuprofen,Anti-inflammatory,4.34
2015-05-10,MED-ATC-M01AE,Ibuprofen,Anti-inflammatory,5.427
2015-05-11,MED-ATC-M01AE,Ibuprofen,Anti-inflammatory,6.66
2015-05-12,MED-ATC-M01AE,Ibuprofen,Anti-inflammatory,1.99
2015-05-13,MED-ATC-M01AE,Ibuprofen,Anti-inflammatory,3.44
2015-05-14,MED-ATC-M01AE,Ibuprofen,Anti-inflammatory,5.067
2015-05-15,MED-ATC-M01AE,Ibuprofen,Anti-inflammatory,6.53
2015-05-16,MED-ATC-M01AE,Ibuprofen,Anti-inflammatory,4.066
2015-05-17,MED-ATC-M01AE,Ibuprofen,Anti-inflammatory,3.33
2015-05-18,MED-ATC-M01AE,Ibuprofen,Anti-inflammatory,2.713
2015-05-19,MED-ATC-M01AE,Ibuprofen,Anti-inflammatory,1.66
2015-05-20,MED-ATC-M01AE,Ibuprofen,Anti-inflammatory,6.465
2015-05-21,MED-ATC-M01AE,Ibuprofen,Anti-inflammatory,1.957
2015-05-22,MED-ATC-M01AE,Ibuprofen,Anti-inflammatory,0.198
2015-05-23,MED-ATC-M01AE,Ibuprofen,Anti-inflammatory,2.69
2015-05-24,MED-ATC-M01AE,Ibuprofen,Anti-inflammatory,7.769
2015-05-25,MED-ATC-M01AE,Ibuprofen,Anti-inflammatory,3.33
2015-05-26,MED-ATC-M01AE,Ibuprofen,Anti-inflammatory,3.34
2015-05-27,MED-ATC-M01AE,Ibuprofen,Anti-inflammatory,2.66
2015-05-28,MED-ATC-M01AE,Ibuprofen,Anti-inflammatory,2.33
2015-05-29,MED-ATC-M01AE,Ibuprofen,Anti-inflammatory,5.01
2015-05-30,MED-ATC-M01AE,Ibuprofen,Anti-inflammatory,2.68
2015-05-31,MED-ATC-M01AE,Ibuprofen,Anti-inflammatory,4.697
2015-06-01,MED-ATC-M01AE,Ibuprofen,Anti-inflammatory,5.0
2015-06-02,MED-ATC-M01AE,Ibuprofen,Anti-inflammatory,8.0
2015-06-03,MED-ATC-M01AE,Ibuprofen,Anti-inflammatory,1.66
2015-06-04,MED-ATC-M01AE,Ibuprofen,Anti-inflammatory,4.0
2015-06-05,MED-ATC-M01AE,Ibuprofen,Anti-inflammatory,0.67
2015-06-06,MED-ATC-M01AE,Ibuprofen,Anti-inflammatory,3.68
2015-06-07,MED-ATC-M01AE,Ibuprofen,Anti-inflammatory,5.01
2015-06-08,MED-ATC-M01AE,Ibuprofen,Anti-inflammatory,5.66
2015-06-09,MED-ATC-M01AE,Ibuprofen,Anti-inflammatory,4.0
2015-06-10,MED-ATC-M01AE,Ibuprofen,Anti-inflammatory,3.01
2015-06-11,MED-ATC-M01AE,Ibuprofen,Anti-inflammatory,2.33
2015-06-12,MED-ATC-M01AE,Ibuprofen,Anti-inflammatory,1.66
2015-06-13,MED-ATC-M01AE,Ibuprofen,Anti-inflammatory,4.66
2015-06-14,MED-ATC-M01AE,Ibuprofen,Anti-inflammatory,3.67
2015-06-15,MED-ATC-M01AE,Ibuprofen,Anti-inflammatory,3.36
2015-06-16,MED-ATC-M01AE,Ibuprofen,Anti-inflammatory,3.34
2015-06-17,MED-ATC-M01AE,Ibuprofen,Anti-inflammatory,3.32
2015-06-18,MED-ATC-M01AE,Ibuprofen,Anti-inflammatory,5.33
2015-06-19,MED-ATC-M01AE,Ibuprofen,Anti-inflammatory,4.01
2015-06-20,MED-ATC-M01AE,Ibuprofen,Anti-inflammatory,3.0
2015-06-21,MED-ATC-M01AE,Ibuprofen,Anti-inflammatory,0.68
2015-06-22,MED-ATC-M01AE,Ibuprofen,Anti-inflammatory,6.99
2015-06-23,MED-ATC-M01AE,Ibuprofen,Anti-inflammatory,5.67
2015-06-24,MED-ATC-M01AE,Ibuprofen,Anti-inflammatory,4.0
2015-06-25,MED-ATC-M01AE,Ibuprofen,Anti-inflammatory,4.34
2015-06-26,MED-ATC-M01AE,Ibuprofen,Anti-inflammatory,0.33
2015-06-27,MED-ATC-M01AE,Ibuprofen,Anti-inflammatory,3.33
2015-06-28,MED-ATC-M01AE,Ibuprofen,Anti-inflammatory,4.65
2015-06-29,MED-ATC-M01AE,Ibuprofen,Anti-inflammatory,3.66
2015-06-30,MED-ATC-M01AE,Ibuprofen,Anti-inflammatory,4.67
2015-07-01,MED-ATC-M01AE,Ibuprofen,Anti-inflammatory,5.68
2015-07-02,MED-ATC-M01AE,Ibuprofen,Anti-inflammatory,2.0
2015-07-03,MED-ATC-M01AE,Ibuprofen,Anti-inflammatory,4.33
2015-07-04,MED-ATC-M01AE,Ibuprofen,Anti-inflammatory,2.34
2015-07-05,MED-ATC-M01AE,Ibuprofen,Anti-inflammatory,4.34
2015-07-06,MED-ATC-M01AE,Ibuprofen,Anti-inflammatory,4.68
2015-07-07,MED-ATC-M01AE,Ibuprofen,Anti-inflammatory,4.68
2015-07-08,MED-ATC-M01AE,Ibuprofen,Anti-inflammatory,1.35
2015-07-09,MED-ATC-M01AE,Ibuprofen,Anti-inflammatory,1.67
2015-07-10,MED-ATC-M01AE,Ibuprofen,Anti-inflammatory,6.34
2015-07-11,MED-ATC-M01AE,Ibuprofen,Anti-inflammatory,2.33
2015-07-12,MED-ATC-M01AE,Ibuprofen,Anti-inflammatory,5.33
2015-07-13,MED-ATC-M01AE,Ibuprofen,Anti-inflammatory,0.66
2015-07-14,MED-ATC-M01AE,Ibuprofen,Anti-inflammatory,4.33
2015-07-15,MED-ATC-M01AE,Ibuprofen,Anti-inflammatory,1.66
2015-07-16,MED-ATC-M01AE,Ibuprofen,Anti-inflammatory,3.33
2015-07-17,MED-ATC-M01AE,Ibuprofen,Anti-inflammatory,1.33
2015-07-18,MED-ATC-M01AE,Ibuprofen,Anti-inflammatory,7.38
2015-07-19,MED-ATC-M01AE,Ibuprofen,Anti-inflammatory,1.68
2015-07-20,MED-ATC-M01AE,Ibuprofen,Anti-inflammatory,4.67
2015-07-21,MED-ATC-M01AE,Ibuprofen,Anti-inflammatory,1.0
2015-07-22,MED-ATC-M01AE,Ibuprofen,Anti-inflammatory,0.34
2015-07-23,MED-ATC-M01AE,Ibuprofen,Anti-inflammatory,4.0
2015-07-24,MED-ATC-M01AE,Ibuprofen,Anti-inflammatory,6.34
2015-07-25,MED-ATC-M01AE,Ibuprofen,Anti-inflammatory,4.0
2015-07-26,MED-ATC-M01AE,Ibuprofen,Anti-inflammatory,2.99
2015-07-27,MED-ATC-M01AE,Ibuprofen,Anti-inflammatory,3.34
2015-07-28,MED-ATC-M01AE,Ibuprofen,Anti-inflammatory,6.02
2015-07-29,MED-ATC-M01AE,Ibuprofen,Anti-inflammatory,3.34
2015-07-30,MED-ATC-M01AE,Ibuprofen,Anti-inflammatory,3.33
2015-07-31,MED-ATC-M01AE,Ibuprofen,Anti-inflammatory,9.0
2015-08-01,MED-ATC-M01AE,Ibuprofen,Anti-inflammatory,5.0
2015-08-02,MED-ATC-M01AE,Ibuprofen,Anti-inflammatory,6.7
2015-08-03,MED-ATC-M01AE,Ibuprofen,Anti-inflammatory,2.33
2015-08-04,MED-ATC-M01AE,Ibuprofen,Anti-inflammatory,2.33
2015-08-05,MED-ATC-M01AE,Ibuprofen,Anti-inflammatory,3.33
2015-08-06,MED-ATC-M01AE,Ibuprofen,Anti-inflammatory,1.67
2015-08-07,MED-ATC-M01AE,Ibuprofen,Anti-inflammatory,4.0
2015-08-08,MED-ATC-M01AE,Ibuprofen,Anti-inflammatory,5.33
2015-08-09,MED-ATC-M01AE,Ibuprofen,Anti-inflammatory,3.66
2015-08-10,MED-ATC-M01AE,Ibuprofen,Anti-inflammatory,5.68
2015-08-11,MED-ATC-M01AE,Ibuprofen,Anti-inflammatory,6.66
2015-08-12,MED-ATC-M01AE,Ibuprofen,Anti-inflammatory,7.693
2015-08-13,MED-ATC-M01AE,Ibuprofen,Anti-inflammatory,2.0
2015-08-14,MED-ATC-M01AE,Ibuprofen,Anti-inflammatory,4.66
2015-08-15,MED-ATC-M01AE,Ibuprofen,Anti-inflammatory,6.34
2015-08-16,MED-ATC-M01AE,Ibuprofen,Anti-inflammatory,4.67
2015-08-17,MED-ATC-M01AE,Ibuprofen,Anti-inflammatory,3.0
2015-08-18,MED-ATC-M01AE,Ibuprofen,Anti-inflammatory,2.67
2015-08-19,MED-ATC-M01AE,Ibuprofen,Anti-inflammatory,2.66
2015-08-20,MED-ATC-M01AE,Ibuprofen,Anti-inflammatory,3.68
2015-08-21,MED-ATC-M01AE,Ibuprofen,Anti-inflammatory,0.67
2015-08-22,MED-ATC-M01AE,Ibuprofen,Anti-inflammatory,6.736
2015-08-23,MED-ATC-M01AE,Ibuprofen,Anti-inflammatory,5.33
2015-08-24,MED-ATC-M01AE,Ibuprofen,Anti-inflammatory,3.66
2015-08-25,MED-ATC-M01AE,Ibuprofen,Anti-inflammatory,2.67
2015-08-26,MED-ATC-M01AE,Ibuprofen,Anti-inflammatory,4.02
2015-08-27,MED-ATC-M01AE,Ibuprofen,Anti-inflammatory,3.0
2015-08-28,MED-ATC-M01AE,Ibuprofen,Anti-inflammatory,8.67
2015-08-29,MED-ATC-M01AE,Ibuprofen,Anti-inflammatory,10.34
2015-08-30,MED-ATC-M01AE,Ibuprofen,Anti-inflammatory,6.02
2015-08-31,MED-ATC-M01AE,Ibuprofen,Anti-inflammatory,9.34
2015-09-01,MED-ATC-M01AE,Ibuprofen,Anti-inflammatory,2.84
2015-09-02,MED-ATC-M01AE,Ibuprofen,Anti-inflammatory,7.0
2015-09-03,MED-ATC-M01AE,Ibuprofen,Anti-inflammatory,3.68
2015-09-04,MED-ATC-M01AE,Ibuprofen,Anti-inflammatory,2.68
2015-09-05,MED-ATC-M01AE,Ibuprofen,Anti-inflammatory,6.01
2015-09-06,MED-ATC-M01AE,Ibuprofen,Anti-inflammatory,9.67
2015-09-07,MED-ATC-M01AE,Ibuprofen,Anti-inflammatory,6.124
2015-09-08,MED-ATC-M01AE,Ibuprofen,Anti-inflammatory,1.693
2015-09-09,MED-ATC-M01AE,Ibuprofen,Anti-inflammatory,3.0
2015-09-10,MED-ATC-M01AE,Ibuprofen,Anti-inflammatory,3.99
2015-09-11,MED-ATC-M01AE,Ibuprofen,Anti-inflammatory,5.0
2015-09-12,MED-ATC-M01AE,Ibuprofen,Anti-inflammatory,7.66
2015-09-13,MED-ATC-M01AE,Ibuprofen,Anti-inflammatory,6.165
2015-09-14,MED-ATC-M01AE,Ibuprofen,Anti-inflammatory,5.0
2015-09-15,MED-ATC-M01AE,Ibuprofen,Anti-inflammatory,5.076
2015-09-16,MED-ATC-M01AE,Ibuprofen,Anti-inflammatory,4.835
2015-09-17,MED-ATC-M01AE,Ibuprofen,Anti-inflammatory,6.33
2015-09-18,MED-ATC-M01AE,Ibuprofen,Anti-inflammatory,1.33
2015-09-19,MED-ATC-M01AE,Ibuprofen,Anti-inflammatory,0.99
2015-09-20,MED-ATC-M01AE,Ibuprofen,Anti-inflammatory,3.99
2015-09-21,MED-ATC-M01AE,Ibuprofen,Anti-inflammatory,10.0
2015-09-22,MED-ATC-M01AE,Ibuprofen,Anti-inflammatory,1.33
2015-09-23,MED-ATC-M01AE,Ibuprofen,Anti-inflammatory,4.056
2015-09-24,MED-ATC-M01AE,Ibuprofen,Anti-inflammatory,4.34
2015-09-25,MED-ATC-M01AE,Ibuprofen,Anti-inflammatory,4.98
2015-09-26,MED-ATC-M01AE,Ibuprofen,Anti-inflammatory,3.33
2015-09-27,MED-ATC-M01AE,Ibuprofen,Anti-inflammatory,3.0
2015-09-28,MED-ATC-M01AE,Ibuprofen,Anti-inflammatory,1.33
2015-09-29,MED-ATC-M01AE,Ibuprofen,Anti-inflammatory,4.363
2015-09-30,MED-ATC-M01AE,Ibuprofen,Anti-inflammatory,4.33
2015-10-01,MED-ATC-M01AE,Ibuprofen,Anti-inflammatory,5.99
2015-10-02,MED-ATC-M01AE,Ibuprofen,Anti-inflammatory,4.726
2015-10-03,MED-ATC-M01AE,Ibuprofen,Anti-inflammatory,5.34
2015-10-04,MED-ATC-M01AE,Ibuprofen,Anti-inflammatory,4.0
2015-10-05,MED-ATC-M01AE,Ibuprofen,Anti-inflammatory,2.373
2015-10-06,MED-ATC-M01AE,Ibuprofen,Anti-inflammatory,3.66
2015-10-07,MED-ATC-M01AE,Ibuprofen,Anti-inflammatory,2.66
2015-10-08,MED-ATC-M01AE,Ibuprofen,Anti-inflammatory,4.33
2015-10-09,MED-ATC-M01AE,Ibuprofen,Anti-inflammatory,2.769
2015-10-10,MED-ATC-M01AE,Ibuprofen,Anti-inflammatory,5.66
2015-10-11,MED-ATC-M01AE,Ibuprofen,Anti-inflammatory,2.792
2015-10-12,MED-ATC-M01AE,Ibuprofen,Anti-inflammatory,7.33
2015-10-13,MED-ATC-M01AE,Ibuprofen,Anti-inflammatory,7.0
2015-10-14,MED-ATC-M01AE,Ibuprofen,Anti-inflammatory,7.33
2015-10-15,MED-ATC-M01AE,Ibuprofen,Anti-inflammatory,5.726
2015-10-16,MED-ATC-M01AE,Ibuprofen,Anti-inflammatory,3.33
2015-10-17,MED-ATC-M01AE,Ibuprofen,Anti-inflammatory,2.837
2015-10-18,MED-ATC-M01AE,Ibuprofen,Anti-inflammatory,6.54
2015-10-19,MED-ATC-M01AE,Ibuprofen,Anti-inflammatory,3.802
2015-10-20,MED-ATC-M01AE,Ibuprofen,Anti-inflammatory,1.99
2015-10-21,MED-ATC-M01AE,Ibuprofen,Anti-inflammatory,2.363
2015-10-22,MED-ATC-M01AE,Ibuprofen,Anti-inflammatory,0.34
2015-10-23,MED-ATC-M01AE,Ibuprofen,Anti-inflammatory,1.66
2015-10-24,MED-ATC-M01AE,Ibuprofen,Anti-inflammatory,8.35
2015-10-25,MED-ATC-M01AE,Ibuprofen,Anti-inflammatory,3.33
2015-10-26,MED-ATC-M01AE,Ibuprofen,Anti-inflammatory,5.33
2015-10-27,MED-ATC-M01AE,Ibuprofen,Anti-inflammatory,2.0
2015-10-28,MED-ATC-M01AE,Ibuprofen,Anti-inflammatory,1.66
2015-10-29,MED-ATC-M01AE,Ibuprofen,Anti-inflammatory,3.693
2015-10-30,MED-ATC-M01AE,Ibuprofen,Anti-inflammatory,3.67
2015-10-31,MED-ATC-M01AE,Ibuprofen,Anti-inflammatory,4.65
2015-11-01,MED-ATC-M01AE,Ibuprofen,Anti-inflammatory,7.99
2015-11-02,MED-ATC-M01AE,Ibuprofen,Anti-inflammatory,4.33
2015-11-03,MED-ATC-M01AE,Ibuprofen,Anti-inflammatory,4.35
2015-11-04,MED-ATC-M01AE,Ibuprofen,Anti-inflammatory,2.34
2015-11-05,MED-ATC-M01AE,Ibuprofen,Anti-inflammatory,3.561
2015-11-06,MED-ATC-M01AE,Ibuprofen,Anti-inflammatory,6.736
2015-11-07,MED-ATC-M01AE,Ibuprofen,Anti-inflammatory,3.11
2015-11-08,MED-ATC-M01AE,Ibuprofen,Anti-inflammatory,3.67
2015-11-09,MED-ATC-M01AE,Ibuprofen,Anti-inflammatory,6.198
2015-11-10,MED-ATC-M01AE,Ibuprofen,Anti-inflammatory,7.482
2015-11-11,MED-ATC-M01AE,Ibuprofen,Anti-inflammatory,5.34
2015-11-12,MED-ATC-M01AE,Ibuprofen,Anti-inflammatory,4.33
2015-11-13,MED-ATC-M01AE,Ibuprofen,Anti-inflammatory,2.44
2015-11-14,MED-ATC-M01AE,Ibuprofen,Anti-inflammatory,0.33
2015-11-15,MED-ATC-M01AE,Ibuprofen,Anti-inflammatory,11.99
2015-11-16,MED-ATC-M01AE,Ibuprofen,Anti-inflammatory,3.67
2015-11-17,MED-ATC-M01AE,Ibuprofen,Anti-inflammatory,4.693
2015-11-18,MED-ATC-M01AE,Ibuprofen,Anti-inflammatory,5.33
2015-11-19,MED-ATC-M01AE,Ibuprofen,Anti-inflammatory,2.99
2015-11-20,MED-ATC-M01AE,Ibuprofen,Anti-inflammatory,1.66
2015-11-21,MED-ATC-M01AE,Ibuprofen,Anti-inflammatory,2.01
2015-11-22,MED-ATC-M01AE,Ibuprofen,Anti-inflammatory,3.439
2015-11-23,MED-ATC-M01AE,Ibuprofen,Anti-inflammatory,1.0
2015-11-24,MED-ATC-M01AE,Ibuprofen,Anti-inflammatory,6.33
2015-11-25,MED-ATC-M01AE,Ibuprofen,Anti-inflammatory,5.33
2015-11-26,MED-ATC-M01AE,Ibuprofen,Anti-inflammatory,4.0
2015-11-27,MED-ATC-M01AE,Ibuprofen,Anti-inflammatory,4.373
2015-11-28,MED-ATC-M01AE,Ibuprofen,Anti-inflammatory,3.66
2015-11-29,MED-ATC-M01AE,Ibuprofen,Anti-inflammatory,3.726
2015-11-30,MED-ATC-M01AE,Ibuprofen,Anti-inflammatory,1.825
2015-12-01,MED-ATC-M01AE,Ibuprofen,Anti-inflammatory,2.023
2015-12-02,MED-ATC-M01AE,Ibuprofen,Anti-inflammatory,3.33
2015-12-03,MED-ATC-M01AE,Ibuprofen,Anti-inflammatory,3.0
2015-12-04,MED-ATC-M01AE,Ibuprofen,Anti-inflammatory,4.759
2015-12-05,MED-ATC-M01AE,Ibuprofen,Anti-inflammatory,3.033
2015-12-06,MED-ATC-M01AE,Ibuprofen,Anti-inflammatory,7.0
2015-12-07,MED-ATC-M01AE,Ibuprofen,Anti-inflammatory,2.099
2015-12-08,MED-ATC-M01AE,Ibuprofen,Anti-inflammatory,6.34
2015-12-09,MED-ATC-M01AE,Ibuprofen,Anti-inflammatory,3.472
2015-12-10,MED-ATC-M01AE,Ibuprofen,Anti-inflammatory,10.69
2015-12-11,MED-ATC-M01AE,Ibuprofen,Anti-inflammatory,6.165
2015-12-12,MED-ATC-M01AE,Ibuprofen,Anti-inflammatory,3.2
2015-12-13,MED-ATC-M01AE,Ibuprofen,Anti-inflammatory,4.32
2015-12-14,MED-ATC-M01AE,Ibuprofen,Anti-inflammatory,3.0
2015-12-15,MED-ATC-M01AE,Ibuprofen,Anti-inflammatory,2.0
2015-12-16,MED-ATC-M01AE,Ibuprofen,Anti-inflammatory,4.0
2015-12-17,MED-ATC-M01AE,Ibuprofen,Anti-inflammatory,3.01
2015-12-18,MED-ATC-M01AE,Ibuprofen,Anti-inflammatory,8.901
2015-12-19,MED-ATC-M01AE,Ibuprofen,Anti-inflammatory,0.0
2015-12-20,MED-ATC-M01AE,Ibuprofen,Anti-inflammatory,3.474
2015-12-21,MED-ATC-M01AE,Ibuprofen,Anti-inflammatory,6.34
2015-12-22,MED-ATC-M01AE,Ibuprofen,Anti-inflammatory,0.0
2015-12-23,MED-ATC-M01AE,Ibuprofen,Anti-inflammatory,4.01
2015-12-24,MED-ATC-M01AE,Ibuprofen,Anti-inflammatory,3.396
2015-12-25,MED-ATC-M01AE,Ibuprofen,Anti-inflammatory,4.66
2015-12-26,MED-ATC-M01AE,Ibuprofen,Anti-inflammatory,1.66
2015-12-27,MED-ATC-M01AE,Ibuprofen,Anti-inflammatory,6.792
2015-12-28,MED-ATC-M01AE,Ibuprofen,Anti-inflammatory,5.099
2015-12-29,MED-ATC-M01AE,Ibuprofen,Anti-inflammatory,2.33
2015-12-30,MED-ATC-M01AE,Ibuprofen,Anti-inflammatory,7.089
2015-12-31,MED-ATC-M01AE,Ibuprofen,Anti-inflammatory,6.099
2016-01-01,MED-ATC-M01AE,Ibuprofen,Anti-inflammatory,0.0
2016-01-02,MED-ATC-M01AE,Ibuprofen,Anti-inflammatory,1.02
2016-01-03,MED-ATC-M01AE,Ibuprofen,Anti-inflammatory,4.0
2016-01-04,MED-ATC-M01AE,Ibuprofen,Anti-inflammatory,5.99
2016-01-05,MED-ATC-M01AE,Ibuprofen,Anti-inflammatory,5.99
2016-01-06,MED-ATC-M01AE,Ibuprofen,Anti-inflammatory,3.0
2016-01-07,MED-ATC-M01AE,Ibuprofen,Anti-inflammatory,0.0
2016-01-08,MED-ATC-M01AE,Ibuprofen,Anti-inflammatory,3.463
2016-01-09,MED-ATC-M01AE,Ibuprofen,Anti-inflammatory,2.66
2016-01-10,MED-ATC-M01AE,Ibuprofen,Anti-inflammatory,4.033
2016-01-11,MED-ATC-M01AE,Ibuprofen,Anti-inflammatory,5.66
2016-01-12,MED-ATC-M01AE,Ibuprofen,Anti-inflammatory,3.132
2016-01-13,MED-ATC-M01AE,Ibuprofen,Anti-inflammatory,1.66
2016-01-14,MED-ATC-M01AE,Ibuprofen,Anti-inflammatory,5.155
2016-01-15,MED-ATC-M01AE,Ibuprofen,Anti-inflammatory,4.66
2016-01-16,MED-ATC-M01AE,Ibuprofen,Anti-inflammatory,5.34
2016-01-17,MED-ATC-M01AE,Ibuprofen,Anti-inflammatory,1.604
2016-01-18,MED-ATC-M01AE,Ibuprofen,Anti-inflammatory,2.99
2016-01-19,MED-ATC-M01AE,Ibuprofen,Anti-inflammatory,5.66
2016-01-20,MED-ATC-M01AE,Ibuprofen,Anti-inflammatory,3.363
2016-01-21,MED-ATC-M01AE,Ibuprofen,Anti-inflammatory,1.43
2016-01-22,MED-ATC-M01AE,Ibuprofen,Anti-inflammatory,7.678
2016-01-23,MED-ATC-M01AE,Ibuprofen,Anti-inflammatory,6.132
2016-01-24,MED-ATC-M01AE,Ibuprofen,Anti-inflammatory,6.122
2016-01-25,MED-ATC-M01AE,Ibuprofen,Anti-inflammatory,4.26
2016-01-26,MED-ATC-M01AE,Ibuprofen,Anti-inflammatory,4.069
2016-01-27,MED-ATC-M01AE,Ibuprofen,Anti-inflammatory,4.429
2016-01-28,MED-ATC-M01AE,Ibuprofen,Anti-inflammatory,6.66
2016-01-29,MED-ATC-M01AE,Ibuprofen,Anti-inflammatory,8.67
2016-01-30,MED-ATC-M01AE,Ibuprofen,Anti-inflammatory,4.429
2016-01-31,MED-ATC-M01AE,Ibuprofen,Anti-inflammatory,5.143
2016-02-01,MED-ATC-M01AE,Ibuprofen,Anti-inflammatory,5.0
2016-02-02,MED-ATC-M01AE,Ibuprofen,Anti-inflammatory,4.878
2016-02-03,MED-ATC-M01AE,Ibuprofen,Anti-inflammatory,6.693
2016-02-04,MED-ATC-M01AE,Ibuprofen,Anti-inflammatory,4.0
2016-02-05,MED-ATC-M01AE,Ibuprofen,Anti-inflammatory,2.0
2016-02-06,MED-ATC-M01AE,Ibuprofen,Anti-inflammatory,10.33
2016-02-07,MED-ATC-M01AE,Ibuprofen,Anti-inflammatory,6.056
2016-02-08,MED-ATC-M01AE,Ibuprofen,Anti-inflammatory,6.99
2016-02-09,MED-ATC-M01AE,Ibuprofen,Anti-inflammatory,3.33
2016-02-10,MED-ATC-M01AE,Ibuprofen,Anti-inflammatory,4.703
2016-02-11,MED-ATC-M01AE,Ibuprofen,Anti-inflammatory,4.156
2016-02-12,MED-ATC-M01AE,Ibuprofen,Anti-inflammatory,6.429
2016-02-13,MED-ATC-M01AE,Ibuprofen,Anti-inflammatory,3.67
2016-02-14,MED-ATC-M01AE,Ibuprofen,Anti-inflammatory,7.34
2016-02-15,MED-ATC-M01AE,Ibuprofen,Anti-inflammatory,5.33
2016-02-16,MED-ATC-M01AE,Ibuprofen,Anti-inflammatory,2.32
2016-02-17,MED-ATC-M01AE,Ibuprofen,Anti-inflammatory,5.0
2016-02-18,MED-ATC-M01AE,Ibuprofen,Anti-inflammatory,1.0
2016-02-19,MED-ATC-M01AE,Ibuprofen,Anti-inflammatory,1.67
2016-02-20,MED-ATC-M01AE,Ibuprofen,Anti-inflammatory,4.122
2016-02-21,MED-ATC-M01AE,Ibuprofen,Anti-inflammatory,4.0
2016-02-22,MED-ATC-M01AE,Ibuprofen,Anti-inflammatory,5.32
2016-02-23,MED-ATC-M01AE,Ibuprofen,Anti-inflammatory,2.33
2016-02-24,MED-ATC-M01AE,Ibuprofen,Anti-inflammatory,2.33
2016-02-25,MED-ATC-M01AE,Ibuprofen,Anti-inflammatory,3.99
2016-02-26,MED-ATC-M01AE,Ibuprofen,Anti-inflammatory,5.848
2016-02-27,MED-ATC-M01AE,Ibuprofen,Anti-inflammatory,7.0
2016-02-28,MED-ATC-M01AE,Ibuprofen,Anti-inflammatory,4.033
2016-02-29,MED-ATC-M01AE,Ibuprofen,Anti-inflammatory,7.66
2016-03-01,MED-ATC-M01AE,Ibuprofen,Anti-inflammatory,4.0
2016-03-02,MED-ATC-M01AE,Ibuprofen,Anti-inflammatory,10.396
2016-03-03,MED-ATC-M01AE,Ibuprofen,Anti-inflammatory,2.0
2016-03-04,MED-ATC-M01AE,Ibuprofen,Anti-inflammatory,0.99
2016-03-05,MED-ATC-M01AE,Ibuprofen,Anti-inflammatory,4.891
2016-03-06,MED-ATC-M01AE,Ibuprofen,Anti-inflammatory,8.145
2016-03-07,MED-ATC-M01AE,Ibuprofen,Anti-inflammatory,7.34
2016-03-08,MED-ATC-M01AE,Ibuprofen,Anti-inflammatory,6.66
2016-03-09,MED-ATC-M01AE,Ibuprofen,Anti-inflammatory,5.67
2016-03-10,MED-ATC-M01AE,Ibuprofen,Anti-inflammatory,10.33
2016-03-11,MED-ATC-M01AE,Ibuprofen,Anti-inflammatory,4.363
2016-03-12,MED-ATC-M01AE,Ibuprofen,Anti-inflammatory,6.373
2016-03-13,MED-ATC-M01AE,Ibuprofen,Anti-inflammatory,4.134
2016-03-14,MED-ATC-M01AE,Ibuprofen,Anti-inflammatory,3.32
2016-03-15,MED-ATC-M01AE,Ibuprofen,Anti-inflammatory,3.32
2016-03-16,MED-ATC-M01AE,Ibuprofen,Anti-inflammatory,13.34
2016-03-17,MED-ATC-M01AE,Ibuprofen,Anti-inflammatory,5.396
2016-03-18,MED-ATC-M01AE,Ibuprofen,Anti-inflammatory,5.353
2016-03-19,MED-ATC-M01AE,Ibuprofen,Anti-inflammatory,8.33
2016-03-20,MED-ATC-M01AE,Ibuprofen,Anti-inflammatory,9.693
2016-03-21,MED-ATC-M01AE,Ibuprofen,Anti-inflammatory,8.056
2016-03-22,MED-ATC-M01AE,Ibuprofen,Anti-inflammatory,0.0
2016-03-23,MED-ATC-M01AE,Ibuprofen,Anti-inflammatory,3.0
2016-03-24,MED-ATC-M01AE,Ibuprofen,Anti-inflammatory,2.0
2016-03-25,MED-ATC-M01AE,Ibuprofen,Anti-inflammatory,7.35
2016-03-26,MED-ATC-M01AE,Ibuprofen,Anti-inflammatory,0.66
2016-03-27,MED-ATC-M01AE,Ibuprofen,Anti-inflammatory,5.449
2016-03-28,MED-ATC-M01AE,Ibuprofen,Anti-inflammatory,2.34
2016-03-29,MED-ATC-M01AE,Ibuprofen,Anti-inflammatory,1.33
2016-03-30,MED-ATC-M01AE,Ibuprofen,Anti-inflammatory,2.68
2016-03-31,MED-ATC-M01AE,Ibuprofen,Anti-inflammatory,8.68
2016-04-01,MED-ATC-M01AE,Ibuprofen,Anti-inflammatory,3.01
2016-04-02,MED-ATC-M01AE,Ibuprofen,Anti-inflammatory,2.0
2016-04-03,MED-ATC-M01AE,Ibuprofen,Anti-inflammatory,7.396
2016-04-04,MED-ATC-M01AE,Ibuprofen,Anti-inflammatory,5.231
2016-04-05,MED-ATC-M01AE,Ibuprofen,Anti-inflammatory,5.33
2016-04-06,MED-ATC-M01AE,Ibuprofen,Anti-inflammatory,5.363
2016-04-07,MED-ATC-M01AE,Ibuprofen,Anti-inflammatory,5.98
2016-04-08,MED-ATC-M01AE,Ibuprofen,Anti-inflammatory,3.66
2016-04-09,MED-ATC-M01AE,Ibuprofen,Anti-inflammatory,9.01
2016-04-10,MED-ATC-M01AE,Ibuprofen,Anti-inflammatory,6.67
2016-04-11,MED-ATC-M01AE,Ibuprofen,Anti-inflammatory,4.99
2016-04-12,MED-ATC-M01AE,Ibuprofen,Anti-inflammatory,4.65
2016-04-13,MED-ATC-M01AE,Ibuprofen,Anti-inflammatory,3.066
2016-04-14,MED-ATC-M01AE,Ibuprofen,Anti-inflammatory,2.32
2016-04-15,MED-ATC-M01AE,Ibuprofen,Anti-inflammatory,3.056
2016-04-16,MED-ATC-M01AE,Ibuprofen,Anti-inflammatory,6.66
2016-04-17,MED-ATC-M01AE,Ibuprofen,Anti-inflammatory,8.175
2016-04-18,MED-ATC-M01AE,Ibuprofen,Anti-inflammatory,2.0
2016-04-19,MED-ATC-M01AE,Ibuprofen,Anti-inflammatory,1.34
2016-04-20,MED-ATC-M01AE,Ibuprofen,Anti-inflammatory,3.33
2016-04-21,MED-ATC-M01AE,Ibuprofen,Anti-inflammatory,3.464
2016-04-22,MED-ATC-M01AE,Ibuprofen,Anti-inflammatory,5.67
2016-04-23,MED-ATC-M01AE,Ibuprofen,Anti-inflammatory,3.69
2016-04-24,MED-ATC-M01AE,Ibuprofen,Anti-inflammatory,6.66
2016-04-25,MED-ATC-M01AE,Ibuprofen,Anti-inflammatory,1.66
2016-04-26,MED-ATC-M01AE,Ibuprofen,Anti-inflammatory,4.99
2016-04-27,MED-ATC-M01AE,Ibuprofen,Anti-inflammatory,7.495
2016-04-28,MED-ATC-M01AE,Ibuprofen,Anti-inflammatory,6.34
2016-04-29,MED-ATC-M01AE,Ibuprofen,Anti-inflammatory,3.0
2016-04-30,MED-ATC-M01AE,Ibuprofen,Anti-inflammatory,10.32
2016-05-01,MED-ATC-M01AE,Ibuprofen,Anti-inflammatory,0.0
2016-05-02,MED-ATC-M01AE,Ibuprofen,Anti-inflammatory,1.02
2016-05-03,MED-ATC-M01AE,Ibuprofen,Anti-inflammatory,5.99
2016-05-04,MED-ATC-M01AE,Ibuprofen,Anti-inflammatory,3.0
2016-05-05,MED-ATC-M01AE,Ibuprofen,Anti-inflammatory,3.0
2016-05-06,MED-ATC-M01AE,Ibuprofen,Anti-inflammatory,2.99
2016-05-07,MED-ATC-M01AE,Ibuprofen,Anti-inflammatory,8.34
2016-05-08,MED-ATC-M01AE,Ibuprofen,Anti-inflammatory,10.66
2016-05-09,MED-ATC-M01AE,Ibuprofen,Anti-inflammatory,6.363
2016-05-10,MED-ATC-M01AE,Ibuprofen,Anti-inflammatory,3.67
2016-05-11,MED-ATC-M01AE,Ibuprofen,Anti-inflammatory,4.66
2016-05-12,MED-ATC-M01AE,Ibuprofen,Anti-inflammatory,1.759
2016-05-13,MED-ATC-M01AE,Ibuprofen,Anti-inflammatory,2.33
2016-05-14,MED-ATC-M01AE,Ibuprofen,Anti-inflammatory,4.67
2016-05-15,MED-ATC-M01AE,Ibuprofen,Anti-inflammatory,8.188
2016-05-16,MED-ATC-M01AE,Ibuprofen,Anti-inflammatory,3.66
2016-05-17,MED-ATC-M01AE,Ibuprofen,Anti-inflammatory,2.33
2016-05-18,MED-ATC-M01AE,Ibuprofen,Anti-inflammatory,5.33
2016-05-19,MED-ATC-M01AE,Ibuprofen,Anti-inflammatory,5.66
2016-05-20,MED-ATC-M01AE,Ibuprofen,Anti-inflammatory,1.132
2016-05-21,MED-ATC-M01AE,Ibuprofen,Anti-inflammatory,5.34
2016-05-22,MED-ATC-M01AE,Ibuprofen,Anti-inflammatory,4.51
2016-05-23,MED-ATC-M01AE,Ibuprofen,Anti-inflammatory,2.363
2016-05-24,MED-ATC-M01AE,Ibuprofen,Anti-inflammatory,3.167
2016-05-25,MED-ATC-M01AE,Ibuprofen,Anti-inflammatory,1.67
2016-05-26,MED-ATC-M01AE,Ibuprofen,Anti-inflammatory,5.33
2016-05-27,MED-ATC-M01AE,Ibuprofen,Anti-inflammatory,2.683
2016-05-28,MED-ATC-M01AE,Ibuprofen,Anti-inflammatory,0.363
2016-05-29,MED-ATC-M01AE,Ibuprofen,Anti-inflammatory,4.33
2016-05-30,MED-ATC-M01AE,Ibuprofen,Anti-inflammatory,3.023
2016-05-31,MED-ATC-M01AE,Ibuprofen,Anti-inflammatory,3.33
2016-06-01,MED-ATC-M01AE,Ibuprofen,Anti-inflammatory,1.1
2016-06-02,MED-ATC-M01AE,Ibuprofen,Anti-inflammatory,6.0
2016-06-03,MED-ATC-M01AE,Ibuprofen,Anti-inflammatory,3.0
2016-06-04,MED-ATC-M01AE,Ibuprofen,Anti-inflammatory,3.34
2016-06-05,MED-ATC-M01AE,Ibuprofen,Anti-inflammatory,3.066
2016-06-06,MED-ATC-M01AE,Ibuprofen,Anti-inflammatory,2.802
2016-06-07,MED-ATC-M01AE,Ibuprofen,Anti-inflammatory,3.363
2016-06-08,MED-ATC-M01AE,Ibuprofen,Anti-inflammatory,1.33
2016-06-09,MED-ATC-M01AE,Ibuprofen,Anti-inflammatory,4.33
2016-06-10,MED-ATC-M01AE,Ibuprofen,Anti-inflammatory,4.0
2016-06-11,MED-ATC-M01AE,Ibuprofen,Anti-inflammatory,2.825
2016-06-12,MED-ATC-M01AE,Ibuprofen,Anti-inflammatory,7.353
2016-06-13,MED-ATC-M01AE,Ibuprofen,Anti-inflammatory,4.736
2016-06-14,MED-ATC-M01AE,Ibuprofen,Anti-inflammatory,6.0
2016-06-15,MED-ATC-M01AE,Ibuprofen,Anti-inflammatory,5.495
2016-06-16,MED-ATC-M01AE,Ibuprofen,Anti-inflammatory,0.33
2016-06-17,MED-ATC-M01AE,Ibuprofen,Anti-inflammatory,3.67
2016-06-18,MED-ATC-M01AE,Ibuprofen,Anti-inflammatory,4.33
2016-06-19,MED-ATC-M01AE,Ibuprofen,Anti-inflammatory,6.01
2016-06-20,MED-ATC-M01AE,Ibuprofen,Anti-inflammatory,3.34
2016-06-21,MED-ATC-M01AE,Ibuprofen,Anti-inflammatory,4.66
2016-06-22,MED-ATC-M01AE,Ibuprofen,Anti-inflammatory,6.067
2016-06-23,MED-ATC-M01AE,Ibuprofen,Anti-inflammatory,0.33
2016-06-24,MED-ATC-M01AE,Ibuprofen,Anti-inflammatory,2.34
2016-06-25,MED-ATC-M01AE,Ibuprofen,Anti-inflammatory,4.99
2016-06-26,MED-ATC-M01AE,Ibuprofen,Anti-inflammatory,3.845
2016-06-27,MED-ATC-M01AE,Ibuprofen,Anti-inflammatory,3.067
2016-06-28,MED-ATC-M01AE,Ibuprofen,Anti-inflammatory,1.429
2016-06-29,MED-ATC-M01AE,Ibuprofen,Anti-inflammatory,8.01
2016-06-30,MED-ATC-M01AE,Ibuprofen,Anti-inflammatory,3.803
2016-07-01,MED-ATC-M01AE,Ibuprofen,Anti-inflammatory,2.01
2016-07-02,MED-ATC-M01AE,Ibuprofen,Anti-inflammatory,5.132
2016-07-03,MED-ATC-M01AE,Ibuprofen,Anti-inflammatory,4.165
2016-07-04,MED-ATC-M01AE,Ibuprofen,Anti-inflammatory,5.34
2016-07-05,MED-ATC-M01AE,Ibuprofen,Anti-inflammatory,4.01
2016-07-06,MED-ATC-M01AE,Ibuprofen,Anti-inflammatory,5.726
2016-07-07,MED-ATC-M01AE,Ibuprofen,Anti-inflammatory,5.01
2016-07-08,MED-ATC-M01AE,Ibuprofen,Anti-inflammatory,7.056
2016-07-09,MED-ATC-M01AE,Ibuprofen,Anti-inflammatory,6.0
2016-07-10,MED-ATC-M01AE,Ibuprofen,Anti-inflammatory,8.32
2016-07-11,MED-ATC-M01AE,Ibuprofen,Anti-inflammatory,1.703
2016-07-12,MED-ATC-M01AE,Ibuprofen,Anti-inflammatory,2.67
2016-07-13,MED-ATC-M01AE,Ibuprofen,Anti-inflammatory,7.0
2016-07-14,MED-ATC-M01AE,Ibuprofen,Anti-inflammatory,2.363
2016-07-15,MED-ATC-M01AE,Ibuprofen,Anti-inflammatory,8.0
2016-07-16,MED-ATC-M01AE,Ibuprofen,Anti-inflammatory,6.737
2016-07-17,MED-ATC-M01AE,Ibuprofen,Anti-inflammatory,4.01
2016-07-18,MED-ATC-M01AE,Ibuprofen,Anti-inflammatory,2.497
2016-07-19,MED-ATC-M01AE,Ibuprofen,Anti-inflammatory,1.33
2016-07-20,MED-ATC-M01AE,Ibuprofen,Anti-inflammatory,4.66
2016-07-21,MED-ATC-M01AE,Ibuprofen,Anti-inflammatory,5.32
2016-07-22,MED-ATC-M01AE,Ibuprofen,Anti-inflammatory,1.66
2016-07-23,MED-ATC-M01AE,Ibuprofen,Anti-inflammatory,5.49
2016-07-24,MED-ATC-M01AE,Ibuprofen,Anti-inflammatory,4.99
2016-07-25,MED-ATC-M01AE,Ibuprofen,Anti-inflammatory,3.33
2016-07-26,MED-ATC-M01AE,Ibuprofen,Anti-inflammatory,2.66
2016-07-27,MED-ATC-M01AE,Ibuprofen,Anti-inflammatory,6.33
2016-07-28,MED-ATC-M01AE,Ibuprofen,Anti-inflammatory,3.99
2016-07-29,MED-ATC-M01AE,Ibuprofen,Anti-inflammatory,4.51
2016-07-30,MED-ATC-M01AE,Ibuprofen,Anti-inflammatory,3.99
2016-07-31,MED-ATC-M01AE,Ibuprofen,Anti-inflammatory,5.01
2016-08-01,MED-ATC-M01AE,Ibuprofen,Anti-inflammatory,1.396
2016-08-02,MED-ATC-M01AE,Ibuprofen,Anti-inflammatory,7.0
2016-08-03,MED-ATC-M01AE,Ibuprofen,Anti-inflammatory,2.98
2016-08-04,MED-ATC-M01AE,Ibuprofen,Anti-inflammatory,2.693
2016-08-05,MED-ATC-M01AE,Ibuprofen,Anti-inflammatory,3.42
2016-08-06,MED-ATC-M01AE,Ibuprofen,Anti-inflammatory,3.662
2016-08-07,MED-ATC-M01AE,Ibuprofen,Anti-inflammatory,4.155
2016-08-08,MED-ATC-M01AE,Ibuprofen,Anti-inflammatory,5.99
2016-08-09,MED-ATC-M01AE,Ibuprofen,Anti-inflammatory,4.66
2016-08-10,MED-ATC-M01AE,Ibuprofen,Anti-inflammatory,2.99
2016-08-11,MED-ATC-M01AE,Ibuprofen,Anti-inflammatory,3.66
2016-08-12,MED-ATC-M01AE,Ibuprofen,Anti-inflammatory,5.66
2016-08-13,MED-ATC-M01AE,Ibuprofen,Anti-inflammatory,6.737
2016-08-14,MED-ATC-M01AE,Ibuprofen,Anti-inflammatory,4.857
2016-08-15,MED-ATC-M01AE,Ibuprofen,Anti-inflammatory,2.33
2016-08-16,MED-ATC-M01AE,Ibuprofen,Anti-inflammatory,4.66
2016-08-17,MED-ATC-M01AE,Ibuprofen,Anti-inflammatory,2.01
2016-08-18,MED-ATC-M01AE,Ibuprofen,Anti-inflammatory,3.363
2016-08-19,MED-ATC-M01AE,Ibuprofen,Anti-inflammatory,4.33
2016-08-20,MED-ATC-M01AE,Ibuprofen,Anti-inflammatory,2.99
2016-08-21,MED-ATC-M01AE,Ibuprofen,Anti-inflammatory,3.627
2016-08-22,MED-ATC-M01AE,Ibuprofen,Anti-inflammatory,3.386
2016-08-23,MED-ATC-M01AE,Ibuprofen,Anti-inflammatory,3.066
2016-08-24,MED-ATC-M01AE,Ibuprofen,Anti-inflammatory,3.487
2016-08-25,MED-ATC-M01AE,Ibuprofen,Anti-inflammatory,2.67
2016-08-26,MED-ATC-M01AE,Ibuprofen,Anti-inflammatory,2.023
2016-08-27,MED-ATC-M01AE,Ibuprofen,Anti-inflammatory,1.736
2016-08-28,MED-ATC-M01AE,Ibuprofen,Anti-inflammatory,7.02
2016-08-29,MED-ATC-M01AE,Ibuprofen,Anti-inflammatory,0.67
2016-08-30,MED-ATC-M01AE,Ibuprofen,Anti-inflammatory,1.32
2016-08-31,MED-ATC-M01AE,Ibuprofen,Anti-inflammatory,5.827
2016-09-01,MED-ATC-M01AE,Ibuprofen,Anti-inflammatory,3.66
2016-09-02,MED-ATC-M01AE,Ibuprofen,Anti-inflammatory,4.02
2016-09-03,MED-ATC-M01AE,Ibuprofen,Anti-inflammatory,4.025
2016-09-04,MED-ATC-M01AE,Ibuprofen,Anti-inflammatory,4.396
2016-09-05,MED-ATC-M01AE,Ibuprofen,Anti-inflammatory,4.396
2016-09-06,MED-ATC-M01AE,Ibuprofen,Anti-inflammatory,1.33
2016-09-07,MED-ATC-M01AE,Ibuprofen,Anti-inflammatory,2.19
2016-09-08,MED-ATC-M01AE,Ibuprofen,Anti-inflammatory,2.99
2016-09-09,MED-ATC-M01AE,Ibuprofen,Anti-inflammatory,3.99
2016-09-10,MED-ATC-M01AE,Ibuprofen,Anti-inflammatory,11.31
2016-09-11,MED-ATC-M01AE,Ibuprofen,Anti-inflammatory,6.99
2016-09-12,MED-ATC-M01AE,Ibuprofen,Anti-inflammatory,6.0
2016-09-13,MED-ATC-M01AE,Ibuprofen,Anti-inflammatory,5.759
2016-09-14,MED-ATC-M01AE,Ibuprofen,Anti-inflammatory,3.792
2016-09-15,MED-ATC-M01AE,Ibuprofen,Anti-inflammatory,6.628
2016-09-16,MED-ATC-M01AE,Ibuprofen,Anti-inflammatory,1.33
2016-09-17,MED-ATC-M01AE,Ibuprofen,Anti-inflammatory,3.693
2016-09-18,MED-ATC-M01AE,Ibuprofen,Anti-inflammatory,7.32
2016-09-19,MED-ATC-M01AE,Ibuprofen,Anti-inflammatory,3.396
2016-09-20,MED-ATC-M01AE,Ibuprofen,Anti-inflammatory,2.792
2016-09-21,MED-ATC-M01AE,Ibuprofen,Anti-inflammatory,4.31
2016-09-22,MED-ATC-M01AE,Ibuprofen,Anti-inflammatory,2.33
2016-09-23,MED-ATC-M01AE,Ibuprofen,Anti-inflammatory,6.99
2016-09-24,MED-ATC-M01AE,Ibuprofen,Anti-inflammatory,3.779
2016-09-25,MED-ATC-M01AE,Ibuprofen,Anti-inflammatory,4.33
2016-09-26,MED-ATC-M01AE,Ibuprofen,Anti-inflammatory,1.0
2016-09-27,MED-ATC-M01AE,Ibuprofen,Anti-inflammatory,4.67
2016-09-28,MED-ATC-M01AE,Ibuprofen,Anti-inflammatory,1.802
2016-09-29,MED-ATC-M01AE,Ibuprofen,Anti-inflammatory,2.0
2016-09-30,MED-ATC-M01AE,Ibuprofen,Anti-inflammatory,5.0
2016-10-01,MED-ATC-M01AE,Ibuprofen,Anti-inflammatory,7.65
2016-10-02,MED-ATC-M01AE,Ibuprofen,Anti-inflammatory,4.056
2016-10-03,MED-ATC-M01AE,Ibuprofen,Anti-inflammatory,5.33
2016-10-04,MED-ATC-M01AE,Ibuprofen,Anti-inflammatory,2.99
2016-10-05,MED-ATC-M01AE,Ibuprofen,Anti-inflammatory,4.0
2016-10-06,MED-ATC-M01AE,Ibuprofen,Anti-inflammatory,3.99
2016-10-07,MED-ATC-M01AE,Ibuprofen,Anti-inflammatory,4.297
2016-10-08,MED-ATC-M01AE,Ibuprofen,Anti-inflammatory,6.33
2016-10-09,MED-ATC-M01AE,Ibuprofen,Anti-inflammatory,5.02
2016-10-10,MED-ATC-M01AE,Ibuprofen,Anti-inflammatory,5.066
2016-10-11,MED-ATC-M01AE,Ibuprofen,Anti-inflammatory,2.406
2016-10-12,MED-ATC-M01AE,Ibuprofen,Anti-inflammatory,2.373
2016-10-13,MED-ATC-M01AE,Ibuprofen,Anti-inflammatory,4.33
2016-10-14,MED-ATC-M01AE,Ibuprofen,Anti-inflammatory,4.0
2016-10-15,MED-ATC-M01AE,Ibuprofen,Anti-inflammatory,5.97
2016-10-16,MED-ATC-M01AE,Ibuprofen,Anti-inflammatory,5.122
2016-10-17,MED-ATC-M01AE,Ibuprofen,Anti-inflammatory,5.0
2016-10-18,MED-ATC-M01AE,Ibuprofen,Anti-inflammatory,5.056
2016-10-19,MED-ATC-M01AE,Ibuprofen,Anti-inflammatory,6.66
2016-10-20,MED-ATC-M01AE,Ibuprofen,Anti-inflammatory,5.66
2016-10-21,MED-ATC-M01AE,Ibuprofen,Anti-inflammatory,3.825
2016-10-22,MED-ATC-M01AE,Ibuprofen,Anti-inflammatory,2.67
2016-10-23,MED-ATC-M01AE,Ibuprofen,Anti-inflammatory,5.78
2016-10-24,MED-ATC-M01AE,Ibuprofen,Anti-inflammatory,3.023
2016-10-25,MED-ATC-M01AE,Ibuprofen,Anti-inflammatory,4.572
2016-10-26,MED-ATC-M01AE,Ibuprofen,Anti-inflammatory,2.397
2016-10-27,MED-ATC-M01AE,Ibuprofen,Anti-inflammatory,2.023
2016-10-28,MED-ATC-M01AE,Ibuprofen,Anti-inflammatory,3.78
2016-10-29,MED-ATC-M01AE,Ibuprofen,Anti-inflammatory,4.54
2016-10-30,MED-ATC-M01AE,Ibuprofen,Anti-inflammatory,10.32
2016-10-31,MED-ATC-M01AE,Ibuprofen,Anti-inflammatory,3.82
2016-11-01,MED-ATC-M01AE,Ibuprofen,Anti-inflammatory,1.703
2016-11-02,MED-ATC-M01AE,Ibuprofen,Anti-inflammatory,3.703
2016-11-03,MED-ATC-M01AE,Ibuprofen,Anti-inflammatory,1.0
2016-11-04,MED-ATC-M01AE,Ibuprofen,Anti-inflammatory,4.373
2016-11-05,MED-ATC-M01AE,Ibuprofen,Anti-inflammatory,3.02
2016-11-06,MED-ATC-M01AE,Ibuprofen,Anti-inflammatory,4.34
2016-11-07,MED-ATC-M01AE,Ibuprofen,Anti-inflammatory,2.726
2016-11-08,MED-ATC-M01AE,Ibuprofen,Anti-inflammatory,2.35
2016-11-09,MED-ATC-M01AE,Ibuprofen,Anti-inflammatory,5.66
2016-11-10,MED-ATC-M01AE,Ibuprofen,Anti-inflammatory,6.33
2016-11-11,MED-ATC-M01AE,Ibuprofen,Anti-inflammatory,1.759
2016-11-12,MED-ATC-M01AE,Ibuprofen,Anti-inflammatory,3.825
2016-11-13,MED-ATC-M01AE,Ibuprofen,Anti-inflammatory,11.32
2016-11-14,MED-ATC-M01AE,Ibuprofen,Anti-inflammatory,4.726
2016-11-15,MED-ATC-M01AE,Ibuprofen,Anti-inflammatory,0.33
2016-11-16,MED-ATC-M01AE,Ibuprofen,Anti-inflammatory,3.167
2016-11-17,MED-ATC-M01AE,Ibuprofen,Anti-inflammatory,2.726
2016-11-18,MED-ATC-M01AE,Ibuprofen,Anti-inflammatory,4.33
2016-11-19,MED-ATC-M01AE,Ibuprofen,Anti-inflammatory,2.7
2016-11-20,MED-ATC-M01AE,Ibuprofen,Anti-inflammatory,4.34
2016-11-21,MED-ATC-M01AE,Ibuprofen,Anti-inflammatory,3.34
2016-11-22,MED-ATC-M01AE,Ibuprofen,Anti-inflammatory,4.703
2016-11-23,MED-ATC-M01AE,Ibuprofen,Anti-inflammatory,4.33
2016-11-24,MED-ATC-M01AE,Ibuprofen,Anti-inflammatory,4.333
2016-11-25,MED-ATC-M01AE,Ibuprofen,Anti-inflammatory,5.0
2016-11-26,MED-ATC-M01AE,Ibuprofen,Anti-inflammatory,5.0
2016-11-27,MED-ATC-M01AE,Ibuprofen,Anti-inflammatory,5.693
2016-11-28,MED-ATC-M01AE,Ibuprofen,Anti-inflammatory,1.363
2016-11-29,MED-ATC-M01AE,Ibuprofen,Anti-inflammatory,5.67
2016-11-30,MED-ATC-M01AE,Ibuprofen,Anti-inflammatory,2.99
2016-12-01,MED-ATC-M01AE,Ibuprofen,Anti-inflammatory,2.363
2016-12-02,MED-ATC-M01AE,Ibuprofen,Anti-inflammatory,1.076
2016-12-03,MED-ATC-M01AE,Ibuprofen,Anti-inflammatory,2.68
2016-12-04,MED-ATC-M01AE,Ibuprofen,Anti-inflammatory,9.123
2016-12-05,MED-ATC-M01AE,Ibuprofen,Anti-inflammatory,1.68
2016-12-06,MED-ATC-M01AE,Ibuprofen,Anti-inflammatory,5.09
2016-12-07,MED-ATC-M01AE,Ibuprofen,Anti-inflammatory,2.726
2016-12-08,MED-ATC-M01AE,Ibuprofen,Anti-inflammatory,1.67
2016-12-09,MED-ATC-M01AE,Ibuprofen,Anti-inflammatory,1.67
2016-12-10,MED-ATC-M01AE,Ibuprofen,Anti-inflammatory,6.33
2016-12-11,MED-ATC-M01AE,Ibuprofen,Anti-inflammatory,4.726
2016-12-12,MED-ATC-M01AE,Ibuprofen,Anti-inflammatory,2.429
2016-12-13,MED-ATC-M01AE,Ibuprofen,Anti-inflammatory,4.0
2016-12-14,MED-ATC-M01AE,Ibuprofen,Anti-inflammatory,3.78
2016-12-15,MED-ATC-M01AE,Ibuprofen,Anti-inflammatory,3.33
2016-12-16,MED-ATC-M01AE,Ibuprofen,Anti-inflammatory,6.32
2016-12-17,MED-ATC-M01AE,Ibuprofen,Anti-inflammatory,2.66
2016-12-18,MED-ATC-M01AE,Ibuprofen,Anti-inflammatory,5.02
2016-12-19,MED-ATC-M01AE,Ibuprofen,Anti-inflammatory,0.0
2016-12-20,MED-ATC-M01AE,Ibuprofen,Anti-inflammatory,3.66
2016-12-21,MED-ATC-M01AE,Ibuprofen,Anti-inflammatory,2.812
2016-12-22,MED-ATC-M01AE,Ibuprofen,Anti-inflammatory,4.165
2016-12-23,MED-ATC-M01AE,Ibuprofen,Anti-inflammatory,4.67
2016-12-24,MED-ATC-M01AE,Ibuprofen,Anti-inflammatory,6.7
2016-12-25,MED-ATC-M01AE,Ibuprofen,Anti-inflammatory,7.627
2016-12-26,MED-ATC-M01AE,Ibuprofen,Anti-inflammatory,4.66
2016-12-27,MED-ATC-M01AE,Ibuprofen,Anti-inflammatory,5.0
2016-12-28,MED-ATC-M01AE,Ibuprofen,Anti-inflammatory,6.33
2016-12-29,MED-ATC-M01AE,Ibuprofen,Anti-inflammatory,6.01
2016-12-30,MED-ATC-M01AE,Ibuprofen,Anti-inflammatory,8.99
2016-12-31,MED-ATC-M01AE,Ibuprofen,Anti-inflammatory,7.759
2017-01-01,MED-ATC-M01AE,Ibuprofen,Anti-inflammatory,3.9562
2017-01-02,MED-ATC-M01AE,Ibuprofen,Anti-inflammatory,0.6375
2017-01-03,MED-ATC-M01AE,Ibuprofen,Anti-inflammatory,5.8312
2017-01-04,MED-ATC-M01AE,Ibuprofen,Anti-inflammatory,5.9708
2017-01-05,MED-ATC-M01AE,Ibuprofen,Anti-inflammatory,7.8792
2017-01-06,MED-ATC-M01AE,Ibuprofen,Anti-inflammatory,3.05
2017-01-07,MED-ATC-M01AE,Ibuprofen,Anti-inflammatory,5.1542
2017-01-08,MED-ATC-M01AE,Ibuprofen,Anti-inflammatory,1.8596
2017-01-09,MED-ATC-M01AE,Ibuprofen,Anti-inflammatory,4.0571
2017-01-10,MED-ATC-M01AE,Ibuprofen,Anti-inflammatory,4.7387
2017-01-11,MED-ATC-M01AE,Ibuprofen,Anti-inflammatory,5.5017
2017-01-12,MED-ATC-M01AE,Ibuprofen,Anti-inflammatory,5.1967
2017-01-13,MED-ATC-M01AE,Ibuprofen,Anti-inflammatory,3.8917
2017-01-14,MED-ATC-M01AE,Ibuprofen,Anti-inflammatory,4.3646
2017-01-15,MED-ATC-M01AE,Ibuprofen,Anti-inflammatory,6.525
2017-01-16,MED-ATC-M01AE,Ibuprofen,Anti-inflammatory,4.0292
2017-01-17,MED-ATC-M01AE,Ibuprofen,Anti-inflammatory,4.1392
2017-01-18,MED-ATC-M01AE,Ibuprofen,Anti-inflammatory,4.4458
2017-01-19,MED-ATC-M01AE,Ibuprofen,Anti-inflammatory,5.7
2017-01-20,MED-ATC-M01AE,Ibuprofen,Anti-inflammatory,4.7387
2017-01-21,MED-ATC-M01AE,Ibuprofen,Anti-inflammatory,2.4
2017-01-22,MED-ATC-M01AE,Ibuprofen,Anti-inflammatory,5.0075
2017-01-23,MED-ATC-M01AE,Ibuprofen,Anti-inflammatory,4.505
2017-01-24,MED-ATC-M01AE,Ibuprofen,Anti-inflammatory,5.7708
2017-01-25,MED-ATC-M01AE,Ibuprofen,Anti-inflammatory,5.1083
2017-01-26,MED-ATC-M01AE,Ibuprofen,Anti-inflammatory,5.2246
2017-01-27,MED-ATC-M01AE,Ibuprofen,Anti-inflammatory,7.5412
2017-01-28,MED-ATC-M01AE,Ibuprofen,Anti-inflammatory,6.1125
2017-01-29,MED-ATC-M01AE,Ibuprofen,Anti-inflammatory,7.7833
2017-01-30,MED-ATC-M01AE,Ibuprofen,Anti-inflammatory,5.6162
2017-01-31,MED-ATC-M01AE,Ibuprofen,Anti-inflammatory,4.2546
2017-02-01,MED-ATC-M01AE,Ibuprofen,Anti-inflammatory,5.1883
2017-02-02,MED-ATC-M01AE,Ibuprofen,Anti-inflammatory,6.2117
2017-02-03,MED-ATC-M01AE,Ibuprofen,Anti-inflammatory,6.2554
2017-02-04,MED-ATC-M01AE,Ibuprofen,Anti-inflammatory,4.1667
2017-02-05,MED-ATC-M01AE,Ibuprofen,Anti-inflammatory,10.725
2017-02-06,MED-ATC-M01AE,Ibuprofen,Anti-inflammatory,5.0
2017-02-07,MED-ATC-M01AE,Ibuprofen,Anti-inflammatory,0.33
2017-02-08,MED-ATC-M01AE,Ibuprofen,Anti-inflammatory,1.67
2017-02-09,MED-ATC-M01AE,Ibuprofen,Anti-inflammatory,1.76
2017-02-10,MED-ATC-M01AE,Ibuprofen,Anti-inflammatory,3.34
2017-02-11,MED-ATC-M01AE,Ibuprofen,Anti-inflammatory,6.32
2017-02-12,MED-ATC-M01AE,Ibuprofen,Anti-inflammatory,10.67
2017-02-13,MED-ATC-M01AE,Ibuprofen,Anti-inflammatory,0.0
2017-02-14,MED-ATC-M01AE,Ibuprofen,Anti-inflammatory,5.0
2017-02-15,MED-ATC-M01AE,Ibuprofen,Anti-inflammatory,2.67
2017-02-16,MED-ATC-M01AE,Ibuprofen,Anti-inflammatory,4.66
2017-02-17,MED-ATC-M01AE,Ibuprofen,Anti-inflammatory,2.802
2017-02-18,MED-ATC-M01AE,Ibuprofen,Anti-inflammatory,4.0
2017-02-19,MED-ATC-M01AE,Ibuprofen,Anti-inflammatory,3.516
2017-02-20,MED-ATC-M01AE,Ibuprofen,Anti-inflammatory,3.76
2017-02-21,MED-ATC-M01AE,Ibuprofen,Anti-inflammatory,4.155
2017-02-22,MED-ATC-M01AE,Ibuprofen,Anti-inflammatory,2.429
2017-02-23,MED-ATC-M01AE,Ibuprofen,Anti-inflammatory,5.67
2017-02-24,MED-ATC-M01AE,Ibuprofen,Anti-inflammatory,4.67
2017-02-25,MED-ATC-M01AE,Ibuprofen,Anti-inflammatory,6.34
2017-02-26,MED-ATC-M01AE,Ibuprofen,Anti-inflammatory,5.33
2017-02-27,MED-ATC-M01AE,Ibuprofen,Anti-inflammatory,3.68
2017-02-28,MED-ATC-M01AE,Ibuprofen,Anti-inflammatory,5.02
2017-03-01,MED-ATC-M01AE,Ibuprofen,Anti-inflammatory,4.66
2017-03-02,MED-ATC-M01AE,Ibuprofen,Anti-inflammatory,7.13
2017-03-03,MED-ATC-M01AE,Ibuprofen,Anti-inflammatory,2.99
2017-03-04,MED-ATC-M01AE,Ibuprofen,Anti-inflammatory,3.67
2017-03-05,MED-ATC-M01AE,Ibuprofen,Anti-inflammatory,4.33
2017-03-06,MED-ATC-M01AE,Ibuprofen,Anti-inflammatory,2.33
2017-03-07,MED-ATC-M01AE,Ibuprofen,Anti-inflammatory,5.33
2017-03-08,MED-ATC-M01AE,Ibuprofen,Anti-inflammatory,2.34
2017-03-09,MED-ATC-M01AE,Ibuprofen,Anti-inflammatory,2.33
2017-03-10,MED-ATC-M01AE,Ibuprofen,Anti-inflammatory,4.33
2017-03-11,MED-ATC-M01AE,Ibuprofen,Anti-inflammatory,4.066
2017-03-12,MED-ATC-M01AE,Ibuprofen,Anti-inflammatory,7.01
2017-03-13,MED-ATC-M01AE,Ibuprofen,Anti-inflammatory,0.68
2017-03-14,MED-ATC-M01AE,Ibuprofen,Anti-inflammatory,1.34
2017-03-15,MED-ATC-M01AE,Ibuprofen,Anti-inflammatory,1.703
2017-03-16,MED-ATC-M01AE,Ibuprofen,Anti-inflammatory,4.056
2017-03-17,MED-ATC-M01AE,Ibuprofen,Anti-inflammatory,2.802
2017-03-18,MED-ATC-M01AE,Ibuprofen,Anti-inflammatory,4.38
2017-03-19,MED-ATC-M01AE,Ibuprofen,Anti-inflammatory,3.693
2017-03-20,MED-ATC-M01AE,Ibuprofen,Anti-inflammatory,6.683
2017-03-21,MED-ATC-M01AE,Ibuprofen,Anti-inflammatory,2.03
2017-03-22,MED-ATC-M01AE,Ibuprofen,Anti-inflammatory,5.023
2017-03-23,MED-ATC-M01AE,Ibuprofen,Anti-inflammatory,2.133
2017-03-24,MED-ATC-M01AE,Ibuprofen,Anti-inflammatory,3.0
2017-03-25,MED-ATC-M01AE,Ibuprofen,Anti-inflammatory,5.49
2017-03-26,MED-ATC-M01AE,Ibuprofen,Anti-inflammatory,5.36
2017-03-27,MED-ATC-M01AE,Ibuprofen,Anti-inflammatory,3.463
2017-03-28,MED-ATC-M01AE,Ibuprofen,Anti-inflammatory,2.67
2017-03-29,MED-ATC-M01AE,Ibuprofen,Anti-inflammatory,1.34
2017-03-30,MED-ATC-M01AE,Ibuprofen,Anti-inflammatory,2.693
2017-03-31,MED-ATC-M01AE,Ibuprofen,Anti-inflammatory,2.0
2017-04-01,MED-ATC-M01AE,Ibuprofen,Anti-inflammatory,2.0
2017-04-02,MED-ATC-M01AE,Ibuprofen,Anti-inflammatory,4.223
2017-04-03,MED-ATC-M01AE,Ibuprofen,Anti-inflammatory,1.0
2017-04-04,MED-ATC-M01AE,Ibuprofen,Anti-inflammatory,1.033
2017-04-05,MED-ATC-M01AE,Ibuprofen,Anti-inflammatory,0.231
2017-04-06,MED-ATC-M01AE,Ibuprofen,Anti-inflammatory,0.66
2017-04-07,MED-ATC-M01AE,Ibuprofen,Anti-inflammatory,4.0
2017-04-08,MED-ATC-M01AE,Ibuprofen,Anti-inflammatory,8.759
2017-04-09,MED-ATC-M01AE,Ibuprofen,Anti-inflammatory,5.34
2017-04-10,MED-ATC-M01AE,Ibuprofen,Anti-inflammatory,1.363
2017-04-11,MED-ATC-M01AE,Ibuprofen,Anti-inflammatory,2.33
2017-04-12,MED-ATC-M01AE,Ibuprofen,Anti-inflammatory,3.32
2017-04-13,MED-ATC-M01AE,Ibuprofen,Anti-inflammatory,2.439
2017-04-14,MED-ATC-M01AE,Ibuprofen,Anti-inflammatory,4.98
2017-04-15,MED-ATC-M01AE,Ibuprofen,Anti-inflammatory,1.472
2017-04-16,MED-ATC-M01AE,Ibuprofen,Anti-inflammatory,0.0
2017-04-17,MED-ATC-M01AE,Ibuprofen,Anti-inflammatory,3.99
2017-04-18,MED-ATC-M01AE,Ibuprofen,Anti-inflammatory,4.67
2017-04-19,MED-ATC-M01AE,Ibuprofen,Anti-inflammatory,3.406
2017-04-20,MED-ATC-M01AE,Ibuprofen,Anti-inflammatory,2.33
2017-04-21,MED-ATC-M01AE,Ibuprofen,Anti-inflammatory,2.34
2017-04-22,MED-ATC-M01AE,Ibuprofen,Anti-inflammatory,4.66
2017-04-23,MED-ATC-M01AE,Ibuprofen,Anti-inflammatory,5.416
2017-04-24,MED-ATC-M01AE,Ibuprofen,Anti-inflammatory,3.81
2017-04-25,MED-ATC-M01AE,Ibuprofen,Anti-inflammatory,2.99
2017-04-26,MED-ATC-M01AE,Ibuprofen,Anti-inflammatory,4.0
2017-04-27,MED-ATC-M01AE,Ibuprofen,Anti-inflammatory,3.737
2017-04-28,MED-ATC-M01AE,Ibuprofen,Anti-inflammatory,3.67
2017-04-29,MED-ATC-M01AE,Ibuprofen,Anti-inflammatory,9.0
2017-04-30,MED-ATC-M01AE,Ibuprofen,Anti-inflammatory,4.046
2017-05-01,MED-ATC-M01AE,Ibuprofen,Anti-inflammatory,1.0
2017-05-02,MED-ATC-M01AE,Ibuprofen,Anti-inflammatory,6.033
2017-05-03,MED-ATC-M01AE,Ibuprofen,Anti-inflammatory,3.34
2017-05-04,MED-ATC-M01AE,Ibuprofen,Anti-inflammatory,5.66
2017-05-05,MED-ATC-M01AE,Ibuprofen,Anti-inflammatory,5.33
2017-05-06,MED-ATC-M01AE,Ibuprofen,Anti-inflammatory,2.363
2017-05-07,MED-ATC-M01AE,Ibuprofen,Anti-inflammatory,3.67
2017-05-08,MED-ATC-M01AE,Ibuprofen,Anti-inflammatory,3.66
2017-05-09,MED-ATC-M01AE,Ibuprofen,Anti-inflammatory,4.0
2017-05-10,MED-ATC-M01AE,Ibuprofen,Anti-inflammatory,0.397
2017-05-11,MED-ATC-M01AE,Ibuprofen,Anti-inflammatory,6.693
2017-05-12,MED-ATC-M01AE,Ibuprofen,Anti-inflammatory,4.703
2017-05-13,MED-ATC-M01AE,Ibuprofen,Anti-inflammatory,2.363
2017-05-14,MED-ATC-M01AE,Ibuprofen,Anti-inflammatory,2.076
2017-05-15,MED-ATC-M01AE,Ibuprofen,Anti-inflammatory,4.703
2017-05-16,MED-ATC-M01AE,Ibuprofen,Anti-inflammatory,5.66
2017-05-17,MED-ATC-M01AE,Ibuprofen,Anti-inflammatory,4.84
2017-05-18,MED-ATC-M01AE,Ibuprofen,Anti-inflammatory,5.01
2017-05-19,MED-ATC-M01AE,Ibuprofen,Anti-inflammatory,3.44
2017-05-20,MED-ATC-M01AE,Ibuprofen,Anti-inflammatory,4.713
2017-05-21,MED-ATC-M01AE,Ibuprofen,Anti-inflammatory,3.043
2017-05-22,MED-ATC-M01AE,Ibuprofen,Anti-inflammatory,1.34
2017-05-23,MED-ATC-M01AE,Ibuprofen,Anti-inflammatory,2.406
2017-05-24,MED-ATC-M01AE,Ibuprofen,Anti-inflammatory,3.34
2017-05-25,MED-ATC-M01AE,Ibuprofen,Anti-inflammatory,5.36
2017-05-26,MED-ATC-M01AE,Ibuprofen,Anti-inflammatory,3.67
2017-05-27,MED-ATC-M01AE,Ibuprofen,Anti-inflammatory,3.221
2017-05-28,MED-ATC-M01AE,Ibuprofen,Anti-inflammatory,6.243
2017-05-29,MED-ATC-M01AE,Ibuprofen,Anti-inflammatory,4.023
2017-05-30,MED-ATC-M01AE,Ibuprofen,Anti-inflammatory,3.396
2017-05-31,MED-ATC-M01AE,Ibuprofen,Anti-inflammatory,2.429
2017-06-01,MED-ATC-M01AE,Ibuprofen,Anti-inflammatory,3.67
2017-06-02,MED-ATC-M01AE,Ibuprofen,Anti-inflammatory,4.0
2017-06-03,MED-ATC-M01AE,Ibuprofen,Anti-inflammatory,1.726
2017-06-04,MED-ATC-M01AE,Ibuprofen,Anti-inflammatory,1.747
2017-06-05,MED-ATC-M01AE,Ibuprofen,Anti-inflammatory,5.99
2017-06-06,MED-ATC-M01AE,Ibuprofen,Anti-inflammatory,3.0
2017-06-07,MED-ATC-M01AE,Ibuprofen,Anti-inflammatory,4.693
2017-06-08,MED-ATC-M01AE,Ibuprofen,Anti-inflammatory,1.823
2017-06-09,MED-ATC-M01AE,Ibuprofen,Anti-inflammatory,4.09
2017-06-10,MED-ATC-M01AE,Ibuprofen,Anti-inflammatory,7.01
2017-06-11,MED-ATC-M01AE,Ibuprofen,Anti-inflammatory,3.99
2017-06-12,MED-ATC-M01AE,Ibuprofen,Anti-inflammatory,3.34
2017-06-13,MED-ATC-M01AE,Ibuprofen,Anti-inflammatory,3.023
2017-06-14,MED-ATC-M01AE,Ibuprofen,Anti-inflammatory,1.33
2017-06-15,MED-ATC-M01AE,Ibuprofen,Anti-inflammatory,4.33
2017-06-16,MED-ATC-M01AE,Ibuprofen,Anti-inflammatory,2.01
2017-06-17,MED-ATC-M01AE,Ibuprofen,Anti-inflammatory,8.726
2017-06-18,MED-ATC-M01AE,Ibuprofen,Anti-inflammatory,7.34
2017-06-19,MED-ATC-M01AE,Ibuprofen,Anti-inflammatory,1.98
2017-06-20,MED-ATC-M01AE,Ibuprofen,Anti-inflammatory,1.0
2017-06-21,MED-ATC-M01AE,Ibuprofen,Anti-inflammatory,1.33
2017-06-22,MED-ATC-M01AE,Ibuprofen,Anti-inflammatory,3.34
2017-06-23,MED-ATC-M01AE,Ibuprofen,Anti-inflammatory,1.34
2017-06-24,MED-ATC-M01AE,Ibuprofen,Anti-inflammatory,3.65
2017-06-25,MED-ATC-M01AE,Ibuprofen,Anti-inflammatory,2.34
2017-06-26,MED-ATC-M01AE,Ibuprofen,Anti-inflammatory,3.033
2017-06-27,MED-ATC-M01AE,Ibuprofen,Anti-inflammatory,3.32
2017-06-28,MED-ATC-M01AE,Ibuprofen,Anti-inflammatory,4.033
2017-06-29,MED-ATC-M01AE,Ibuprofen,Anti-inflammatory,3.67
2017-06-30,MED-ATC-M01AE,Ibuprofen,Anti-inflammatory,2.132
2017-07-01,MED-ATC-M01AE,Ibuprofen,Anti-inflammatory,2.33
2017-07-02,MED-ATC-M01AE,Ibuprofen,Anti-inflammatory,3.68
2017-07-03,MED-ATC-M01AE,Ibuprofen,Anti-inflammatory,0.0
2017-07-04,MED-ATC-M01AE,Ibuprofen,Anti-inflammatory,2.34
2017-07-05,MED-ATC-M01AE,Ibuprofen,Anti-inflammatory,1.66
2017-07-06,MED-ATC-M01AE,Ibuprofen,Anti-inflammatory,7.0
2017-07-07,MED-ATC-M01AE,Ibuprofen,Anti-inflammatory,2.0
2017-07-08,MED-ATC-M01AE,Ibuprofen,Anti-inflammatory,4.089
2017-07-09,MED-ATC-M01AE,Ibuprofen,Anti-inflammatory,7.16
2017-07-10,MED-ATC-M01AE,Ibuprofen,Anti-inflammatory,4.353
2017-07-11,MED-ATC-M01AE,Ibuprofen,Anti-inflammatory,0.68
2017-07-12,MED-ATC-M01AE,Ibuprofen,Anti-inflammatory,5.34
2017-07-13,MED-ATC-M01AE,Ibuprofen,Anti-inflammatory,3.34
2017-07-14,MED-ATC-M01AE,Ibuprofen,Anti-inflammatory,3.759
2017-07-15,MED-ATC-M01AE,Ibuprofen,Anti-inflammatory,9.34
2017-07-16,MED-ATC-M01AE,Ibuprofen,Anti-inflammatory,9.34
2017-07-17,MED-ATC-M01AE,Ibuprofen,Anti-inflammatory,4.747
2017-07-18,MED-ATC-M01AE,Ibuprofen,Anti-inflammatory,5.67
2017-07-19,MED-ATC-M01AE,Ibuprofen,Anti-inflammatory,3.66
2017-07-20,MED-ATC-M01AE,Ibuprofen,Anti-inflammatory,4.0
2017-07-21,MED-ATC-M01AE,Ibuprofen,Anti-inflammatory,1.0
2017-07-22,MED-ATC-M01AE,Ibuprofen,Anti-inflammatory,5.69
2017-07-23,MED-ATC-M01AE,Ibuprofen,Anti-inflammatory,2.429
2017-07-24,MED-ATC-M01AE,Ibuprofen,Anti-inflammatory,1.0
2017-07-25,MED-ATC-M01AE,Ibuprofen,Anti-inflammatory,2.35
2017-07-26,MED-ATC-M01AE,Ibuprofen,Anti-inflammatory,6.779
2017-07-27,MED-ATC-M01AE,Ibuprofen,Anti-inflammatory,0.67
2017-07-28,MED-ATC-M01AE,Ibuprofen,Anti-inflammatory,5.0
2017-07-29,MED-ATC-M01AE,Ibuprofen,Anti-inflammatory,3.33
2017-07-30,MED-ATC-M01AE,Ibuprofen,Anti-inflammatory,2.66
2017-07-31,MED-ATC-M01AE,Ibuprofen,Anti-inflammatory,0.81
2017-08-01,MED-ATC-M01AE,Ibuprofen,Anti-inflammatory,3.33
2017-08-02,MED-ATC-M01AE,Ibuprofen,Anti-inflammatory,2.66
2017-08-03,MED-ATC-M01AE,Ibuprofen,Anti-inflammatory,0.66
2017-08-04,MED-ATC-M01AE,Ibuprofen,Anti-inflammatory,4.0
2017-08-05,MED-ATC-M01AE,Ibuprofen,Anti-inflammatory,2.472
2017-08-06,MED-ATC-M01AE,Ibuprofen,Anti-inflammatory,3.429
2017-08-07,MED-ATC-M01AE,Ibuprofen,Anti-inflammatory,5.34
2017-08-08,MED-ATC-M01AE,Ibuprofen,Anti-inflammatory,1.703
2017-08-09,MED-ATC-M01AE,Ibuprofen,Anti-inflammatory,5.1
2017-08-10,MED-ATC-M01AE,Ibuprofen,Anti-inflammatory,3.99
2017-08-11,MED-ATC-M01AE,Ibuprofen,Anti-inflammatory,1.65
2017-08-12,MED-ATC-M01AE,Ibuprofen,Anti-inflammatory,4.939
2017-08-13,MED-ATC-M01AE,Ibuprofen,Anti-inflammatory,3.65
2017-08-14,MED-ATC-M01AE,Ibuprofen,Anti-inflammatory,2.067
2017-08-15,MED-ATC-M01AE,Ibuprofen,Anti-inflammatory,6.703
2017-08-16,MED-ATC-M01AE,Ibuprofen,Anti-inflammatory,3.67
2017-08-17,MED-ATC-M01AE,Ibuprofen,Anti-inflammatory,1.33
2017-08-18,MED-ATC-M01AE,Ibuprofen,Anti-inflammatory,3.99
2017-08-19,MED-ATC-M01AE,Ibuprofen,Anti-inflammatory,4.713
2017-08-20,MED-ATC-M01AE,Ibuprofen,Anti-inflammatory,2.056
2017-08-21,MED-ATC-M01AE,Ibuprofen,Anti-inflammatory,3.34
2017-08-22,MED-ATC-M01AE,Ibuprofen,Anti-inflammatory,1.34
2017-08-23,MED-ATC-M01AE,Ibuprofen,Anti-inflammatory,2.33
2017-08-24,MED-ATC-M01AE,Ibuprofen,Anti-inflammatory,9.053
2017-08-25,MED-ATC-M01AE,Ibuprofen,Anti-inflammatory,3.01
2017-08-26,MED-ATC-M01AE,Ibuprofen,Anti-inflammatory,3.516
2017-08-27,MED-ATC-M01AE,Ibuprofen,Anti-inflammatory,5.34
2017-08-28,MED-ATC-M01AE,Ibuprofen,Anti-inflammatory,7.0
2017-08-29,MED-ATC-M01AE,Ibuprofen,Anti-inflammatory,3.066
2017-08-30,MED-ATC-M01AE,Ibuprofen,Anti-inflammatory,3.99
2017-08-31,MED-ATC-M01AE,Ibuprofen,Anti-inflammatory,3.033
2017-09-01,MED-ATC-M01AE,Ibuprofen,Anti-inflammatory,3.0
2017-09-02,MED-ATC-M01AE,Ibuprofen,Anti-inflammatory,2.13
2017-09-03,MED-ATC-M01AE,Ibuprofen,Anti-inflammatory,5.462
2017-09-04,MED-ATC-M01AE,Ibuprofen,Anti-inflammatory,3.33
2017-09-05,MED-ATC-M01AE,Ibuprofen,Anti-inflammatory,4.02
2017-09-06,MED-ATC-M01AE,Ibuprofen,Anti-inflammatory,3.0
2017-09-07,MED-ATC-M01AE,Ibuprofen,Anti-inflammatory,1.0
2017-09-08,MED-ATC-M01AE,Ibuprofen,Anti-inflammatory,7.32
2017-09-09,MED-ATC-M01AE,Ibuprofen,Anti-inflammatory,8.34
2017-09-10,MED-ATC-M01AE,Ibuprofen,Anti-inflammatory,5.35
2017-09-11,MED-ATC-M01AE,Ibuprofen,Anti-inflammatory,3.373
2017-09-12,MED-ATC-M01AE,Ibuprofen,Anti-inflammatory,4.35
2017-09-13,MED-ATC-M01AE,Ibuprofen,Anti-inflammatory,0.66
2017-09-14,MED-ATC-M01AE,Ibuprofen,Anti-inflammatory,5.34
2017-09-15,MED-ATC-M01AE,Ibuprofen,Anti-inflammatory,3.0
2017-09-16,MED-ATC-M01AE,Ibuprofen,Anti-inflammatory,3.0
2017-09-17,MED-ATC-M01AE,Ibuprofen,Anti-inflammatory,4.34
2017-09-18,MED-ATC-M01AE,Ibuprofen,Anti-inflammatory,4.34
2017-09-19,MED-ATC-M01AE,Ibuprofen,Anti-inflammatory,6.033
2017-09-20,MED-ATC-M01AE,Ibuprofen,Anti-inflammatory,2.363
2017-09-21,MED-ATC-M01AE,Ibuprofen,Anti-inflammatory,3.696
2017-09-22,MED-ATC-M01AE,Ibuprofen,Anti-inflammatory,2.241
2017-09-23,MED-ATC-M01AE,Ibuprofen,Anti-inflammatory,6.99
2017-09-24,MED-ATC-M01AE,Ibuprofen,Anti-inflammatory,4.826
2017-09-25,MED-ATC-M01AE,Ibuprofen,Anti-inflammatory,2.517
2017-09-26,MED-ATC-M01AE,Ibuprofen,Anti-inflammatory,5.67
2017-09-27,MED-ATC-M01AE,Ibuprofen,Anti-inflammatory,2.33
2017-09-28,MED-ATC-M01AE,Ibuprofen,Anti-inflammatory,2.68
2017-09-29,MED-ATC-M01AE,Ibuprofen,Anti-inflammatory,5.0
2017-09-30,MED-ATC-M01AE,Ibuprofen,Anti-inflammatory,3.01
2017-10-01,MED-ATC-M01AE,Ibuprofen,Anti-inflammatory,5.891
2017-10-02,MED-ATC-M01AE,Ibuprofen,Anti-inflammatory,2.0
2017-10-03,MED-ATC-M01AE,Ibuprofen,Anti-inflammatory,2.1
2017-10-04,MED-ATC-M01AE,Ibuprofen,Anti-inflammatory,4.33
2017-10-05,MED-ATC-M01AE,Ibuprofen,Anti-inflammatory,3.99
2017-10-06,MED-ATC-M01AE,Ibuprofen,Anti-inflammatory,4.66
2017-10-07,MED-ATC-M01AE,Ibuprofen,Anti-inflammatory,2.023
2017-10-08,MED-ATC-M01AE,Ibuprofen,Anti-inflammatory,3.261
2017-10-09,MED-ATC-M01AE,Ibuprofen,Anti-inflammatory,0.0
2017-10-10,MED-ATC-M01AE,Ibuprofen,Anti-inflammatory,2.68
2017-10-11,MED-ATC-M01AE,Ibuprofen,Anti-inflammatory,1.0
2017-10-12,MED-ATC-M01AE,Ibuprofen,Anti-inflammatory,2.393
2017-10-13,MED-ATC-M01AE,Ibuprofen,Anti-inflammatory,1.396
2017-10-14,MED-ATC-M01AE,Ibuprofen,Anti-inflammatory,3.66
2017-10-15,MED-ATC-M01AE,Ibuprofen,Anti-inflammatory,6.68
2017-10-16,MED-ATC-M01AE,Ibuprofen,Anti-inflammatory,0.67
2017-10-17,MED-ATC-M01AE,Ibuprofen,Anti-inflammatory,1.67
2017-10-18,MED-ATC-M01AE,Ibuprofen,Anti-inflammatory,1.33
2017-10-19,MED-ATC-M01AE,Ibuprofen,Anti-inflammatory,5.99
2017-10-20,MED-ATC-M01AE,Ibuprofen,Anti-inflammatory,4.363
2017-10-21,MED-ATC-M01AE,Ibuprofen,Anti-inflammatory,3.769
2017-10-22,MED-ATC-M01AE,Ibuprofen,Anti-inflammatory,5.0
2017-10-23,MED-ATC-M01AE,Ibuprofen,Anti-inflammatory,1.363
2017-10-24,MED-ATC-M01AE,Ibuprofen,Anti-inflammatory,2.0
2017-10-25,MED-ATC-M01AE,Ibuprofen,Anti-inflammatory,3.33
2017-10-26,MED-ATC-M01AE,Ibuprofen,Anti-inflammatory,1.099
2017-10-27,MED-ATC-M01AE,Ibuprofen,Anti-inflammatory,2.363
2017-10-28,MED-ATC-M01AE,Ibuprofen,Anti-inflammatory,2.33
2017-10-29,MED-ATC-M01AE,Ibuprofen,Anti-inflammatory,2.373
2017-10-30,MED-ATC-M01AE,Ibuprofen,Anti-inflammatory,3.66
2017-10-31,MED-ATC-M01AE,Ibuprofen,Anti-inflammatory,1.363
2017-11-01,MED-ATC-M01AE,Ibuprofen,Anti-inflammatory,3.429
2017-11-02,MED-ATC-M01AE,Ibuprofen,Anti-inflammatory,2.066
2017-11-03,MED-ATC-M01AE,Ibuprofen,Anti-inflammatory,7.67
2017-11-04,MED-ATC-M01AE,Ibuprofen,Anti-inflammatory,7.472
2017-11-05,MED-ATC-M01AE,Ibuprofen,Anti-inflammatory,5.799
2017-11-06,MED-ATC-M01AE,Ibuprofen,Anti-inflammatory,3.2
2017-11-07,MED-ATC-M01AE,Ibuprofen,Anti-inflammatory,4.0
2017-11-08,MED-ATC-M01AE,Ibuprofen,Anti-inflammatory,1.1
2017-11-09,MED-ATC-M01AE,Ibuprofen,Anti-inflammatory,3.746
2017-11-10,MED-ATC-M01AE,Ibuprofen,Anti-inflammatory,6.66
2017-11-11,MED-ATC-M01AE,Ibuprofen,Anti-inflammatory,3.0
2017-11-12,MED-ATC-M01AE,Ibuprofen,Anti-inflammatory,3.65
2017-11-13,MED-ATC-M01AE,Ibuprofen,Anti-inflammatory,2.429
2017-11-14,MED-ATC-M01AE,Ibuprofen,Anti-inflammatory,0.859
2017-11-15,MED-ATC-M01AE,Ibuprofen,Anti-inflammatory,2.726
2017-11-16,MED-ATC-M01AE,Ibuprofen,Anti-inflammatory,2.0
2017-11-17,MED-ATC-M01AE,Ibuprofen,Anti-inflammatory,4.837
2017-11-18,MED-ATC-M01AE,Ibuprofen,Anti-inflammatory,8.45
2017-11-19,MED-ATC-M01AE,Ibuprofen,Anti-inflammatory,6.88
2017-11-20,MED-ATC-M01AE,Ibuprofen,Anti-inflammatory,5.34
2017-11-21,MED-ATC-M01AE,Ibuprofen,Anti-inflammatory,0.68
2017-11-22,MED-ATC-M01AE,Ibuprofen,Anti-inflammatory,4.0
2017-11-23,MED-ATC-M01AE,Ibuprofen,Anti-inflammatory,5.99
2017-11-24,MED-ATC-M01AE,Ibuprofen,Anti-inflammatory,3.132
2017-11-25,MED-ATC-M01AE,Ibuprofen,Anti-inflammatory,6.076
2017-11-26,MED-ATC-M01AE,Ibuprofen,Anti-inflammatory,5.786
2017-11-27,MED-ATC-M01AE,Ibuprofen,Anti-inflammatory,3.67
2017-11-28,MED-ATC-M01AE,Ibuprofen,Anti-inflammatory,1.34
2017-11-29,MED-ATC-M01AE,Ibuprofen,Anti-inflammatory,2.397
2017-11-30,MED-ATC-M01AE,Ibuprofen,Anti-inflammatory,1.396
2017-12-01,MED-ATC-M01AE,Ibuprofen,Anti-inflammatory,7.66
2017-12-02,MED-ATC-M01AE,Ibuprofen,Anti-inflammatory,3.67
2017-12-03,MED-ATC-M01AE,Ibuprofen,Anti-inflammatory,6.023
2017-12-04,MED-ATC-M01AE,Ibuprofen,Anti-inflammatory,2.363
2017-12-05,MED-ATC-M01AE,Ibuprofen,Anti-inflammatory,3.165
2017-12-06,MED-ATC-M01AE,Ibuprofen,Anti-inflammatory,4.396
2017-12-07,MED-ATC-M01AE,Ibuprofen,Anti-inflammatory,2.66
2017-12-08,MED-ATC-M01AE,Ibuprofen,Anti-inflammatory,2.51
2017-12-09,MED-ATC-M01AE,Ibuprofen,Anti-inflammatory,2.17
2017-12-10,MED-ATC-M01AE,Ibuprofen,Anti-inflammatory,2.802
2017-12-11,MED-ATC-M01AE,Ibuprofen,Anti-inflammatory,6.0
2017-12-12,MED-ATC-M01AE,Ibuprofen,Anti-inflammatory,5.066
2017-12-13,MED-ATC-M01AE,Ibuprofen,Anti-inflammatory,3.34
2017-12-14,MED-ATC-M01AE,Ibuprofen,Anti-inflammatory,3.0
2017-12-15,MED-ATC-M01AE,Ibuprofen,Anti-inflammatory,5.01
2017-12-16,MED-ATC-M01AE,Ibuprofen,Anti-inflammatory,6.0
2017-12-17,MED-ATC-M01AE,Ibuprofen,Anti-inflammatory,0.33
2017-12-18,MED-ATC-M01AE,Ibuprofen,Anti-inflammatory,4.67
2017-12-19,MED-ATC-M01AE,Ibuprofen,Anti-inflammatory,0.0
2017-12-20,MED-ATC-M01AE,Ibuprofen,Anti-inflammatory,3.396
2017-12-21,MED-ATC-M01AE,Ibuprofen,Anti-inflammatory,2.66
2017-12-22,MED-ATC-M01AE,Ibuprofen,Anti-inflammatory,2.769
2017-12-23,MED-ATC-M01AE,Ibuprofen,Anti-inflammatory,4.505
2017-12-24,MED-ATC-M01AE,Ibuprofen,Anti-inflammatory,3.46
2017-12-25,MED-ATC-M01AE,Ibuprofen,Anti-inflammatory,0.62
2017-12-26,MED-ATC-M01AE,Ibuprofen,Anti-inflammatory,4.67
2017-12-27,MED-ATC-M01AE,Ibuprofen,Anti-inflammatory,4.814
2017-12-28,MED-ATC-M01AE,Ibuprofen,Anti-inflammatory,3.462
2017-12-29,MED-ATC-M01AE,Ibuprofen,Anti-inflammatory,2.066
2017-12-30,MED-ATC-M01AE,Ibuprofen,Anti-inflammatory,8.363
2017-12-31,MED-ATC-M01AE,Ibuprofen,Anti-inflammatory,10.043
2018-01-01,MED-ATC-M01AE,Ibuprofen,Anti-inflammatory,0.0
2018-01-02,MED-ATC-M01AE,Ibuprofen,Anti-inflammatory,5.33
2018-01-03,MED-ATC-M01AE,Ibuprofen,Anti-inflammatory,2.397
2018-01-04,MED-ATC-M01AE,Ibuprofen,Anti-inflammatory,1.099
2018-01-05,MED-ATC-M01AE,Ibuprofen,Anti-inflammatory,6.825
2018-01-06,MED-ATC-M01AE,Ibuprofen,Anti-inflammatory,1.66
2018-01-07,MED-ATC-M01AE,Ibuprofen,Anti-inflammatory,0.0
2018-01-08,MED-ATC-M01AE,Ibuprofen,Anti-inflammatory,6.53
2018-01-09,MED-ATC-M01AE,Ibuprofen,Anti-inflammatory,2.099
2018-01-10,MED-ATC-M01AE,Ibuprofen,Anti-inflammatory,7.406
2018-01-11,MED-ATC-M01AE,Ibuprofen,Anti-inflammatory,4.33
2018-01-12,MED-ATC-M01AE,Ibuprofen,Anti-inflammatory,1.33
2018-01-13,MED-ATC-M01AE,Ibuprofen,Anti-inflammatory,3.495
2018-01-14,MED-ATC-M01AE,Ibuprofen,Anti-inflammatory,5.155
2018-01-15,MED-ATC-M01AE,Ibuprofen,Anti-inflammatory,2.0
2018-01-16,MED-ATC-M01AE,Ibuprofen,Anti-inflammatory,2.67
2018-01-17,MED-ATC-M01AE,Ibuprofen,Anti-inflammatory,2.85
2018-01-18,MED-ATC-M01AE,Ibuprofen,Anti-inflammatory,3.726
2018-01-19,MED-ATC-M01AE,Ibuprofen,Anti-inflammatory,2.528
2018-01-20,MED-ATC-M01AE,Ibuprofen,Anti-inflammatory,2.32
2018-01-21,MED-ATC-M01AE,Ibuprofen,Anti-inflammatory,3.53
2018-01-22,MED-ATC-M01AE,Ibuprofen,Anti-inflammatory,3.396
2018-01-23,MED-ATC-M01AE,Ibuprofen,Anti-inflammatory,1.066
2018-01-24,MED-ATC-M01AE,Ibuprofen,Anti-inflammatory,6.67
2018-01-25,MED-ATC-M01AE,Ibuprofen,Anti-inflammatory,5.132
2018-01-26,MED-ATC-M01AE,Ibuprofen,Anti-inflammatory,3.023
2018-01-27,MED-ATC-M01AE,Ibuprofen,Anti-inflammatory,7.33
2018-01-28,MED-ATC-M01AE,Ibuprofen,Anti-inflammatory,2.35
2018-01-29,MED-ATC-M01AE,Ibuprofen,Anti-inflammatory,4.363
2018-01-30,MED-ATC-M01AE,Ibuprofen,Anti-inflammatory,3.76
2018-01-31,MED-ATC-M01AE,Ibuprofen,Anti-inflammatory,5.076
2018-02-01,MED-ATC-M01AE,Ibuprofen,Anti-inflammatory,4.33
2018-02-02,MED-ATC-M01AE,Ibuprofen,Anti-inflammatory,4.99
2018-02-03,MED-ATC-M01AE,Ibuprofen,Anti-inflammatory,7.13
2018-02-04,MED-ATC-M01AE,Ibuprofen,Anti-inflammatory,9.066
2018-02-05,MED-ATC-M01AE,Ibuprofen,Anti-inflammatory,3.066
2018-02-06,MED-ATC-M01AE,Ibuprofen,Anti-inflammatory,1.87
2018-02-07,MED-ATC-M01AE,Ibuprofen,Anti-inflammatory,8.132
2018-02-08,MED-ATC-M01AE,Ibuprofen,Anti-inflammatory,1.34
2018-02-09,MED-ATC-M01AE,Ibuprofen,Anti-inflammatory,3.69
2018-02-10,MED-ATC-M01AE,Ibuprofen,Anti-inflammatory,5.231
2018-02-11,MED-ATC-M01AE,Ibuprofen,Anti-inflammatory,5.396
2018-02-12,MED-ATC-M01AE,Ibuprofen,Anti-inflammatory,4.769
2018-02-13,MED-ATC-M01AE,Ibuprofen,Anti-inflammatory,8.033
2018-02-14,MED-ATC-M01AE,Ibuprofen,Anti-inflammatory,6.33
2018-02-15,MED-ATC-M01AE,Ibuprofen,Anti-inflammatory,6.945
2018-02-16,MED-ATC-M01AE,Ibuprofen,Anti-inflammatory,7.175
2018-02-17,MED-ATC-M01AE,Ibuprofen,Anti-inflammatory,3.64
2018-02-18,MED-ATC-M01AE,Ibuprofen,Anti-inflammatory,6.726
2018-02-19,MED-ATC-M01AE,Ibuprofen,Anti-inflammatory,3.34
2018-02-20,MED-ATC-M01AE,Ibuprofen,Anti-inflammatory,2.286
2018-02-21,MED-ATC-M01AE,Ibuprofen,Anti-inflammatory,7.01
2018-02-22,MED-ATC-M01AE,Ibuprofen,Anti-inflammatory,6.33
2018-02-23,MED-ATC-M01AE,Ibuprofen,Anti-inflammatory,2.979
2018-02-24,MED-ATC-M01AE,Ibuprofen,Anti-inflammatory,5.68
2018-02-25,MED-ATC-M01AE,Ibuprofen,Anti-inflammatory,1.68
2018-02-26,MED-ATC-M01AE,Ibuprofen,Anti-inflammatory,0.66
2018-02-27,MED-ATC-M01AE,Ibuprofen,Anti-inflammatory,2.65
2018-02-28,MED-ATC-M01AE,Ibuprofen,Anti-inflammatory,2.33
2018-03-01,MED-ATC-M01AE,Ibuprofen,Anti-inflammatory,6.033
2018-03-02,MED-ATC-M01AE,Ibuprofen,Anti-inflammatory,3.0
2018-03-03,MED-ATC-M01AE,Ibuprofen,Anti-inflammatory,2.363
2018-03-04,MED-ATC-M01AE,Ibuprofen,Anti-inflammatory,3.736
2018-03-05,MED-ATC-M01AE,Ibuprofen,Anti-inflammatory,5.33
2018-03-06,MED-ATC-M01AE,Ibuprofen,Anti-inflammatory,6.33
2018-03-07,MED-ATC-M01AE,Ibuprofen,Anti-inflammatory,1.67
2018-03-08,MED-ATC-M01AE,Ibuprofen,Anti-inflammatory,2.769
2018-03-09,MED-ATC-M01AE,Ibuprofen,Anti-inflammatory,2.18
2018-03-10,MED-ATC-M01AE,Ibuprofen,Anti-inflammatory,4.109
2018-03-11,MED-ATC-M01AE,Ibuprofen,Anti-inflammatory,7.54
2018-03-12,MED-ATC-M01AE,Ibuprofen,Anti-inflammatory,4.345
2018-03-13,MED-ATC-M01AE,Ibuprofen,Anti-inflammatory,5.066
2018-03-14,MED-ATC-M01AE,Ibuprofen,Anti-inflammatory,2.34
2018-03-15,MED-ATC-M01AE,Ibuprofen,Anti-inflammatory,2.132
2018-03-16,MED-ATC-M01AE,Ibuprofen,Anti-inflammatory,3.066
2018-03-17,MED-ATC-M01AE,Ibuprofen,Anti-inflammatory,1.66
2018-03-18,MED-ATC-M01AE,Ibuprofen,Anti-inflammatory,2.929
2018-03-19,MED-ATC-M01AE,Ibuprofen,Anti-inflammatory,1.0
2018-03-20,MED-ATC-M01AE,Ibuprofen,Anti-inflammatory,3.67
2018-03-21,MED-ATC-M01AE,Ibuprofen,Anti-inflammatory,2.0
2018-03-22,MED-ATC-M01AE,Ibuprofen,Anti-inflammatory,3.67
2018-03-23,MED-ATC-M01AE,Ibuprofen,Anti-inflammatory,5.396
2018-03-24,MED-ATC-M01AE,Ibuprofen,Anti-inflammatory,2.34
2018-03-25,MED-ATC-M01AE,Ibuprofen,Anti-inflammatory,2.66
2018-03-26,MED-ATC-M01AE,Ibuprofen,Anti-inflammatory,9.66
2018-03-27,MED-ATC-M01AE,Ibuprofen,Anti-inflammatory,3.33
2018-03-28,MED-ATC-M01AE,Ibuprofen,Anti-inflammatory,1.66
2018-03-29,MED-ATC-M01AE,Ibuprofen,Anti-inflammatory,2.33
2018-03-30,MED-ATC-M01AE,Ibuprofen,Anti-inflammatory,4.46
2018-03-31,MED-ATC-M01AE,Ibuprofen,Anti-inflammatory,2.99
2018-04-01,MED-ATC-M01AE,Ibuprofen,Anti-inflammatory,3.34
2018-04-02,MED-ATC-M01AE,Ibuprofen,Anti-inflammatory,4.396
2018-04-03,MED-ATC-M01AE,Ibuprofen,Anti-inflammatory,2.529
2018-04-04,MED-ATC-M01AE,Ibuprofen,Anti-inflammatory,5.2
2018-04-05,MED-ATC-M01AE,Ibuprofen,Anti-inflammatory,3.67
2018-04-06,MED-ATC-M01AE,Ibuprofen,Anti-inflammatory,3.0
2018-04-07,MED-ATC-M01AE,Ibuprofen,Anti-inflammatory,4.506
2018-04-08,MED-ATC-M01AE,Ibuprofen,Anti-inflammatory,0.0
2018-04-09,MED-ATC-M01AE,Ibuprofen,Anti-inflammatory,3.0
2018-04-10,MED-ATC-M01AE,Ibuprofen,Anti-inflammatory,3.067
2018-04-11,MED-ATC-M01AE,Ibuprofen,Anti-inflammatory,3.01
2018-04-12,MED-ATC-M01AE,Ibuprofen,Anti-inflammatory,4.759
2018-04-13,MED-ATC-M01AE,Ibuprofen,Anti-inflammatory,2.033
2018-04-14,MED-ATC-M01AE,Ibuprofen,Anti-inflammatory,3.68
2018-04-15,MED-ATC-M01AE,Ibuprofen,Anti-inflammatory,2.759
2018-04-16,MED-ATC-M01AE,Ibuprofen,Anti-inflammatory,6.02
2018-04-17,MED-ATC-M01AE,Ibuprofen,Anti-inflammatory,1.406
2018-04-18,MED-ATC-M01AE,Ibuprofen,Anti-inflammatory,0.54
2018-04-19,MED-ATC-M01AE,Ibuprofen,Anti-inflammatory,5.67
2018-04-20,MED-ATC-M01AE,Ibuprofen,Anti-inflammatory,4.506
2018-04-21,MED-ATC-M01AE,Ibuprofen,Anti-inflammatory,3.439
2018-04-22,MED-ATC-M01AE,Ibuprofen,Anti-inflammatory,5.09
2018-04-23,MED-ATC-M01AE,Ibuprofen,Anti-inflammatory,0.693
2018-04-24,MED-ATC-M01AE,Ibuprofen,Anti-inflammatory,4.462
2018-04-25,MED-ATC-M01AE,Ibuprofen,Anti-inflammatory,7.66
2018-04-26,MED-ATC-M01AE,Ibuprofen,Anti-inflammatory,1.099
2018-04-27,MED-ATC-M01AE,Ibuprofen,Anti-inflammatory,3.529
2018-04-28,MED-ATC-M01AE,Ibuprofen,Anti-inflammatory,2.0
2018-04-29,MED-ATC-M01AE,Ibuprofen,Anti-inflammatory,6.0
2018-04-30,MED-ATC-M01AE,Ibuprofen,Anti-inflammatory,6.66
2018-05-01,MED-ATC-M01AE,Ibuprofen,Anti-inflammatory,0.0
2018-05-02,MED-ATC-M01AE,Ibuprofen,Anti-inflammatory,3.526
2018-05-03,MED-ATC-M01AE,Ibuprofen,Anti-inflammatory,1.779
2018-05-04,MED-ATC-M01AE,Ibuprofen,Anti-inflammatory,2.93
2018-05-05,MED-ATC-M01AE,Ibuprofen,Anti-inflammatory,3.34
2018-05-06,MED-ATC-M01AE,Ibuprofen,Anti-inflammatory,10.66
2018-05-07,MED-ATC-M01AE,Ibuprofen,Anti-inflammatory,0.033
2018-05-08,MED-ATC-M01AE,Ibuprofen,Anti-inflammatory,5.84
2018-05-09,MED-ATC-M01AE,Ibuprofen,Anti-inflammatory,2.33
2018-05-10,MED-ATC-M01AE,Ibuprofen,Anti-inflammatory,5.32
2018-05-11,MED-ATC-M01AE,Ibuprofen,Anti-inflammatory,1.34
2018-05-12,MED-ATC-M01AE,Ibuprofen,Anti-inflammatory,3.66
2018-05-13,MED-ATC-M01AE,Ibuprofen,Anti-inflammatory,5.759
2018-05-14,MED-ATC-M01AE,Ibuprofen,Anti-inflammatory,6.539
2018-05-15,MED-ATC-M01AE,Ibuprofen,Anti-inflammatory,0.67
2018-05-16,MED-ATC-M01AE,Ibuprofen,Anti-inflammatory,2.33
2018-05-17,MED-ATC-M01AE,Ibuprofen,Anti-inflammatory,2.78
2018-05-18,MED-ATC-M01AE,Ibuprofen,Anti-inflammatory,1.396
2018-05-19,MED-ATC-M01AE,Ibuprofen,Anti-inflammatory,2.561
2018-05-20,MED-ATC-M01AE,Ibuprofen,Anti-inflammatory,8.01
2018-05-21,MED-ATC-M01AE,Ibuprofen,Anti-inflammatory,2.759
2018-05-22,MED-ATC-M01AE,Ibuprofen,Anti-inflammatory,2.33
2018-05-23,MED-ATC-M01AE,Ibuprofen,Anti-inflammatory,3.66
2018-05-24,MED-ATC-M01AE,Ibuprofen,Anti-inflammatory,1.99
2018-05-25,MED-ATC-M01AE,Ibuprofen,Anti-inflammatory,2.33
2018-05-26,MED-ATC-M01AE,Ibuprofen,Anti-inflammatory,2.759
2018-05-27,MED-ATC-M01AE,Ibuprofen,Anti-inflammatory,4.518
2018-05-28,MED-ATC-M01AE,Ibuprofen,Anti-inflammatory,3.01
2018-05-29,MED-ATC-M01AE,Ibuprofen,Anti-inflammatory,4.033
2018-05-30,MED-ATC-M01AE,Ibuprofen,Anti-inflammatory,1.67
2018-05-31,MED-ATC-M01AE,Ibuprofen,Anti-inflammatory,3.66
2018-06-01,MED-ATC-M01AE,Ibuprofen,Anti-inflammatory,2.18
2018-06-02,MED-ATC-M01AE,Ibuprofen,Anti-inflammatory,3.086
2018-06-03,MED-ATC-M01AE,Ibuprofen,Anti-inflammatory,2.746
2018-06-04,MED-ATC-M01AE,Ibuprofen,Anti-inflammatory,3.0
2018-06-05,MED-ATC-M01AE,Ibuprofen,Anti-inflammatory,3.67
2018-06-06,MED-ATC-M01AE,Ibuprofen,Anti-inflammatory,2.34
2018-06-07,MED-ATC-M01AE,Ibuprofen,Anti-inflammatory,4.528
2018-06-08,MED-ATC-M01AE,Ibuprofen,Anti-inflammatory,1.33
2018-06-09,MED-ATC-M01AE,Ibuprofen,Anti-inflammatory,6.462
2018-06-10,MED-ATC-M01AE,Ibuprofen,Anti-inflammatory,4.693
2018-06-11,MED-ATC-M01AE,Ibuprofen,Anti-inflammatory,8.33
2018-06-12,MED-ATC-M01AE,Ibuprofen,Anti-inflammatory,4.5
2018-06-13,MED-ATC-M01AE,Ibuprofen,Anti-inflammatory,4.33
2018-06-14,MED-ATC-M01AE,Ibuprofen,Anti-inflammatory,1.0
2018-06-15,MED-ATC-M01AE,Ibuprofen,Anti-inflammatory,0.066
2018-06-16,MED-ATC-M01AE,Ibuprofen,Anti-inflammatory,6.383
2018-06-17,MED-ATC-M01AE,Ibuprofen,Anti-inflammatory,6.586
2018-06-18,MED-ATC-M01AE,Ibuprofen,Anti-inflammatory,1.33
2018-06-19,MED-ATC-M01AE,Ibuprofen,Anti-inflammatory,3.34
2018-06-20,MED-ATC-M01AE,Ibuprofen,Anti-inflammatory,4.528
2018-06-21,MED-ATC-M01AE,Ibuprofen,Anti-inflammatory,2.913
2018-06-22,MED-ATC-M01AE,Ibuprofen,Anti-inflammatory,5.099
2018-06-23,MED-ATC-M01AE,Ibuprofen,Anti-inflammatory,7.343
2018-06-24,MED-ATC-M01AE,Ibuprofen,Anti-inflammatory,4.746
2018-06-25,MED-ATC-M01AE,Ibuprofen,Anti-inflammatory,3.099
2018-06-26,MED-ATC-M01AE,Ibuprofen,Anti-inflammatory,5.67
2018-06-27,MED-ATC-M01AE,Ibuprofen,Anti-inflammatory,2.396
2018-06-28,MED-ATC-M01AE,Ibuprofen,Anti-inflammatory,2.192
2018-06-29,MED-ATC-M01AE,Ibuprofen,Anti-inflammatory,3.0
2018-06-30,MED-ATC-M01AE,Ibuprofen,Anti-inflammatory,3.34
2018-07-01,MED-ATC-M01AE,Ibuprofen,Anti-inflammatory,3.693
2018-07-02,MED-ATC-M01AE,Ibuprofen,Anti-inflammatory,6.33
2018-07-03,MED-ATC-M01AE,Ibuprofen,Anti-inflammatory,2.33
2018-07-04,MED-ATC-M01AE,Ibuprofen,Anti-inflammatory,2.83
2018-07-05,MED-ATC-M01AE,Ibuprofen,Anti-inflammatory,2.759
2018-07-06,MED-ATC-M01AE,Ibuprofen,Anti-inflammatory,5.33
2018-07-07,MED-ATC-M01AE,Ibuprofen,Anti-inflammatory,8.52
2018-07-08,MED-ATC-M01AE,Ibuprofen,Anti-inflammatory,5.211
2018-07-09,MED-ATC-M01AE,Ibuprofen,Anti-inflammatory,2.0
2018-07-10,MED-ATC-M01AE,Ibuprofen,Anti-inflammatory,6.36
2018-07-11,MED-ATC-M01AE,Ibuprofen,Anti-inflammatory,3.363
2018-07-12,MED-ATC-M01AE,Ibuprofen,Anti-inflammatory,4.34
2018-07-13,MED-ATC-M01AE,Ibuprofen,Anti-inflammatory,2.67
2018-07-14,MED-ATC-M01AE,Ibuprofen,Anti-inflammatory,3.2
2018-07-15,MED-ATC-M01AE,Ibuprofen,Anti-inflammatory,9.42
2018-07-16,MED-ATC-M01AE,Ibuprofen,Anti-inflammatory,5.023
2018-07-17,MED-ATC-M01AE,Ibuprofen,Anti-inflammatory,3.66
2018-07-18,MED-ATC-M01AE,Ibuprofen,Anti-inflammatory,2.837
2018-07-19,MED-ATC-M01AE,Ibuprofen,Anti-inflammatory,4.0
2018-07-20,MED-ATC-M01AE,Ibuprofen,Anti-inflammatory,7.177
2018-07-21,MED-ATC-M01AE,Ibuprofen,Anti-inflammatory,5.02
2018-07-22,MED-ATC-M01AE,Ibuprofen,Anti-inflammatory,4.34
2018-07-23,MED-ATC-M01AE,Ibuprofen,Anti-inflammatory,1.863
2018-07-24,MED-ATC-M01AE,Ibuprofen,Anti-inflammatory,4.0
2018-07-25,MED-ATC-M01AE,Ibuprofen,Anti-inflammatory,2.68
2018-07-26,MED-ATC-M01AE,Ibuprofen,Anti-inflammatory,1.827
2018-07-27,MED-ATC-M01AE,Ibuprofen,Anti-inflammatory,3.34
2018-07-28,MED-ATC-M01AE,Ibuprofen,Anti-inflammatory,4.01
2018-07-29,MED-ATC-M01AE,Ibuprofen,Anti-inflammatory,4.35
2018-07-30,MED-ATC-M01AE,Ibuprofen,Anti-inflammatory,6.33
2018-07-31,MED-ATC-M01AE,Ibuprofen,Anti-inflammatory,3.736
2018-08-01,MED-ATC-M01AE,Ibuprofen,Anti-inflammatory,2.34
2018-08-02,MED-ATC-M01AE,Ibuprofen,Anti-inflammatory,1.0
2018-08-03,MED-ATC-M01AE,Ibuprofen,Anti-inflammatory,2.67
2018-08-04,MED-ATC-M01AE,Ibuprofen,Anti-inflammatory,3.87
2018-08-05,MED-ATC-M01AE,Ibuprofen,Anti-inflammatory,0.99
2018-08-06,MED-ATC-M01AE,Ibuprofen,Anti-inflammatory,6.165
2018-08-07,MED-ATC-M01AE,Ibuprofen,Anti-inflammatory,2.67
2018-08-08,MED-ATC-M01AE,Ibuprofen,Anti-inflammatory,2.793
2018-08-09,MED-ATC-M01AE,Ibuprofen,Anti-inflammatory,3.066
2018-08-10,MED-ATC-M01AE,Ibuprofen,Anti-inflammatory,4.0
2018-08-11,MED-ATC-M01AE,Ibuprofen,Anti-inflammatory,4.133
2018-08-12,MED-ATC-M01AE,Ibuprofen,Anti-inflammatory,4.99
2018-08-13,MED-ATC-M01AE,Ibuprofen,Anti-inflammatory,5.02
2018-08-14,MED-ATC-M01AE,Ibuprofen,Anti-inflammatory,2.736
2018-08-15,MED-ATC-M01AE,Ibuprofen,Anti-inflammatory,4.199
2018-08-16,MED-ATC-M01AE,Ibuprofen,Anti-inflammatory,8.729
2018-08-17,MED-ATC-M01AE,Ibuprofen,Anti-inflammatory,2.99
2018-08-18,MED-ATC-M01AE,Ibuprofen,Anti-inflammatory,5.34
2018-08-19,MED-ATC-M01AE,Ibuprofen,Anti-inflammatory,4.495
2018-08-20,MED-ATC-M01AE,Ibuprofen,Anti-inflammatory,5.68
2018-08-21,MED-ATC-M01AE,Ibuprofen,Anti-inflammatory,3.0
2018-08-22,MED-ATC-M01AE,Ibuprofen,Anti-inflammatory,4.33
2018-08-23,MED-ATC-M01AE,Ibuprofen,Anti-inflammatory,4.067
2018-08-24,MED-ATC-M01AE,Ibuprofen,Anti-inflammatory,2.34
2018-08-25,MED-ATC-M01AE,Ibuprofen,Anti-inflammatory,4.01
2018-08-26,MED-ATC-M01AE,Ibuprofen,Anti-inflammatory,6.67
2018-08-27,MED-ATC-M01AE,Ibuprofen,Anti-inflammatory,1.0
2018-08-28,MED-ATC-M01AE,Ibuprofen,Anti-inflammatory,2.68
2018-08-29,MED-ATC-M01AE,Ibuprofen,Anti-inflammatory,2.67
2018-08-30,MED-ATC-M01AE,Ibuprofen,Anti-inflammatory,2.736
2018-08-31,MED-ATC-M01AE,Ibuprofen,Anti-inflammatory,3.34
2018-09-01,MED-ATC-M01AE,Ibuprofen,Anti-inflammatory,0.0
2018-09-02,MED-ATC-M01AE,Ibuprofen,Anti-inflammatory,5.373
2018-09-03,MED-ATC-M01AE,Ibuprofen,Anti-inflammatory,2.02
2018-09-04,MED-ATC-M01AE,Ibuprofen,Anti-inflammatory,1.086
2018-09-05,MED-ATC-M01AE,Ibuprofen,Anti-inflammatory,3.33
2018-09-06,MED-ATC-M01AE,Ibuprofen,Anti-inflammatory,4.056
2018-09-07,MED-ATC-M01AE,Ibuprofen,Anti-inflammatory,1.746
2018-09-08,MED-ATC-M01AE,Ibuprofen,Anti-inflammatory,2.34
2018-09-09,MED-ATC-M01AE,Ibuprofen,Anti-inflammatory,5.944
2018-09-10,MED-ATC-M01AE,Ibuprofen,Anti-inflammatory,2.406
2018-09-11,MED-ATC-M01AE,Ibuprofen,Anti-inflammatory,2.726
2018-09-12,MED-ATC-M01AE,Ibuprofen,Anti-inflammatory,3.0
2018-09-13,MED-ATC-M01AE,Ibuprofen,Anti-inflammatory,3.086
2018-09-14,MED-ATC-M01AE,Ibuprofen,Anti-inflammatory,7.02
2018-09-15,MED-ATC-M01AE,Ibuprofen,Anti-inflammatory,2.01
2018-09-16,MED-ATC-M01AE,Ibuprofen,Anti-inflammatory,0.67
2018-09-17,MED-ATC-M01AE,Ibuprofen,Anti-inflammatory,2.33
2018-09-18,MED-ATC-M01AE,Ibuprofen,Anti-inflammatory,3.0
2018-09-19,MED-ATC-M01AE,Ibuprofen,Anti-inflammatory,3.68
2018-09-20,MED-ATC-M01AE,Ibuprofen,Anti-inflammatory,4.067
2018-09-21,MED-ATC-M01AE,Ibuprofen,Anti-inflammatory,5.837
2018-09-22,MED-ATC-M01AE,Ibuprofen,Anti-inflammatory,3.833
2018-09-23,MED-ATC-M01AE,Ibuprofen,Anti-inflammatory,9.439
2018-09-24,MED-ATC-M01AE,Ibuprofen,Anti-inflammatory,3.67
2018-09-25,MED-ATC-M01AE,Ibuprofen,Anti-inflammatory,4.736
2018-09-26,MED-ATC-M01AE,Ibuprofen,Anti-inflammatory,9.0
2018-09-27,MED-ATC-M01AE,Ibuprofen,Anti-inflammatory,6.567
2018-09-28,MED-ATC-M01AE,Ibuprofen,Anti-inflammatory,4.68
2018-09-29,MED-ATC-M01AE,Ibuprofen,Anti-inflammatory,5.33
2018-09-30,MED-ATC-M01AE,Ibuprofen,Anti-inflammatory,2.01
2018-10-01,MED-ATC-M01AE,Ibuprofen,Anti-inflammatory,4.932
2018-10-02,MED-ATC-M01AE,Ibuprofen,Anti-inflammatory,3.91
2018-10-03,MED-ATC-M01AE,Ibuprofen,Anti-inflammatory,3.33
2018-10-04,MED-ATC-M01AE,Ibuprofen,Anti-inflammatory,3.36
2018-10-05,MED-ATC-M01AE,Ibuprofen,Anti-inflammatory,3.397
2018-10-06,MED-ATC-M01AE,Ibuprofen,Anti-inflammatory,5.36
2018-10-07,MED-ATC-M01AE,Ibuprofen,Anti-inflammatory,7.35
2018-10-08,MED-ATC-M01AE,Ibuprofen,Anti-inflammatory,1.68
2018-10-09,MED-ATC-M01AE,Ibuprofen,Anti-inflammatory,1.67
2018-10-10,MED-ATC-M01AE,Ibuprofen,Anti-inflammatory,8.01
2018-10-11,MED-ATC-M01AE,Ibuprofen,Anti-inflammatory,2.33
2018-10-12,MED-ATC-M01AE,Ibuprofen,Anti-inflammatory,4.363
2018-10-13,MED-ATC-M01AE,Ibuprofen,Anti-inflammatory,4.507
2018-10-14,MED-ATC-M01AE,Ibuprofen,Anti-inflammatory,6.01
2018-10-15,MED-ATC-M01AE,Ibuprofen,Anti-inflammatory,0.066
2018-10-16,MED-ATC-M01AE,Ibuprofen,Anti-inflammatory,5.322
2018-10-17,MED-ATC-M01AE,Ibuprofen,Anti-inflammatory,6.0
2018-10-18,MED-ATC-M01AE,Ibuprofen,Anti-inflammatory,3.0
2018-10-19,MED-ATC-M01AE,Ibuprofen,Anti-inflammatory,2.066
2018-10-20,MED-ATC-M01AE,Ibuprofen,Anti-inflammatory,2.02
2018-10-21,MED-ATC-M01AE,Ibuprofen,Anti-inflammatory,8.69
2018-10-22,MED-ATC-M01AE,Ibuprofen,Anti-inflammatory,7.01
2018-10-23,MED-ATC-M01AE,Ibuprofen,Anti-inflammatory,2.0
2018-10-24,MED-ATC-M01AE,Ibuprofen,Anti-inflammatory,2.109
2018-10-25,MED-ATC-M01AE,Ibuprofen,Anti-inflammatory,5.429
2018-10-26,MED-ATC-M01AE,Ibuprofen,Anti-inflammatory,5.373
2018-10-27,MED-ATC-M01AE,Ibuprofen,Anti-inflammatory,3.426
2018-10-28,MED-ATC-M01AE,Ibuprofen,Anti-inflammatory,5.33
2018-10-29,MED-ATC-M01AE,Ibuprofen,Anti-inflammatory,2.67
2018-10-30,MED-ATC-M01AE,Ibuprofen,Anti-inflammatory,4.0
2018-10-31,MED-ATC-M01AE,Ibuprofen,Anti-inflammatory,4.68
2018-11-01,MED-ATC-M01AE,Ibuprofen,Anti-inflammatory,0.34
2018-11-02,MED-ATC-M01AE,Ibuprofen,Anti-inflammatory,1.845
2018-11-03,MED-ATC-M01AE,Ibuprofen,Anti-inflammatory,3.0
2018-11-04,MED-ATC-M01AE,Ibuprofen,Anti-inflammatory,4.896
2018-11-05,MED-ATC-M01AE,Ibuprofen,Anti-inflammatory,2.34
2018-11-06,MED-ATC-M01AE,Ibuprofen,Anti-inflammatory,6.68
2018-11-07,MED-ATC-M01AE,Ibuprofen,Anti-inflammatory,1.863
2018-11-08,MED-ATC-M01AE,Ibuprofen,Anti-inflammatory,1.573
2018-11-09,MED-ATC-M01AE,Ibuprofen,Anti-inflammatory,0.67
2018-11-10,MED-ATC-M01AE,Ibuprofen,Anti-inflammatory,2.417
2018-11-11,MED-ATC-M01AE,Ibuprofen,Anti-inflammatory,4.246
2018-11-12,MED-ATC-M01AE,Ibuprofen,Anti-inflammatory,2.33
2018-11-13,MED-ATC-M01AE,Ibuprofen,Anti-inflammatory,5.35
2018-11-14,MED-ATC-M01AE,Ibuprofen,Anti-inflammatory,4.67
2018-11-15,MED-ATC-M01AE,Ibuprofen,Anti-inflammatory,4.083
2018-11-16,MED-ATC-M01AE,Ibuprofen,Anti-inflammatory,2.66
2018-11-17,MED-ATC-M01AE,Ibuprofen,Anti-inflammatory,2.34
2018-11-18,MED-ATC-M01AE,Ibuprofen,Anti-inflammatory,4.68
2018-11-19,MED-ATC-M01AE,Ibuprofen,Anti-inflammatory,2.44
2018-11-20,MED-ATC-M01AE,Ibuprofen,Anti-inflammatory,3.803
2018-11-21,MED-ATC-M01AE,Ibuprofen,Anti-inflammatory,2.34
2018-11-22,MED-ATC-M01AE,Ibuprofen,Anti-inflammatory,7.066
2018-11-23,MED-ATC-M01AE,Ibuprofen,Anti-inflammatory,4.472
2018-11-24,MED-ATC-M01AE,Ibuprofen,Anti-inflammatory,5.78
2018-11-25,MED-ATC-M01AE,Ibuprofen,Anti-inflammatory,3.593
2018-11-26,MED-ATC-M01AE,Ibuprofen,Anti-inflammatory,2.34
2018-11-27,MED-ATC-M01AE,Ibuprofen,Anti-inflammatory,4.67
2018-11-28,MED-ATC-M01AE,Ibuprofen,Anti-inflammatory,5.67
2018-11-29,MED-ATC-M01AE,Ibuprofen,Anti-inflammatory,4.32
2018-11-30,MED-ATC-M01AE,Ibuprofen,Anti-inflammatory,3.01
2018-12-01,MED-ATC-M01AE,Ibuprofen,Anti-inflammatory,8.779
2018-12-02,MED-ATC-M01AE,Ibuprofen,Anti-inflammatory,5.779
2018-12-03,MED-ATC-M01AE,Ibuprofen,Anti-inflammatory,5.083
2018-12-04,MED-ATC-M01AE,Ibuprofen,Anti-inflammatory,3.0
2018-12-05,MED-ATC-M01AE,Ibuprofen,Anti-inflammatory,3.726
2018-12-06,MED-ATC-M01AE,Ibuprofen,Anti-inflammatory,0.0
2018-12-07,MED-ATC-M01AE,Ibuprofen,Anti-inflammatory,3.01
2018-12-08,MED-ATC-M01AE,Ibuprofen,Anti-inflammatory,0.0
2018-12-09,MED-ATC-M01AE,Ibuprofen,Anti-inflammatory,6.69
2018-12-10,MED-ATC-M01AE,Ibuprofen,Anti-inflammatory,5.0
2018-12-11,MED-ATC-M01AE,Ibuprofen,Anti-inflammatory,4.01
2018-12-12,MED-ATC-M01AE,Ibuprofen,Anti-inflammatory,2.0
2018-12-13,MED-ATC-M01AE,Ibuprofen,Anti-inflammatory,2.243
2018-12-14,MED-ATC-M01AE,Ibuprofen,Anti-inflammatory,2.0
2018-12-15,MED-ATC-M01AE,Ibuprofen,Anti-inflammatory,2.34
2018-12-16,MED-ATC-M01AE,Ibuprofen,Anti-inflammatory,4.32
2018-12-17,MED-ATC-M01AE,Ibuprofen,Anti-inflammatory,2.01
2018-12-18,MED-ATC-M01AE,Ibuprofen,Anti-inflammatory,2.473
2018-12-19,MED-ATC-M01AE,Ibuprofen,Anti-inflammatory,0.0
2018-12-20,MED-ATC-M01AE,Ibuprofen,Anti-inflammatory,1.66
2018-12-21,MED-ATC-M01AE,Ibuprofen,Anti-inflammatory,1.35
2018-12-22,MED-ATC-M01AE,Ibuprofen,Anti-inflammatory,3.34
2018-12-23,MED-ATC-M01AE,Ibuprofen,Anti-inflammatory,6.406
2018-12-24,MED-ATC-M01AE,Ibuprofen,Anti-inflammatory,4.35
2018-12-25,MED-ATC-M01AE,Ibuprofen,Anti-inflammatory,6.076
2018-12-26,MED-ATC-M01AE,Ibuprofen,Anti-inflammatory,0.66
2018-12-27,MED-ATC-M01AE,Ibuprofen,Anti-inflammatory,3.01
2018-12-28,MED-ATC-M01AE,Ibuprofen,Anti-inflammatory,5.845
2018-12-29,MED-ATC-M01AE,Ibuprofen,Anti-inflammatory,5.611
2018-12-30,MED-ATC-M01AE,Ibuprofen,Anti-inflammatory,7.593
2018-12-31,MED-ATC-M01AE,Ibuprofen,Anti-inflammatory,4.66
2014-01-02,MED-ATC-N02BA,Aspirin,Analgesic,3.4
2014-01-03,MED-ATC-N02BA,Aspirin,Analgesic,4.4
2014-01-04,MED-ATC-N02BA,Aspirin,Analgesic,6.5
2014-01-05,MED-ATC-N02BA,Aspirin,Analgesic,7.0
2014-01-06,MED-ATC-N02BA,Aspirin,Analgesic,4.5
2014-01-07,MED-ATC-N02BA,Aspirin,Analgesic,0.0
2014-01-08,MED-ATC-N02BA,Aspirin,Analgesic,10.5
2014-01-09,MED-ATC-N02BA,Aspirin,Analgesic,8.0
2014-01-10,MED-ATC-N02BA,Aspirin,Analgesic,2.0
2014-01-11,MED-ATC-N02BA,Aspirin,Analgesic,10.4
2014-01-12,MED-ATC-N02BA,Aspirin,Analgesic,2.5
2014-01-13,MED-ATC-N02BA,Aspirin,Analgesic,6.2
2014-01-14,MED-ATC-N02BA,Aspirin,Analgesic,12.3
2014-01-15,MED-ATC-N02BA,Aspirin,Analgesic,5.0
2014-01-16,MED-ATC-N02BA,Aspirin,Analgesic,4.3
2014-01-17,MED-ATC-N02BA,Aspirin,Analgesic,8.3
2014-01-18,MED-ATC-N02BA,Aspirin,Analgesic,5.8
2014-01-19,MED-ATC-N02BA,Aspirin,Analgesic,4.0
2014-01-20,MED-ATC-N02BA,Aspirin,Analgesic,3.3
2014-01-21,MED-ATC-N02BA,Aspirin,Analgesic,4.0
2014-01-22,MED-ATC-N02BA,Aspirin,Analgesic,7.0
2014-01-23,MED-ATC-N02BA,Aspirin,Analgesic,5.2
2014-01-24,MED-ATC-N02BA,Aspirin,Analgesic,7.0
2014-01-25,MED-ATC-N02BA,Aspirin,Analgesic,5.0
2014-01-26,MED-ATC-N02BA,Aspirin,Analgesic,0.0
2014-01-27,MED-ATC-N02BA,Aspirin,Analgesic,1.2
2014-01-28,MED-ATC-N02BA,Aspirin,Analgesic,2.8
2014-01-29,MED-ATC-N02BA,Aspirin,Analgesic,2.0
2014-01-30,MED-ATC-N02BA,Aspirin,Analgesic,2.4
2014-01-31,MED-ATC-N02BA,Aspirin,Analgesic,7.1
2014-02-01,MED-ATC-N02BA,Aspirin,Analgesic,5.0
2014-02-02,MED-ATC-N02BA,Aspirin,Analgesic,0.2
2014-02-03,MED-ATC-N02BA,Aspirin,Analgesic,8.5
2014-02-04,MED-ATC-N02BA,Aspirin,Analgesic,7.0
2014-02-05,MED-ATC-N02BA,Aspirin,Analgesic,6.2
2014-02-06,MED-ATC-N02BA,Aspirin,Analgesic,3.5
2014-02-07,MED-ATC-N02BA,Aspirin,Analgesic,11.7
2014-02-08,MED-ATC-N02BA,Aspirin,Analgesic,14.4
2014-02-09,MED-ATC-N02BA,Aspirin,Analgesic,2.0
2014-02-10,MED-ATC-N02BA,Aspirin,Analgesic,8.5
2014-02-11,MED-ATC-N02BA,Aspirin,Analgesic,13.3
2014-02-12,MED-ATC-N02BA,Aspirin,Analgesic,9.1
2014-02-13,MED-ATC-N02BA,Aspirin,Analgesic,10.0
2014-02-14,MED-ATC-N02BA,Aspirin,Analgesic,3.2
2014-02-15,MED-ATC-N02BA,Aspirin,Analgesic,2.0
2014-02-16,MED-ATC-N02BA,Aspirin,Analgesic,1.2
2014-02-17,MED-ATC-N02BA,Aspirin,Analgesic,12.7
2014-02-18,MED-ATC-N02BA,Aspirin,Analgesic,6.1
2014-02-19,MED-ATC-N02BA,Aspirin,Analgesic,5.5
2014-02-20,MED-ATC-N02BA,Aspirin,Analgesic,3.2
2014-02-21,MED-ATC-N02BA,Aspirin,Analgesic,9.0
2014-02-22,MED-ATC-N02BA,Aspirin,Analgesic,5.7
2014-02-23,MED-ATC-N02BA,Aspirin,Analgesic,2.0
2014-02-24,MED-ATC-N02BA,Aspirin,Analgesic,5.5
2014-02-25,MED-ATC-N02BA,Aspirin,Analgesic,11.2
2014-02-26,MED-ATC-N02BA,Aspirin,Analgesic,1.0
2014-02-27,MED-ATC-N02BA,Aspirin,Analgesic,4.0
2014-02-28,MED-ATC-N02BA,Aspirin,Analgesic,5.3
2014-03-01,MED-ATC-N02BA,Aspirin,Analgesic,11.355
2014-03-02,MED-ATC-N02BA,Aspirin,Analgesic,2.0
2014-03-03,MED-ATC-N02BA,Aspirin,Analgesic,1.6
2014-03-04,MED-ATC-N02BA,Aspirin,Analgesic,7.2
2014-03-05,MED-ATC-N02BA,Aspirin,Analgesic,3.0
2014-03-06,MED-ATC-N02BA,Aspirin,Analgesic,5.5
2014-03-07,MED-ATC-N02BA,Aspirin,Analgesic,9.5
2014-03-08,MED-ATC-N02BA,Aspirin,Analgesic,1.0
2014-03-09,MED-ATC-N02BA,Aspirin,Analgesic,4.0
2014-03-10,MED-ATC-N02BA,Aspirin,Analgesic,3.8
2014-03-11,MED-ATC-N02BA,Aspirin,Analgesic,7.0
2014-03-12,MED-ATC-N02BA,Aspirin,Analgesic,6.5
2014-03-13,MED-ATC-N02BA,Aspirin,Analgesic,5.3
2014-03-14,MED-ATC-N02BA,Aspirin,Analgesic,1.2
2014-03-15,MED-ATC-N02BA,Aspirin,Analgesic,11.0
2014-03-16,MED-ATC-N02BA,Aspirin,Analgesic,1.4
2014-03-17,MED-ATC-N02BA,Aspirin,Analgesic,7.0
2014-03-18,MED-ATC-N02BA,Aspirin,Analgesic,5.0
2014-03-19,MED-ATC-N02BA,Aspirin,Analgesic,4.0
2014-03-20,MED-ATC-N02BA,Aspirin,Analgesic,1.6
2014-03-21,MED-ATC-N02BA,Aspirin,Analgesic,4.5
2014-03-22,MED-ATC-N02BA,Aspirin,Analgesic,0.0
2014-03-23,MED-ATC-N02BA,Aspirin,Analgesic,4.0
2014-03-24,MED-ATC-N02BA,Aspirin,Analgesic,4.0
2014-03-25,MED-ATC-N02BA,Aspirin,Analgesic,9.0
2014-03-26,MED-ATC-N02BA,Aspirin,Analgesic,9.0
2014-03-27,MED-ATC-N02BA,Aspirin,Analgesic,2.0
2014-03-28,MED-ATC-N02BA,Aspirin,Analgesic,8.0
2014-03-29,MED-ATC-N02BA,Aspirin,Analgesic,4.2
2014-03-30,MED-ATC-N02BA,Aspirin,Analgesic,0.0
2014-03-31,MED-ATC-N02BA,Aspirin,Analgesic,4.0
2014-04-01,MED-ATC-N02BA,Aspirin,Analgesic,6.5
2014-04-02,MED-ATC-N02BA,Aspirin,Analgesic,8.9
2014-04-03,MED-ATC-N02BA,Aspirin,Analgesic,3.0
2014-04-04,MED-ATC-N02BA,Aspirin,Analgesic,3.0
2014-04-05,MED-ATC-N02BA,Aspirin,Analgesic,10.0
2014-04-06,MED-ATC-N02BA,Aspirin,Analgesic,1.0
2014-04-07,MED-ATC-N02BA,Aspirin,Analgesic,6.5
2014-04-08,MED-ATC-N02BA,Aspirin,Analgesic,1.7
2014-04-09,MED-ATC-N02BA,Aspirin,Analgesic,1.0
2014-04-10,MED-ATC-N02BA,Aspirin,Analgesic,1.0
2014-04-11,MED-ATC-N02BA,Aspirin,Analgesic,3.0
2014-04-12,MED-ATC-N02BA,Aspirin,Analgesic,6.0
2014-04-13,MED-ATC-N02BA,Aspirin,Analgesic,2.0
2014-04-14,MED-ATC-N02BA,Aspirin,Analgesic,5.35
2014-04-15,MED-ATC-N02BA,Aspirin,Analgesic,6.4
2014-04-16,MED-ATC-N02BA,Aspirin,Analgesic,4.2
2014-04-17,MED-ATC-N02BA,Aspirin,Analgesic,7.2
2014-04-18,MED-ATC-N02BA,Aspirin,Analgesic,8.0
2014-04-19,MED-ATC-N02BA,Aspirin,Analgesic,4.0
2014-04-20,MED-ATC-N02BA,Aspirin,Analgesic,0.0
2014-04-21,MED-ATC-N02BA,Aspirin,Analgesic,2.1
2014-04-22,MED-ATC-N02BA,Aspirin,Analgesic,3.3
2014-04-23,MED-ATC-N02BA,Aspirin,Analgesic,3.0
2014-04-24,MED-ATC-N02BA,Aspirin,Analgesic,1.1
2014-04-25,MED-ATC-N02BA,Aspirin,Analgesic,5.0
2014-04-26,MED-ATC-N02BA,Aspirin,Analgesic,5.5
2014-04-27,MED-ATC-N02BA,Aspirin,Analgesic,2.0
2014-04-28,MED-ATC-N02BA,Aspirin,Analgesic,3.0
2014-04-29,MED-ATC-N02BA,Aspirin,Analgesic,4.4
2014-04-30,MED-ATC-N02BA,Aspirin,Analgesic,7.0
2014-05-01,MED-ATC-N02BA,Aspirin,Analgesic,0.0
2014-05-02,MED-ATC-N02BA,Aspirin,Analgesic,6.3
2014-05-03,MED-ATC-N02BA,Aspirin,Analgesic,2.0
2014-05-04,MED-ATC-N02BA,Aspirin,Analgesic,1.2
2014-05-05,MED-ATC-N02BA,Aspirin,Analgesic,5.0
2014-05-06,MED-ATC-N02BA,Aspirin,Analgesic,4.0
2014-05-07,MED-ATC-N02BA,Aspirin,Analgesic,3.0
2014-05-08,MED-ATC-N02BA,Aspirin,Analgesic,3.4
2014-05-09,MED-ATC-N02BA,Aspirin,Analgesic,4.2
2014-05-10,MED-ATC-N02BA,Aspirin,Analgesic,9.0
2014-05-11,MED-ATC-N02BA,Aspirin,Analgesic,1.0
2014-05-12,MED-ATC-N02BA,Aspirin,Analgesic,9.0
2014-05-13,MED-ATC-N02BA,Aspirin,Analgesic,6.2
2014-05-14,MED-ATC-N02BA,Aspirin,Analgesic,6.0
2014-05-15,MED-ATC-N02BA,Aspirin,Analgesic,3.0
2014-05-16,MED-ATC-N02BA,Aspirin,Analgesic,3.0
2014-05-17,MED-ATC-N02BA,Aspirin,Analgesic,3.0
2014-05-18,MED-ATC-N02BA,Aspirin,Analgesic,5.0
2014-05-19,MED-ATC-N02BA,Aspirin,Analgesic,6.1
2014-05-20,MED-ATC-N02BA,Aspirin,Analgesic,7.0
2014-05-21,MED-ATC-N02BA,Aspirin,Analgesic,9.5
2014-05-22,MED-ATC-N02BA,Aspirin,Analgesic,1.2
2014-05-23,MED-ATC-N02BA,Aspirin,Analgesic,3.9
2014-05-24,MED-ATC-N02BA,Aspirin,Analgesic,5.0
2014-05-25,MED-ATC-N02BA,Aspirin,Analgesic,1.0
2014-05-26,MED-ATC-N02BA,Aspirin,Analgesic,7.4
2014-05-27,MED-ATC-N02BA,Aspirin,Analgesic,5.0
2014-05-28,MED-ATC-N02BA,Aspirin,Analgesic,1.4
2014-05-29,MED-ATC-N02BA,Aspirin,Analgesic,6.3
2014-05-30,MED-ATC-N02BA,Aspirin,Analgesic,2.0
2014-05-31,MED-ATC-N02BA,Aspirin,Analgesic,2.0
2014-06-01,MED-ATC-N02BA,Aspirin,Analgesic,1.0
2014-06-02,MED-ATC-N02BA,Aspirin,Analgesic,10.0
2014-06-03,MED-ATC-N02BA,Aspirin,Analgesic,2.4
2014-06-04,MED-ATC-N02BA,Aspirin,Analgesic,3.5
2014-06-05,MED-ATC-N02BA,Aspirin,Analgesic,4.5
2014-06-06,MED-ATC-N02BA,Aspirin,Analgesic,3.0
2014-06-07,MED-ATC-N02BA,Aspirin,Analgesic,7.5
2014-06-08,MED-ATC-N02BA,Aspirin,Analgesic,3.0
2014-06-09,MED-ATC-N02BA,Aspirin,Analgesic,5.0
2014-06-10,MED-ATC-N02BA,Aspirin,Analgesic,4.3
2014-06-11,MED-ATC-N02BA,Aspirin,Analgesic,2.3
2014-06-12,MED-ATC-N02BA,Aspirin,Analgesic,1.0
2014-06-13,MED-ATC-N02BA,Aspirin,Analgesic,5.0
2014-06-14,MED-ATC-N02BA,Aspirin,Analgesic,6.0
2014-06-15,MED-ATC-N02BA,Aspirin,Analgesic,0.0
2014-06-16,MED-ATC-N02BA,Aspirin,Analgesic,7.4
2014-06-17,MED-ATC-N02BA,Aspirin,Analgesic,4.0
2014-06-18,MED-ATC-N02BA,Aspirin,Analgesic,4.7
2014-06-19,MED-ATC-N02BA,Aspirin,Analgesic,1.0
2014-06-20,MED-ATC-N02BA,Aspirin,Analgesic,3.0
2014-06-21,MED-ATC-N02BA,Aspirin,Analgesic,2.0
2014-06-22,MED-ATC-N02BA,Aspirin,Analgesic,4.0
2014-06-23,MED-ATC-N02BA,Aspirin,Analgesic,3.0
2014-06-24,MED-ATC-N02BA,Aspirin,Analgesic,4.0
2014-06-25,MED-ATC-N02BA,Aspirin,Analgesic,7.0
2014-06-26,MED-ATC-N02BA,Aspirin,Analgesic,11.3
2014-06-27,MED-ATC-N02BA,Aspirin,Analgesic,6.0
2014-06-28,MED-ATC-N02BA,Aspirin,Analgesic,5.0
2014-06-29,MED-ATC-N02BA,Aspirin,Analgesic,1.0
2014-06-30,MED-ATC-N02BA,Aspirin,Analgesic,1.0
2014-07-01,MED-ATC-N02BA,Aspirin,Analgesic,2.0
2014-07-02,MED-ATC-N02BA,Aspirin,Analgesic,4.0
2014-07-03,MED-ATC-N02BA,Aspirin,Analgesic,7.0
2014-07-04,MED-ATC-N02BA,Aspirin,Analgesic,7.0
2014-07-05,MED-ATC-N02BA,Aspirin,Analgesic,6.0
2014-07-06,MED-ATC-N02BA,Aspirin,Analgesic,3.0
2014-07-07,MED-ATC-N02BA,Aspirin,Analgesic,4.0
2014-07-08,MED-ATC-N02BA,Aspirin,Analgesic,3.0
2014-07-09,MED-ATC-N02BA,Aspirin,Analgesic,5.0
2014-07-10,MED-ATC-N02BA,Aspirin,Analgesic,8.0
2014-07-11,MED-ATC-N02BA,Aspirin,Analgesic,3.2
2014-07-12,MED-ATC-N02BA,Aspirin,Analgesic,10.5
2014-07-13,MED-ATC-N02BA,Aspirin,Analgesic,1.0
2014-07-14,MED-ATC-N02BA,Aspirin,Analgesic,3.0
2014-07-15,MED-ATC-N02BA,Aspirin,Analgesic,1.0
2014-07-16,MED-ATC-N02BA,Aspirin,Analgesic,3.0
2014-07-17,MED-ATC-N02BA,Aspirin,Analgesic,5.0
2014-07-18,MED-ATC-N02BA,Aspirin,Analgesic,1.5
2014-07-19,MED-ATC-N02BA,Aspirin,Analgesic,6.0
2014-07-20,MED-ATC-N02BA,Aspirin,Analgesic,1.0
2014-07-21,MED-ATC-N02BA,Aspirin,Analgesic,8.0
2014-07-22,MED-ATC-N02BA,Aspirin,Analgesic,3.0
2014-07-23,MED-ATC-N02BA,Aspirin,Analgesic,2.0
2014-07-24,MED-ATC-N02BA,Aspirin,Analgesic,4.4
2014-07-25,MED-ATC-N02BA,Aspirin,Analgesic,7.5
2014-07-26,MED-ATC-N02BA,Aspirin,Analgesic,6.2
2014-07-27,MED-ATC-N02BA,Aspirin,Analgesic,2.0
2014-07-28,MED-ATC-N02BA,Aspirin,Analgesic,2.0
2014-07-29,MED-ATC-N02BA,Aspirin,Analgesic,1.0
2014-07-30,MED-ATC-N02BA,Aspirin,Analgesic,5.0
2014-07-31,MED-ATC-N02BA,Aspirin,Analgesic,4.0
2014-08-01,MED-ATC-N02BA,Aspirin,Analgesic,2.2
2014-08-02,MED-ATC-N02BA,Aspirin,Analgesic,6.0
2014-08-03,MED-ATC-N02BA,Aspirin,Analgesic,3.0
2014-08-04,MED-ATC-N02BA,Aspirin,Analgesic,6.0
2014-08-05,MED-ATC-N02BA,Aspirin,Analgesic,3.0
2014-08-06,MED-ATC-N02BA,Aspirin,Analgesic,1.4
2014-08-07,MED-ATC-N02BA,Aspirin,Analgesic,3.0
2014-08-08,MED-ATC-N02BA,Aspirin,Analgesic,5.0
2014-08-09,MED-ATC-N02BA,Aspirin,Analgesic,6.0
2014-08-10,MED-ATC-N02BA,Aspirin,Analgesic,4.0
2014-08-11,MED-ATC-N02BA,Aspirin,Analgesic,9.2
2014-08-12,MED-ATC-N02BA,Aspirin,Analgesic,4.5
2014-08-13,MED-ATC-N02BA,Aspirin,Analgesic,1.0
2014-08-14,MED-ATC-N02BA,Aspirin,Analgesic,6.0
2014-08-15,MED-ATC-N02BA,Aspirin,Analgesic,7.0
2014-08-16,MED-ATC-N02BA,Aspirin,Analgesic,5.0
2014-08-17,MED-ATC-N02BA,Aspirin,Analgesic,2.0
2014-08-18,MED-ATC-N02BA,Aspirin,Analgesic,3.1
2014-08-19,MED-ATC-N02BA,Aspirin,Analgesic,5.0
2014-08-20,MED-ATC-N02BA,Aspirin,Analgesic,1.4
2014-08-21,MED-ATC-N02BA,Aspirin,Analgesic,2.0
2014-08-22,MED-ATC-N02BA,Aspirin,Analgesic,5.0
2014-08-23,MED-ATC-N02BA,Aspirin,Analgesic,1.0
2014-08-24,MED-ATC-N02BA,Aspirin,Analgesic,3.0
2014-08-25,MED-ATC-N02BA,Aspirin,Analgesic,3.0
2014-08-26,MED-ATC-N02BA,Aspirin,Analgesic,3.0
2014-08-27,MED-ATC-N02BA,Aspirin,Analgesic,4.0
2014-08-28,MED-ATC-N02BA,Aspirin,Analgesic,6.0
2014-08-29,MED-ATC-N02BA,Aspirin,Analgesic,5.0
2014-08-30,MED-ATC-N02BA,Aspirin,Analgesic,7.0
2014-08-31,MED-ATC-N02BA,Aspirin,Analgesic,1.0
2014-09-01,MED-ATC-N02BA,Aspirin,Analgesic,1.0
2014-09-02,MED-ATC-N02BA,Aspirin,Analgesic,5.2
2014-09-03,MED-ATC-N02BA,Aspirin,Analgesic,4.0
2014-09-04,MED-ATC-N02BA,Aspirin,Analgesic,3.0
2014-09-05,MED-ATC-N02BA,Aspirin,Analgesic,3.0
2014-09-06,MED-ATC-N02BA,Aspirin,Analgesic,2.4
2014-09-07,MED-ATC-N02BA,Aspirin,Analgesic,5.0
2014-09-08,MED-ATC-N02BA,Aspirin,Analgesic,3.5
2014-09-09,MED-ATC-N02BA,Aspirin,Analgesic,4.0
2014-09-10,MED-ATC-N02BA,Aspirin,Analgesic,3.5
2014-09-11,MED-ATC-N02BA,Aspirin,Analgesic,4.0
2014-09-12,MED-ATC-N02BA,Aspirin,Analgesic,1.0
2014-09-13,MED-ATC-N02BA,Aspirin,Analgesic,4.4
2014-09-14,MED-ATC-N02BA,Aspirin,Analgesic,2.0
2014-09-15,MED-ATC-N02BA,Aspirin,Analgesic,5.4
2014-09-16,MED-ATC-N02BA,Aspirin,Analgesic,0.0
2014-09-17,MED-ATC-N02BA,Aspirin,Analgesic,4.0
2014-09-18,MED-ATC-N02BA,Aspirin,Analgesic,1.0
2014-09-19,MED-ATC-N02BA,Aspirin,Analgesic,7.8
2014-09-20,MED-ATC-N02BA,Aspirin,Analgesic,4.5
2014-09-21,MED-ATC-N02BA,Aspirin,Analgesic,6.0
2014-09-22,MED-ATC-N02BA,Aspirin,Analgesic,5.5
2014-09-23,MED-ATC-N02BA,Aspirin,Analgesic,5.5
2014-09-24,MED-ATC-N02BA,Aspirin,Analgesic,1.4
2014-09-25,MED-ATC-N02BA,Aspirin,Analgesic,8.2
2014-09-26,MED-ATC-N02BA,Aspirin,Analgesic,3.5
2014-09-27,MED-ATC-N02BA,Aspirin,Analgesic,6.0
2014-09-28,MED-ATC-N02BA,Aspirin,Analgesic,1.0
2014-09-29,MED-ATC-N02BA,Aspirin,Analgesic,2.3
2014-09-30,MED-ATC-N02BA,Aspirin,Analgesic,4.0
2014-10-01,MED-ATC-N02BA,Aspirin,Analgesic,2.4
2014-10-02,MED-ATC-N02BA,Aspirin,Analgesic,5.0
2014-10-03,MED-ATC-N02BA,Aspirin,Analgesic,5.9
2014-10-04,MED-ATC-N02BA,Aspirin,Analgesic,8.0
2014-10-05,MED-ATC-N02BA,Aspirin,Analgesic,3.0
2014-10-06,MED-ATC-N02BA,Aspirin,Analgesic,2.4
2014-10-07,MED-ATC-N02BA,Aspirin,Analgesic,2.2
2014-10-08,MED-ATC-N02BA,Aspirin,Analgesic,7.0
2014-10-09,MED-ATC-N02BA,Aspirin,Analgesic,6.0
2014-10-10,MED-ATC-N02BA,Aspirin,Analgesic,9.0
2014-10-11,MED-ATC-N02BA,Aspirin,Analgesic,5.0
2014-10-12,MED-ATC-N02BA,Aspirin,Analgesic,1.5
2014-10-13,MED-ATC-N02BA,Aspirin,Analgesic,6.2
2014-10-14,MED-ATC-N02BA,Aspirin,Analgesic,4.8
2014-10-15,MED-ATC-N02BA,Aspirin,Analgesic,3.5
2014-10-16,MED-ATC-N02BA,Aspirin,Analgesic,2.9375
2014-10-17,MED-ATC-N02BA,Aspirin,Analgesic,3.4
2014-10-18,MED-ATC-N02BA,Aspirin,Analgesic,5.5
2014-10-19,MED-ATC-N02BA,Aspirin,Analgesic,2.0
2014-10-20,MED-ATC-N02BA,Aspirin,Analgesic,7.3
2014-10-21,MED-ATC-N02BA,Aspirin,Analgesic,6.4
2014-10-22,MED-ATC-N02BA,Aspirin,Analgesic,2.6
2014-10-23,MED-ATC-N02BA,Aspirin,Analgesic,0.0
2014-10-24,MED-ATC-N02BA,Aspirin,Analgesic,6.3
2014-10-25,MED-ATC-N02BA,Aspirin,Analgesic,1.0
2014-10-26,MED-ATC-N02BA,Aspirin,Analgesic,1.6
2014-10-27,MED-ATC-N02BA,Aspirin,Analgesic,4.0
2014-10-28,MED-ATC-N02BA,Aspirin,Analgesic,10.0
2014-10-29,MED-ATC-N02BA,Aspirin,Analgesic,6.6
2014-10-30,MED-ATC-N02BA,Aspirin,Analgesic,5.0
2014-10-31,MED-ATC-N02BA,Aspirin,Analgesic,4.0
2014-11-01,MED-ATC-N02BA,Aspirin,Analgesic,3.5
2014-11-02,MED-ATC-N02BA,Aspirin,Analgesic,1.0
2014-11-03,MED-ATC-N02BA,Aspirin,Analgesic,1.0
2014-11-04,MED-ATC-N02BA,Aspirin,Analgesic,5.2
2014-11-05,MED-ATC-N02BA,Aspirin,Analgesic,4.0
2014-11-06,MED-ATC-N02BA,Aspirin,Analgesic,5.2
2014-11-07,MED-ATC-N02BA,Aspirin,Analgesic,5.5
2014-11-08,MED-ATC-N02BA,Aspirin,Analgesic,6.0
2014-11-09,MED-ATC-N02BA,Aspirin,Analgesic,2.9
2014-11-10,MED-ATC-N02BA,Aspirin,Analgesic,3.3
2014-11-11,MED-ATC-N02BA,Aspirin,Analgesic,2.0
2014-11-12,MED-ATC-N02BA,Aspirin,Analgesic,4.0
2014-11-13,MED-ATC-N02BA,Aspirin,Analgesic,5.0
2014-11-14,MED-ATC-N02BA,Aspirin,Analgesic,6.0
2014-11-15,MED-ATC-N02BA,Aspirin,Analgesic,5.0
2014-11-16,MED-ATC-N02BA,Aspirin,Analgesic,6.0
2014-11-17,MED-ATC-N02BA,Aspirin,Analgesic,5.5
2014-11-18,MED-ATC-N02BA,Aspirin,Analgesic,5.0
2014-11-19,MED-ATC-N02BA,Aspirin,Analgesic,10.0
2014-11-20,MED-ATC-N02BA,Aspirin,Analgesic,5.0
2014-11-21,MED-ATC-N02BA,Aspirin,Analgesic,3.0
2014-11-22,MED-ATC-N02BA,Aspirin,Analgesic,3.0
2014-11-23,MED-ATC-N02BA,Aspirin,Analgesic,6.0
2014-11-24,MED-ATC-N02BA,Aspirin,Analgesic,6.0
2014-11-25,MED-ATC-N02BA,Aspirin,Analgesic,2.0
2014-11-26,MED-ATC-N02BA,Aspirin,Analgesic,6.0
2014-11-27,MED-ATC-N02BA,Aspirin,Analgesic,2.3
2014-11-28,MED-ATC-N02BA,Aspirin,Analgesic,15.0
2014-11-29,MED-ATC-N02BA,Aspirin,Analgesic,3.3
2014-11-30,MED-ATC-N02BA,Aspirin,Analgesic,5.0
2014-12-01,MED-ATC-N02BA,Aspirin,Analgesic,0.0
2014-12-02,MED-ATC-N02BA,Aspirin,Analgesic,3.7
2014-12-03,MED-ATC-N02BA,Aspirin,Analgesic,5.0
2014-12-04,MED-ATC-N02BA,Aspirin,Analgesic,3.6
2014-12-05,MED-ATC-N02BA,Aspirin,Analgesic,1.0
2014-12-06,MED-ATC-N02BA,Aspirin,Analgesic,1.0
2014-12-07,MED-ATC-N02BA,Aspirin,Analgesic,4.0
2014-12-08,MED-ATC-N02BA,Aspirin,Analgesic,2.0
2014-12-09,MED-ATC-N02BA,Aspirin,Analgesic,7.0
2014-12-10,MED-ATC-N02BA,Aspirin,Analgesic,2.0
2014-12-11,MED-ATC-N02BA,Aspirin,Analgesic,7.0
2014-12-12,MED-ATC-N02BA,Aspirin,Analgesic,5.6
2014-12-13,MED-ATC-N02BA,Aspirin,Analgesic,2.4
2014-12-14,MED-ATC-N02BA,Aspirin,Analgesic,4.4
2014-12-15,MED-ATC-N02BA,Aspirin,Analgesic,7.64
2014-12-16,MED-ATC-N02BA,Aspirin,Analgesic,6.2
2014-12-17,MED-ATC-N02BA,Aspirin,Analgesic,3.5
2014-12-18,MED-ATC-N02BA,Aspirin,Analgesic,3.0
2014-12-19,MED-ATC-N02BA,Aspirin,Analgesic,0.0
2014-12-20,MED-ATC-N02BA,Aspirin,Analgesic,2.0
2014-12-21,MED-ATC-N02BA,Aspirin,Analgesic,2.0
2014-12-22,MED-ATC-N02BA,Aspirin,Analgesic,2.284
2014-12-23,MED-ATC-N02BA,Aspirin,Analgesic,4.6
2014-12-24,MED-ATC-N02BA,Aspirin,Analgesic,1.0
2014-12-25,MED-ATC-N02BA,Aspirin,Analgesic,9.5
2014-12-26,MED-ATC-N02BA,Aspirin,Analgesic,3.0
2014-12-27,MED-ATC-N02BA,Aspirin,Analgesic,4.4
2014-12-28,MED-ATC-N02BA,Aspirin,Analgesic,3.0
2014-12-29,MED-ATC-N02BA,Aspirin,Analgesic,4.0
2014-12-30,MED-ATC-N02BA,Aspirin,Analgesic,3.8
2014-12-31,MED-ATC-N02BA,Aspirin,Analgesic,2.5
2015-01-01,MED-ATC-N02BA,Aspirin,Analgesic,0.0
2015-01-02,MED-ATC-N02BA,Aspirin,Analgesic,4.9
2015-01-03,MED-ATC-N02BA,Aspirin,Analgesic,6.0
2015-01-04,MED-ATC-N02BA,Aspirin,Analgesic,3.5
2015-01-05,MED-ATC-N02BA,Aspirin,Analgesic,1.0
2015-01-06,MED-ATC-N02BA,Aspirin,Analgesic,7.3
2015-01-07,MED-ATC-N02BA,Aspirin,Analgesic,0.0
2015-01-08,MED-ATC-N02BA,Aspirin,Analgesic,1.2
2015-01-09,MED-ATC-N02BA,Aspirin,Analgesic,9.4
2015-01-10,MED-ATC-N02BA,Aspirin,Analgesic,7.0
2015-01-11,MED-ATC-N02BA,Aspirin,Analgesic,7.0
2015-01-12,MED-ATC-N02BA,Aspirin,Analgesic,7.5
2015-01-13,MED-ATC-N02BA,Aspirin,Analgesic,10.0
2015-01-14,MED-ATC-N02BA,Aspirin,Analgesic,5.0
2015-01-15,MED-ATC-N02BA,Aspirin,Analgesic,1.0
2015-01-16,MED-ATC-N02BA,Aspirin,Analgesic,3.8
2015-01-17,MED-ATC-N02BA,Aspirin,Analgesic,7.0
2015-01-18,MED-ATC-N02BA,Aspirin,Analgesic,4.5
2015-01-19,MED-ATC-N02BA,Aspirin,Analgesic,1.1
2015-01-20,MED-ATC-N02BA,Aspirin,Analgesic,6.0
2015-01-21,MED-ATC-N02BA,Aspirin,Analgesic,2.0
2015-01-22,MED-ATC-N02BA,Aspirin,Analgesic,4.0
2015-01-23,MED-ATC-N02BA,Aspirin,Analgesic,8.0
2015-01-24,MED-ATC-N02BA,Aspirin,Analgesic,9.2
2015-01-25,MED-ATC-N02BA,Aspirin,Analgesic,1.9
2015-01-26,MED-ATC-N02BA,Aspirin,Analgesic,4.0
2015-01-27,MED-ATC-N02BA,Aspirin,Analgesic,1.0
2015-01-28,MED-ATC-N02BA,Aspirin,Analgesic,3.0
2015-01-29,MED-ATC-N02BA,Aspirin,Analgesic,8.7
2015-01-30,MED-ATC-N02BA,Aspirin,Analgesic,1.0
2015-01-31,MED-ATC-N02BA,Aspirin,Analgesic,5.0
2015-02-01,MED-ATC-N02BA,Aspirin,Analgesic,7.0
2015-02-02,MED-ATC-N02BA,Aspirin,Analgesic,5.1
2015-02-03,MED-ATC-N02BA,Aspirin,Analgesic,6.2
2015-02-04,MED-ATC-N02BA,Aspirin,Analgesic,2.4
2015-02-05,MED-ATC-N02BA,Aspirin,Analgesic,3.0
2015-02-06,MED-ATC-N02BA,Aspirin,Analgesic,7.3
2015-02-07,MED-ATC-N02BA,Aspirin,Analgesic,1.9
2015-02-08,MED-ATC-N02BA,Aspirin,Analgesic,5.7
2015-02-09,MED-ATC-N02BA,Aspirin,Analgesic,9.6
2015-02-10,MED-ATC-N02BA,Aspirin,Analgesic,7.0
2015-02-11,MED-ATC-N02BA,Aspirin,Analgesic,3.6
2015-02-12,MED-ATC-N02BA,Aspirin,Analgesic,6.0
2015-02-13,MED-ATC-N02BA,Aspirin,Analgesic,7.0
2015-02-14,MED-ATC-N02BA,Aspirin,Analgesic,6.7
2015-02-15,MED-ATC-N02BA,Aspirin,Analgesic,4.3
2015-02-16,MED-ATC-N02BA,Aspirin,Analgesic,4.0
2015-02-17,MED-ATC-N02BA,Aspirin,Analgesic,4.0
2015-02-18,MED-ATC-N02BA,Aspirin,Analgesic,1.33
2015-02-19,MED-ATC-N02BA,Aspirin,Analgesic,4.0
2015-02-20,MED-ATC-N02BA,Aspirin,Analgesic,0.5
2015-02-21,MED-ATC-N02BA,Aspirin,Analgesic,4.8
2015-02-22,MED-ATC-N02BA,Aspirin,Analgesic,2.0
2015-02-23,MED-ATC-N02BA,Aspirin,Analgesic,7.5
2015-02-24,MED-ATC-N02BA,Aspirin,Analgesic,6.2
2015-02-25,MED-ATC-N02BA,Aspirin,Analgesic,6.1
2015-02-26,MED-ATC-N02BA,Aspirin,Analgesic,2.0
2015-02-27,MED-ATC-N02BA,Aspirin,Analgesic,5.0
2015-02-28,MED-ATC-N02BA,Aspirin,Analgesic,1.6
2015-03-01,MED-ATC-N02BA,Aspirin,Analgesic,2.7
2015-03-02,MED-ATC-N02BA,Aspirin,Analgesic,3.5
2015-03-03,MED-ATC-N02BA,Aspirin,Analgesic,4.5
2015-03-04,MED-ATC-N02BA,Aspirin,Analgesic,3.3
2015-03-05,MED-ATC-N02BA,Aspirin,Analgesic,3.0
2015-03-06,MED-ATC-N02BA,Aspirin,Analgesic,6.0
2015-03-07,MED-ATC-N02BA,Aspirin,Analgesic,1.0
2015-03-08,MED-ATC-N02BA,Aspirin,Analgesic,2.4
2015-03-09,MED-ATC-N02BA,Aspirin,Analgesic,5.0
2015-03-10,MED-ATC-N02BA,Aspirin,Analgesic,5.0
2015-03-11,MED-ATC-N02BA,Aspirin,Analgesic,3.2
2015-03-12,MED-ATC-N02BA,Aspirin,Analgesic,6.1
2015-03-13,MED-ATC-N02BA,Aspirin,Analgesic,6.7
2015-03-14,MED-ATC-N02BA,Aspirin,Analgesic,4.0
2015-03-15,MED-ATC-N02BA,Aspirin,Analgesic,3.0
2015-03-16,MED-ATC-N02BA,Aspirin,Analgesic,4.9
2015-03-17,MED-ATC-N02BA,Aspirin,Analgesic,4.6
2015-03-18,MED-ATC-N02BA,Aspirin,Analgesic,5.3
2015-03-19,MED-ATC-N02BA,Aspirin,Analgesic,1.5
2015-03-20,MED-ATC-N02BA,Aspirin,Analgesic,3.0
2015-03-21,MED-ATC-N02BA,Aspirin,Analgesic,3.0
2015-03-22,MED-ATC-N02BA,Aspirin,Analgesic,2.0
2015-03-23,MED-ATC-N02BA,Aspirin,Analgesic,7.0
2015-03-24,MED-ATC-N02BA,Aspirin,Analgesic,5.2
2015-03-25,MED-ATC-N02BA,Aspirin,Analgesic,6.4
2015-03-26,MED-ATC-N02BA,Aspirin,Analgesic,3.0
2015-03-27,MED-ATC-N02BA,Aspirin,Analgesic,2.0
2015-03-28,MED-ATC-N02BA,Aspirin,Analgesic,3.0
2015-03-29,MED-ATC-N02BA,Aspirin,Analgesic,2.3
2015-03-30,MED-ATC-N02BA,Aspirin,Analgesic,10.0
2015-03-31,MED-ATC-N02BA,Aspirin,Analgesic,11.2
2015-04-01,MED-ATC-N02BA,Aspirin,Analgesic,1.0
2015-04-02,MED-ATC-N02BA,Aspirin,Analgesic,5.4
2015-04-03,MED-ATC-N02BA,Aspirin,Analgesic,4.0
2015-04-04,MED-ATC-N02BA,Aspirin,Analgesic,6.0
2015-04-05,MED-ATC-N02BA,Aspirin,Analgesic,4.5
2015-04-06,MED-ATC-N02BA,Aspirin,Analgesic,5.3
2015-04-07,MED-ATC-N02BA,Aspirin,Analgesic,6.7
2015-04-08,MED-ATC-N02BA,Aspirin,Analgesic,3.0
2015-04-09,MED-ATC-N02BA,Aspirin,Analgesic,8.0
2015-04-10,MED-ATC-N02BA,Aspirin,Analgesic,4.0
2015-04-11,MED-ATC-N02BA,Aspirin,Analgesic,3.4
2015-04-12,MED-ATC-N02BA,Aspirin,Analgesic,0.0
2015-04-13,MED-ATC-N02BA,Aspirin,Analgesic,7.0
2015-04-14,MED-ATC-N02BA,Aspirin,Analgesic,7.0
2015-04-15,MED-ATC-N02BA,Aspirin,Analgesic,3.0
2015-04-16,MED-ATC-N02BA,Aspirin,Analgesic,7.2
2015-04-17,MED-ATC-N02BA,Aspirin,Analgesic,3.0
2015-04-18,MED-ATC-N02BA,Aspirin,Analgesic,1.0
2015-04-19,MED-ATC-N02BA,Aspirin,Analgesic,3.8
2015-04-20,MED-ATC-N02BA,Aspirin,Analgesic,3.7
2015-04-21,MED-ATC-N02BA,Aspirin,Analgesic,2.0
2015-04-22,MED-ATC-N02BA,Aspirin,Analgesic,3.2
2015-04-23,MED-ATC-N02BA,Aspirin,Analgesic,1.0
2015-04-24,MED-ATC-N02BA,Aspirin,Analgesic,4.0
2015-04-25,MED-ATC-N02BA,Aspirin,Analgesic,8.0
2015-04-26,MED-ATC-N02BA,Aspirin,Analgesic,3.0
2015-04-27,MED-ATC-N02BA,Aspirin,Analgesic,4.0
2015-04-28,MED-ATC-N02BA,Aspirin,Analgesic,3.1
2015-04-29,MED-ATC-N02BA,Aspirin,Analgesic,4.2
2015-04-30,MED-ATC-N02BA,Aspirin,Analgesic,2.6
2015-05-01,MED-ATC-N02BA,Aspirin,Analgesic,4.94
2015-05-02,MED-ATC-N02BA,Aspirin,Analgesic,3.0
2015-05-03,MED-ATC-N02BA,Aspirin,Analgesic,2.1
2015-05-04,MED-ATC-N02BA,Aspirin,Analgesic,8.6
2015-05-05,MED-ATC-N02BA,Aspirin,Analgesic,2.0
2015-05-06,MED-ATC-N02BA,Aspirin,Analgesic,2.0
2015-05-07,MED-ATC-N02BA,Aspirin,Analgesic,2.0
2015-05-08,MED-ATC-N02BA,Aspirin,Analgesic,5.0
2015-05-09,MED-ATC-N02BA,Aspirin,Analgesic,7.4
2015-05-10,MED-ATC-N02BA,Aspirin,Analgesic,3.8
2015-05-11,MED-ATC-N02BA,Aspirin,Analgesic,5.9
2015-05-12,MED-ATC-N02BA,Aspirin,Analgesic,8.2
2015-05-13,MED-ATC-N02BA,Aspirin,Analgesic,9.0
2015-05-14,MED-ATC-N02BA,Aspirin,Analgesic,3.0
2015-05-15,MED-ATC-N02BA,Aspirin,Analgesic,4.3
2015-05-16,MED-ATC-N02BA,Aspirin,Analgesic,4.1
2015-05-17,MED-ATC-N02BA,Aspirin,Analgesic,5.0
2015-05-18,MED-ATC-N02BA,Aspirin,Analgesic,5.2
2015-05-19,MED-ATC-N02BA,Aspirin,Analgesic,3.0
2015-05-20,MED-ATC-N02BA,Aspirin,Analgesic,2.0
2015-05-21,MED-ATC-N02BA,Aspirin,Analgesic,3.0
2015-05-22,MED-ATC-N02BA,Aspirin,Analgesic,2.0
2015-05-23,MED-ATC-N02BA,Aspirin,Analgesic,5.0
2015-05-24,MED-ATC-N02BA,Aspirin,Analgesic,3.0
2015-05-25,MED-ATC-N02BA,Aspirin,Analgesic,4.0
2015-05-26,MED-ATC-N02BA,Aspirin,Analgesic,4.5
2015-05-27,MED-ATC-N02BA,Aspirin,Analgesic,2.0
2015-05-28,MED-ATC-N02BA,Aspirin,Analgesic,6.7
2015-05-29,MED-ATC-N02BA,Aspirin,Analgesic,3.0
2015-05-30,MED-ATC-N02BA,Aspirin,Analgesic,6.0
2015-05-31,MED-ATC-N02BA,Aspirin,Analgesic,6.3
2015-06-01,MED-ATC-N02BA,Aspirin,Analgesic,2.5
2015-06-02,MED-ATC-N02BA,Aspirin,Analgesic,7.9
2015-06-03,MED-ATC-N02BA,Aspirin,Analgesic,5.3
2015-06-04,MED-ATC-N02BA,Aspirin,Analgesic,3.0
2015-06-05,MED-ATC-N02BA,Aspirin,Analgesic,5.0
2015-06-06,MED-ATC-N02BA,Aspirin,Analgesic,2.0
2015-06-07,MED-ATC-N02BA,Aspirin,Analgesic,2.0
2015-06-08,MED-ATC-N02BA,Aspirin,Analgesic,2.5
2015-06-09,MED-ATC-N02BA,Aspirin,Analgesic,4.0
2015-06-10,MED-ATC-N02BA,Aspirin,Analgesic,8.0
2015-06-11,MED-ATC-N02BA,Aspirin,Analgesic,5.1
2015-06-12,MED-ATC-N02BA,Aspirin,Analgesic,2.0
2015-06-13,MED-ATC-N02BA,Aspirin,Analgesic,7.3
2015-06-14,MED-ATC-N02BA,Aspirin,Analgesic,1.6
2015-06-15,MED-ATC-N02BA,Aspirin,Analgesic,5.0
2015-06-16,MED-ATC-N02BA,Aspirin,Analgesic,4.0
2015-06-17,MED-ATC-N02BA,Aspirin,Analgesic,8.66
2015-06-18,MED-ATC-N02BA,Aspirin,Analgesic,7.0
2015-06-19,MED-ATC-N02BA,Aspirin,Analgesic,3.1
2015-06-20,MED-ATC-N02BA,Aspirin,Analgesic,3.0
2015-06-21,MED-ATC-N02BA,Aspirin,Analgesic,5.0
2015-06-22,MED-ATC-N02BA,Aspirin,Analgesic,9.6
2015-06-23,MED-ATC-N02BA,Aspirin,Analgesic,3.5
2015-06-24,MED-ATC-N02BA,Aspirin,Analgesic,7.0
2015-06-25,MED-ATC-N02BA,Aspirin,Analgesic,6.0
2015-06-26,MED-ATC-N02BA,Aspirin,Analgesic,2.0
2015-06-27,MED-ATC-N02BA,Aspirin,Analgesic,6.0
2015-06-28,MED-ATC-N02BA,Aspirin,Analgesic,7.4
2015-06-29,MED-ATC-N02BA,Aspirin,Analgesic,4.0
2015-06-30,MED-ATC-N02BA,Aspirin,Analgesic,6.0
2015-07-01,MED-ATC-N02BA,Aspirin,Analgesic,5.4
2015-07-02,MED-ATC-N02BA,Aspirin,Analgesic,1.0
2015-07-03,MED-ATC-N02BA,Aspirin,Analgesic,3.5
2015-07-04,MED-ATC-N02BA,Aspirin,Analgesic,4.2
2015-07-05,MED-ATC-N02BA,Aspirin,Analgesic,4.2
2015-07-06,MED-ATC-N02BA,Aspirin,Analgesic,2.0
2015-07-07,MED-ATC-N02BA,Aspirin,Analgesic,2.3
2015-07-08,MED-ATC-N02BA,Aspirin,Analgesic,3.0
2015-07-09,MED-ATC-N02BA,Aspirin,Analgesic,2.0
2015-07-10,MED-ATC-N02BA,Aspirin,Analgesic,5.0
2015-07-11,MED-ATC-N02BA,Aspirin,Analgesic,4.9
2015-07-12,MED-ATC-N02BA,Aspirin,Analgesic,5.0
2015-07-13,MED-ATC-N02BA,Aspirin,Analgesic,8.0
2015-07-14,MED-ATC-N02BA,Aspirin,Analgesic,5.0
2015-07-15,MED-ATC-N02BA,Aspirin,Analgesic,4.0
2015-07-16,MED-ATC-N02BA,Aspirin,Analgesic,1.0
2015-07-17,MED-ATC-N02BA,Aspirin,Analgesic,1.0
2015-07-18,MED-ATC-N02BA,Aspirin,Analgesic,2.0
2015-07-19,MED-ATC-N02BA,Aspirin,Analgesic,2.0
2015-07-20,MED-ATC-N02BA,Aspirin,Analgesic,5.0
2015-07-21,MED-ATC-N02BA,Aspirin,Analgesic,3.2
2015-07-22,MED-ATC-N02BA,Aspirin,Analgesic,5.0
2015-07-23,MED-ATC-N02BA,Aspirin,Analgesic,3.0
2015-07-24,MED-ATC-N02BA,Aspirin,Analgesic,3.6
2015-07-25,MED-ATC-N02BA,Aspirin,Analgesic,5.0
2015-07-26,MED-ATC-N02BA,Aspirin,Analgesic,3.0
2015-07-27,MED-ATC-N02BA,Aspirin,Analgesic,7.0
2015-07-28,MED-ATC-N02BA,Aspirin,Analgesic,1.0
2015-07-29,MED-ATC-N02BA,Aspirin,Analgesic,4.0
2015-07-30,MED-ATC-N02BA,Aspirin,Analgesic,14.0
2015-07-31,MED-ATC-N02BA,Aspirin,Analgesic,6.2
2015-08-01,MED-ATC-N02BA,Aspirin,Analgesic,4.0
2015-08-02,MED-ATC-N02BA,Aspirin,Analgesic,4.0
2015-08-03,MED-ATC-N02BA,Aspirin,Analgesic,1.5
2015-08-04,MED-ATC-N02BA,Aspirin,Analgesic,3.0
2015-08-05,MED-ATC-N02BA,Aspirin,Analgesic,4.2
2015-08-06,MED-ATC-N02BA,Aspirin,Analgesic,8.0
2015-08-07,MED-ATC-N02BA,Aspirin,Analgesic,6.0
2015-08-08,MED-ATC-N02BA,Aspirin,Analgesic,7.0
2015-08-09,MED-ATC-N02BA,Aspirin,Analgesic,2.0
2015-08-10,MED-ATC-N02BA,Aspirin,Analgesic,4.2
2015-08-11,MED-ATC-N02BA,Aspirin,Analgesic,7.4
2015-08-12,MED-ATC-N02BA,Aspirin,Analgesic,4.0
2015-08-13,MED-ATC-N02BA,Aspirin,Analgesic,6.0
2015-08-14,MED-ATC-N02BA,Aspirin,Analgesic,4.0
2015-08-15,MED-ATC-N02BA,Aspirin,Analgesic,6.0
2015-08-16,MED-ATC-N02BA,Aspirin,Analgesic,2.0
2015-08-17,MED-ATC-N02BA,Aspirin,Analgesic,3.0
2015-08-18,MED-ATC-N02BA,Aspirin,Analgesic,3.0
2015-08-19,MED-ATC-N02BA,Aspirin,Analgesic,8.0
2015-08-20,MED-ATC-N02BA,Aspirin,Analgesic,5.0
2015-08-21,MED-ATC-N02BA,Aspirin,Analgesic,3.0
2015-08-22,MED-ATC-N02BA,Aspirin,Analgesic,4.0
2015-08-23,MED-ATC-N02BA,Aspirin,Analgesic,3.0
2015-08-24,MED-ATC-N02BA,Aspirin,Analgesic,3.4
2015-08-25,MED-ATC-N02BA,Aspirin,Analgesic,4.0
2015-08-26,MED-ATC-N02BA,Aspirin,Analgesic,7.3
2015-08-27,MED-ATC-N02BA,Aspirin,Analgesic,4.5
2015-08-28,MED-ATC-N02BA,Aspirin,Analgesic,1.0
2015-08-29,MED-ATC-N02BA,Aspirin,Analgesic,4.0
2015-08-30,MED-ATC-N02BA,Aspirin,Analgesic,3.5
2015-08-31,MED-ATC-N02BA,Aspirin,Analgesic,3.4
2015-09-01,MED-ATC-N02BA,Aspirin,Analgesic,4.4
2015-09-02,MED-ATC-N02BA,Aspirin,Analgesic,3.0
2015-09-03,MED-ATC-N02BA,Aspirin,Analgesic,2.2
2015-09-04,MED-ATC-N02BA,Aspirin,Analgesic,3.1
2015-09-05,MED-ATC-N02BA,Aspirin,Analgesic,3.2
2015-09-06,MED-ATC-N02BA,Aspirin,Analgesic,6.0
2015-09-07,MED-ATC-N02BA,Aspirin,Analgesic,2.5
2015-09-08,MED-ATC-N02BA,Aspirin,Analgesic,5.0
2015-09-09,MED-ATC-N02BA,Aspirin,Analgesic,1.0
2015-09-10,MED-ATC-N02BA,Aspirin,Analgesic,4.2
2015-09-11,MED-ATC-N02BA,Aspirin,Analgesic,9.0
2015-09-12,MED-ATC-N02BA,Aspirin,Analgesic,5.2
2015-09-13,MED-ATC-N02BA,Aspirin,Analgesic,7.2
2015-09-14,MED-ATC-N02BA,Aspirin,Analgesic,1.0
2015-09-15,MED-ATC-N02BA,Aspirin,Analgesic,4.2
2015-09-16,MED-ATC-N02BA,Aspirin,Analgesic,2.2
2015-09-17,MED-ATC-N02BA,Aspirin,Analgesic,0.0
2015-09-18,MED-ATC-N02BA,Aspirin,Analgesic,3.0
2015-09-19,MED-ATC-N02BA,Aspirin,Analgesic,7.0
2015-09-20,MED-ATC-N02BA,Aspirin,Analgesic,6.5
2015-09-21,MED-ATC-N02BA,Aspirin,Analgesic,2.0
2015-09-22,MED-ATC-N02BA,Aspirin,Analgesic,4.0
2015-09-23,MED-ATC-N02BA,Aspirin,Analgesic,3.3
2015-09-24,MED-ATC-N02BA,Aspirin,Analgesic,4.2
2015-09-25,MED-ATC-N02BA,Aspirin,Analgesic,5.2
2015-09-26,MED-ATC-N02BA,Aspirin,Analgesic,2.5
2015-09-27,MED-ATC-N02BA,Aspirin,Analgesic,2.3
2015-09-28,MED-ATC-N02BA,Aspirin,Analgesic,2.0
2015-09-29,MED-ATC-N02BA,Aspirin,Analgesic,1.0
2015-09-30,MED-ATC-N02BA,Aspirin,Analgesic,4.0
2015-10-01,MED-ATC-N02BA,Aspirin,Analgesic,4.0
2015-10-02,MED-ATC-N02BA,Aspirin,Analgesic,4.0
2015-10-03,MED-ATC-N02BA,Aspirin,Analgesic,3.0
2015-10-04,MED-ATC-N02BA,Aspirin,Analgesic,4.0
2015-10-05,MED-ATC-N02BA,Aspirin,Analgesic,2.2
2015-10-06,MED-ATC-N02BA,Aspirin,Analgesic,5.5
2015-10-07,MED-ATC-N02BA,Aspirin,Analgesic,6.0
2015-10-08,MED-ATC-N02BA,Aspirin,Analgesic,3.0
2015-10-09,MED-ATC-N02BA,Aspirin,Analgesic,7.6
2015-10-10,MED-ATC-N02BA,Aspirin,Analgesic,3.0
2015-10-11,MED-ATC-N02BA,Aspirin,Analgesic,7.1
2015-10-12,MED-ATC-N02BA,Aspirin,Analgesic,6.0
2015-10-13,MED-ATC-N02BA,Aspirin,Analgesic,5.2
2015-10-14,MED-ATC-N02BA,Aspirin,Analgesic,3.9
2015-10-15,MED-ATC-N02BA,Aspirin,Analgesic,7.3
2015-10-16,MED-ATC-N02BA,Aspirin,Analgesic,5.2
2015-10-17,MED-ATC-N02BA,Aspirin,Analgesic,3.4
2015-10-18,MED-ATC-N02BA,Aspirin,Analgesic,4.9
2015-10-19,MED-ATC-N02BA,Aspirin,Analgesic,3.0
2015-10-20,MED-ATC-N02BA,Aspirin,Analgesic,2.3
2015-10-21,MED-ATC-N02BA,Aspirin,Analgesic,3.2
2015-10-22,MED-ATC-N02BA,Aspirin,Analgesic,0.0
2015-10-23,MED-ATC-N02BA,Aspirin,Analgesic,10.2
2015-10-24,MED-ATC-N02BA,Aspirin,Analgesic,9.1
2015-10-25,MED-ATC-N02BA,Aspirin,Analgesic,3.1
2015-10-26,MED-ATC-N02BA,Aspirin,Analgesic,8.0
2015-10-27,MED-ATC-N02BA,Aspirin,Analgesic,8.5
2015-10-28,MED-ATC-N02BA,Aspirin,Analgesic,1.0
2015-10-29,MED-ATC-N02BA,Aspirin,Analgesic,1.3
2015-10-30,MED-ATC-N02BA,Aspirin,Analgesic,3.2
2015-10-31,MED-ATC-N02BA,Aspirin,Analgesic,8.0
2015-11-01,MED-ATC-N02BA,Aspirin,Analgesic,5.6
2015-11-02,MED-ATC-N02BA,Aspirin,Analgesic,4.0
2015-11-03,MED-ATC-N02BA,Aspirin,Analgesic,4.3
2015-11-04,MED-ATC-N02BA,Aspirin,Analgesic,3.0
2015-11-05,MED-ATC-N02BA,Aspirin,Analgesic,7.4
2015-11-06,MED-ATC-N02BA,Aspirin,Analgesic,4.0
2015-11-07,MED-ATC-N02BA,Aspirin,Analgesic,4.8
2015-11-08,MED-ATC-N02BA,Aspirin,Analgesic,7.2
2015-11-09,MED-ATC-N02BA,Aspirin,Analgesic,4.2
2015-11-10,MED-ATC-N02BA,Aspirin,Analgesic,10.0
2015-11-11,MED-ATC-N02BA,Aspirin,Analgesic,7.2
2015-11-12,MED-ATC-N02BA,Aspirin,Analgesic,6.0
2015-11-13,MED-ATC-N02BA,Aspirin,Analgesic,2.0
2015-11-14,MED-ATC-N02BA,Aspirin,Analgesic,3.7
2015-11-15,MED-ATC-N02BA,Aspirin,Analgesic,9.3
2015-11-16,MED-ATC-N02BA,Aspirin,Analgesic,6.0
2015-11-17,MED-ATC-N02BA,Aspirin,Analgesic,4.7
2015-11-18,MED-ATC-N02BA,Aspirin,Analgesic,5.5
2015-11-19,MED-ATC-N02BA,Aspirin,Analgesic,2.1
2015-11-20,MED-ATC-N02BA,Aspirin,Analgesic,3.8
2015-11-21,MED-ATC-N02BA,Aspirin,Analgesic,5.2
2015-11-22,MED-ATC-N02BA,Aspirin,Analgesic,2.6
2015-11-23,MED-ATC-N02BA,Aspirin,Analgesic,4.7
2015-11-24,MED-ATC-N02BA,Aspirin,Analgesic,6.4
2015-11-25,MED-ATC-N02BA,Aspirin,Analgesic,3.2
2015-11-26,MED-ATC-N02BA,Aspirin,Analgesic,2.0
2015-11-27,MED-ATC-N02BA,Aspirin,Analgesic,2.0
2015-11-28,MED-ATC-N02BA,Aspirin,Analgesic,4.0
2015-11-29,MED-ATC-N02BA,Aspirin,Analgesic,6.0
2015-11-30,MED-ATC-N02BA,Aspirin,Analgesic,5.0
2015-12-01,MED-ATC-N02BA,Aspirin,Analgesic,6.3
2015-12-02,MED-ATC-N02BA,Aspirin,Analgesic,2.4
2015-12-03,MED-ATC-N02BA,Aspirin,Analgesic,5.6
2015-12-04,MED-ATC-N02BA,Aspirin,Analgesic,4.7
2015-12-05,MED-ATC-N02BA,Aspirin,Analgesic,2.0
2015-12-06,MED-ATC-N02BA,Aspirin,Analgesic,3.4
2015-12-07,MED-ATC-N02BA,Aspirin,Analgesic,2.2
2015-12-08,MED-ATC-N02BA,Aspirin,Analgesic,2.0
2015-12-09,MED-ATC-N02BA,Aspirin,Analgesic,7.0
2015-12-10,MED-ATC-N02BA,Aspirin,Analgesic,16.0
2015-12-11,MED-ATC-N02BA,Aspirin,Analgesic,3.0
2015-12-12,MED-ATC-N02BA,Aspirin,Analgesic,3.0
2015-12-13,MED-ATC-N02BA,Aspirin,Analgesic,7.0
2015-12-14,MED-ATC-N02BA,Aspirin,Analgesic,6.6
2015-12-15,MED-ATC-N02BA,Aspirin,Analgesic,5.0
2015-12-16,MED-ATC-N02BA,Aspirin,Analgesic,4.0
2015-12-17,MED-ATC-N02BA,Aspirin,Analgesic,3.0
2015-12-18,MED-ATC-N02BA,Aspirin,Analgesic,4.3
2015-12-19,MED-ATC-N02BA,Aspirin,Analgesic,0.0
2015-12-20,MED-ATC-N02BA,Aspirin,Analgesic,2.2
2015-12-21,MED-ATC-N02BA,Aspirin,Analgesic,2.0
2015-12-22,MED-ATC-N02BA,Aspirin,Analgesic,5.0
2015-12-23,MED-ATC-N02BA,Aspirin,Analgesic,2.3
2015-12-24,MED-ATC-N02BA,Aspirin,Analgesic,5.0
2015-12-25,MED-ATC-N02BA,Aspirin,Analgesic,2.0
2015-12-26,MED-ATC-N02BA,Aspirin,Analgesic,5.0
2015-12-27,MED-ATC-N02BA,Aspirin,Analgesic,5.2
2015-12-28,MED-ATC-N02BA,Aspirin,Analgesic,9.2
2015-12-29,MED-ATC-N02BA,Aspirin,Analgesic,2.0
2015-12-30,MED-ATC-N02BA,Aspirin,Analgesic,2.0
2015-12-31,MED-ATC-N02BA,Aspirin,Analgesic,7.6
2016-01-01,MED-ATC-N02BA,Aspirin,Analgesic,0.0
2016-01-02,MED-ATC-N02BA,Aspirin,Analgesic,1.0
2016-01-03,MED-ATC-N02BA,Aspirin,Analgesic,2.5
2016-01-04,MED-ATC-N02BA,Aspirin,Analgesic,6.0
2016-01-05,MED-ATC-N02BA,Aspirin,Analgesic,4.6
2016-01-06,MED-ATC-N02BA,Aspirin,Analgesic,6.0
2016-01-07,MED-ATC-N02BA,Aspirin,Analgesic,0.0
2016-01-08,MED-ATC-N02BA,Aspirin,Analgesic,7.7
2016-01-09,MED-ATC-N02BA,Aspirin,Analgesic,5.0
2016-01-10,MED-ATC-N02BA,Aspirin,Analgesic,12.0
2016-01-11,MED-ATC-N02BA,Aspirin,Analgesic,7.0
2016-01-12,MED-ATC-N02BA,Aspirin,Analgesic,12.0
2016-01-13,MED-ATC-N02BA,Aspirin,Analgesic,5.0
2016-01-14,MED-ATC-N02BA,Aspirin,Analgesic,6.0
2016-01-15,MED-ATC-N02BA,Aspirin,Analgesic,10.6
2016-01-16,MED-ATC-N02BA,Aspirin,Analgesic,6.0
2016-01-17,MED-ATC-N02BA,Aspirin,Analgesic,3.9
2016-01-18,MED-ATC-N02BA,Aspirin,Analgesic,4.3
2016-01-19,MED-ATC-N02BA,Aspirin,Analgesic,6.0
2016-01-20,MED-ATC-N02BA,Aspirin,Analgesic,3.0
2016-01-21,MED-ATC-N02BA,Aspirin,Analgesic,1.0
2016-01-22,MED-ATC-N02BA,Aspirin,Analgesic,7.0
2016-01-23,MED-ATC-N02BA,Aspirin,Analgesic,7.1
2016-01-24,MED-ATC-N02BA,Aspirin,Analgesic,11.3
2016-01-25,MED-ATC-N02BA,Aspirin,Analgesic,4.0
2016-01-26,MED-ATC-N02BA,Aspirin,Analgesic,8.0
2016-01-27,MED-ATC-N02BA,Aspirin,Analgesic,3.4
2016-01-28,MED-ATC-N02BA,Aspirin,Analgesic,4.4
2016-01-29,MED-ATC-N02BA,Aspirin,Analgesic,8.6
2016-01-30,MED-ATC-N02BA,Aspirin,Analgesic,5.3
2016-01-31,MED-ATC-N02BA,Aspirin,Analgesic,3.8
2016-02-01,MED-ATC-N02BA,Aspirin,Analgesic,7.1
2016-02-02,MED-ATC-N02BA,Aspirin,Analgesic,1.3
2016-02-03,MED-ATC-N02BA,Aspirin,Analgesic,11.5
2016-02-04,MED-ATC-N02BA,Aspirin,Analgesic,4.2
2016-02-05,MED-ATC-N02BA,Aspirin,Analgesic,3.0
2016-02-06,MED-ATC-N02BA,Aspirin,Analgesic,3.0
2016-02-07,MED-ATC-N02BA,Aspirin,Analgesic,4.5
2016-02-08,MED-ATC-N02BA,Aspirin,Analgesic,5.5
2016-02-09,MED-ATC-N02BA,Aspirin,Analgesic,4.4
2016-02-10,MED-ATC-N02BA,Aspirin,Analgesic,7.2
2016-02-11,MED-ATC-N02BA,Aspirin,Analgesic,2.7
2016-02-12,MED-ATC-N02BA,Aspirin,Analgesic,8.5
2016-02-13,MED-ATC-N02BA,Aspirin,Analgesic,5.0
2016-02-14,MED-ATC-N02BA,Aspirin,Analgesic,3.8
2016-02-15,MED-ATC-N02BA,Aspirin,Analgesic,5.3
2016-02-16,MED-ATC-N02BA,Aspirin,Analgesic,3.0
2016-02-17,MED-ATC-N02BA,Aspirin,Analgesic,4.0
2016-02-18,MED-ATC-N02BA,Aspirin,Analgesic,4.3
2016-02-19,MED-ATC-N02BA,Aspirin,Analgesic,4.0
2016-02-20,MED-ATC-N02BA,Aspirin,Analgesic,4.0
2016-02-21,MED-ATC-N02BA,Aspirin,Analgesic,0.0
2016-02-22,MED-ATC-N02BA,Aspirin,Analgesic,3.0
2016-02-23,MED-ATC-N02BA,Aspirin,Analgesic,2.6
2016-02-24,MED-ATC-N02BA,Aspirin,Analgesic,2.1
2016-02-25,MED-ATC-N02BA,Aspirin,Analgesic,5.0
2016-02-26,MED-ATC-N02BA,Aspirin,Analgesic,4.5
2016-02-27,MED-ATC-N02BA,Aspirin,Analgesic,6.6
2016-02-28,MED-ATC-N02BA,Aspirin,Analgesic,10.1
2016-02-29,MED-ATC-N02BA,Aspirin,Analgesic,4.0
2016-03-01,MED-ATC-N02BA,Aspirin,Analgesic,2.2
2016-03-02,MED-ATC-N02BA,Aspirin,Analgesic,5.3
2016-03-03,MED-ATC-N02BA,Aspirin,Analgesic,5.0
2016-03-04,MED-ATC-N02BA,Aspirin,Analgesic,4.4
2016-03-05,MED-ATC-N02BA,Aspirin,Analgesic,8.0
2016-03-06,MED-ATC-N02BA,Aspirin,Analgesic,4.9
2016-03-07,MED-ATC-N02BA,Aspirin,Analgesic,4.0
2016-03-08,MED-ATC-N02BA,Aspirin,Analgesic,3.0
2016-03-09,MED-ATC-N02BA,Aspirin,Analgesic,7.0
2016-03-10,MED-ATC-N02BA,Aspirin,Analgesic,2.0
2016-03-11,MED-ATC-N02BA,Aspirin,Analgesic,6.2
2016-03-12,MED-ATC-N02BA,Aspirin,Analgesic,1.4
2016-03-13,MED-ATC-N02BA,Aspirin,Analgesic,1.5
2016-03-14,MED-ATC-N02BA,Aspirin,Analgesic,10.0
2016-03-15,MED-ATC-N02BA,Aspirin,Analgesic,2.0
2016-03-16,MED-ATC-N02BA,Aspirin,Analgesic,5.7
2016-03-17,MED-ATC-N02BA,Aspirin,Analgesic,5.0
2016-03-18,MED-ATC-N02BA,Aspirin,Analgesic,5.2
2016-03-19,MED-ATC-N02BA,Aspirin,Analgesic,2.8
2016-03-20,MED-ATC-N02BA,Aspirin,Analgesic,2.2
2016-03-21,MED-ATC-N02BA,Aspirin,Analgesic,6.0
2016-03-22,MED-ATC-N02BA,Aspirin,Analgesic,5.0
2016-03-23,MED-ATC-N02BA,Aspirin,Analgesic,6.0
2016-03-24,MED-ATC-N02BA,Aspirin,Analgesic,3.0
2016-03-25,MED-ATC-N02BA,Aspirin,Analgesic,4.2
2016-03-26,MED-ATC-N02BA,Aspirin,Analgesic,7.5
2016-03-27,MED-ATC-N02BA,Aspirin,Analgesic,13.7
2016-03-28,MED-ATC-N02BA,Aspirin,Analgesic,1.7
2016-03-29,MED-ATC-N02BA,Aspirin,Analgesic,3.2
2016-03-30,MED-ATC-N02BA,Aspirin,Analgesic,7.4
2016-03-31,MED-ATC-N02BA,Aspirin,Analgesic,2.9
2016-04-01,MED-ATC-N02BA,Aspirin,Analgesic,2.7
2016-04-02,MED-ATC-N02BA,Aspirin,Analgesic,7.0
2016-04-03,MED-ATC-N02BA,Aspirin,Analgesic,5.3
2016-04-04,MED-ATC-N02BA,Aspirin,Analgesic,5.0
2016-04-05,MED-ATC-N02BA,Aspirin,Analgesic,4.0
2016-04-06,MED-ATC-N02BA,Aspirin,Analgesic,2.0
2016-04-07,MED-ATC-N02BA,Aspirin,Analgesic,4.0
2016-04-08,MED-ATC-N02BA,Aspirin,Analgesic,5.0
2016-04-09,MED-ATC-N02BA,Aspirin,Analgesic,3.1
2016-04-10,MED-ATC-N02BA,Aspirin,Analgesic,5.15
2016-04-11,MED-ATC-N02BA,Aspirin,Analgesic,3.0
2016-04-12,MED-ATC-N02BA,Aspirin,Analgesic,6.0
2016-04-13,MED-ATC-N02BA,Aspirin,Analgesic,3.0
2016-04-14,MED-ATC-N02BA,Aspirin,Analgesic,8.5
2016-04-15,MED-ATC-N02BA,Aspirin,Analgesic,2.7
2016-04-16,MED-ATC-N02BA,Aspirin,Analgesic,5.3
2016-04-17,MED-ATC-N02BA,Aspirin,Analgesic,3.0
2016-04-18,MED-ATC-N02BA,Aspirin,Analgesic,5.0
2016-04-19,MED-ATC-N02BA,Aspirin,Analgesic,8.3
2016-04-20,MED-ATC-N02BA,Aspirin,Analgesic,2.4
2016-04-21,MED-ATC-N02BA,Aspirin,Analgesic,3.0
2016-04-22,MED-ATC-N02BA,Aspirin,Analgesic,4.0
2016-04-23,MED-ATC-N02BA,Aspirin,Analgesic,8.0
2016-04-24,MED-ATC-N02BA,Aspirin,Analgesic,5.5
2016-04-25,MED-ATC-N02BA,Aspirin,Analgesic,7.25
2016-04-26,MED-ATC-N02BA,Aspirin,Analgesic,7.0
2016-04-27,MED-ATC-N02BA,Aspirin,Analgesic,7.0
2016-04-28,MED-ATC-N02BA,Aspirin,Analgesic,6.0
2016-04-29,MED-ATC-N02BA,Aspirin,Analgesic,2.5
2016-04-30,MED-ATC-N02BA,Aspirin,Analgesic,7.0
2016-05-01,MED-ATC-N02BA,Aspirin,Analgesic,0.0
2016-05-02,MED-ATC-N02BA,Aspirin,Analgesic,1.0
2016-05-03,MED-ATC-N02BA,Aspirin,Analgesic,3.0
2016-05-04,MED-ATC-N02BA,Aspirin,Analgesic,5.0
2016-05-05,MED-ATC-N02BA,Aspirin,Analgesic,6.0
2016-05-06,MED-ATC-N02BA,Aspirin,Analgesic,1.0
2016-05-07,MED-ATC-N02BA,Aspirin,Analgesic,4.0
2016-05-08,MED-ATC-N02BA,Aspirin,Analgesic,1.0
2016-05-09,MED-ATC-N02BA,Aspirin,Analgesic,5.0
2016-05-10,MED-ATC-N02BA,Aspirin,Analgesic,7.0
2016-05-11,MED-ATC-N02BA,Aspirin,Analgesic,4.0
2016-05-12,MED-ATC-N02BA,Aspirin,Analgesic,8.0
2016-05-13,MED-ATC-N02BA,Aspirin,Analgesic,3.0
2016-05-14,MED-ATC-N02BA,Aspirin,Analgesic,5.55
2016-05-15,MED-ATC-N02BA,Aspirin,Analgesic,1.2
2016-05-16,MED-ATC-N02BA,Aspirin,Analgesic,2.0
2016-05-17,MED-ATC-N02BA,Aspirin,Analgesic,7.1
2016-05-18,MED-ATC-N02BA,Aspirin,Analgesic,5.25
2016-05-19,MED-ATC-N02BA,Aspirin,Analgesic,2.0
2016-05-20,MED-ATC-N02BA,Aspirin,Analgesic,3.0
2016-05-21,MED-ATC-N02BA,Aspirin,Analgesic,5.2
2016-05-22,MED-ATC-N02BA,Aspirin,Analgesic,9.05
2016-05-23,MED-ATC-N02BA,Aspirin,Analgesic,5.0
2016-05-24,MED-ATC-N02BA,Aspirin,Analgesic,4.0
2016-05-25,MED-ATC-N02BA,Aspirin,Analgesic,6.0
2016-05-26,MED-ATC-N02BA,Aspirin,Analgesic,5.35
2016-05-27,MED-ATC-N02BA,Aspirin,Analgesic,5.25
2016-05-28,MED-ATC-N02BA,Aspirin,Analgesic,3.0
2016-05-29,MED-ATC-N02BA,Aspirin,Analgesic,6.0
2016-05-30,MED-ATC-N02BA,Aspirin,Analgesic,4.1
2016-05-31,MED-ATC-N02BA,Aspirin,Analgesic,3.5
2016-06-01,MED-ATC-N02BA,Aspirin,Analgesic,2.0
2016-06-02,MED-ATC-N02BA,Aspirin,Analgesic,1.05
2016-06-03,MED-ATC-N02BA,Aspirin,Analgesic,4.0
2016-06-04,MED-ATC-N02BA,Aspirin,Analgesic,3.3
2016-06-05,MED-ATC-N02BA,Aspirin,Analgesic,4.3
2016-06-06,MED-ATC-N02BA,Aspirin,Analgesic,4.0
2016-06-07,MED-ATC-N02BA,Aspirin,Analgesic,4.1
2016-06-08,MED-ATC-N02BA,Aspirin,Analgesic,5.5
2016-06-09,MED-ATC-N02BA,Aspirin,Analgesic,2.0
2016-06-10,MED-ATC-N02BA,Aspirin,Analgesic,4.0
2016-06-11,MED-ATC-N02BA,Aspirin,Analgesic,2.0
2016-06-12,MED-ATC-N02BA,Aspirin,Analgesic,3.4
2016-06-13,MED-ATC-N02BA,Aspirin,Analgesic,1.0
2016-06-14,MED-ATC-N02BA,Aspirin,Analgesic,6.1
2016-06-15,MED-ATC-N02BA,Aspirin,Analgesic,7.0
2016-06-16,MED-ATC-N02BA,Aspirin,Analgesic,1.0
2016-06-17,MED-ATC-N02BA,Aspirin,Analgesic,3.65
2016-06-18,MED-ATC-N02BA,Aspirin,Analgesic,6.5
2016-06-19,MED-ATC-N02BA,Aspirin,Analgesic,3.0
2016-06-20,MED-ATC-N02BA,Aspirin,Analgesic,6.0
2016-06-21,MED-ATC-N02BA,Aspirin,Analgesic,9.0
2016-06-22,MED-ATC-N02BA,Aspirin,Analgesic,2.3
2016-06-23,MED-ATC-N02BA,Aspirin,Analgesic,2.3
2016-06-24,MED-ATC-N02BA,Aspirin,Analgesic,3.05
2016-06-25,MED-ATC-N02BA,Aspirin,Analgesic,8.0
2016-06-26,MED-ATC-N02BA,Aspirin,Analgesic,2.0
2016-06-27,MED-ATC-N02BA,Aspirin,Analgesic,5.25
2016-06-28,MED-ATC-N02BA,Aspirin,Analgesic,2.25
2016-06-29,MED-ATC-N02BA,Aspirin,Analgesic,6.5
2016-06-30,MED-ATC-N02BA,Aspirin,Analgesic,3.2
2016-07-01,MED-ATC-N02BA,Aspirin,Analgesic,5.5
2016-07-02,MED-ATC-N02BA,Aspirin,Analgesic,6.0
2016-07-03,MED-ATC-N02BA,Aspirin,Analgesic,5.4
2016-07-04,MED-ATC-N02BA,Aspirin,Analgesic,1.15
2016-07-05,MED-ATC-N02BA,Aspirin,Analgesic,2.0
2016-07-06,MED-ATC-N02BA,Aspirin,Analgesic,5.0
2016-07-07,MED-ATC-N02BA,Aspirin,Analgesic,1.0
2016-07-08,MED-ATC-N02BA,Aspirin,Analgesic,9.2
2016-07-09,MED-ATC-N02BA,Aspirin,Analgesic,4.5
2016-07-10,MED-ATC-N02BA,Aspirin,Analgesic,4.2
2016-07-11,MED-ATC-N02BA,Aspirin,Analgesic,3.0
2016-07-12,MED-ATC-N02BA,Aspirin,Analgesic,4.0
2016-07-13,MED-ATC-N02BA,Aspirin,Analgesic,5.0
2016-07-14,MED-ATC-N02BA,Aspirin,Analgesic,5.0
2016-07-15,MED-ATC-N02BA,Aspirin,Analgesic,2.0
2016-07-16,MED-ATC-N02BA,Aspirin,Analgesic,3.0
2016-07-17,MED-ATC-N02BA,Aspirin,Analgesic,3.0
2016-07-18,MED-ATC-N02BA,Aspirin,Analgesic,8.0
2016-07-19,MED-ATC-N02BA,Aspirin,Analgesic,6.0
2016-07-20,MED-ATC-N02BA,Aspirin,Analgesic,7.1
2016-07-21,MED-ATC-N02BA,Aspirin,Analgesic,4.1
2016-07-22,MED-ATC-N02BA,Aspirin,Analgesic,7.0
2016-07-23,MED-ATC-N02BA,Aspirin,Analgesic,2.1
2016-07-24,MED-ATC-N02BA,Aspirin,Analgesic,4.0
2016-07-25,MED-ATC-N02BA,Aspirin,Analgesic,7.0
2016-07-26,MED-ATC-N02BA,Aspirin,Analgesic,1.0
2016-07-27,MED-ATC-N02BA,Aspirin,Analgesic,4.15
2016-07-28,MED-ATC-N02BA,Aspirin,Analgesic,4.0
2016-07-29,MED-ATC-N02BA,Aspirin,Analgesic,6.0
2016-07-30,MED-ATC-N02BA,Aspirin,Analgesic,4.0
2016-07-31,MED-ATC-N02BA,Aspirin,Analgesic,4.5
2016-08-01,MED-ATC-N02BA,Aspirin,Analgesic,5.0
2016-08-02,MED-ATC-N02BA,Aspirin,Analgesic,5.0
2016-08-03,MED-ATC-N02BA,Aspirin,Analgesic,3.5
2016-08-04,MED-ATC-N02BA,Aspirin,Analgesic,2.0
2016-08-05,MED-ATC-N02BA,Aspirin,Analgesic,3.7
2016-08-06,MED-ATC-N02BA,Aspirin,Analgesic,5.0
2016-08-07,MED-ATC-N02BA,Aspirin,Analgesic,8.2
2016-08-08,MED-ATC-N02BA,Aspirin,Analgesic,5.5
2016-08-09,MED-ATC-N02BA,Aspirin,Analgesic,7.0
2016-08-10,MED-ATC-N02BA,Aspirin,Analgesic,7.0
2016-08-11,MED-ATC-N02BA,Aspirin,Analgesic,0.0
2016-08-12,MED-ATC-N02BA,Aspirin,Analgesic,6.1
2016-08-13,MED-ATC-N02BA,Aspirin,Analgesic,5.0
2016-08-14,MED-ATC-N02BA,Aspirin,Analgesic,4.5
2016-08-15,MED-ATC-N02BA,Aspirin,Analgesic,2.0
2016-08-16,MED-ATC-N02BA,Aspirin,Analgesic,3.0
2016-08-17,MED-ATC-N02BA,Aspirin,Analgesic,4.0
2016-08-18,MED-ATC-N02BA,Aspirin,Analgesic,4.0
2016-08-19,MED-ATC-N02BA,Aspirin,Analgesic,0.6
2016-08-20,MED-ATC-N02BA,Aspirin,Analgesic,6.0
2016-08-21,MED-ATC-N02BA,Aspirin,Analgesic,7.4
2016-08-22,MED-ATC-N02BA,Aspirin,Analgesic,0.0
2016-08-23,MED-ATC-N02BA,Aspirin,Analgesic,4.0
2016-08-24,MED-ATC-N02BA,Aspirin,Analgesic,8.0
2016-08-25,MED-ATC-N02BA,Aspirin,Analgesic,8.0
2016-08-26,MED-ATC-N02BA,Aspirin,Analgesic,2.0
2016-08-27,MED-ATC-N02BA,Aspirin,Analgesic,1.0
2016-08-28,MED-ATC-N02BA,Aspirin,Analgesic,6.2
2016-08-29,MED-ATC-N02BA,Aspirin,Analgesic,2.0
2016-08-30,MED-ATC-N02BA,Aspirin,Analgesic,2.0
2016-08-31,MED-ATC-N02BA,Aspirin,Analgesic,5.0
2016-09-01,MED-ATC-N02BA,Aspirin,Analgesic,5.0
2016-09-02,MED-ATC-N02BA,Aspirin,Analgesic,5.0
2016-09-03,MED-ATC-N02BA,Aspirin,Analgesic,6.5
2016-09-04,MED-ATC-N02BA,Aspirin,Analgesic,0.0
2016-09-05,MED-ATC-N02BA,Aspirin,Analgesic,2.0
2016-09-06,MED-ATC-N02BA,Aspirin,Analgesic,1.0
2016-09-07,MED-ATC-N02BA,Aspirin,Analgesic,3.0
2016-09-08,MED-ATC-N02BA,Aspirin,Analgesic,4.0
2016-09-09,MED-ATC-N02BA,Aspirin,Analgesic,3.25
2016-09-10,MED-ATC-N02BA,Aspirin,Analgesic,10.0
2016-09-11,MED-ATC-N02BA,Aspirin,Analgesic,7.1
2016-09-12,MED-ATC-N02BA,Aspirin,Analgesic,4.0
2016-09-13,MED-ATC-N02BA,Aspirin,Analgesic,4.0
2016-09-14,MED-ATC-N02BA,Aspirin,Analgesic,2.5
2016-09-15,MED-ATC-N02BA,Aspirin,Analgesic,2.0
2016-09-16,MED-ATC-N02BA,Aspirin,Analgesic,4.0
2016-09-17,MED-ATC-N02BA,Aspirin,Analgesic,2.4
2016-09-18,MED-ATC-N02BA,Aspirin,Analgesic,2.0
2016-09-19,MED-ATC-N02BA,Aspirin,Analgesic,2.15
2016-09-20,MED-ATC-N02BA,Aspirin,Analgesic,3.0
2016-09-21,MED-ATC-N02BA,Aspirin,Analgesic,3.05
2016-09-22,MED-ATC-N02BA,Aspirin,Analgesic,2.1
2016-09-23,MED-ATC-N02BA,Aspirin,Analgesic,6.0
2016-09-24,MED-ATC-N02BA,Aspirin,Analgesic,6.2
2016-09-25,MED-ATC-N02BA,Aspirin,Analgesic,3.0
2016-09-26,MED-ATC-N02BA,Aspirin,Analgesic,4.0
2016-09-27,MED-ATC-N02BA,Aspirin,Analgesic,7.4
2016-09-28,MED-ATC-N02BA,Aspirin,Analgesic,5.45
2016-09-29,MED-ATC-N02BA,Aspirin,Analgesic,4.0
2016-09-30,MED-ATC-N02BA,Aspirin,Analgesic,2.6
2016-10-01,MED-ATC-N02BA,Aspirin,Analgesic,1.2
2016-10-02,MED-ATC-N02BA,Aspirin,Analgesic,9.7
2016-10-03,MED-ATC-N02BA,Aspirin,Analgesic,3.0
2016-10-04,MED-ATC-N02BA,Aspirin,Analgesic,6.0
2016-10-05,MED-ATC-N02BA,Aspirin,Analgesic,4.0
2016-10-06,MED-ATC-N02BA,Aspirin,Analgesic,6.0
2016-10-07,MED-ATC-N02BA,Aspirin,Analgesic,6.0
2016-10-08,MED-ATC-N02BA,Aspirin,Analgesic,5.0
2016-10-09,MED-ATC-N02BA,Aspirin,Analgesic,5.5
2016-10-10,MED-ATC-N02BA,Aspirin,Analgesic,5.0
2016-10-11,MED-ATC-N02BA,Aspirin,Analgesic,11.65
2016-10-12,MED-ATC-N02BA,Aspirin,Analgesic,2.0
2016-10-13,MED-ATC-N02BA,Aspirin,Analgesic,3.2
2016-10-14,MED-ATC-N02BA,Aspirin,Analgesic,3.0
2016-10-15,MED-ATC-N02BA,Aspirin,Analgesic,3.35
2016-10-16,MED-ATC-N02BA,Aspirin,Analgesic,10.0
2016-10-17,MED-ATC-N02BA,Aspirin,Analgesic,5.0
2016-10-18,MED-ATC-N02BA,Aspirin,Analgesic,9.0
2016-10-19,MED-ATC-N02BA,Aspirin,Analgesic,5.0
2016-10-20,MED-ATC-N02BA,Aspirin,Analgesic,6.0
2016-10-21,MED-ATC-N02BA,Aspirin,Analgesic,0.0
2016-10-22,MED-ATC-N02BA,Aspirin,Analgesic,4.0
2016-10-23,MED-ATC-N02BA,Aspirin,Analgesic,3.8
2016-10-24,MED-ATC-N02BA,Aspirin,Analgesic,7.5
2016-10-25,MED-ATC-N02BA,Aspirin,Analgesic,5.4
2016-10-26,MED-ATC-N02BA,Aspirin,Analgesic,6.0
2016-10-27,MED-ATC-N02BA,Aspirin,Analgesic,3.0
2016-10-28,MED-ATC-N02BA,Aspirin,Analgesic,6.0
2016-10-29,MED-ATC-N02BA,Aspirin,Analgesic,6.1
2016-10-30,MED-ATC-N02BA,Aspirin,Analgesic,5.75
2016-10-31,MED-ATC-N02BA,Aspirin,Analgesic,3.0
2016-11-01,MED-ATC-N02BA,Aspirin,Analgesic,4.0
2016-11-02,MED-ATC-N02BA,Aspirin,Analgesic,4.1
2016-11-03,MED-ATC-N02BA,Aspirin,Analgesic,3.0
2016-11-04,MED-ATC-N02BA,Aspirin,Analgesic,3.6
2016-11-05,MED-ATC-N02BA,Aspirin,Analgesic,5.8
2016-11-06,MED-ATC-N02BA,Aspirin,Analgesic,3.0
2016-11-07,MED-ATC-N02BA,Aspirin,Analgesic,6.3
2016-11-08,MED-ATC-N02BA,Aspirin,Analgesic,8.0
2016-11-09,MED-ATC-N02BA,Aspirin,Analgesic,1.4
2016-11-10,MED-ATC-N02BA,Aspirin,Analgesic,7.0
2016-11-11,MED-ATC-N02BA,Aspirin,Analgesic,4.0
2016-11-12,MED-ATC-N02BA,Aspirin,Analgesic,7.0
2016-11-13,MED-ATC-N02BA,Aspirin,Analgesic,3.6
2016-11-14,MED-ATC-N02BA,Aspirin,Analgesic,3.8
2016-11-15,MED-ATC-N02BA,Aspirin,Analgesic,4.0
2016-11-16,MED-ATC-N02BA,Aspirin,Analgesic,4.0
2016-11-17,MED-ATC-N02BA,Aspirin,Analgesic,5.7
2016-11-18,MED-ATC-N02BA,Aspirin,Analgesic,6.25
2016-11-19,MED-ATC-N02BA,Aspirin,Analgesic,4.0
2016-11-20,MED-ATC-N02BA,Aspirin,Analgesic,5.0
2016-11-21,MED-ATC-N02BA,Aspirin,Analgesic,5.25
2016-11-22,MED-ATC-N02BA,Aspirin,Analgesic,1.1
2016-11-23,MED-ATC-N02BA,Aspirin,Analgesic,3.7
2016-11-24,MED-ATC-N02BA,Aspirin,Analgesic,6.0
2016-11-25,MED-ATC-N02BA,Aspirin,Analgesic,7.0
2016-11-26,MED-ATC-N02BA,Aspirin,Analgesic,4.0
2016-11-27,MED-ATC-N02BA,Aspirin,Analgesic,3.9
2016-11-28,MED-ATC-N02BA,Aspirin,Analgesic,2.05
2016-11-29,MED-ATC-N02BA,Aspirin,Analgesic,3.0
2016-11-30,MED-ATC-N02BA,Aspirin,Analgesic,4.3
2016-12-01,MED-ATC-N02BA,Aspirin,Analgesic,1.5
2016-12-02,MED-ATC-N02BA,Aspirin,Analgesic,3.2
2016-12-03,MED-ATC-N02BA,Aspirin,Analgesic,3.0
2016-12-04,MED-ATC-N02BA,Aspirin,Analgesic,2.9
2016-12-05,MED-ATC-N02BA,Aspirin,Analgesic,4.0
2016-12-06,MED-ATC-N02BA,Aspirin,Analgesic,4.4
2016-12-07,MED-ATC-N02BA,Aspirin,Analgesic,1.7
2016-12-08,MED-ATC-N02BA,Aspirin,Analgesic,5.0
2016-12-09,MED-ATC-N02BA,Aspirin,Analgesic,4.0
2016-12-10,MED-ATC-N02BA,Aspirin,Analgesic,10.1
2016-12-11,MED-ATC-N02BA,Aspirin,Analgesic,8.55
2016-12-12,MED-ATC-N02BA,Aspirin,Analgesic,3.1
2016-12-13,MED-ATC-N02BA,Aspirin,Analgesic,5.1
2016-12-14,MED-ATC-N02BA,Aspirin,Analgesic,5.65
2016-12-15,MED-ATC-N02BA,Aspirin,Analgesic,1.0
2016-12-16,MED-ATC-N02BA,Aspirin,Analgesic,2.2
2016-12-17,MED-ATC-N02BA,Aspirin,Analgesic,4.15
2016-12-18,MED-ATC-N02BA,Aspirin,Analgesic,4.2
2016-12-19,MED-ATC-N02BA,Aspirin,Analgesic,0.0
2016-12-20,MED-ATC-N02BA,Aspirin,Analgesic,4.0
2016-12-21,MED-ATC-N02BA,Aspirin,Analgesic,0.25
2016-12-22,MED-ATC-N02BA,Aspirin,Analgesic,3.8
2016-12-23,MED-ATC-N02BA,Aspirin,Analgesic,1.15
2016-12-24,MED-ATC-N02BA,Aspirin,Analgesic,4.2
2016-12-25,MED-ATC-N02BA,Aspirin,Analgesic,5.7
2016-12-26,MED-ATC-N02BA,Aspirin,Analgesic,2.0
2016-12-27,MED-ATC-N02BA,Aspirin,Analgesic,0.4167
2016-12-28,MED-ATC-N02BA,Aspirin,Analgesic,6.45
2016-12-29,MED-ATC-N02BA,Aspirin,Analgesic,6.35
2016-12-30,MED-ATC-N02BA,Aspirin,Analgesic,7.3
2016-12-31,MED-ATC-N02BA,Aspirin,Analgesic,7.45
2017-01-01,MED-ATC-N02BA,Aspirin,Analgesic,1.5625
2017-01-02,MED-ATC-N02BA,Aspirin,Analgesic,0.625
2017-01-03,MED-ATC-N02BA,Aspirin,Analgesic,4.625
2017-01-04,MED-ATC-N02BA,Aspirin,Analgesic,6.4167
2017-01-05,MED-ATC-N02BA,Aspirin,Analgesic,5.2083
2017-01-06,MED-ATC-N02BA,Aspirin,Analgesic,5.625
2017-01-07,MED-ATC-N02BA,Aspirin,Analgesic,5.9583
2017-01-08,MED-ATC-N02BA,Aspirin,Analgesic,5.0833
2017-01-09,MED-ATC-N02BA,Aspirin,Analgesic,2.5833
2017-01-10,MED-ATC-N02BA,Aspirin,Analgesic,13.2917
2017-01-11,MED-ATC-N02BA,Aspirin,Analgesic,9.1667
2017-01-12,MED-ATC-N02BA,Aspirin,Analgesic,8.75
2017-01-13,MED-ATC-N02BA,Aspirin,Analgesic,9.5417
2017-01-14,MED-ATC-N02BA,Aspirin,Analgesic,7.7083
2017-01-15,MED-ATC-N02BA,Aspirin,Analgesic,9.0833
2017-01-16,MED-ATC-N02BA,Aspirin,Analgesic,8.0417
2017-01-17,MED-ATC-N02BA,Aspirin,Analgesic,5.2917
2017-01-18,MED-ATC-N02BA,Aspirin,Analgesic,6.5
2017-01-19,MED-ATC-N02BA,Aspirin,Analgesic,7.8333
2017-01-20,MED-ATC-N02BA,Aspirin,Analgesic,4.125
2017-01-21,MED-ATC-N02BA,Aspirin,Analgesic,4.5833
2017-01-22,MED-ATC-N02BA,Aspirin,Analgesic,5.125
2017-01-23,MED-ATC-N02BA,Aspirin,Analgesic,6.2917
2017-01-24,MED-ATC-N02BA,Aspirin,Analgesic,10.9583
2017-01-25,MED-ATC-N02BA,Aspirin,Analgesic,7.6667
2017-01-26,MED-ATC-N02BA,Aspirin,Analgesic,7.0417
2017-01-27,MED-ATC-N02BA,Aspirin,Analgesic,5.1667
2017-01-28,MED-ATC-N02BA,Aspirin,Analgesic,2.25
2017-01-29,MED-ATC-N02BA,Aspirin,Analgesic,5.3333
2017-01-30,MED-ATC-N02BA,Aspirin,Analgesic,7.0
2017-01-31,MED-ATC-N02BA,Aspirin,Analgesic,2.8333
2017-02-01,MED-ATC-N02BA,Aspirin,Analgesic,6.0417
2017-02-02,MED-ATC-N02BA,Aspirin,Analgesic,6.4167
2017-02-03,MED-ATC-N02BA,Aspirin,Analgesic,9.0
2017-02-04,MED-ATC-N02BA,Aspirin,Analgesic,4.4167
2017-02-05,MED-ATC-N02BA,Aspirin,Analgesic,5.0
2017-02-06,MED-ATC-N02BA,Aspirin,Analgesic,4.4
2017-02-07,MED-ATC-N02BA,Aspirin,Analgesic,3.5
2017-02-08,MED-ATC-N02BA,Aspirin,Analgesic,4.0
2017-02-09,MED-ATC-N02BA,Aspirin,Analgesic,4.0
2017-02-10,MED-ATC-N02BA,Aspirin,Analgesic,4.75
2017-02-11,MED-ATC-N02BA,Aspirin,Analgesic,5.1
2017-02-12,MED-ATC-N02BA,Aspirin,Analgesic,7.8
2017-02-13,MED-ATC-N02BA,Aspirin,Analgesic,0.0
2017-02-14,MED-ATC-N02BA,Aspirin,Analgesic,2.1
2017-02-15,MED-ATC-N02BA,Aspirin,Analgesic,2.0
2017-02-16,MED-ATC-N02BA,Aspirin,Analgesic,1.0
2017-02-17,MED-ATC-N02BA,Aspirin,Analgesic,2.1
2017-02-18,MED-ATC-N02BA,Aspirin,Analgesic,2.35
2017-02-19,MED-ATC-N02BA,Aspirin,Analgesic,2.2
2017-02-20,MED-ATC-N02BA,Aspirin,Analgesic,4.5
2017-02-21,MED-ATC-N02BA,Aspirin,Analgesic,4.0
2017-02-22,MED-ATC-N02BA,Aspirin,Analgesic,7.2
2017-02-23,MED-ATC-N02BA,Aspirin,Analgesic,4.05
2017-02-24,MED-ATC-N02BA,Aspirin,Analgesic,4.0
2017-02-25,MED-ATC-N02BA,Aspirin,Analgesic,5.25
2017-02-26,MED-ATC-N02BA,Aspirin,Analgesic,3.2
2017-02-27,MED-ATC-N02BA,Aspirin,Analgesic,7.0
2017-02-28,MED-ATC-N02BA,Aspirin,Analgesic,7.5
2017-03-01,MED-ATC-N02BA,Aspirin,Analgesic,5.0
2017-03-02,MED-ATC-N02BA,Aspirin,Analgesic,3.0
2017-03-03,MED-ATC-N02BA,Aspirin,Analgesic,4.0
2017-03-04,MED-ATC-N02BA,Aspirin,Analgesic,3.1
2017-03-05,MED-ATC-N02BA,Aspirin,Analgesic,5.0
2017-03-06,MED-ATC-N02BA,Aspirin,Analgesic,1.1
2017-03-07,MED-ATC-N02BA,Aspirin,Analgesic,6.5
2017-03-08,MED-ATC-N02BA,Aspirin,Analgesic,0.0
2017-03-09,MED-ATC-N02BA,Aspirin,Analgesic,6.0
2017-03-10,MED-ATC-N02BA,Aspirin,Analgesic,4.6
2017-03-11,MED-ATC-N02BA,Aspirin,Analgesic,6.0
2017-03-12,MED-ATC-N02BA,Aspirin,Analgesic,2.0
2017-03-13,MED-ATC-N02BA,Aspirin,Analgesic,2.7
2017-03-14,MED-ATC-N02BA,Aspirin,Analgesic,3.0
2017-03-15,MED-ATC-N02BA,Aspirin,Analgesic,2.5
2017-03-16,MED-ATC-N02BA,Aspirin,Analgesic,4.75
2017-03-17,MED-ATC-N02BA,Aspirin,Analgesic,0.0
2017-03-18,MED-ATC-N02BA,Aspirin,Analgesic,4.25
2017-03-19,MED-ATC-N02BA,Aspirin,Analgesic,2.0
2017-03-20,MED-ATC-N02BA,Aspirin,Analgesic,4.7
2017-03-21,MED-ATC-N02BA,Aspirin,Analgesic,2.2
2017-03-22,MED-ATC-N02BA,Aspirin,Analgesic,2.0
2017-03-23,MED-ATC-N02BA,Aspirin,Analgesic,1.0
2017-03-24,MED-ATC-N02BA,Aspirin,Analgesic,4.5
2017-03-25,MED-ATC-N02BA,Aspirin,Analgesic,1.0
2017-03-26,MED-ATC-N02BA,Aspirin,Analgesic,3.45
2017-03-27,MED-ATC-N02BA,Aspirin,Analgesic,3.5
2017-03-28,MED-ATC-N02BA,Aspirin,Analgesic,7.0
2017-03-29,MED-ATC-N02BA,Aspirin,Analgesic,4.0
2017-03-30,MED-ATC-N02BA,Aspirin,Analgesic,5.0
2017-03-31,MED-ATC-N02BA,Aspirin,Analgesic,3.5
2017-04-01,MED-ATC-N02BA,Aspirin,Analgesic,2.0
2017-04-02,MED-ATC-N02BA,Aspirin,Analgesic,4.0
2017-04-03,MED-ATC-N02BA,Aspirin,Analgesic,5.6
2017-04-04,MED-ATC-N02BA,Aspirin,Analgesic,2.2
2017-04-05,MED-ATC-N02BA,Aspirin,Analgesic,0.2
2017-04-06,MED-ATC-N02BA,Aspirin,Analgesic,3.1
2017-04-07,MED-ATC-N02BA,Aspirin,Analgesic,2.0
2017-04-08,MED-ATC-N02BA,Aspirin,Analgesic,2.05
2017-04-09,MED-ATC-N02BA,Aspirin,Analgesic,8.25
2017-04-10,MED-ATC-N02BA,Aspirin,Analgesic,1.05
2017-04-11,MED-ATC-N02BA,Aspirin,Analgesic,3.0
2017-04-12,MED-ATC-N02BA,Aspirin,Analgesic,3.35
2017-04-13,MED-ATC-N02BA,Aspirin,Analgesic,2.0
2017-04-14,MED-ATC-N02BA,Aspirin,Analgesic,5.0
2017-04-15,MED-ATC-N02BA,Aspirin,Analgesic,4.0
2017-04-16,MED-ATC-N02BA,Aspirin,Analgesic,0.0
2017-04-17,MED-ATC-N02BA,Aspirin,Analgesic,1.9
2017-04-18,MED-ATC-N02BA,Aspirin,Analgesic,6.3
2017-04-19,MED-ATC-N02BA,Aspirin,Analgesic,5.0
2017-04-20,MED-ATC-N02BA,Aspirin,Analgesic,5.0
2017-04-21,MED-ATC-N02BA,Aspirin,Analgesic,2.4
2017-04-22,MED-ATC-N02BA,Aspirin,Analgesic,2.8
2017-04-23,MED-ATC-N02BA,Aspirin,Analgesic,3.6
2017-04-24,MED-ATC-N02BA,Aspirin,Analgesic,8.0
2017-04-25,MED-ATC-N02BA,Aspirin,Analgesic,2.2
2017-04-26,MED-ATC-N02BA,Aspirin,Analgesic,3.5
2017-04-27,MED-ATC-N02BA,Aspirin,Analgesic,2.3
2017-04-28,MED-ATC-N02BA,Aspirin,Analgesic,5.1
2017-04-29,MED-ATC-N02BA,Aspirin,Analgesic,2.3
2017-04-30,MED-ATC-N02BA,Aspirin,Analgesic,2.3
2017-05-01,MED-ATC-N02BA,Aspirin,Analgesic,1.0
2017-05-02,MED-ATC-N02BA,Aspirin,Analgesic,1.0
2017-05-03,MED-ATC-N02BA,Aspirin,Analgesic,6.0
2017-05-04,MED-ATC-N02BA,Aspirin,Analgesic,1.0
2017-05-05,MED-ATC-N02BA,Aspirin,Analgesic,1.15
2017-05-06,MED-ATC-N02BA,Aspirin,Analgesic,4.4
2017-05-07,MED-ATC-N02BA,Aspirin,Analgesic,4.5
2017-05-08,MED-ATC-N02BA,Aspirin,Analgesic,1.0
2017-05-09,MED-ATC-N02BA,Aspirin,Analgesic,4.1
2017-05-10,MED-ATC-N02BA,Aspirin,Analgesic,9.0
2017-05-11,MED-ATC-N02BA,Aspirin,Analgesic,3.0
2017-05-12,MED-ATC-N02BA,Aspirin,Analgesic,6.0
2017-05-13,MED-ATC-N02BA,Aspirin,Analgesic,6.0
2017-05-14,MED-ATC-N02BA,Aspirin,Analgesic,2.85
2017-05-15,MED-ATC-N02BA,Aspirin,Analgesic,2.0
2017-05-16,MED-ATC-N02BA,Aspirin,Analgesic,1.5
2017-05-17,MED-ATC-N02BA,Aspirin,Analgesic,0.0
2017-05-18,MED-ATC-N02BA,Aspirin,Analgesic,4.0
2017-05-19,MED-ATC-N02BA,Aspirin,Analgesic,2.2
2017-05-20,MED-ATC-N02BA,Aspirin,Analgesic,0.25
2017-05-21,MED-ATC-N02BA,Aspirin,Analgesic,1.25
2017-05-22,MED-ATC-N02BA,Aspirin,Analgesic,4.4
2017-05-23,MED-ATC-N02BA,Aspirin,Analgesic,5.0
2017-05-24,MED-ATC-N02BA,Aspirin,Analgesic,3.0
2017-05-25,MED-ATC-N02BA,Aspirin,Analgesic,2.0
2017-05-26,MED-ATC-N02BA,Aspirin,Analgesic,5.0
2017-05-27,MED-ATC-N02BA,Aspirin,Analgesic,2.0
2017-05-28,MED-ATC-N02BA,Aspirin,Analgesic,2.45
2017-05-29,MED-ATC-N02BA,Aspirin,Analgesic,1.6
2017-05-30,MED-ATC-N02BA,Aspirin,Analgesic,4.3
2017-05-31,MED-ATC-N02BA,Aspirin,Analgesic,7.0
2017-06-01,MED-ATC-N02BA,Aspirin,Analgesic,2.0
2017-06-02,MED-ATC-N02BA,Aspirin,Analgesic,4.0
2017-06-03,MED-ATC-N02BA,Aspirin,Analgesic,3.0
2017-06-04,MED-ATC-N02BA,Aspirin,Analgesic,2.25
2017-06-05,MED-ATC-N02BA,Aspirin,Analgesic,4.5
2017-06-06,MED-ATC-N02BA,Aspirin,Analgesic,0.0
2017-06-07,MED-ATC-N02BA,Aspirin,Analgesic,4.0
2017-06-08,MED-ATC-N02BA,Aspirin,Analgesic,3.15
2017-06-09,MED-ATC-N02BA,Aspirin,Analgesic,3.1
2017-06-10,MED-ATC-N02BA,Aspirin,Analgesic,4.0
2017-06-11,MED-ATC-N02BA,Aspirin,Analgesic,8.5
2017-06-12,MED-ATC-N02BA,Aspirin,Analgesic,1.0
2017-06-13,MED-ATC-N02BA,Aspirin,Analgesic,3.0
2017-06-14,MED-ATC-N02BA,Aspirin,Analgesic,1.0
2017-06-15,MED-ATC-N02BA,Aspirin,Analgesic,3.15
2017-06-16,MED-ATC-N02BA,Aspirin,Analgesic,0.0
2017-06-17,MED-ATC-N02BA,Aspirin,Analgesic,5.0
2017-06-18,MED-ATC-N02BA,Aspirin,Analgesic,1.1
2017-06-19,MED-ATC-N02BA,Aspirin,Analgesic,1.0
2017-06-20,MED-ATC-N02BA,Aspirin,Analgesic,5.1
2017-06-21,MED-ATC-N02BA,Aspirin,Analgesic,2.0
2017-06-22,MED-ATC-N02BA,Aspirin,Analgesic,0.0
2017-06-23,MED-ATC-N02BA,Aspirin,Analgesic,2.0
2017-06-24,MED-ATC-N02BA,Aspirin,Analgesic,6.0
2017-06-25,MED-ATC-N02BA,Aspirin,Analgesic,6.0
2017-06-26,MED-ATC-N02BA,Aspirin,Analgesic,6.25
2017-06-27,MED-ATC-N02BA,Aspirin,Analgesic,6.0
2017-06-28,MED-ATC-N02BA,Aspirin,Analgesic,4.5
2017-06-29,MED-ATC-N02BA,Aspirin,Analgesic,6.0
2017-06-30,MED-ATC-N02BA,Aspirin,Analgesic,2.0
2017-07-01,MED-ATC-N02BA,Aspirin,Analgesic,1.0
2017-07-02,MED-ATC-N02BA,Aspirin,Analgesic,2.0
2017-07-03,MED-ATC-N02BA,Aspirin,Analgesic,1.5
2017-07-04,MED-ATC-N02BA,Aspirin,Analgesic,5.0
2017-07-05,MED-ATC-N02BA,Aspirin,Analgesic,2.0
2017-07-06,MED-ATC-N02BA,Aspirin,Analgesic,4.0
2017-07-07,MED-ATC-N02BA,Aspirin,Analgesic,4.1
2017-07-08,MED-ATC-N02BA,Aspirin,Analgesic,5.0
2017-07-09,MED-ATC-N02BA,Aspirin,Analgesic,0.5
2017-07-10,MED-ATC-N02BA,Aspirin,Analgesic,4.0
2017-07-11,MED-ATC-N02BA,Aspirin,Analgesic,0.0
2017-07-12,MED-ATC-N02BA,Aspirin,Analgesic,0.0
2017-07-13,MED-ATC-N02BA,Aspirin,Analgesic,2.15
2017-07-14,MED-ATC-N02BA,Aspirin,Analgesic,2.0
2017-07-15,MED-ATC-N02BA,Aspirin,Analgesic,3.0
2017-07-16,MED-ATC-N02BA,Aspirin,Analgesic,3.0
2017-07-17,MED-ATC-N02BA,Aspirin,Analgesic,3.0
2017-07-18,MED-ATC-N02BA,Aspirin,Analgesic,1.5
2017-07-19,MED-ATC-N02BA,Aspirin,Analgesic,4.0
2017-07-20,MED-ATC-N02BA,Aspirin,Analgesic,3.0
2017-07-21,MED-ATC-N02BA,Aspirin,Analgesic,3.0
2017-07-22,MED-ATC-N02BA,Aspirin,Analgesic,5.0
2017-07-23,MED-ATC-N02BA,Aspirin,Analgesic,2.0
2017-07-24,MED-ATC-N02BA,Aspirin,Analgesic,2.1
2017-07-25,MED-ATC-N02BA,Aspirin,Analgesic,2.0
2017-07-26,MED-ATC-N02BA,Aspirin,Analgesic,3.0
2017-07-27,MED-ATC-N02BA,Aspirin,Analgesic,0.0
2017-07-28,MED-ATC-N02BA,Aspirin,Analgesic,1.1
2017-07-29,MED-ATC-N02BA,Aspirin,Analgesic,2.0
2017-07-30,MED-ATC-N02BA,Aspirin,Analgesic,2.0
2017-07-31,MED-ATC-N02BA,Aspirin,Analgesic,2.25
2017-08-01,MED-ATC-N02BA,Aspirin,Analgesic,2.0
2017-08-02,MED-ATC-N02BA,Aspirin,Analgesic,1.0
2017-08-03,MED-ATC-N02BA,Aspirin,Analgesic,4.0
2017-08-04,MED-ATC-N02BA,Aspirin,Analgesic,1.0
2017-08-05,MED-ATC-N02BA,Aspirin,Analgesic,2.0
2017-08-06,MED-ATC-N02BA,Aspirin,Analgesic,1.0
2017-08-07,MED-ATC-N02BA,Aspirin,Analgesic,3.1
2017-08-08,MED-ATC-N02BA,Aspirin,Analgesic,2.1
2017-08-09,MED-ATC-N02BA,Aspirin,Analgesic,3.15
2017-08-10,MED-ATC-N02BA,Aspirin,Analgesic,4.0
2017-08-11,MED-ATC-N02BA,Aspirin,Analgesic,5.1
2017-08-12,MED-ATC-N02BA,Aspirin,Analgesic,2.5
2017-08-13,MED-ATC-N02BA,Aspirin,Analgesic,2.05
2017-08-14,MED-ATC-N02BA,Aspirin,Analgesic,4.0
2017-08-15,MED-ATC-N02BA,Aspirin,Analgesic,2.15
2017-08-16,MED-ATC-N02BA,Aspirin,Analgesic,1.0
2017-08-17,MED-ATC-N02BA,Aspirin,Analgesic,5.0
2017-08-18,MED-ATC-N02BA,Aspirin,Analgesic,3.0
2017-08-19,MED-ATC-N02BA,Aspirin,Analgesic,3.0
2017-08-20,MED-ATC-N02BA,Aspirin,Analgesic,6.0
2017-08-21,MED-ATC-N02BA,Aspirin,Analgesic,2.4
2017-08-22,MED-ATC-N02BA,Aspirin,Analgesic,3.15
2017-08-23,MED-ATC-N02BA,Aspirin,Analgesic,2.0
2017-08-24,MED-ATC-N02BA,Aspirin,Analgesic,2.0
2017-08-25,MED-ATC-N02BA,Aspirin,Analgesic,1.0
2017-08-26,MED-ATC-N02BA,Aspirin,Analgesic,1.0
2017-08-27,MED-ATC-N02BA,Aspirin,Analgesic,1.0
2017-08-28,MED-ATC-N02BA,Aspirin,Analgesic,5.0
2017-08-29,MED-ATC-N02BA,Aspirin,Analgesic,3.5
2017-08-30,MED-ATC-N02BA,Aspirin,Analgesic,3.15
2017-08-31,MED-ATC-N02BA,Aspirin,Analgesic,3.05
2017-09-01,MED-ATC-N02BA,Aspirin,Analgesic,5.0
2017-09-02,MED-ATC-N02BA,Aspirin,Analgesic,6.0
2017-09-03,MED-ATC-N02BA,Aspirin,Analgesic,2.0
2017-09-04,MED-ATC-N02BA,Aspirin,Analgesic,6.0
2017-09-05,MED-ATC-N02BA,Aspirin,Analgesic,4.0
2017-09-06,MED-ATC-N02BA,Aspirin,Analgesic,5.0
2017-09-07,MED-ATC-N02BA,Aspirin,Analgesic,3.2
2017-09-08,MED-ATC-N02BA,Aspirin,Analgesic,3.1
2017-09-09,MED-ATC-N02BA,Aspirin,Analgesic,2.5
2017-09-10,MED-ATC-N02BA,Aspirin,Analgesic,1.0
2017-09-11,MED-ATC-N02BA,Aspirin,Analgesic,2.0
2017-09-12,MED-ATC-N02BA,Aspirin,Analgesic,5.2
2017-09-13,MED-ATC-N02BA,Aspirin,Analgesic,2.0
2017-09-14,MED-ATC-N02BA,Aspirin,Analgesic,5.0
2017-09-15,MED-ATC-N02BA,Aspirin,Analgesic,3.0
2017-09-16,MED-ATC-N02BA,Aspirin,Analgesic,3.45
2017-09-17,MED-ATC-N02BA,Aspirin,Analgesic,4.0
2017-09-18,MED-ATC-N02BA,Aspirin,Analgesic,1.0
2017-09-19,MED-ATC-N02BA,Aspirin,Analgesic,1.0
2017-09-20,MED-ATC-N02BA,Aspirin,Analgesic,0.1
2017-09-21,MED-ATC-N02BA,Aspirin,Analgesic,1.0
2017-09-22,MED-ATC-N02BA,Aspirin,Analgesic,3.0
2017-09-23,MED-ATC-N02BA,Aspirin,Analgesic,3.0
2017-09-24,MED-ATC-N02BA,Aspirin,Analgesic,2.0
2017-09-25,MED-ATC-N02BA,Aspirin,Analgesic,1.0
2017-09-26,MED-ATC-N02BA,Aspirin,Analgesic,2.1
2017-09-27,MED-ATC-N02BA,Aspirin,Analgesic,3.0
2017-09-28,MED-ATC-N02BA,Aspirin,Analgesic,2.5
2017-09-29,MED-ATC-N02BA,Aspirin,Analgesic,3.0
2017-09-30,MED-ATC-N02BA,Aspirin,Analgesic,3.0
2017-10-01,MED-ATC-N02BA,Aspirin,Analgesic,3.0
2017-10-02,MED-ATC-N02BA,Aspirin,Analgesic,3.15
2017-10-03,MED-ATC-N02BA,Aspirin,Analgesic,3.15
2017-10-04,MED-ATC-N02BA,Aspirin,Analgesic,4.0
2017-10-05,MED-ATC-N02BA,Aspirin,Analgesic,5.0
2017-10-06,MED-ATC-N02BA,Aspirin,Analgesic,1.0
2017-10-07,MED-ATC-N02BA,Aspirin,Analgesic,2.0
2017-10-08,MED-ATC-N02BA,Aspirin,Analgesic,5.2
2017-10-09,MED-ATC-N02BA,Aspirin,Analgesic,0.0
2017-10-10,MED-ATC-N02BA,Aspirin,Analgesic,2.0
2017-10-11,MED-ATC-N02BA,Aspirin,Analgesic,4.6
2017-10-12,MED-ATC-N02BA,Aspirin,Analgesic,2.3
2017-10-13,MED-ATC-N02BA,Aspirin,Analgesic,0.6
2017-10-14,MED-ATC-N02BA,Aspirin,Analgesic,4.0
2017-10-15,MED-ATC-N02BA,Aspirin,Analgesic,1.0
2017-10-16,MED-ATC-N02BA,Aspirin,Analgesic,0.0
2017-10-17,MED-ATC-N02BA,Aspirin,Analgesic,6.0
2017-10-18,MED-ATC-N02BA,Aspirin,Analgesic,1.0
2017-10-19,MED-ATC-N02BA,Aspirin,Analgesic,4.7
2017-10-20,MED-ATC-N02BA,Aspirin,Analgesic,3.0
2017-10-21,MED-ATC-N02BA,Aspirin,Analgesic,3.3
2017-10-22,MED-ATC-N02BA,Aspirin,Analgesic,5.0
2017-10-23,MED-ATC-N02BA,Aspirin,Analgesic,2.0
2017-10-24,MED-ATC-N02BA,Aspirin,Analgesic,10.0
2017-10-25,MED-ATC-N02BA,Aspirin,Analgesic,5.35
2017-10-26,MED-ATC-N02BA,Aspirin,Analgesic,2.0
2017-10-27,MED-ATC-N02BA,Aspirin,Analgesic,6.0
2017-10-28,MED-ATC-N02BA,Aspirin,Analgesic,4.0
2017-10-29,MED-ATC-N02BA,Aspirin,Analgesic,1.05
2017-10-30,MED-ATC-N02BA,Aspirin,Analgesic,2.0
2017-10-31,MED-ATC-N02BA,Aspirin,Analgesic,4.0
2017-11-01,MED-ATC-N02BA,Aspirin,Analgesic,2.0
2017-11-02,MED-ATC-N02BA,Aspirin,Analgesic,1.55
2017-11-03,MED-ATC-N02BA,Aspirin,Analgesic,4.4
2017-11-04,MED-ATC-N02BA,Aspirin,Analgesic,6.0
2017-11-05,MED-ATC-N02BA,Aspirin,Analgesic,1.1
2017-11-06,MED-ATC-N02BA,Aspirin,Analgesic,2.0
2017-11-07,MED-ATC-N02BA,Aspirin,Analgesic,7.0
2017-11-08,MED-ATC-N02BA,Aspirin,Analgesic,2.0
2017-11-09,MED-ATC-N02BA,Aspirin,Analgesic,0.0
2017-11-10,MED-ATC-N02BA,Aspirin,Analgesic,6.2
2017-11-11,MED-ATC-N02BA,Aspirin,Analgesic,4.1
2017-11-12,MED-ATC-N02BA,Aspirin,Analgesic,6.15
2017-11-13,MED-ATC-N02BA,Aspirin,Analgesic,4.2
2017-11-14,MED-ATC-N02BA,Aspirin,Analgesic,2.0
2017-11-15,MED-ATC-N02BA,Aspirin,Analgesic,7.7
2017-11-16,MED-ATC-N02BA,Aspirin,Analgesic,3.0
2017-11-17,MED-ATC-N02BA,Aspirin,Analgesic,3.0
2017-11-18,MED-ATC-N02BA,Aspirin,Analgesic,2.0
2017-11-19,MED-ATC-N02BA,Aspirin,Analgesic,1.0
2017-11-20,MED-ATC-N02BA,Aspirin,Analgesic,2.4
2017-11-21,MED-ATC-N02BA,Aspirin,Analgesic,1.0
2017-11-22,MED-ATC-N02BA,Aspirin,Analgesic,1.0
2017-11-23,MED-ATC-N02BA,Aspirin,Analgesic,6.0
2017-11-24,MED-ATC-N02BA,Aspirin,Analgesic,5.0
2017-11-25,MED-ATC-N02BA,Aspirin,Analgesic,4.1
2017-11-26,MED-ATC-N02BA,Aspirin,Analgesic,1.0
2017-11-27,MED-ATC-N02BA,Aspirin,Analgesic,6.1
2017-11-28,MED-ATC-N02BA,Aspirin,Analgesic,5.35
2017-11-29,MED-ATC-N02BA,Aspirin,Analgesic,4.1
2017-11-30,MED-ATC-N02BA,Aspirin,Analgesic,3.0
2017-12-01,MED-ATC-N02BA,Aspirin,Analgesic,1.0
2017-12-02,MED-ATC-N02BA,Aspirin,Analgesic,5.0
2017-12-03,MED-ATC-N02BA,Aspirin,Analgesic,3.0
2017-12-04,MED-ATC-N02BA,Aspirin,Analgesic,4.0
2017-12-05,MED-ATC-N02BA,Aspirin,Analgesic,4.05
2017-12-06,MED-ATC-N02BA,Aspirin,Analgesic,2.1
2017-12-07,MED-ATC-N02BA,Aspirin,Analgesic,5.45
2017-12-08,MED-ATC-N02BA,Aspirin,Analgesic,3.5
2017-12-09,MED-ATC-N02BA,Aspirin,Analgesic,5.4
2017-12-10,MED-ATC-N02BA,Aspirin,Analgesic,5.0
2017-12-11,MED-ATC-N02BA,Aspirin,Analgesic,5.5
2017-12-12,MED-ATC-N02BA,Aspirin,Analgesic,3.0
2017-12-13,MED-ATC-N02BA,Aspirin,Analgesic,2.3
2017-12-14,MED-ATC-N02BA,Aspirin,Analgesic,3.0
2017-12-15,MED-ATC-N02BA,Aspirin,Analgesic,2.5
2017-12-16,MED-ATC-N02BA,Aspirin,Analgesic,3.0
2017-12-17,MED-ATC-N02BA,Aspirin,Analgesic,5.1
2017-12-18,MED-ATC-N02BA,Aspirin,Analgesic,6.0
2017-12-19,MED-ATC-N02BA,Aspirin,Analgesic,0.0
2017-12-20,MED-ATC-N02BA,Aspirin,Analgesic,3.0
2017-12-21,MED-ATC-N02BA,Aspirin,Analgesic,4.0
2017-12-22,MED-ATC-N02BA,Aspirin,Analgesic,1.5
2017-12-23,MED-ATC-N02BA,Aspirin,Analgesic,6.1
2017-12-24,MED-ATC-N02BA,Aspirin,Analgesic,2.0
2017-12-25,MED-ATC-N02BA,Aspirin,Analgesic,4.1
2017-12-26,MED-ATC-N02BA,Aspirin,Analgesic,3.5
2017-12-27,MED-ATC-N02BA,Aspirin,Analgesic,5.15
2017-12-28,MED-ATC-N02BA,Aspirin,Analgesic,5.1
2017-12-29,MED-ATC-N02BA,Aspirin,Analgesic,2.5
2017-12-30,MED-ATC-N02BA,Aspirin,Analgesic,4.0
2017-12-31,MED-ATC-N02BA,Aspirin,Analgesic,5.3
2018-01-01,MED-ATC-N02BA,Aspirin,Analgesic,0.0
2018-01-02,MED-ATC-N02BA,Aspirin,Analgesic,2.25
2018-01-03,MED-ATC-N02BA,Aspirin,Analgesic,3.0
2018-01-04,MED-ATC-N02BA,Aspirin,Analgesic,1.0
2018-01-05,MED-ATC-N02BA,Aspirin,Analgesic,3.0
2018-01-06,MED-ATC-N02BA,Aspirin,Analgesic,2.2
2018-01-07,MED-ATC-N02BA,Aspirin,Analgesic,0.0
2018-01-08,MED-ATC-N02BA,Aspirin,Analgesic,4.2
2018-01-09,MED-ATC-N02BA,Aspirin,Analgesic,5.0
2018-01-10,MED-ATC-N02BA,Aspirin,Analgesic,6.0
2018-01-11,MED-ATC-N02BA,Aspirin,Analgesic,5.5
2018-01-12,MED-ATC-N02BA,Aspirin,Analgesic,3.0
2018-01-13,MED-ATC-N02BA,Aspirin,Analgesic,3.2
2018-01-14,MED-ATC-N02BA,Aspirin,Analgesic,1.2
2018-01-15,MED-ATC-N02BA,Aspirin,Analgesic,5.1
2018-01-16,MED-ATC-N02BA,Aspirin,Analgesic,3.0
2018-01-17,MED-ATC-N02BA,Aspirin,Analgesic,2.0
2018-01-18,MED-ATC-N02BA,Aspirin,Analgesic,4.0
2018-01-19,MED-ATC-N02BA,Aspirin,Analgesic,3.0
2018-01-20,MED-ATC-N02BA,Aspirin,Analgesic,2.0
2018-01-21,MED-ATC-N02BA,Aspirin,Analgesic,3.4
2018-01-22,MED-ATC-N02BA,Aspirin,Analgesic,6.0
2018-01-23,MED-ATC-N02BA,Aspirin,Analgesic,4.6
2018-01-24,MED-ATC-N02BA,Aspirin,Analgesic,4.0
2018-01-25,MED-ATC-N02BA,Aspirin,Analgesic,4.2
2018-01-26,MED-ATC-N02BA,Aspirin,Analgesic,0.4
2018-01-27,MED-ATC-N02BA,Aspirin,Analgesic,3.0
2018-01-28,MED-ATC-N02BA,Aspirin,Analgesic,5.65
2018-01-29,MED-ATC-N02BA,Aspirin,Analgesic,4.25
2018-01-30,MED-ATC-N02BA,Aspirin,Analgesic,3.0
2018-01-31,MED-ATC-N02BA,Aspirin,Analgesic,4.0
2018-02-01,MED-ATC-N02BA,Aspirin,Analgesic,6.0
2018-02-02,MED-ATC-N02BA,Aspirin,Analgesic,4.0
2018-02-03,MED-ATC-N02BA,Aspirin,Analgesic,3.3
2018-02-04,MED-ATC-N02BA,Aspirin,Analgesic,2.0
2018-02-05,MED-ATC-N02BA,Aspirin,Analgesic,3.0
2018-02-06,MED-ATC-N02BA,Aspirin,Analgesic,6.85
2018-02-07,MED-ATC-N02BA,Aspirin,Analgesic,3.2
2018-02-08,MED-ATC-N02BA,Aspirin,Analgesic,3.0
2018-02-09,MED-ATC-N02BA,Aspirin,Analgesic,4.25
2018-02-10,MED-ATC-N02BA,Aspirin,Analgesic,3.5
2018-02-11,MED-ATC-N02BA,Aspirin,Analgesic,7.8
2018-02-12,MED-ATC-N02BA,Aspirin,Analgesic,10.0
2018-02-13,MED-ATC-N02BA,Aspirin,Analgesic,5.0
2018-02-14,MED-ATC-N02BA,Aspirin,Analgesic,2.1
2018-02-15,MED-ATC-N02BA,Aspirin,Analgesic,0.85
2018-02-16,MED-ATC-N02BA,Aspirin,Analgesic,1.2
2018-02-17,MED-ATC-N02BA,Aspirin,Analgesic,2.0
2018-02-18,MED-ATC-N02BA,Aspirin,Analgesic,7.55
2018-02-19,MED-ATC-N02BA,Aspirin,Analgesic,1.7
2018-02-20,MED-ATC-N02BA,Aspirin,Analgesic,4.2
2018-02-21,MED-ATC-N02BA,Aspirin,Analgesic,9.5
2018-02-22,MED-ATC-N02BA,Aspirin,Analgesic,3.15
2018-02-23,MED-ATC-N02BA,Aspirin,Analgesic,1.0
2018-02-24,MED-ATC-N02BA,Aspirin,Analgesic,7.0
2018-02-25,MED-ATC-N02BA,Aspirin,Analgesic,2.0
2018-02-26,MED-ATC-N02BA,Aspirin,Analgesic,2.0
2018-02-27,MED-ATC-N02BA,Aspirin,Analgesic,3.4
2018-02-28,MED-ATC-N02BA,Aspirin,Analgesic,5.1
2018-03-01,MED-ATC-N02BA,Aspirin,Analgesic,1.05
2018-03-02,MED-ATC-N02BA,Aspirin,Analgesic,9.5
2018-03-03,MED-ATC-N02BA,Aspirin,Analgesic,8.15
2018-03-04,MED-ATC-N02BA,Aspirin,Analgesic,4.0
2018-03-05,MED-ATC-N02BA,Aspirin,Analgesic,6.1
2018-03-06,MED-ATC-N02BA,Aspirin,Analgesic,5.85
2018-03-07,MED-ATC-N02BA,Aspirin,Analgesic,4.0
2018-03-08,MED-ATC-N02BA,Aspirin,Analgesic,4.0
2018-03-09,MED-ATC-N02BA,Aspirin,Analgesic,4.2
2018-03-10,MED-ATC-N02BA,Aspirin,Analgesic,4.0
2018-03-11,MED-ATC-N02BA,Aspirin,Analgesic,5.6
2018-03-12,MED-ATC-N02BA,Aspirin,Analgesic,3.0
2018-03-13,MED-ATC-N02BA,Aspirin,Analgesic,5.2
2018-03-14,MED-ATC-N02BA,Aspirin,Analgesic,0.0
2018-03-15,MED-ATC-N02BA,Aspirin,Analgesic,3.0
2018-03-16,MED-ATC-N02BA,Aspirin,Analgesic,1.0
2018-03-17,MED-ATC-N02BA,Aspirin,Analgesic,3.15
2018-03-18,MED-ATC-N02BA,Aspirin,Analgesic,4.3
2018-03-19,MED-ATC-N02BA,Aspirin,Analgesic,0.0
2018-03-20,MED-ATC-N02BA,Aspirin,Analgesic,9.0
2018-03-21,MED-ATC-N02BA,Aspirin,Analgesic,2.0
2018-03-22,MED-ATC-N02BA,Aspirin,Analgesic,1.55
2018-03-23,MED-ATC-N02BA,Aspirin,Analgesic,5.15
2018-03-24,MED-ATC-N02BA,Aspirin,Analgesic,5.0
2018-03-25,MED-ATC-N02BA,Aspirin,Analgesic,3.2
2018-03-26,MED-ATC-N02BA,Aspirin,Analgesic,0.2
2018-03-27,MED-ATC-N02BA,Aspirin,Analgesic,5.1
2018-03-28,MED-ATC-N02BA,Aspirin,Analgesic,1.0
2018-03-29,MED-ATC-N02BA,Aspirin,Analgesic,3.0
2018-03-30,MED-ATC-N02BA,Aspirin,Analgesic,9.0
2018-03-31,MED-ATC-N02BA,Aspirin,Analgesic,2.0
2018-04-01,MED-ATC-N02BA,Aspirin,Analgesic,0.0
2018-04-02,MED-ATC-N02BA,Aspirin,Analgesic,6.3
2018-04-03,MED-ATC-N02BA,Aspirin,Analgesic,2.0
2018-04-04,MED-ATC-N02BA,Aspirin,Analgesic,3.0
2018-04-05,MED-ATC-N02BA,Aspirin,Analgesic,5.4
2018-04-06,MED-ATC-N02BA,Aspirin,Analgesic,4.2
2018-04-07,MED-ATC-N02BA,Aspirin,Analgesic,2.0
2018-04-08,MED-ATC-N02BA,Aspirin,Analgesic,0.0
2018-04-09,MED-ATC-N02BA,Aspirin,Analgesic,6.0
2018-04-10,MED-ATC-N02BA,Aspirin,Analgesic,2.0
2018-04-11,MED-ATC-N02BA,Aspirin,Analgesic,2.0
2018-04-12,MED-ATC-N02BA,Aspirin,Analgesic,3.5
2018-04-13,MED-ATC-N02BA,Aspirin,Analgesic,5.0
2018-04-14,MED-ATC-N02BA,Aspirin,Analgesic,2.0
2018-04-15,MED-ATC-N02BA,Aspirin,Analgesic,3.0
2018-04-16,MED-ATC-N02BA,Aspirin,Analgesic,0.25
2018-04-17,MED-ATC-N02BA,Aspirin,Analgesic,0.15
2018-04-18,MED-ATC-N02BA,Aspirin,Analgesic,3.25
2018-04-19,MED-ATC-N02BA,Aspirin,Analgesic,1.0
2018-04-20,MED-ATC-N02BA,Aspirin,Analgesic,0.0
2018-04-21,MED-ATC-N02BA,Aspirin,Analgesic,2.0
2018-04-22,MED-ATC-N02BA,Aspirin,Analgesic,3.5
2018-04-23,MED-ATC-N02BA,Aspirin,Analgesic,1.0
2018-04-24,MED-ATC-N02BA,Aspirin,Analgesic,6.0
2018-04-25,MED-ATC-N02BA,Aspirin,Analgesic,5.0
2018-04-26,MED-ATC-N02BA,Aspirin,Analgesic,2.0
2018-04-27,MED-ATC-N02BA,Aspirin,Analgesic,3.0
2018-04-28,MED-ATC-N02BA,Aspirin,Analgesic,2.05
2018-04-29,MED-ATC-N02BA,Aspirin,Analgesic,6.0
2018-04-30,MED-ATC-N02BA,Aspirin,Analgesic,3.0
2018-05-01,MED-ATC-N02BA,Aspirin,Analgesic,1.0
2018-05-02,MED-ATC-N02BA,Aspirin,Analgesic,2.0
2018-05-03,MED-ATC-N02BA,Aspirin,Analgesic,2.0
2018-05-04,MED-ATC-N02BA,Aspirin,Analgesic,5.0
2018-05-05,MED-ATC-N02BA,Aspirin,Analgesic,5.0
2018-05-06,MED-ATC-N02BA,Aspirin,Analgesic,0.25
2018-05-07,MED-ATC-N02BA,Aspirin,Analgesic,0.0
2018-05-08,MED-ATC-N02BA,Aspirin,Analgesic,1.0
2018-05-09,MED-ATC-N02BA,Aspirin,Analgesic,7.0
2018-05-10,MED-ATC-N02BA,Aspirin,Analgesic,6.0
2018-05-11,MED-ATC-N02BA,Aspirin,Analgesic,3.0
2018-05-12,MED-ATC-N02BA,Aspirin,Analgesic,5.15
2018-05-13,MED-ATC-N02BA,Aspirin,Analgesic,3.0
2018-05-14,MED-ATC-N02BA,Aspirin,Analgesic,1.0
2018-05-15,MED-ATC-N02BA,Aspirin,Analgesic,2.0
2018-05-16,MED-ATC-N02BA,Aspirin,Analgesic,2.5
2018-05-17,MED-ATC-N02BA,Aspirin,Analgesic,3.5
2018-05-18,MED-ATC-N02BA,Aspirin,Analgesic,6.0
2018-05-19,MED-ATC-N02BA,Aspirin,Analgesic,1.0
2018-05-20,MED-ATC-N02BA,Aspirin,Analgesic,1.0
2018-05-21,MED-ATC-N02BA,Aspirin,Analgesic,2.15
2018-05-22,MED-ATC-N02BA,Aspirin,Analgesic,3.0
2018-05-23,MED-ATC-N02BA,Aspirin,Analgesic,0.0
2018-05-24,MED-ATC-N02BA,Aspirin,Analgesic,5.0
2018-05-25,MED-ATC-N02BA,Aspirin,Analgesic,2.0
2018-05-26,MED-ATC-N02BA,Aspirin,Analgesic,7.0
2018-05-27,MED-ATC-N02BA,Aspirin,Analgesic,5.0
2018-05-28,MED-ATC-N02BA,Aspirin,Analgesic,1.2
2018-05-29,MED-ATC-N02BA,Aspirin,Analgesic,3.3
2018-05-30,MED-ATC-N02BA,Aspirin,Analgesic,2.0
2018-05-31,MED-ATC-N02BA,Aspirin,Analgesic,1.35
2018-06-01,MED-ATC-N02BA,Aspirin,Analgesic,4.0
2018-06-02,MED-ATC-N02BA,Aspirin,Analgesic,4.0
2018-06-03,MED-ATC-N02BA,Aspirin,Analgesic,1.0
2018-06-04,MED-ATC-N02BA,Aspirin,Analgesic,6.0
2018-06-05,MED-ATC-N02BA,Aspirin,Analgesic,1.05
2018-06-06,MED-ATC-N02BA,Aspirin,Analgesic,0.15
2018-06-07,MED-ATC-N02BA,Aspirin,Analgesic,0.25
2018-06-08,MED-ATC-N02BA,Aspirin,Analgesic,2.0
2018-06-09,MED-ATC-N02BA,Aspirin,Analgesic,3.0
2018-06-10,MED-ATC-N02BA,Aspirin,Analgesic,5.0
2018-06-11,MED-ATC-N02BA,Aspirin,Analgesic,3.1
2018-06-12,MED-ATC-N02BA,Aspirin,Analgesic,4.0
2018-06-13,MED-ATC-N02BA,Aspirin,Analgesic,1.2
2018-06-14,MED-ATC-N02BA,Aspirin,Analgesic,1.0
2018-06-15,MED-ATC-N02BA,Aspirin,Analgesic,0.3
2018-06-16,MED-ATC-N02BA,Aspirin,Analgesic,5.0
2018-06-17,MED-ATC-N02BA,Aspirin,Analgesic,6.0
2018-06-18,MED-ATC-N02BA,Aspirin,Analgesic,2.1
2018-06-19,MED-ATC-N02BA,Aspirin,Analgesic,4.0
2018-06-20,MED-ATC-N02BA,Aspirin,Analgesic,2.5
2018-06-21,MED-ATC-N02BA,Aspirin,Analgesic,4.0
2018-06-22,MED-ATC-N02BA,Aspirin,Analgesic,4.15
2018-06-23,MED-ATC-N02BA,Aspirin,Analgesic,2.0
2018-06-24,MED-ATC-N02BA,Aspirin,Analgesic,2.0
2018-06-25,MED-ATC-N02BA,Aspirin,Analgesic,0.0
2018-06-26,MED-ATC-N02BA,Aspirin,Analgesic,3.0
2018-06-27,MED-ATC-N02BA,Aspirin,Analgesic,3.0
2018-06-28,MED-ATC-N02BA,Aspirin,Analgesic,4.0
2018-06-29,MED-ATC-N02BA,Aspirin,Analgesic,2.0
2018-06-30,MED-ATC-N02BA,Aspirin,Analgesic,7.0
2018-07-01,MED-ATC-N02BA,Aspirin,Analgesic,1.0
2018-07-02,MED-ATC-N02BA,Aspirin,Analgesic,3.0
2018-07-03,MED-ATC-N02BA,Aspirin,Analgesic,1.0
2018-07-04,MED-ATC-N02BA,Aspirin,Analgesic,3.5
2018-07-05,MED-ATC-N02BA,Aspirin,Analgesic,4.0
2018-07-06,MED-ATC-N02BA,Aspirin,Analgesic,1.25
2018-07-07,MED-ATC-N02BA,Aspirin,Analgesic,7.0
2018-07-08,MED-ATC-N02BA,Aspirin,Analgesic,2.0
2018-07-09,MED-ATC-N02BA,Aspirin,Analgesic,4.0
2018-07-10,MED-ATC-N02BA,Aspirin,Analgesic,4.0
2018-07-11,MED-ATC-N02BA,Aspirin,Analgesic,3.0
2018-07-12,MED-ATC-N02BA,Aspirin,Analgesic,7.0
2018-07-13,MED-ATC-N02BA,Aspirin,Analgesic,1.15
2018-07-14,MED-ATC-N02BA,Aspirin,Analgesic,0.0
2018-07-15,MED-ATC-N02BA,Aspirin,Analgesic,3.5
2018-07-16,MED-ATC-N02BA,Aspirin,Analgesic,1.0
2018-07-17,MED-ATC-N02BA,Aspirin,Analgesic,2.0
2018-07-18,MED-ATC-N02BA,Aspirin,Analgesic,5.0
2018-07-19,MED-ATC-N02BA,Aspirin,Analgesic,3.0
2018-07-20,MED-ATC-N02BA,Aspirin,Analgesic,5.0
2018-07-21,MED-ATC-N02BA,Aspirin,Analgesic,0.3
2018-07-22,MED-ATC-N02BA,Aspirin,Analgesic,0.0
2018-07-23,MED-ATC-N02BA,Aspirin,Analgesic,2.1
2018-07-24,MED-ATC-N02BA,Aspirin,Analgesic,2.0
2018-07-25,MED-ATC-N02BA,Aspirin,Analgesic,2.0
2018-07-26,MED-ATC-N02BA,Aspirin,Analgesic,5.0
2018-07-27,MED-ATC-N02BA,Aspirin,Analgesic,3.0
2018-07-28,MED-ATC-N02BA,Aspirin,Analgesic,1.0
2018-07-29,MED-ATC-N02BA,Aspirin,Analgesic,2.1
2018-07-30,MED-ATC-N02BA,Aspirin,Analgesic,5.3
2018-07-31,MED-ATC-N02BA,Aspirin,Analgesic,3.0
2018-08-01,MED-ATC-N02BA,Aspirin,Analgesic,1.0
2018-08-02,MED-ATC-N02BA,Aspirin,Analgesic,0.0
2018-08-03,MED-ATC-N02BA,Aspirin,Analgesic,2.0
2018-08-04,MED-ATC-N02BA,Aspirin,Analgesic,2.0
2018-08-05,MED-ATC-N02BA,Aspirin,Analgesic,5.0
2018-08-06,MED-ATC-N02BA,Aspirin,Analgesic,2.0
2018-08-07,MED-ATC-N02BA,Aspirin,Analgesic,8.0
2018-08-08,MED-ATC-N02BA,Aspirin,Analgesic,2.0
2018-08-09,MED-ATC-N02BA,Aspirin,Analgesic,1.0
2018-08-10,MED-ATC-N02BA,Aspirin,Analgesic,4.0
2018-08-11,MED-ATC-N02BA,Aspirin,Analgesic,6.0
2018-08-12,MED-ATC-N02BA,Aspirin,Analgesic,6.0
2018-08-13,MED-ATC-N02BA,Aspirin,Analgesic,2.0
2018-08-14,MED-ATC-N02BA,Aspirin,Analgesic,5.0
2018-08-15,MED-ATC-N02BA,Aspirin,Analgesic,2.0
2018-08-16,MED-ATC-N02BA,Aspirin,Analgesic,4.0
2018-08-17,MED-ATC-N02BA,Aspirin,Analgesic,2.4
2018-08-18,MED-ATC-N02BA,Aspirin,Analgesic,0.0
2018-08-19,MED-ATC-N02BA,Aspirin,Analgesic,1.0
2018-08-20,MED-ATC-N02BA,Aspirin,Analgesic,4.2
2018-08-21,MED-ATC-N02BA,Aspirin,Analgesic,2.15
2018-08-22,MED-ATC-N02BA,Aspirin,Analgesic,0.0
2018-08-23,MED-ATC-N02BA,Aspirin,Analgesic,4.0
2018-08-24,MED-ATC-N02BA,Aspirin,Analgesic,1.0
2018-08-25,MED-ATC-N02BA,Aspirin,Analgesic,3.2
2018-08-26,MED-ATC-N02BA,Aspirin,Analgesic,4.0
2018-08-27,MED-ATC-N02BA,Aspirin,Analgesic,9.0
2018-08-28,MED-ATC-N02BA,Aspirin,Analgesic,1.0
2018-08-29,MED-ATC-N02BA,Aspirin,Analgesic,1.3
2018-08-30,MED-ATC-N02BA,Aspirin,Analgesic,3.0
2018-08-31,MED-ATC-N02BA,Aspirin,Analgesic,0.0
2018-09-01,MED-ATC-N02BA,Aspirin,Analgesic,2.2
2018-09-02,MED-ATC-N02BA,Aspirin,Analgesic,3.0
2018-09-03,MED-ATC-N02BA,Aspirin,Analgesic,2.0
2018-09-04,MED-ATC-N02BA,Aspirin,Analgesic,1.0
2018-09-05,MED-ATC-N02BA,Aspirin,Analgesic,1.5
2018-09-06,MED-ATC-N02BA,Aspirin,Analgesic,3.0
2018-09-07,MED-ATC-N02BA,Aspirin,Analgesic,4.0
2018-09-08,MED-ATC-N02BA,Aspirin,Analgesic,6.1
2018-09-09,MED-ATC-N02BA,Aspirin,Analgesic,0.0
2018-09-10,MED-ATC-N02BA,Aspirin,Analgesic,2.0
2018-09-11,MED-ATC-N02BA,Aspirin,Analgesic,3.0
2018-09-12,MED-ATC-N02BA,Aspirin,Analgesic,2.0
2018-09-13,MED-ATC-N02BA,Aspirin,Analgesic,1.0
2018-09-14,MED-ATC-N02BA,Aspirin,Analgesic,4.0
2018-09-15,MED-ATC-N02BA,Aspirin,Analgesic,4.0
2018-09-16,MED-ATC-N02BA,Aspirin,Analgesic,3.25
2018-09-17,MED-ATC-N02BA,Aspirin,Analgesic,3.75
2018-09-18,MED-ATC-N02BA,Aspirin,Analgesic,3.7
2018-09-19,MED-ATC-N02BA,Aspirin,Analgesic,2.0
2018-09-20,MED-ATC-N02BA,Aspirin,Analgesic,2.0
2018-09-21,MED-ATC-N02BA,Aspirin,Analgesic,1.0
2018-09-22,MED-ATC-N02BA,Aspirin,Analgesic,1.5
2018-09-23,MED-ATC-N02BA,Aspirin,Analgesic,3.25
2018-09-24,MED-ATC-N02BA,Aspirin,Analgesic,5.5
2018-09-25,MED-ATC-N02BA,Aspirin,Analgesic,3.3
2018-09-26,MED-ATC-N02BA,Aspirin,Analgesic,6.0
2018-09-27,MED-ATC-N02BA,Aspirin,Analgesic,4.6
2018-09-28,MED-ATC-N02BA,Aspirin,Analgesic,3.7
2018-09-29,MED-ATC-N02BA,Aspirin,Analgesic,2.15
2018-09-30,MED-ATC-N02BA,Aspirin,Analgesic,2.0
2018-10-01,MED-ATC-N02BA,Aspirin,Analgesic,1.0
2018-10-02,MED-ATC-N02BA,Aspirin,Analgesic,3.5
2018-10-03,MED-ATC-N02BA,Aspirin,Analgesic,3.0
2018-10-04,MED-ATC-N02BA,Aspirin,Analgesic,2.0
2018-10-05,MED-ATC-N02BA,Aspirin,Analgesic,1.1
2018-10-06,MED-ATC-N02BA,Aspirin,Analgesic,3.2
2018-10-07,MED-ATC-N02BA,Aspirin,Analgesic,2.0
2018-10-08,MED-ATC-N02BA,Aspirin,Analgesic,3.0
2018-10-09,MED-ATC-N02BA,Aspirin,Analgesic,1.0
2018-10-10,MED-ATC-N02BA,Aspirin,Analgesic,4.1
2018-10-11,MED-ATC-N02BA,Aspirin,Analgesic,2.1
2018-10-12,MED-ATC-N02BA,Aspirin,Analgesic,1.0
2018-10-13,MED-ATC-N02BA,Aspirin,Analgesic,3.25
2018-10-14,MED-ATC-N02BA,Aspirin,Analgesic,6.2
2018-10-15,MED-ATC-N02BA,Aspirin,Analgesic,3.0
2018-10-16,MED-ATC-N02BA,Aspirin,Analgesic,2.0
2018-10-17,MED-ATC-N02BA,Aspirin,Analgesic,4.0
2018-10-18,MED-ATC-N02BA,Aspirin,Analgesic,1.1
2018-10-19,MED-ATC-N02BA,Aspirin,Analgesic,0.0
2018-10-20,MED-ATC-N02BA,Aspirin,Analgesic,2.0
2018-10-21,MED-ATC-N02BA,Aspirin,Analgesic,1.0
2018-10-22,MED-ATC-N02BA,Aspirin,Analgesic,3.3
2018-10-23,MED-ATC-N02BA,Aspirin,Analgesic,0.45
2018-10-24,MED-ATC-N02BA,Aspirin,Analgesic,5.0
2018-10-25,MED-ATC-N02BA,Aspirin,Analgesic,3.0
2018-10-26,MED-ATC-N02BA,Aspirin,Analgesic,4.6
2018-10-27,MED-ATC-N02BA,Aspirin,Analgesic,2.2
2018-10-28,MED-ATC-N02BA,Aspirin,Analgesic,1.6
2018-10-29,MED-ATC-N02BA,Aspirin,Analgesic,2.35
2018-10-30,MED-ATC-N02BA,Aspirin,Analgesic,1.0
2018-10-31,MED-ATC-N02BA,Aspirin,Analgesic,3.0
2018-11-01,MED-ATC-N02BA,Aspirin,Analgesic,3.0
2018-11-02,MED-ATC-N02BA,Aspirin,Analgesic,0.0
2018-11-03,MED-ATC-N02BA,Aspirin,Analgesic,6.2
2018-11-04,MED-ATC-N02BA,Aspirin,Analgesic,0.0
2018-11-05,MED-ATC-N02BA,Aspirin,Analgesic,6.0
2018-11-06,MED-ATC-N02BA,Aspirin,Analgesic,10.55
2018-11-07,MED-ATC-N02BA,Aspirin,Analgesic,3.0
2018-11-08,MED-ATC-N02BA,Aspirin,Analgesic,6.0
2018-11-09,MED-ATC-N02BA,Aspirin,Analgesic,5.0
2018-11-10,MED-ATC-N02BA,Aspirin,Analgesic,2.0
2018-11-11,MED-ATC-N02BA,Aspirin,Analgesic,2.0
2018-11-12,MED-ATC-N02BA,Aspirin,Analgesic,7.0
2018-11-13,MED-ATC-N02BA,Aspirin,Analgesic,6.0
2018-11-14,MED-ATC-N02BA,Aspirin,Analgesic,3.0
2018-11-15,MED-ATC-N02BA,Aspirin,Analgesic,2.0
2018-11-16,MED-ATC-N02BA,Aspirin,Analgesic,4.0
2018-11-17,MED-ATC-N02BA,Aspirin,Analgesic,1.0
2018-11-18,MED-ATC-N02BA,Aspirin,Analgesic,5.0
2018-11-19,MED-ATC-N02BA,Aspirin,Analgesic,2.0
2018-11-20,MED-ATC-N02BA,Aspirin,Analgesic,4.0
2018-11-21,MED-ATC-N02BA,Aspirin,Analgesic,3.25
2018-11-22,MED-ATC-N02BA,Aspirin,Analgesic,3.0
2018-11-23,MED-ATC-N02BA,Aspirin,Analgesic,3.0
2018-11-24,MED-ATC-N02BA,Aspirin,Analgesic,5.0
2018-11-25,MED-ATC-N02BA,Aspirin,Analgesic,3.15
2018-11-26,MED-ATC-N02BA,Aspirin,Analgesic,2.0
2018-11-27,MED-ATC-N02BA,Aspirin,Analgesic,2.0
2018-11-28,MED-ATC-N02BA,Aspirin,Analgesic,1.0
2018-11-29,MED-ATC-N02BA,Aspirin,Analgesic,1.0
2018-11-30,MED-ATC-N02BA,Aspirin,Analgesic,1.0
2018-12-01,MED-ATC-N02BA,Aspirin,Analgesic,2.05
2018-12-02,MED-ATC-N02BA,Aspirin,Analgesic,10.0
2018-12-03,MED-ATC-N02BA,Aspirin,Analgesic,2.1
2018-12-04,MED-ATC-N02BA,Aspirin,Analgesic,3.0
2018-12-05,MED-ATC-N02BA,Aspirin,Analgesic,3.5
2018-12-06,MED-ATC-N02BA,Aspirin,Analgesic,0.0
2018-12-07,MED-ATC-N02BA,Aspirin,Analgesic,3.0
2018-12-08,MED-ATC-N02BA,Aspirin,Analgesic,0.0
2018-12-09,MED-ATC-N02BA,Aspirin,Analgesic,4.1
2018-12-10,MED-ATC-N02BA,Aspirin,Analgesic,1.5
2018-12-11,MED-ATC-N02BA,Aspirin,Analgesic,8.35
2018-12-12,MED-ATC-N02BA,Aspirin,Analgesic,3.0
2018-12-13,MED-ATC-N02BA,Aspirin,Analgesic,3.0
2018-12-14,MED-ATC-N02BA,Aspirin,Analgesic,0.2
2018-12-15,MED-ATC-N02BA,Aspirin,Analgesic,3.45
2018-12-16,MED-ATC-N02BA,Aspirin,Analgesic,0.2
2018-12-17,MED-ATC-N02BA,Aspirin,Analgesic,5.0
2018-12-18,MED-ATC-N02BA,Aspirin,Analgesic,1.0
2018-12-19,MED-ATC-N02BA,Aspirin,Analgesic,0.0
2018-12-20,MED-ATC-N02BA,Aspirin,Analgesic,1.0
2018-12-21,MED-ATC-N02BA,Aspirin,Analgesic,0.0
2018-12-22,MED-ATC-N02BA,Aspirin,Analgesic,4.5
2018-12-23,MED-ATC-N02BA,Aspirin,Analgesic,2.3
2018-12-24,MED-ATC-N02BA,Aspirin,Analgesic,1.0
2018-12-25,MED-ATC-N02BA,Aspirin,Analgesic,5.1
2018-12-26,MED-ATC-N02BA,Aspirin,Analgesic,2.15
2018-12-27,MED-ATC-N02BA,Aspirin,Analgesic,3.05
2018-12-28,MED-ATC-N02BA,Aspirin,Analgesic,1.0
2018-12-29,MED-ATC-N02BA,Aspirin,Analgesic,1.0
2018-12-30,MED-ATC-N02BA,Aspirin,Analgesic,5.0
2018-12-31,MED-ATC-N02BA,Aspirin,Analgesic,5.2
2014-01-02,MED-ATC-N02BE,Paracetamol,Analgesic,32.4
2014-01-03,MED-ATC-N02BE,Paracetamol,Analgesic,50.6
2014-01-04,MED-ATC-N02BE,Paracetamol,Analgesic,61.85
2014-01-05,MED-ATC-N02BE,Paracetamol,Analgesic,41.1
2014-01-06,MED-ATC-N02BE,Paracetamol,Analgesic,21.7
2014-01-07,MED-ATC-N02BE,Paracetamol,Analgesic,0.0
2014-01-08,MED-ATC-N02BE,Paracetamol,Analgesic,26.4
2014-01-09,MED-ATC-N02BE,Paracetamol,Analgesic,25.0
2014-01-10,MED-ATC-N02BE,Paracetamol,Analgesic,53.3
2014-01-11,MED-ATC-N02BE,Paracetamol,Analgesic,52.3
2014-01-12,MED-ATC-N02BE,Paracetamol,Analgesic,12.0
2014-01-13,MED-ATC-N02BE,Paracetamol,Analgesic,52.0
2014-01-14,MED-ATC-N02BE,Paracetamol,Analgesic,33.7
2014-01-15,MED-ATC-N02BE,Paracetamol,Analgesic,26.7
2014-01-16,MED-ATC-N02BE,Paracetamol,Analgesic,28.3
2014-01-17,MED-ATC-N02BE,Paracetamol,Analgesic,20.4
2014-01-18,MED-ATC-N02BE,Paracetamol,Analgesic,43.2
2014-01-19,MED-ATC-N02BE,Paracetamol,Analgesic,14.1
2014-01-20,MED-ATC-N02BE,Paracetamol,Analgesic,11.9
2014-01-21,MED-ATC-N02BE,Paracetamol,Analgesic,42.0
2014-01-22,MED-ATC-N02BE,Paracetamol,Analgesic,18.1
2014-01-23,MED-ATC-N02BE,Paracetamol,Analgesic,26.2
2014-01-24,MED-ATC-N02BE,Paracetamol,Analgesic,19.6
2014-01-25,MED-ATC-N02BE,Paracetamol,Analgesic,37.8
2014-01-26,MED-ATC-N02BE,Paracetamol,Analgesic,24.0
2014-01-27,MED-ATC-N02BE,Paracetamol,Analgesic,23.6
2014-01-28,MED-ATC-N02BE,Paracetamol,Analgesic,13.38
2014-01-29,MED-ATC-N02BE,Paracetamol,Analgesic,14.0
2014-01-30,MED-ATC-N02BE,Paracetamol,Analgesic,25.5
2014-01-31,MED-ATC-N02BE,Paracetamol,Analgesic,26.9
2014-02-01,MED-ATC-N02BE,Paracetamol,Analgesic,43.0
2014-02-02,MED-ATC-N02BE,Paracetamol,Analgesic,13.5
2014-02-03,MED-ATC-N02BE,Paracetamol,Analgesic,32.4
2014-02-04,MED-ATC-N02BE,Paracetamol,Analgesic,30.6
2014-02-05,MED-ATC-N02BE,Paracetamol,Analgesic,32.4
2014-02-06,MED-ATC-N02BE,Paracetamol,Analgesic,41.4
2014-02-07,MED-ATC-N02BE,Paracetamol,Analgesic,21.4
2014-02-08,MED-ATC-N02BE,Paracetamol,Analgesic,37.1
2014-02-09,MED-ATC-N02BE,Paracetamol,Analgesic,31.5
2014-02-10,MED-ATC-N02BE,Paracetamol,Analgesic,40.1
2014-02-11,MED-ATC-N02BE,Paracetamol,Analgesic,44.6
2014-02-12,MED-ATC-N02BE,Paracetamol,Analgesic,73.6
2014-02-13,MED-ATC-N02BE,Paracetamol,Analgesic,49.1
2014-02-14,MED-ATC-N02BE,Paracetamol,Analgesic,42.3
2014-02-15,MED-ATC-N02BE,Paracetamol,Analgesic,37.0
2014-02-16,MED-ATC-N02BE,Paracetamol,Analgesic,34.0
2014-02-17,MED-ATC-N02BE,Paracetamol,Analgesic,27.0
2014-02-18,MED-ATC-N02BE,Paracetamol,Analgesic,45.0
2014-02-19,MED-ATC-N02BE,Paracetamol,Analgesic,66.8
2014-02-20,MED-ATC-N02BE,Paracetamol,Analgesic,21.5
2014-02-21,MED-ATC-N02BE,Paracetamol,Analgesic,25.4
2014-02-22,MED-ATC-N02BE,Paracetamol,Analgesic,26.0
2014-02-23,MED-ATC-N02BE,Paracetamol,Analgesic,21.0
2014-02-24,MED-ATC-N02BE,Paracetamol,Analgesic,26.5
2014-02-25,MED-ATC-N02BE,Paracetamol,Analgesic,34.5
2014-02-26,MED-ATC-N02BE,Paracetamol,Analgesic,34.0
2014-02-27,MED-ATC-N02BE,Paracetamol,Analgesic,33.2
2014-02-28,MED-ATC-N02BE,Paracetamol,Analgesic,37.0
2014-03-01,MED-ATC-N02BE,Paracetamol,Analgesic,50.7
2014-03-02,MED-ATC-N02BE,Paracetamol,Analgesic,6.6
2014-03-03,MED-ATC-N02BE,Paracetamol,Analgesic,22.1
2014-03-04,MED-ATC-N02BE,Paracetamol,Analgesic,47.275
2014-03-05,MED-ATC-N02BE,Paracetamol,Analgesic,25.0
2014-03-06,MED-ATC-N02BE,Paracetamol,Analgesic,44.1
2014-03-07,MED-ATC-N02BE,Paracetamol,Analgesic,25.0
2014-03-08,MED-ATC-N02BE,Paracetamol,Analgesic,27.6
2014-03-09,MED-ATC-N02BE,Paracetamol,Analgesic,11.3
2014-03-10,MED-ATC-N02BE,Paracetamol,Analgesic,47.0
2014-03-11,MED-ATC-N02BE,Paracetamol,Analgesic,30.4
2014-03-12,MED-ATC-N02BE,Paracetamol,Analgesic,19.6
2014-03-13,MED-ATC-N02BE,Paracetamol,Analgesic,15.5
2014-03-14,MED-ATC-N02BE,Paracetamol,Analgesic,16.0
2014-03-15,MED-ATC-N02BE,Paracetamol,Analgesic,23.3
2014-03-16,MED-ATC-N02BE,Paracetamol,Analgesic,13.0
2014-03-17,MED-ATC-N02BE,Paracetamol,Analgesic,37.0
2014-03-18,MED-ATC-N02BE,Paracetamol,Analgesic,20.1
2014-03-19,MED-ATC-N02BE,Paracetamol,Analgesic,21.8
2014-03-20,MED-ATC-N02BE,Paracetamol,Analgesic,38.2
2014-03-21,MED-ATC-N02BE,Paracetamol,Analgesic,40.0
2014-03-22,MED-ATC-N02BE,Paracetamol,Analgesic,26.3
2014-03-23,MED-ATC-N02BE,Paracetamol,Analgesic,19.4
2014-03-24,MED-ATC-N02BE,Paracetamol,Analgesic,23.6
2014-03-25,MED-ATC-N02BE,Paracetamol,Analgesic,38.6
2014-03-26,MED-ATC-N02BE,Paracetamol,Analgesic,6.7
2014-03-27,MED-ATC-N02BE,Paracetamol,Analgesic,20.7
2014-03-28,MED-ATC-N02BE,Paracetamol,Analgesic,11.0
2014-03-29,MED-ATC-N02BE,Paracetamol,Analgesic,24.0
2014-03-30,MED-ATC-N02BE,Paracetamol,Analgesic,12.0
2014-03-31,MED-ATC-N02BE,Paracetamol,Analgesic,15.4
2014-04-01,MED-ATC-N02BE,Paracetamol,Analgesic,27.5
2014-04-02,MED-ATC-N02BE,Paracetamol,Analgesic,23.0
2014-04-03,MED-ATC-N02BE,Paracetamol,Analgesic,19.2
2014-04-04,MED-ATC-N02BE,Paracetamol,Analgesic,24.0
2014-04-05,MED-ATC-N02BE,Paracetamol,Analgesic,25.6
2014-04-06,MED-ATC-N02BE,Paracetamol,Analgesic,19.0
2014-04-07,MED-ATC-N02BE,Paracetamol,Analgesic,31.5
2014-04-08,MED-ATC-N02BE,Paracetamol,Analgesic,19.0
2014-04-09,MED-ATC-N02BE,Paracetamol,Analgesic,18.0
2014-04-10,MED-ATC-N02BE,Paracetamol,Analgesic,18.0
2014-04-11,MED-ATC-N02BE,Paracetamol,Analgesic,25.0
2014-04-12,MED-ATC-N02BE,Paracetamol,Analgesic,23.5
2014-04-13,MED-ATC-N02BE,Paracetamol,Analgesic,6.0
2014-04-14,MED-ATC-N02BE,Paracetamol,Analgesic,28.28
2014-04-15,MED-ATC-N02BE,Paracetamol,Analgesic,18.7
2014-04-16,MED-ATC-N02BE,Paracetamol,Analgesic,25.62
2014-04-17,MED-ATC-N02BE,Paracetamol,Analgesic,16.0
2014-04-18,MED-ATC-N02BE,Paracetamol,Analgesic,23.3
2014-04-19,MED-ATC-N02BE,Paracetamol,Analgesic,22.3
2014-04-20,MED-ATC-N02BE,Paracetamol,Analgesic,0.0
2014-04-21,MED-ATC-N02BE,Paracetamol,Analgesic,13.5
2014-04-22,MED-ATC-N02BE,Paracetamol,Analgesic,32.0
2014-04-23,MED-ATC-N02BE,Paracetamol,Analgesic,24.9
2014-04-24,MED-ATC-N02BE,Paracetamol,Analgesic,26.0
2014-04-25,MED-ATC-N02BE,Paracetamol,Analgesic,24.9
2014-04-26,MED-ATC-N02BE,Paracetamol,Analgesic,35.0
2014-04-27,MED-ATC-N02BE,Paracetamol,Analgesic,26.2
2014-04-28,MED-ATC-N02BE,Paracetamol,Analgesic,29.1
2014-04-29,MED-ATC-N02BE,Paracetamol,Analgesic,30.3
2014-04-30,MED-ATC-N02BE,Paracetamol,Analgesic,43.1
2014-05-01,MED-ATC-N02BE,Paracetamol,Analgesic,0.0
2014-05-02,MED-ATC-N02BE,Paracetamol,Analgesic,39.5
2014-05-03,MED-ATC-N02BE,Paracetamol,Analgesic,14.6
2014-05-04,MED-ATC-N02BE,Paracetamol,Analgesic,20.0
2014-05-05,MED-ATC-N02BE,Paracetamol,Analgesic,20.0
2014-05-06,MED-ATC-N02BE,Paracetamol,Analgesic,22.0
2014-05-07,MED-ATC-N02BE,Paracetamol,Analgesic,16.8
2014-05-08,MED-ATC-N02BE,Paracetamol,Analgesic,20.4
2014-05-09,MED-ATC-N02BE,Paracetamol,Analgesic,16.0
2014-05-10,MED-ATC-N02BE,Paracetamol,Analgesic,39.4
2014-05-11,MED-ATC-N02BE,Paracetamol,Analgesic,17.0
2014-05-12,MED-ATC-N02BE,Paracetamol,Analgesic,12.0
2014-05-13,MED-ATC-N02BE,Paracetamol,Analgesic,32.0
2014-05-14,MED-ATC-N02BE,Paracetamol,Analgesic,24.3
2014-05-15,MED-ATC-N02BE,Paracetamol,Analgesic,19.3
2014-05-16,MED-ATC-N02BE,Paracetamol,Analgesic,22.0
2014-05-17,MED-ATC-N02BE,Paracetamol,Analgesic,35.0
2014-05-18,MED-ATC-N02BE,Paracetamol,Analgesic,9.4
2014-05-19,MED-ATC-N02BE,Paracetamol,Analgesic,12.8
2014-05-20,MED-ATC-N02BE,Paracetamol,Analgesic,27.0
2014-05-21,MED-ATC-N02BE,Paracetamol,Analgesic,15.4
2014-05-22,MED-ATC-N02BE,Paracetamol,Analgesic,8.0
2014-05-23,MED-ATC-N02BE,Paracetamol,Analgesic,17.5
2014-05-24,MED-ATC-N02BE,Paracetamol,Analgesic,28.0
2014-05-25,MED-ATC-N02BE,Paracetamol,Analgesic,7.0
2014-05-26,MED-ATC-N02BE,Paracetamol,Analgesic,18.0
2014-05-27,MED-ATC-N02BE,Paracetamol,Analgesic,28.6
2014-05-28,MED-ATC-N02BE,Paracetamol,Analgesic,10.28
2014-05-29,MED-ATC-N02BE,Paracetamol,Analgesic,27.0
2014-05-30,MED-ATC-N02BE,Paracetamol,Analgesic,21.5
2014-05-31,MED-ATC-N02BE,Paracetamol,Analgesic,28.0
2014-06-01,MED-ATC-N02BE,Paracetamol,Analgesic,10.0
2014-06-02,MED-ATC-N02BE,Paracetamol,Analgesic,23.3
2014-06-03,MED-ATC-N02BE,Paracetamol,Analgesic,24.0
2014-06-04,MED-ATC-N02BE,Paracetamol,Analgesic,24.0
2014-06-05,MED-ATC-N02BE,Paracetamol,Analgesic,22.5
2014-06-06,MED-ATC-N02BE,Paracetamol,Analgesic,16.625
2014-06-07,MED-ATC-N02BE,Paracetamol,Analgesic,33.0
2014-06-08,MED-ATC-N02BE,Paracetamol,Analgesic,11.0
2014-06-09,MED-ATC-N02BE,Paracetamol,Analgesic,18.0
2014-06-10,MED-ATC-N02BE,Paracetamol,Analgesic,23.0
2014-06-11,MED-ATC-N02BE,Paracetamol,Analgesic,12.5
2014-06-12,MED-ATC-N02BE,Paracetamol,Analgesic,15.8
2014-06-13,MED-ATC-N02BE,Paracetamol,Analgesic,10.0
2014-06-14,MED-ATC-N02BE,Paracetamol,Analgesic,8.0
2014-06-15,MED-ATC-N02BE,Paracetamol,Analgesic,8.0
2014-06-16,MED-ATC-N02BE,Paracetamol,Analgesic,12.2
2014-06-17,MED-ATC-N02BE,Paracetamol,Analgesic,14.0
2014-06-18,MED-ATC-N02BE,Paracetamol,Analgesic,18.0
2014-06-19,MED-ATC-N02BE,Paracetamol,Analgesic,14.0
2014-06-20,MED-ATC-N02BE,Paracetamol,Analgesic,14.5
2014-06-21,MED-ATC-N02BE,Paracetamol,Analgesic,16.0
2014-06-22,MED-ATC-N02BE,Paracetamol,Analgesic,18.0
2014-06-23,MED-ATC-N02BE,Paracetamol,Analgesic,25.2
2014-06-24,MED-ATC-N02BE,Paracetamol,Analgesic,16.2
2014-06-25,MED-ATC-N02BE,Paracetamol,Analgesic,33.8
2014-06-26,MED-ATC-N02BE,Paracetamol,Analgesic,19.3
2014-06-27,MED-ATC-N02BE,Paracetamol,Analgesic,32.3
2014-06-28,MED-ATC-N02BE,Paracetamol,Analgesic,20.0
2014-06-29,MED-ATC-N02BE,Paracetamol,Analgesic,10.0
2014-06-30,MED-ATC-N02BE,Paracetamol,Analgesic,25.0
2014-07-01,MED-ATC-N02BE,Paracetamol,Analgesic,19.0
2014-07-02,MED-ATC-N02BE,Paracetamol,Analgesic,21.6
2014-07-03,MED-ATC-N02BE,Paracetamol,Analgesic,12.5
2014-07-04,MED-ATC-N02BE,Paracetamol,Analgesic,10.5
2014-07-05,MED-ATC-N02BE,Paracetamol,Analgesic,37.0
2014-07-06,MED-ATC-N02BE,Paracetamol,Analgesic,10.2
2014-07-07,MED-ATC-N02BE,Paracetamol,Analgesic,13.0
2014-07-08,MED-ATC-N02BE,Paracetamol,Analgesic,14.0
2014-07-09,MED-ATC-N02BE,Paracetamol,Analgesic,13.0
2014-07-10,MED-ATC-N02BE,Paracetamol,Analgesic,21.2
2014-07-11,MED-ATC-N02BE,Paracetamol,Analgesic,16.5
2014-07-12,MED-ATC-N02BE,Paracetamol,Analgesic,28.1
2014-07-13,MED-ATC-N02BE,Paracetamol,Analgesic,17.0
2014-07-14,MED-ATC-N02BE,Paracetamol,Analgesic,11.8
2014-07-15,MED-ATC-N02BE,Paracetamol,Analgesic,15.6
2014-07-16,MED-ATC-N02BE,Paracetamol,Analgesic,13.0
2014-07-17,MED-ATC-N02BE,Paracetamol,Analgesic,25.0
2014-07-18,MED-ATC-N02BE,Paracetamol,Analgesic,14.2
2014-07-19,MED-ATC-N02BE,Paracetamol,Analgesic,8.4
2014-07-20,MED-ATC-N02BE,Paracetamol,Analgesic,8.0
2014-07-21,MED-ATC-N02BE,Paracetamol,Analgesic,20.0
2014-07-22,MED-ATC-N02BE,Paracetamol,Analgesic,9.0
2014-07-23,MED-ATC-N02BE,Paracetamol,Analgesic,8.0
2014-07-24,MED-ATC-N02BE,Paracetamol,Analgesic,23.0
2014-07-25,MED-ATC-N02BE,Paracetamol,Analgesic,10.0
2014-07-26,MED-ATC-N02BE,Paracetamol,Analgesic,36.2
2014-07-27,MED-ATC-N02BE,Paracetamol,Analgesic,10.0
2014-07-28,MED-ATC-N02BE,Paracetamol,Analgesic,9.1
2014-07-29,MED-ATC-N02BE,Paracetamol,Analgesic,13.0
2014-07-30,MED-ATC-N02BE,Paracetamol,Analgesic,13.5
2014-07-31,MED-ATC-N02BE,Paracetamol,Analgesic,10.5
2014-08-01,MED-ATC-N02BE,Paracetamol,Analgesic,14.0
2014-08-02,MED-ATC-N02BE,Paracetamol,Analgesic,29.0
2014-08-03,MED-ATC-N02BE,Paracetamol,Analgesic,6.0
2014-08-04,MED-ATC-N02BE,Paracetamol,Analgesic,21.5
2014-08-05,MED-ATC-N02BE,Paracetamol,Analgesic,17.1
2014-08-06,MED-ATC-N02BE,Paracetamol,Analgesic,17.0
2014-08-07,MED-ATC-N02BE,Paracetamol,Analgesic,33.0
2014-08-08,MED-ATC-N02BE,Paracetamol,Analgesic,13.0
2014-08-09,MED-ATC-N02BE,Paracetamol,Analgesic,19.0
2014-08-10,MED-ATC-N02BE,Paracetamol,Analgesic,3.0
2014-08-11,MED-ATC-N02BE,Paracetamol,Analgesic,20.0
2014-08-12,MED-ATC-N02BE,Paracetamol,Analgesic,10.0
2014-08-13,MED-ATC-N02BE,Paracetamol,Analgesic,20.3
2014-08-14,MED-ATC-N02BE,Paracetamol,Analgesic,14.4
2014-08-15,MED-ATC-N02BE,Paracetamol,Analgesic,13.2
2014-08-16,MED-ATC-N02BE,Paracetamol,Analgesic,19.0
2014-08-17,MED-ATC-N02BE,Paracetamol,Analgesic,6.5
2014-08-18,MED-ATC-N02BE,Paracetamol,Analgesic,16.5
2014-08-19,MED-ATC-N02BE,Paracetamol,Analgesic,16.1
2014-08-20,MED-ATC-N02BE,Paracetamol,Analgesic,9.0
2014-08-21,MED-ATC-N02BE,Paracetamol,Analgesic,18.0
2014-08-22,MED-ATC-N02BE,Paracetamol,Analgesic,19.0
2014-08-23,MED-ATC-N02BE,Paracetamol,Analgesic,25.6
2014-08-24,MED-ATC-N02BE,Paracetamol,Analgesic,7.0
2014-08-25,MED-ATC-N02BE,Paracetamol,Analgesic,21.2
2014-08-26,MED-ATC-N02BE,Paracetamol,Analgesic,31.0
2014-08-27,MED-ATC-N02BE,Paracetamol,Analgesic,21.0
2014-08-28,MED-ATC-N02BE,Paracetamol,Analgesic,32.67
2014-08-29,MED-ATC-N02BE,Paracetamol,Analgesic,26.28
2014-08-30,MED-ATC-N02BE,Paracetamol,Analgesic,13.0
2014-08-31,MED-ATC-N02BE,Paracetamol,Analgesic,15.0
2014-09-01,MED-ATC-N02BE,Paracetamol,Analgesic,15.5
2014-09-02,MED-ATC-N02BE,Paracetamol,Analgesic,20.14
2014-09-03,MED-ATC-N02BE,Paracetamol,Analgesic,22.18
2014-09-04,MED-ATC-N02BE,Paracetamol,Analgesic,17.6
2014-09-05,MED-ATC-N02BE,Paracetamol,Analgesic,15.6
2014-09-06,MED-ATC-N02BE,Paracetamol,Analgesic,15.7
2014-09-07,MED-ATC-N02BE,Paracetamol,Analgesic,7.0
2014-09-08,MED-ATC-N02BE,Paracetamol,Analgesic,20.8
2014-09-09,MED-ATC-N02BE,Paracetamol,Analgesic,29.2
2014-09-10,MED-ATC-N02BE,Paracetamol,Analgesic,37.8
2014-09-11,MED-ATC-N02BE,Paracetamol,Analgesic,32.2
2014-09-12,MED-ATC-N02BE,Paracetamol,Analgesic,20.0
2014-09-13,MED-ATC-N02BE,Paracetamol,Analgesic,56.85
2014-09-14,MED-ATC-N02BE,Paracetamol,Analgesic,19.5
2014-09-15,MED-ATC-N02BE,Paracetamol,Analgesic,28.2
2014-09-16,MED-ATC-N02BE,Paracetamol,Analgesic,59.3
2014-09-17,MED-ATC-N02BE,Paracetamol,Analgesic,39.6
2014-09-18,MED-ATC-N02BE,Paracetamol,Analgesic,44.0
2014-09-19,MED-ATC-N02BE,Paracetamol,Analgesic,23.0
2014-09-20,MED-ATC-N02BE,Paracetamol,Analgesic,20.6
2014-09-21,MED-ATC-N02BE,Paracetamol,Analgesic,12.4
2014-09-22,MED-ATC-N02BE,Paracetamol,Analgesic,34.2
2014-09-23,MED-ATC-N02BE,Paracetamol,Analgesic,26.0
2014-09-24,MED-ATC-N02BE,Paracetamol,Analgesic,24.7
2014-09-25,MED-ATC-N02BE,Paracetamol,Analgesic,49.15
2014-09-26,MED-ATC-N02BE,Paracetamol,Analgesic,38.0
2014-09-27,MED-ATC-N02BE,Paracetamol,Analgesic,46.3
2014-09-28,MED-ATC-N02BE,Paracetamol,Analgesic,21.2
2014-09-29,MED-ATC-N02BE,Paracetamol,Analgesic,29.8
2014-09-30,MED-ATC-N02BE,Paracetamol,Analgesic,61.3
2014-10-01,MED-ATC-N02BE,Paracetamol,Analgesic,44.0
2014-10-02,MED-ATC-N02BE,Paracetamol,Analgesic,23.9
2014-10-03,MED-ATC-N02BE,Paracetamol,Analgesic,44.14
2014-10-04,MED-ATC-N02BE,Paracetamol,Analgesic,49.9
2014-10-05,MED-ATC-N02BE,Paracetamol,Analgesic,19.0
2014-10-06,MED-ATC-N02BE,Paracetamol,Analgesic,69.875
2014-10-07,MED-ATC-N02BE,Paracetamol,Analgesic,41.7
2014-10-08,MED-ATC-N02BE,Paracetamol,Analgesic,50.0
2014-10-09,MED-ATC-N02BE,Paracetamol,Analgesic,48.2
2014-10-10,MED-ATC-N02BE,Paracetamol,Analgesic,28.8
2014-10-11,MED-ATC-N02BE,Paracetamol,Analgesic,35.9
2014-10-12,MED-ATC-N02BE,Paracetamol,Analgesic,22.5
2014-10-13,MED-ATC-N02BE,Paracetamol,Analgesic,31.9
2014-10-14,MED-ATC-N02BE,Paracetamol,Analgesic,31.8
2014-10-15,MED-ATC-N02BE,Paracetamol,Analgesic,23.7
2014-10-16,MED-ATC-N02BE,Paracetamol,Analgesic,58.9219
2014-10-17,MED-ATC-N02BE,Paracetamol,Analgesic,42.0
2014-10-18,MED-ATC-N02BE,Paracetamol,Analgesic,21.4
2014-10-19,MED-ATC-N02BE,Paracetamol,Analgesic,13.9
2014-10-20,MED-ATC-N02BE,Paracetamol,Analgesic,35.4
2014-10-21,MED-ATC-N02BE,Paracetamol,Analgesic,14.3
2014-10-22,MED-ATC-N02BE,Paracetamol,Analgesic,20.9
2014-10-23,MED-ATC-N02BE,Paracetamol,Analgesic,32.2
2014-10-24,MED-ATC-N02BE,Paracetamol,Analgesic,49.4
2014-10-25,MED-ATC-N02BE,Paracetamol,Analgesic,31.0
2014-10-26,MED-ATC-N02BE,Paracetamol,Analgesic,30.4
2014-10-27,MED-ATC-N02BE,Paracetamol,Analgesic,25.3
2014-10-28,MED-ATC-N02BE,Paracetamol,Analgesic,40.4
2014-10-29,MED-ATC-N02BE,Paracetamol,Analgesic,41.0
2014-10-30,MED-ATC-N02BE,Paracetamol,Analgesic,20.3
2014-10-31,MED-ATC-N02BE,Paracetamol,Analgesic,31.0
2014-11-01,MED-ATC-N02BE,Paracetamol,Analgesic,43.8
2014-11-02,MED-ATC-N02BE,Paracetamol,Analgesic,2.0
2014-11-03,MED-ATC-N02BE,Paracetamol,Analgesic,27.8
2014-11-04,MED-ATC-N02BE,Paracetamol,Analgesic,26.5
2014-11-05,MED-ATC-N02BE,Paracetamol,Analgesic,27.0
2014-11-06,MED-ATC-N02BE,Paracetamol,Analgesic,23.4
2014-11-07,MED-ATC-N02BE,Paracetamol,Analgesic,15.8
2014-11-08,MED-ATC-N02BE,Paracetamol,Analgesic,34.4
2014-11-09,MED-ATC-N02BE,Paracetamol,Analgesic,23.0
2014-11-10,MED-ATC-N02BE,Paracetamol,Analgesic,24.3
2014-11-11,MED-ATC-N02BE,Paracetamol,Analgesic,23.0
2014-11-12,MED-ATC-N02BE,Paracetamol,Analgesic,25.0
2014-11-13,MED-ATC-N02BE,Paracetamol,Analgesic,33.2
2014-11-14,MED-ATC-N02BE,Paracetamol,Analgesic,29.4
2014-11-15,MED-ATC-N02BE,Paracetamol,Analgesic,23.6
2014-11-16,MED-ATC-N02BE,Paracetamol,Analgesic,18.6
2014-11-17,MED-ATC-N02BE,Paracetamol,Analgesic,23.0
2014-11-18,MED-ATC-N02BE,Paracetamol,Analgesic,19.3
2014-11-19,MED-ATC-N02BE,Paracetamol,Analgesic,32.0
2014-11-20,MED-ATC-N02BE,Paracetamol,Analgesic,18.8
2014-11-21,MED-ATC-N02BE,Paracetamol,Analgesic,22.4
2014-11-22,MED-ATC-N02BE,Paracetamol,Analgesic,23.7
2014-11-23,MED-ATC-N02BE,Paracetamol,Analgesic,22.3
2014-11-24,MED-ATC-N02BE,Paracetamol,Analgesic,30.6
2014-11-25,MED-ATC-N02BE,Paracetamol,Analgesic,19.2
2014-11-26,MED-ATC-N02BE,Paracetamol,Analgesic,21.0
2014-11-27,MED-ATC-N02BE,Paracetamol,Analgesic,21.2
2014-11-28,MED-ATC-N02BE,Paracetamol,Analgesic,15.9
2014-11-29,MED-ATC-N02BE,Paracetamol,Analgesic,31.0
2014-11-30,MED-ATC-N02BE,Paracetamol,Analgesic,22.6
2014-12-01,MED-ATC-N02BE,Paracetamol,Analgesic,36.4
2014-12-02,MED-ATC-N02BE,Paracetamol,Analgesic,7.8
2014-12-03,MED-ATC-N02BE,Paracetamol,Analgesic,16.6
2014-12-04,MED-ATC-N02BE,Paracetamol,Analgesic,28.7
2014-12-05,MED-ATC-N02BE,Paracetamol,Analgesic,28.1
2014-12-06,MED-ATC-N02BE,Paracetamol,Analgesic,12.4
2014-12-07,MED-ATC-N02BE,Paracetamol,Analgesic,45.7
2014-12-08,MED-ATC-N02BE,Paracetamol,Analgesic,20.3
2014-12-09,MED-ATC-N02BE,Paracetamol,Analgesic,27.28
2014-12-10,MED-ATC-N02BE,Paracetamol,Analgesic,51.2
2014-12-11,MED-ATC-N02BE,Paracetamol,Analgesic,16.3
2014-12-12,MED-ATC-N02BE,Paracetamol,Analgesic,41.4
2014-12-13,MED-ATC-N02BE,Paracetamol,Analgesic,25.1
2014-12-14,MED-ATC-N02BE,Paracetamol,Analgesic,40.0
2014-12-15,MED-ATC-N02BE,Paracetamol,Analgesic,42.2
2014-12-16,MED-ATC-N02BE,Paracetamol,Analgesic,23.0
2014-12-17,MED-ATC-N02BE,Paracetamol,Analgesic,28.0
2014-12-18,MED-ATC-N02BE,Paracetamol,Analgesic,26.6
2014-12-19,MED-ATC-N02BE,Paracetamol,Analgesic,0.0
2014-12-20,MED-ATC-N02BE,Paracetamol,Analgesic,31.3
2014-12-21,MED-ATC-N02BE,Paracetamol,Analgesic,52.5
2014-12-22,MED-ATC-N02BE,Paracetamol,Analgesic,19.6
2014-12-23,MED-ATC-N02BE,Paracetamol,Analgesic,40.4
2014-12-24,MED-ATC-N02BE,Paracetamol,Analgesic,41.6
2014-12-25,MED-ATC-N02BE,Paracetamol,Analgesic,31.0
2014-12-26,MED-ATC-N02BE,Paracetamol,Analgesic,30.7
2014-12-27,MED-ATC-N02BE,Paracetamol,Analgesic,39.0
2014-12-28,MED-ATC-N02BE,Paracetamol,Analgesic,80.4
2014-12-29,MED-ATC-N02BE,Paracetamol,Analgesic,40.0
2014-12-30,MED-ATC-N02BE,Paracetamol,Analgesic,51.0
2014-12-31,MED-ATC-N02BE,Paracetamol,Analgesic,41.08
2015-01-01,MED-ATC-N02BE,Paracetamol,Analgesic,0.0
2015-01-02,MED-ATC-N02BE,Paracetamol,Analgesic,50.8
2015-01-03,MED-ATC-N02BE,Paracetamol,Analgesic,57.24
2015-01-04,MED-ATC-N02BE,Paracetamol,Analgesic,60.1
2015-01-05,MED-ATC-N02BE,Paracetamol,Analgesic,33.6
2015-01-06,MED-ATC-N02BE,Paracetamol,Analgesic,42.0
2015-01-07,MED-ATC-N02BE,Paracetamol,Analgesic,0.0
2015-01-08,MED-ATC-N02BE,Paracetamol,Analgesic,46.4
2015-01-09,MED-ATC-N02BE,Paracetamol,Analgesic,36.2
2015-01-10,MED-ATC-N02BE,Paracetamol,Analgesic,32.6
2015-01-11,MED-ATC-N02BE,Paracetamol,Analgesic,43.6
2015-01-12,MED-ATC-N02BE,Paracetamol,Analgesic,36.6
2015-01-13,MED-ATC-N02BE,Paracetamol,Analgesic,34.0
2015-01-14,MED-ATC-N02BE,Paracetamol,Analgesic,23.0
2015-01-15,MED-ATC-N02BE,Paracetamol,Analgesic,55.25
2015-01-16,MED-ATC-N02BE,Paracetamol,Analgesic,43.0
2015-01-17,MED-ATC-N02BE,Paracetamol,Analgesic,19.2
2015-01-18,MED-ATC-N02BE,Paracetamol,Analgesic,20.4
2015-01-19,MED-ATC-N02BE,Paracetamol,Analgesic,32.0
2015-01-20,MED-ATC-N02BE,Paracetamol,Analgesic,38.0
2015-01-21,MED-ATC-N02BE,Paracetamol,Analgesic,37.45
2015-01-22,MED-ATC-N02BE,Paracetamol,Analgesic,21.4
2015-01-23,MED-ATC-N02BE,Paracetamol,Analgesic,30.0
2015-01-24,MED-ATC-N02BE,Paracetamol,Analgesic,49.7
2015-01-25,MED-ATC-N02BE,Paracetamol,Analgesic,38.0
2015-01-26,MED-ATC-N02BE,Paracetamol,Analgesic,34.4
2015-01-27,MED-ATC-N02BE,Paracetamol,Analgesic,20.0
2015-01-28,MED-ATC-N02BE,Paracetamol,Analgesic,32.0
2015-01-29,MED-ATC-N02BE,Paracetamol,Analgesic,24.4
2015-01-30,MED-ATC-N02BE,Paracetamol,Analgesic,20.5
2015-01-31,MED-ATC-N02BE,Paracetamol,Analgesic,32.4
2015-02-01,MED-ATC-N02BE,Paracetamol,Analgesic,35.6
2015-02-02,MED-ATC-N02BE,Paracetamol,Analgesic,20.9
2015-02-03,MED-ATC-N02BE,Paracetamol,Analgesic,24.2
2015-02-04,MED-ATC-N02BE,Paracetamol,Analgesic,38.8
2015-02-05,MED-ATC-N02BE,Paracetamol,Analgesic,24.85
2015-02-06,MED-ATC-N02BE,Paracetamol,Analgesic,23.0
2015-02-07,MED-ATC-N02BE,Paracetamol,Analgesic,33.6
2015-02-08,MED-ATC-N02BE,Paracetamol,Analgesic,29.9
2015-02-09,MED-ATC-N02BE,Paracetamol,Analgesic,20.7
2015-02-10,MED-ATC-N02BE,Paracetamol,Analgesic,33.0
2015-02-11,MED-ATC-N02BE,Paracetamol,Analgesic,48.5
2015-02-12,MED-ATC-N02BE,Paracetamol,Analgesic,23.82
2015-02-13,MED-ATC-N02BE,Paracetamol,Analgesic,29.6
2015-02-14,MED-ATC-N02BE,Paracetamol,Analgesic,29.2
2015-02-15,MED-ATC-N02BE,Paracetamol,Analgesic,38.0
2015-02-16,MED-ATC-N02BE,Paracetamol,Analgesic,40.1
2015-02-17,MED-ATC-N02BE,Paracetamol,Analgesic,36.2
2015-02-18,MED-ATC-N02BE,Paracetamol,Analgesic,36.212
2015-02-19,MED-ATC-N02BE,Paracetamol,Analgesic,36.7
2015-02-20,MED-ATC-N02BE,Paracetamol,Analgesic,27.0
2015-02-21,MED-ATC-N02BE,Paracetamol,Analgesic,57.0
2015-02-22,MED-ATC-N02BE,Paracetamol,Analgesic,50.6
2015-02-23,MED-ATC-N02BE,Paracetamol,Analgesic,55.4
2015-02-24,MED-ATC-N02BE,Paracetamol,Analgesic,22.07
2015-02-25,MED-ATC-N02BE,Paracetamol,Analgesic,24.0
2015-02-26,MED-ATC-N02BE,Paracetamol,Analgesic,36.7
2015-02-27,MED-ATC-N02BE,Paracetamol,Analgesic,51.0
2015-02-28,MED-ATC-N02BE,Paracetamol,Analgesic,26.6
2015-03-01,MED-ATC-N02BE,Paracetamol,Analgesic,25.9
2015-03-02,MED-ATC-N02BE,Paracetamol,Analgesic,40.7
2015-03-03,MED-ATC-N02BE,Paracetamol,Analgesic,45.6
2015-03-04,MED-ATC-N02BE,Paracetamol,Analgesic,46.85
2015-03-05,MED-ATC-N02BE,Paracetamol,Analgesic,35.0
2015-03-06,MED-ATC-N02BE,Paracetamol,Analgesic,19.8
2015-03-07,MED-ATC-N02BE,Paracetamol,Analgesic,2.0
2015-03-08,MED-ATC-N02BE,Paracetamol,Analgesic,55.4
2015-03-09,MED-ATC-N02BE,Paracetamol,Analgesic,32.7
2015-03-10,MED-ATC-N02BE,Paracetamol,Analgesic,40.4
2015-03-11,MED-ATC-N02BE,Paracetamol,Analgesic,32.0
2015-03-12,MED-ATC-N02BE,Paracetamol,Analgesic,19.0
2015-03-13,MED-ATC-N02BE,Paracetamol,Analgesic,63.4
2015-03-14,MED-ATC-N02BE,Paracetamol,Analgesic,39.1
2015-03-15,MED-ATC-N02BE,Paracetamol,Analgesic,41.0
2015-03-16,MED-ATC-N02BE,Paracetamol,Analgesic,46.8
2015-03-17,MED-ATC-N02BE,Paracetamol,Analgesic,28.8
2015-03-18,MED-ATC-N02BE,Paracetamol,Analgesic,24.4
2015-03-19,MED-ATC-N02BE,Paracetamol,Analgesic,31.0
2015-03-20,MED-ATC-N02BE,Paracetamol,Analgesic,38.6
2015-03-21,MED-ATC-N02BE,Paracetamol,Analgesic,41.6
2015-03-22,MED-ATC-N02BE,Paracetamol,Analgesic,43.2
2015-03-23,MED-ATC-N02BE,Paracetamol,Analgesic,28.0
2015-03-24,MED-ATC-N02BE,Paracetamol,Analgesic,22.4
2015-03-25,MED-ATC-N02BE,Paracetamol,Analgesic,17.6
2015-03-26,MED-ATC-N02BE,Paracetamol,Analgesic,51.4
2015-03-27,MED-ATC-N02BE,Paracetamol,Analgesic,27.0
2015-03-28,MED-ATC-N02BE,Paracetamol,Analgesic,50.5
2015-03-29,MED-ATC-N02BE,Paracetamol,Analgesic,35.5
2015-03-30,MED-ATC-N02BE,Paracetamol,Analgesic,25.7
2015-03-31,MED-ATC-N02BE,Paracetamol,Analgesic,33.5
2015-04-01,MED-ATC-N02BE,Paracetamol,Analgesic,24.8
2015-04-02,MED-ATC-N02BE,Paracetamol,Analgesic,35.07
2015-04-03,MED-ATC-N02BE,Paracetamol,Analgesic,34.2
2015-04-04,MED-ATC-N02BE,Paracetamol,Analgesic,43.0
2015-04-05,MED-ATC-N02BE,Paracetamol,Analgesic,31.6
2015-04-06,MED-ATC-N02BE,Paracetamol,Analgesic,32.9
2015-04-07,MED-ATC-N02BE,Paracetamol,Analgesic,25.0
2015-04-08,MED-ATC-N02BE,Paracetamol,Analgesic,18.0
2015-04-09,MED-ATC-N02BE,Paracetamol,Analgesic,22.2
2015-04-10,MED-ATC-N02BE,Paracetamol,Analgesic,65.6
2015-04-11,MED-ATC-N02BE,Paracetamol,Analgesic,26.0
2015-04-12,MED-ATC-N02BE,Paracetamol,Analgesic,0.0
2015-04-13,MED-ATC-N02BE,Paracetamol,Analgesic,25.2
2015-04-14,MED-ATC-N02BE,Paracetamol,Analgesic,41.8
2015-04-15,MED-ATC-N02BE,Paracetamol,Analgesic,29.25
2015-04-16,MED-ATC-N02BE,Paracetamol,Analgesic,30.6
2015-04-17,MED-ATC-N02BE,Paracetamol,Analgesic,29.65
2015-04-18,MED-ATC-N02BE,Paracetamol,Analgesic,31.3
2015-04-19,MED-ATC-N02BE,Paracetamol,Analgesic,36.5
2015-04-20,MED-ATC-N02BE,Paracetamol,Analgesic,38.0
2015-04-21,MED-ATC-N02BE,Paracetamol,Analgesic,35.2
2015-04-22,MED-ATC-N02BE,Paracetamol,Analgesic,32.0
2015-04-23,MED-ATC-N02BE,Paracetamol,Analgesic,28.2
2015-04-24,MED-ATC-N02BE,Paracetamol,Analgesic,30.0
2015-04-25,MED-ATC-N02BE,Paracetamol,Analgesic,38.1
2015-04-26,MED-ATC-N02BE,Paracetamol,Analgesic,37.6
2015-04-27,MED-ATC-N02BE,Paracetamol,Analgesic,43.0
2015-04-28,MED-ATC-N02BE,Paracetamol,Analgesic,15.2
2015-04-29,MED-ATC-N02BE,Paracetamol,Analgesic,27.6
2015-04-30,MED-ATC-N02BE,Paracetamol,Analgesic,32.6
2015-05-01,MED-ATC-N02BE,Paracetamol,Analgesic,11.4
2015-05-02,MED-ATC-N02BE,Paracetamol,Analgesic,47.8
2015-05-03,MED-ATC-N02BE,Paracetamol,Analgesic,19.2
2015-05-04,MED-ATC-N02BE,Paracetamol,Analgesic,36.0
2015-05-05,MED-ATC-N02BE,Paracetamol,Analgesic,19.0
2015-05-06,MED-ATC-N02BE,Paracetamol,Analgesic,40.2
2015-05-07,MED-ATC-N02BE,Paracetamol,Analgesic,21.0
2015-05-08,MED-ATC-N02BE,Paracetamol,Analgesic,16.0
2015-05-09,MED-ATC-N02BE,Paracetamol,Analgesic,21.0
2015-05-10,MED-ATC-N02BE,Paracetamol,Analgesic,13.0
2015-05-11,MED-ATC-N02BE,Paracetamol,Analgesic,21.0
2015-05-12,MED-ATC-N02BE,Paracetamol,Analgesic,22.95
2015-05-13,MED-ATC-N02BE,Paracetamol,Analgesic,28.4
2015-05-14,MED-ATC-N02BE,Paracetamol,Analgesic,14.0
2015-05-15,MED-ATC-N02BE,Paracetamol,Analgesic,48.4
2015-05-16,MED-ATC-N02BE,Paracetamol,Analgesic,40.4
2015-05-17,MED-ATC-N02BE,Paracetamol,Analgesic,23.2
2015-05-18,MED-ATC-N02BE,Paracetamol,Analgesic,21.4
2015-05-19,MED-ATC-N02BE,Paracetamol,Analgesic,20.0
2015-05-20,MED-ATC-N02BE,Paracetamol,Analgesic,17.0
2015-05-21,MED-ATC-N02BE,Paracetamol,Analgesic,10.0
2015-05-22,MED-ATC-N02BE,Paracetamol,Analgesic,15.0
2015-05-23,MED-ATC-N02BE,Paracetamol,Analgesic,23.45
2015-05-24,MED-ATC-N02BE,Paracetamol,Analgesic,20.0
2015-05-25,MED-ATC-N02BE,Paracetamol,Analgesic,30.0
2015-05-26,MED-ATC-N02BE,Paracetamol,Analgesic,27.0
2015-05-27,MED-ATC-N02BE,Paracetamol,Analgesic,24.2
2015-05-28,MED-ATC-N02BE,Paracetamol,Analgesic,17.1
2015-05-29,MED-ATC-N02BE,Paracetamol,Analgesic,41.8
2015-05-30,MED-ATC-N02BE,Paracetamol,Analgesic,24.5
2015-05-31,MED-ATC-N02BE,Paracetamol,Analgesic,31.5
2015-06-01,MED-ATC-N02BE,Paracetamol,Analgesic,23.55
2015-06-02,MED-ATC-N02BE,Paracetamol,Analgesic,24.0
2015-06-03,MED-ATC-N02BE,Paracetamol,Analgesic,30.0
2015-06-04,MED-ATC-N02BE,Paracetamol,Analgesic,20.0
2015-06-05,MED-ATC-N02BE,Paracetamol,Analgesic,13.0
2015-06-06,MED-ATC-N02BE,Paracetamol,Analgesic,16.0
2015-06-07,MED-ATC-N02BE,Paracetamol,Analgesic,17.0
2015-06-08,MED-ATC-N02BE,Paracetamol,Analgesic,31.0
2015-06-09,MED-ATC-N02BE,Paracetamol,Analgesic,26.6
2015-06-10,MED-ATC-N02BE,Paracetamol,Analgesic,18.676
2015-06-11,MED-ATC-N02BE,Paracetamol,Analgesic,38.3
2015-06-12,MED-ATC-N02BE,Paracetamol,Analgesic,17.5
2015-06-13,MED-ATC-N02BE,Paracetamol,Analgesic,21.4
2015-06-14,MED-ATC-N02BE,Paracetamol,Analgesic,14.0
2015-06-15,MED-ATC-N02BE,Paracetamol,Analgesic,37.0
2015-06-16,MED-ATC-N02BE,Paracetamol,Analgesic,20.0
2015-06-17,MED-ATC-N02BE,Paracetamol,Analgesic,24.0
2015-06-18,MED-ATC-N02BE,Paracetamol,Analgesic,24.6
2015-06-19,MED-ATC-N02BE,Paracetamol,Analgesic,24.0
2015-06-20,MED-ATC-N02BE,Paracetamol,Analgesic,26.8
2015-06-21,MED-ATC-N02BE,Paracetamol,Analgesic,18.0
2015-06-22,MED-ATC-N02BE,Paracetamol,Analgesic,29.062
2015-06-23,MED-ATC-N02BE,Paracetamol,Analgesic,19.0
2015-06-24,MED-ATC-N02BE,Paracetamol,Analgesic,23.8
2015-06-25,MED-ATC-N02BE,Paracetamol,Analgesic,24.125
2015-06-26,MED-ATC-N02BE,Paracetamol,Analgesic,29.0
2015-06-27,MED-ATC-N02BE,Paracetamol,Analgesic,36.0
2015-06-28,MED-ATC-N02BE,Paracetamol,Analgesic,12.0
2015-06-29,MED-ATC-N02BE,Paracetamol,Analgesic,22.0
2015-06-30,MED-ATC-N02BE,Paracetamol,Analgesic,35.0
2015-07-01,MED-ATC-N02BE,Paracetamol,Analgesic,18.25
2015-07-02,MED-ATC-N02BE,Paracetamol,Analgesic,23.15
2015-07-03,MED-ATC-N02BE,Paracetamol,Analgesic,24.5
2015-07-04,MED-ATC-N02BE,Paracetamol,Analgesic,15.2
2015-07-05,MED-ATC-N02BE,Paracetamol,Analgesic,14.0
2015-07-06,MED-ATC-N02BE,Paracetamol,Analgesic,20.0
2015-07-07,MED-ATC-N02BE,Paracetamol,Analgesic,19.6
2015-07-08,MED-ATC-N02BE,Paracetamol,Analgesic,18.6
2015-07-09,MED-ATC-N02BE,Paracetamol,Analgesic,32.75
2015-07-10,MED-ATC-N02BE,Paracetamol,Analgesic,37.0
2015-07-11,MED-ATC-N02BE,Paracetamol,Analgesic,45.0
2015-07-12,MED-ATC-N02BE,Paracetamol,Analgesic,25.3
2015-07-13,MED-ATC-N02BE,Paracetamol,Analgesic,22.55
2015-07-14,MED-ATC-N02BE,Paracetamol,Analgesic,14.0
2015-07-15,MED-ATC-N02BE,Paracetamol,Analgesic,20.2
2015-07-16,MED-ATC-N02BE,Paracetamol,Analgesic,18.0
2015-07-17,MED-ATC-N02BE,Paracetamol,Analgesic,28.0
2015-07-18,MED-ATC-N02BE,Paracetamol,Analgesic,25.0
2015-07-19,MED-ATC-N02BE,Paracetamol,Analgesic,15.0
2015-07-20,MED-ATC-N02BE,Paracetamol,Analgesic,41.0
2015-07-21,MED-ATC-N02BE,Paracetamol,Analgesic,14.25
2015-07-22,MED-ATC-N02BE,Paracetamol,Analgesic,22.0
2015-07-23,MED-ATC-N02BE,Paracetamol,Analgesic,14.0
2015-07-24,MED-ATC-N02BE,Paracetamol,Analgesic,29.6
2015-07-25,MED-ATC-N02BE,Paracetamol,Analgesic,22.0
2015-07-26,MED-ATC-N02BE,Paracetamol,Analgesic,29.0
2015-07-27,MED-ATC-N02BE,Paracetamol,Analgesic,24.0
2015-07-28,MED-ATC-N02BE,Paracetamol,Analgesic,15.2
2015-07-29,MED-ATC-N02BE,Paracetamol,Analgesic,21.378
2015-07-30,MED-ATC-N02BE,Paracetamol,Analgesic,16.3
2015-07-31,MED-ATC-N02BE,Paracetamol,Analgesic,24.0
2015-08-01,MED-ATC-N02BE,Paracetamol,Analgesic,19.0
2015-08-02,MED-ATC-N02BE,Paracetamol,Analgesic,15.0
2015-08-03,MED-ATC-N02BE,Paracetamol,Analgesic,23.0
2015-08-04,MED-ATC-N02BE,Paracetamol,Analgesic,23.0
2015-08-05,MED-ATC-N02BE,Paracetamol,Analgesic,22.2
2015-08-06,MED-ATC-N02BE,Paracetamol,Analgesic,35.0
2015-08-07,MED-ATC-N02BE,Paracetamol,Analgesic,22.0
2015-08-08,MED-ATC-N02BE,Paracetamol,Analgesic,22.0
2015-08-09,MED-ATC-N02BE,Paracetamol,Analgesic,21.0
2015-08-10,MED-ATC-N02BE,Paracetamol,Analgesic,29.0
2015-08-11,MED-ATC-N02BE,Paracetamol,Analgesic,18.1
2015-08-12,MED-ATC-N02BE,Paracetamol,Analgesic,28.2
2015-08-13,MED-ATC-N02BE,Paracetamol,Analgesic,23.438
2015-08-14,MED-ATC-N02BE,Paracetamol,Analgesic,16.7
2015-08-15,MED-ATC-N02BE,Paracetamol,Analgesic,35.0
2015-08-16,MED-ATC-N02BE,Paracetamol,Analgesic,19.25
2015-08-17,MED-ATC-N02BE,Paracetamol,Analgesic,33.0
2015-08-18,MED-ATC-N02BE,Paracetamol,Analgesic,24.0
2015-08-19,MED-ATC-N02BE,Paracetamol,Analgesic,28.0
2015-08-20,MED-ATC-N02BE,Paracetamol,Analgesic,19.0
2015-08-21,MED-ATC-N02BE,Paracetamol,Analgesic,34.0
2015-08-22,MED-ATC-N02BE,Paracetamol,Analgesic,28.0
2015-08-23,MED-ATC-N02BE,Paracetamol,Analgesic,28.0
2015-08-24,MED-ATC-N02BE,Paracetamol,Analgesic,45.1
2015-08-25,MED-ATC-N02BE,Paracetamol,Analgesic,23.5
2015-08-26,MED-ATC-N02BE,Paracetamol,Analgesic,27.0
2015-08-27,MED-ATC-N02BE,Paracetamol,Analgesic,32.0
2015-08-28,MED-ATC-N02BE,Paracetamol,Analgesic,15.1
2015-08-29,MED-ATC-N02BE,Paracetamol,Analgesic,23.2
2015-08-30,MED-ATC-N02BE,Paracetamol,Analgesic,21.0
2015-08-31,MED-ATC-N02BE,Paracetamol,Analgesic,38.0
2015-09-01,MED-ATC-N02BE,Paracetamol,Analgesic,28.25
2015-09-02,MED-ATC-N02BE,Paracetamol,Analgesic,31.3
2015-09-03,MED-ATC-N02BE,Paracetamol,Analgesic,19.0
2015-09-04,MED-ATC-N02BE,Paracetamol,Analgesic,20.0
2015-09-05,MED-ATC-N02BE,Paracetamol,Analgesic,20.0
2015-09-06,MED-ATC-N02BE,Paracetamol,Analgesic,23.6
2015-09-07,MED-ATC-N02BE,Paracetamol,Analgesic,32.8
2015-09-08,MED-ATC-N02BE,Paracetamol,Analgesic,29.2
2015-09-09,MED-ATC-N02BE,Paracetamol,Analgesic,34.7
2015-09-10,MED-ATC-N02BE,Paracetamol,Analgesic,21.2
2015-09-11,MED-ATC-N02BE,Paracetamol,Analgesic,30.0
2015-09-12,MED-ATC-N02BE,Paracetamol,Analgesic,63.3
2015-09-13,MED-ATC-N02BE,Paracetamol,Analgesic,25.0
2015-09-14,MED-ATC-N02BE,Paracetamol,Analgesic,31.3
2015-09-15,MED-ATC-N02BE,Paracetamol,Analgesic,23.8
2015-09-16,MED-ATC-N02BE,Paracetamol,Analgesic,16.6
2015-09-17,MED-ATC-N02BE,Paracetamol,Analgesic,35.5
2015-09-18,MED-ATC-N02BE,Paracetamol,Analgesic,16.0
2015-09-19,MED-ATC-N02BE,Paracetamol,Analgesic,37.0
2015-09-20,MED-ATC-N02BE,Paracetamol,Analgesic,28.9
2015-09-21,MED-ATC-N02BE,Paracetamol,Analgesic,46.7
2015-09-22,MED-ATC-N02BE,Paracetamol,Analgesic,19.5
2015-09-23,MED-ATC-N02BE,Paracetamol,Analgesic,34.65
2015-09-24,MED-ATC-N02BE,Paracetamol,Analgesic,37.6
2015-09-25,MED-ATC-N02BE,Paracetamol,Analgesic,25.2
2015-09-26,MED-ATC-N02BE,Paracetamol,Analgesic,33.0
2015-09-27,MED-ATC-N02BE,Paracetamol,Analgesic,10.425
2015-09-28,MED-ATC-N02BE,Paracetamol,Analgesic,15.4
2015-09-29,MED-ATC-N02BE,Paracetamol,Analgesic,39.7
2015-09-30,MED-ATC-N02BE,Paracetamol,Analgesic,22.5
2015-10-01,MED-ATC-N02BE,Paracetamol,Analgesic,34.562
2015-10-02,MED-ATC-N02BE,Paracetamol,Analgesic,37.3
2015-10-03,MED-ATC-N02BE,Paracetamol,Analgesic,37.2
2015-10-04,MED-ATC-N02BE,Paracetamol,Analgesic,59.0
2015-10-05,MED-ATC-N02BE,Paracetamol,Analgesic,70.95
2015-10-06,MED-ATC-N02BE,Paracetamol,Analgesic,42.725
2015-10-07,MED-ATC-N02BE,Paracetamol,Analgesic,44.3
2015-10-08,MED-ATC-N02BE,Paracetamol,Analgesic,30.7
2015-10-09,MED-ATC-N02BE,Paracetamol,Analgesic,28.062
2015-10-10,MED-ATC-N02BE,Paracetamol,Analgesic,46.3
2015-10-11,MED-ATC-N02BE,Paracetamol,Analgesic,70.3
2015-10-12,MED-ATC-N02BE,Paracetamol,Analgesic,68.85
2015-10-13,MED-ATC-N02BE,Paracetamol,Analgesic,63.8
2015-10-14,MED-ATC-N02BE,Paracetamol,Analgesic,38.6
2015-10-15,MED-ATC-N02BE,Paracetamol,Analgesic,64.724
2015-10-16,MED-ATC-N02BE,Paracetamol,Analgesic,57.3
2015-10-17,MED-ATC-N02BE,Paracetamol,Analgesic,74.3
2015-10-18,MED-ATC-N02BE,Paracetamol,Analgesic,55.6
2015-10-19,MED-ATC-N02BE,Paracetamol,Analgesic,62.6
2015-10-20,MED-ATC-N02BE,Paracetamol,Analgesic,44.7
2015-10-21,MED-ATC-N02BE,Paracetamol,Analgesic,36.8
2015-10-22,MED-ATC-N02BE,Paracetamol,Analgesic,35.262
2015-10-23,MED-ATC-N02BE,Paracetamol,Analgesic,41.4
2015-10-24,MED-ATC-N02BE,Paracetamol,Analgesic,67.4
2015-10-25,MED-ATC-N02BE,Paracetamol,Analgesic,64.6
2015-10-26,MED-ATC-N02BE,Paracetamol,Analgesic,53.3
2015-10-27,MED-ATC-N02BE,Paracetamol,Analgesic,64.4
2015-10-28,MED-ATC-N02BE,Paracetamol,Analgesic,33.0
2015-10-29,MED-ATC-N02BE,Paracetamol,Analgesic,38.3
2015-10-30,MED-ATC-N02BE,Paracetamol,Analgesic,49.6
2015-10-31,MED-ATC-N02BE,Paracetamol,Analgesic,58.4
2015-11-01,MED-ATC-N02BE,Paracetamol,Analgesic,80.4
2015-11-02,MED-ATC-N02BE,Paracetamol,Analgesic,46.3
2015-11-03,MED-ATC-N02BE,Paracetamol,Analgesic,41.8
2015-11-04,MED-ATC-N02BE,Paracetamol,Analgesic,59.8
2015-11-05,MED-ATC-N02BE,Paracetamol,Analgesic,45.0
2015-11-06,MED-ATC-N02BE,Paracetamol,Analgesic,31.475
2015-11-07,MED-ATC-N02BE,Paracetamol,Analgesic,69.9
2015-11-08,MED-ATC-N02BE,Paracetamol,Analgesic,48.6
2015-11-09,MED-ATC-N02BE,Paracetamol,Analgesic,40.75
2015-11-10,MED-ATC-N02BE,Paracetamol,Analgesic,41.2
2015-11-11,MED-ATC-N02BE,Paracetamol,Analgesic,60.0
2015-11-12,MED-ATC-N02BE,Paracetamol,Analgesic,24.0
2015-11-13,MED-ATC-N02BE,Paracetamol,Analgesic,22.0
2015-11-14,MED-ATC-N02BE,Paracetamol,Analgesic,19.0
2015-11-15,MED-ATC-N02BE,Paracetamol,Analgesic,42.35
2015-11-16,MED-ATC-N02BE,Paracetamol,Analgesic,50.3
2015-11-17,MED-ATC-N02BE,Paracetamol,Analgesic,60.0
2015-11-18,MED-ATC-N02BE,Paracetamol,Analgesic,24.5
2015-11-19,MED-ATC-N02BE,Paracetamol,Analgesic,26.4
2015-11-20,MED-ATC-N02BE,Paracetamol,Analgesic,25.6
2015-11-21,MED-ATC-N02BE,Paracetamol,Analgesic,45.5
2015-11-22,MED-ATC-N02BE,Paracetamol,Analgesic,41.2
2015-11-23,MED-ATC-N02BE,Paracetamol,Analgesic,69.0
2015-11-24,MED-ATC-N02BE,Paracetamol,Analgesic,19.8
2015-11-25,MED-ATC-N02BE,Paracetamol,Analgesic,29.0
2015-11-26,MED-ATC-N02BE,Paracetamol,Analgesic,25.975
2015-11-27,MED-ATC-N02BE,Paracetamol,Analgesic,20.8
2015-11-28,MED-ATC-N02BE,Paracetamol,Analgesic,46.825
2015-11-29,MED-ATC-N02BE,Paracetamol,Analgesic,42.2
2015-11-30,MED-ATC-N02BE,Paracetamol,Analgesic,35.3
2015-12-01,MED-ATC-N02BE,Paracetamol,Analgesic,23.9
2015-12-02,MED-ATC-N02BE,Paracetamol,Analgesic,42.0
2015-12-03,MED-ATC-N02BE,Paracetamol,Analgesic,56.0
2015-12-04,MED-ATC-N02BE,Paracetamol,Analgesic,25.6
2015-12-05,MED-ATC-N02BE,Paracetamol,Analgesic,35.05
2015-12-06,MED-ATC-N02BE,Paracetamol,Analgesic,60.4
2015-12-07,MED-ATC-N02BE,Paracetamol,Analgesic,26.5
2015-12-08,MED-ATC-N02BE,Paracetamol,Analgesic,41.325
2015-12-09,MED-ATC-N02BE,Paracetamol,Analgesic,41.262
2015-12-10,MED-ATC-N02BE,Paracetamol,Analgesic,31.9
2015-12-11,MED-ATC-N02BE,Paracetamol,Analgesic,22.7
2015-12-12,MED-ATC-N02BE,Paracetamol,Analgesic,42.2
2015-12-13,MED-ATC-N02BE,Paracetamol,Analgesic,29.0
2015-12-14,MED-ATC-N02BE,Paracetamol,Analgesic,37.4
2015-12-15,MED-ATC-N02BE,Paracetamol,Analgesic,42.0
2015-12-16,MED-ATC-N02BE,Paracetamol,Analgesic,42.0
2015-12-17,MED-ATC-N02BE,Paracetamol,Analgesic,25.0
2015-12-18,MED-ATC-N02BE,Paracetamol,Analgesic,27.2
2015-12-19,MED-ATC-N02BE,Paracetamol,Analgesic,0.0
2015-12-20,MED-ATC-N02BE,Paracetamol,Analgesic,43.0
2015-12-21,MED-ATC-N02BE,Paracetamol,Analgesic,53.6
2015-12-22,MED-ATC-N02BE,Paracetamol,Analgesic,48.0
2015-12-23,MED-ATC-N02BE,Paracetamol,Analgesic,28.8
2015-12-24,MED-ATC-N02BE,Paracetamol,Analgesic,28.3
2015-12-25,MED-ATC-N02BE,Paracetamol,Analgesic,20.662
2015-12-26,MED-ATC-N02BE,Paracetamol,Analgesic,87.2
2015-12-27,MED-ATC-N02BE,Paracetamol,Analgesic,63.5
2015-12-28,MED-ATC-N02BE,Paracetamol,Analgesic,61.5
2015-12-29,MED-ATC-N02BE,Paracetamol,Analgesic,71.6
2015-12-30,MED-ATC-N02BE,Paracetamol,Analgesic,56.4
2015-12-31,MED-ATC-N02BE,Paracetamol,Analgesic,44.35
2016-01-01,MED-ATC-N02BE,Paracetamol,Analgesic,0.0
2016-01-02,MED-ATC-N02BE,Paracetamol,Analgesic,51.2
2016-01-03,MED-ATC-N02BE,Paracetamol,Analgesic,56.1
2016-01-04,MED-ATC-N02BE,Paracetamol,Analgesic,46.6
2016-01-05,MED-ATC-N02BE,Paracetamol,Analgesic,38.6
2016-01-06,MED-ATC-N02BE,Paracetamol,Analgesic,61.9
2016-01-07,MED-ATC-N02BE,Paracetamol,Analgesic,0.0
2016-01-08,MED-ATC-N02BE,Paracetamol,Analgesic,39.2
2016-01-09,MED-ATC-N02BE,Paracetamol,Analgesic,88.3
2016-01-10,MED-ATC-N02BE,Paracetamol,Analgesic,67.6
2016-01-11,MED-ATC-N02BE,Paracetamol,Analgesic,64.9
2016-01-12,MED-ATC-N02BE,Paracetamol,Analgesic,61.35
2016-01-13,MED-ATC-N02BE,Paracetamol,Analgesic,41.7
2016-01-14,MED-ATC-N02BE,Paracetamol,Analgesic,69.0
2016-01-15,MED-ATC-N02BE,Paracetamol,Analgesic,18.1
2016-01-16,MED-ATC-N02BE,Paracetamol,Analgesic,63.6
2016-01-17,MED-ATC-N02BE,Paracetamol,Analgesic,46.6
2016-01-18,MED-ATC-N02BE,Paracetamol,Analgesic,62.8
2016-01-19,MED-ATC-N02BE,Paracetamol,Analgesic,49.8
2016-01-20,MED-ATC-N02BE,Paracetamol,Analgesic,15.1
2016-01-21,MED-ATC-N02BE,Paracetamol,Analgesic,68.4
2016-01-22,MED-ATC-N02BE,Paracetamol,Analgesic,39.5
2016-01-23,MED-ATC-N02BE,Paracetamol,Analgesic,36.8
2016-01-24,MED-ATC-N02BE,Paracetamol,Analgesic,48.1
2016-01-25,MED-ATC-N02BE,Paracetamol,Analgesic,46.95
2016-01-26,MED-ATC-N02BE,Paracetamol,Analgesic,30.3
2016-01-27,MED-ATC-N02BE,Paracetamol,Analgesic,30.062
2016-01-28,MED-ATC-N02BE,Paracetamol,Analgesic,33.0
2016-01-29,MED-ATC-N02BE,Paracetamol,Analgesic,74.4
2016-01-30,MED-ATC-N02BE,Paracetamol,Analgesic,47.462
2016-01-31,MED-ATC-N02BE,Paracetamol,Analgesic,78.9
2016-02-01,MED-ATC-N02BE,Paracetamol,Analgesic,18.0
2016-02-02,MED-ATC-N02BE,Paracetamol,Analgesic,39.0
2016-02-03,MED-ATC-N02BE,Paracetamol,Analgesic,39.062
2016-02-04,MED-ATC-N02BE,Paracetamol,Analgesic,28.8
2016-02-05,MED-ATC-N02BE,Paracetamol,Analgesic,51.6
2016-02-06,MED-ATC-N02BE,Paracetamol,Analgesic,57.162
2016-02-07,MED-ATC-N02BE,Paracetamol,Analgesic,88.2
2016-02-08,MED-ATC-N02BE,Paracetamol,Analgesic,28.038
2016-02-09,MED-ATC-N02BE,Paracetamol,Analgesic,47.7
2016-02-10,MED-ATC-N02BE,Paracetamol,Analgesic,34.1
2016-02-11,MED-ATC-N02BE,Paracetamol,Analgesic,38.1
2016-02-12,MED-ATC-N02BE,Paracetamol,Analgesic,60.675
2016-02-13,MED-ATC-N02BE,Paracetamol,Analgesic,42.4
2016-02-14,MED-ATC-N02BE,Paracetamol,Analgesic,43.6
2016-02-15,MED-ATC-N02BE,Paracetamol,Analgesic,52.2
2016-02-16,MED-ATC-N02BE,Paracetamol,Analgesic,29.0
2016-02-17,MED-ATC-N02BE,Paracetamol,Analgesic,26.6
2016-02-18,MED-ATC-N02BE,Paracetamol,Analgesic,43.85
2016-02-19,MED-ATC-N02BE,Paracetamol,Analgesic,28.7
2016-02-20,MED-ATC-N02BE,Paracetamol,Analgesic,36.9
2016-02-21,MED-ATC-N02BE,Paracetamol,Analgesic,55.7
2016-02-22,MED-ATC-N02BE,Paracetamol,Analgesic,51.125
2016-02-23,MED-ATC-N02BE,Paracetamol,Analgesic,41.3
2016-02-24,MED-ATC-N02BE,Paracetamol,Analgesic,35.0
2016-02-25,MED-ATC-N02BE,Paracetamol,Analgesic,41.0
2016-02-26,MED-ATC-N02BE,Paracetamol,Analgesic,28.55
2016-02-27,MED-ATC-N02BE,Paracetamol,Analgesic,25.8
2016-02-28,MED-ATC-N02BE,Paracetamol,Analgesic,66.5
2016-02-29,MED-ATC-N02BE,Paracetamol,Analgesic,46.2
2016-03-01,MED-ATC-N02BE,Paracetamol,Analgesic,31.0
2016-03-02,MED-ATC-N02BE,Paracetamol,Analgesic,21.3
2016-03-03,MED-ATC-N02BE,Paracetamol,Analgesic,55.8
2016-03-04,MED-ATC-N02BE,Paracetamol,Analgesic,26.6
2016-03-05,MED-ATC-N02BE,Paracetamol,Analgesic,38.0
2016-03-06,MED-ATC-N02BE,Paracetamol,Analgesic,79.9
2016-03-07,MED-ATC-N02BE,Paracetamol,Analgesic,43.5
2016-03-08,MED-ATC-N02BE,Paracetamol,Analgesic,44.0
2016-03-09,MED-ATC-N02BE,Paracetamol,Analgesic,21.8
2016-03-10,MED-ATC-N02BE,Paracetamol,Analgesic,23.4
2016-03-11,MED-ATC-N02BE,Paracetamol,Analgesic,22.0
2016-03-12,MED-ATC-N02BE,Paracetamol,Analgesic,41.8
2016-03-13,MED-ATC-N02BE,Paracetamol,Analgesic,59.2
2016-03-14,MED-ATC-N02BE,Paracetamol,Analgesic,35.9
2016-03-15,MED-ATC-N02BE,Paracetamol,Analgesic,24.0
2016-03-16,MED-ATC-N02BE,Paracetamol,Analgesic,37.4
2016-03-17,MED-ATC-N02BE,Paracetamol,Analgesic,60.2
2016-03-18,MED-ATC-N02BE,Paracetamol,Analgesic,25.462
2016-03-19,MED-ATC-N02BE,Paracetamol,Analgesic,19.5
2016-03-20,MED-ATC-N02BE,Paracetamol,Analgesic,42.2
2016-03-21,MED-ATC-N02BE,Paracetamol,Analgesic,45.7
2016-03-22,MED-ATC-N02BE,Paracetamol,Analgesic,42.188
2016-03-23,MED-ATC-N02BE,Paracetamol,Analgesic,24.25
2016-03-24,MED-ATC-N02BE,Paracetamol,Analgesic,32.0
2016-03-25,MED-ATC-N02BE,Paracetamol,Analgesic,42.8
2016-03-26,MED-ATC-N02BE,Paracetamol,Analgesic,33.25
2016-03-27,MED-ATC-N02BE,Paracetamol,Analgesic,63.3
2016-03-28,MED-ATC-N02BE,Paracetamol,Analgesic,24.6
2016-03-29,MED-ATC-N02BE,Paracetamol,Analgesic,36.2
2016-03-30,MED-ATC-N02BE,Paracetamol,Analgesic,22.2
2016-03-31,MED-ATC-N02BE,Paracetamol,Analgesic,31.25
2016-04-01,MED-ATC-N02BE,Paracetamol,Analgesic,50.4
2016-04-02,MED-ATC-N02BE,Paracetamol,Analgesic,32.3
2016-04-03,MED-ATC-N02BE,Paracetamol,Analgesic,73.5
2016-04-04,MED-ATC-N02BE,Paracetamol,Analgesic,21.6
2016-04-05,MED-ATC-N02BE,Paracetamol,Analgesic,40.3
2016-04-06,MED-ATC-N02BE,Paracetamol,Analgesic,15.25
2016-04-07,MED-ATC-N02BE,Paracetamol,Analgesic,21.0
2016-04-08,MED-ATC-N02BE,Paracetamol,Analgesic,42.3
2016-04-09,MED-ATC-N02BE,Paracetamol,Analgesic,38.8
2016-04-10,MED-ATC-N02BE,Paracetamol,Analgesic,21.4
2016-04-11,MED-ATC-N02BE,Paracetamol,Analgesic,26.0
2016-04-12,MED-ATC-N02BE,Paracetamol,Analgesic,41.6
2016-04-13,MED-ATC-N02BE,Paracetamol,Analgesic,34.0
2016-04-14,MED-ATC-N02BE,Paracetamol,Analgesic,44.225
2016-04-15,MED-ATC-N02BE,Paracetamol,Analgesic,23.6
2016-04-16,MED-ATC-N02BE,Paracetamol,Analgesic,33.0
2016-04-17,MED-ATC-N02BE,Paracetamol,Analgesic,52.8
2016-04-18,MED-ATC-N02BE,Paracetamol,Analgesic,22.1
2016-04-19,MED-ATC-N02BE,Paracetamol,Analgesic,24.3
2016-04-20,MED-ATC-N02BE,Paracetamol,Analgesic,17.1
2016-04-21,MED-ATC-N02BE,Paracetamol,Analgesic,21.6
2016-04-22,MED-ATC-N02BE,Paracetamol,Analgesic,21.9
2016-04-23,MED-ATC-N02BE,Paracetamol,Analgesic,33.2
2016-04-24,MED-ATC-N02BE,Paracetamol,Analgesic,36.95
2016-04-25,MED-ATC-N02BE,Paracetamol,Analgesic,21.7
2016-04-26,MED-ATC-N02BE,Paracetamol,Analgesic,27.2
2016-04-27,MED-ATC-N02BE,Paracetamol,Analgesic,47.4
2016-04-28,MED-ATC-N02BE,Paracetamol,Analgesic,28.0
2016-04-29,MED-ATC-N02BE,Paracetamol,Analgesic,37.0
2016-04-30,MED-ATC-N02BE,Paracetamol,Analgesic,47.812
2016-05-01,MED-ATC-N02BE,Paracetamol,Analgesic,0.0
2016-05-02,MED-ATC-N02BE,Paracetamol,Analgesic,39.2
2016-05-03,MED-ATC-N02BE,Paracetamol,Analgesic,23.9
2016-05-04,MED-ATC-N02BE,Paracetamol,Analgesic,32.2
2016-05-05,MED-ATC-N02BE,Paracetamol,Analgesic,41.0
2016-05-06,MED-ATC-N02BE,Paracetamol,Analgesic,33.6
2016-05-07,MED-ATC-N02BE,Paracetamol,Analgesic,47.2
2016-05-08,MED-ATC-N02BE,Paracetamol,Analgesic,40.4
2016-05-09,MED-ATC-N02BE,Paracetamol,Analgesic,29.2
2016-05-10,MED-ATC-N02BE,Paracetamol,Analgesic,28.25
2016-05-11,MED-ATC-N02BE,Paracetamol,Analgesic,23.0
2016-05-12,MED-ATC-N02BE,Paracetamol,Analgesic,28.1
2016-05-13,MED-ATC-N02BE,Paracetamol,Analgesic,37.0
2016-05-14,MED-ATC-N02BE,Paracetamol,Analgesic,31.25
2016-05-15,MED-ATC-N02BE,Paracetamol,Analgesic,44.1
2016-05-16,MED-ATC-N02BE,Paracetamol,Analgesic,24.0
2016-05-17,MED-ATC-N02BE,Paracetamol,Analgesic,38.4
2016-05-18,MED-ATC-N02BE,Paracetamol,Analgesic,35.0
2016-05-19,MED-ATC-N02BE,Paracetamol,Analgesic,30.5
2016-05-20,MED-ATC-N02BE,Paracetamol,Analgesic,14.0
2016-05-21,MED-ATC-N02BE,Paracetamol,Analgesic,42.5
2016-05-22,MED-ATC-N02BE,Paracetamol,Analgesic,55.6
2016-05-23,MED-ATC-N02BE,Paracetamol,Analgesic,54.7
2016-05-24,MED-ATC-N02BE,Paracetamol,Analgesic,32.0
2016-05-25,MED-ATC-N02BE,Paracetamol,Analgesic,25.05
2016-05-26,MED-ATC-N02BE,Paracetamol,Analgesic,24.8
2016-05-27,MED-ATC-N02BE,Paracetamol,Analgesic,17.0
2016-05-28,MED-ATC-N02BE,Paracetamol,Analgesic,43.0
2016-05-29,MED-ATC-N02BE,Paracetamol,Analgesic,31.8
2016-05-30,MED-ATC-N02BE,Paracetamol,Analgesic,29.4
2016-05-31,MED-ATC-N02BE,Paracetamol,Analgesic,21.0
2016-06-01,MED-ATC-N02BE,Paracetamol,Analgesic,20.0
2016-06-02,MED-ATC-N02BE,Paracetamol,Analgesic,21.25
2016-06-03,MED-ATC-N02BE,Paracetamol,Analgesic,18.0
2016-06-04,MED-ATC-N02BE,Paracetamol,Analgesic,21.0
2016-06-05,MED-ATC-N02BE,Paracetamol,Analgesic,23.4
2016-06-06,MED-ATC-N02BE,Paracetamol,Analgesic,26.2
2016-06-07,MED-ATC-N02BE,Paracetamol,Analgesic,28.5
2016-06-08,MED-ATC-N02BE,Paracetamol,Analgesic,45.062
2016-06-09,MED-ATC-N02BE,Paracetamol,Analgesic,20.6
2016-06-10,MED-ATC-N02BE,Paracetamol,Analgesic,26.0
2016-06-11,MED-ATC-N02BE,Paracetamol,Analgesic,35.6
2016-06-12,MED-ATC-N02BE,Paracetamol,Analgesic,47.0
2016-06-13,MED-ATC-N02BE,Paracetamol,Analgesic,15.0
2016-06-14,MED-ATC-N02BE,Paracetamol,Analgesic,17.4
2016-06-15,MED-ATC-N02BE,Paracetamol,Analgesic,35.0
2016-06-16,MED-ATC-N02BE,Paracetamol,Analgesic,20.5
2016-06-17,MED-ATC-N02BE,Paracetamol,Analgesic,20.0
2016-06-18,MED-ATC-N02BE,Paracetamol,Analgesic,37.5
2016-06-19,MED-ATC-N02BE,Paracetamol,Analgesic,40.0
2016-06-20,MED-ATC-N02BE,Paracetamol,Analgesic,22.388
2016-06-21,MED-ATC-N02BE,Paracetamol,Analgesic,23.0
2016-06-22,MED-ATC-N02BE,Paracetamol,Analgesic,42.0
2016-06-23,MED-ATC-N02BE,Paracetamol,Analgesic,19.0
2016-06-24,MED-ATC-N02BE,Paracetamol,Analgesic,19.0
2016-06-25,MED-ATC-N02BE,Paracetamol,Analgesic,20.25
2016-06-26,MED-ATC-N02BE,Paracetamol,Analgesic,17.4
2016-06-27,MED-ATC-N02BE,Paracetamol,Analgesic,24.0
2016-06-28,MED-ATC-N02BE,Paracetamol,Analgesic,24.0
2016-06-29,MED-ATC-N02BE,Paracetamol,Analgesic,22.0
2016-06-30,MED-ATC-N02BE,Paracetamol,Analgesic,9.0
2016-07-01,MED-ATC-N02BE,Paracetamol,Analgesic,24.0
2016-07-02,MED-ATC-N02BE,Paracetamol,Analgesic,25.4
2016-07-03,MED-ATC-N02BE,Paracetamol,Analgesic,18.6
2016-07-04,MED-ATC-N02BE,Paracetamol,Analgesic,14.0
2016-07-05,MED-ATC-N02BE,Paracetamol,Analgesic,19.0
2016-07-06,MED-ATC-N02BE,Paracetamol,Analgesic,30.0
2016-07-07,MED-ATC-N02BE,Paracetamol,Analgesic,21.0
2016-07-08,MED-ATC-N02BE,Paracetamol,Analgesic,28.0
2016-07-09,MED-ATC-N02BE,Paracetamol,Analgesic,11.0
2016-07-10,MED-ATC-N02BE,Paracetamol,Analgesic,29.0
2016-07-11,MED-ATC-N02BE,Paracetamol,Analgesic,19.312
2016-07-12,MED-ATC-N02BE,Paracetamol,Analgesic,27.2
2016-07-13,MED-ATC-N02BE,Paracetamol,Analgesic,26.4
2016-07-14,MED-ATC-N02BE,Paracetamol,Analgesic,12.4
2016-07-15,MED-ATC-N02BE,Paracetamol,Analgesic,15.0
2016-07-16,MED-ATC-N02BE,Paracetamol,Analgesic,23.3
2016-07-17,MED-ATC-N02BE,Paracetamol,Analgesic,26.65
2016-07-18,MED-ATC-N02BE,Paracetamol,Analgesic,25.4
2016-07-19,MED-ATC-N02BE,Paracetamol,Analgesic,19.0
2016-07-20,MED-ATC-N02BE,Paracetamol,Analgesic,25.2
2016-07-21,MED-ATC-N02BE,Paracetamol,Analgesic,17.0
2016-07-22,MED-ATC-N02BE,Paracetamol,Analgesic,14.0
2016-07-23,MED-ATC-N02BE,Paracetamol,Analgesic,15.0
2016-07-24,MED-ATC-N02BE,Paracetamol,Analgesic,32.0
2016-07-25,MED-ATC-N02BE,Paracetamol,Analgesic,22.0
2016-07-26,MED-ATC-N02BE,Paracetamol,Analgesic,10.0
2016-07-27,MED-ATC-N02BE,Paracetamol,Analgesic,10.0
2016-07-28,MED-ATC-N02BE,Paracetamol,Analgesic,22.5
2016-07-29,MED-ATC-N02BE,Paracetamol,Analgesic,11.0
2016-07-30,MED-ATC-N02BE,Paracetamol,Analgesic,37.0
2016-07-31,MED-ATC-N02BE,Paracetamol,Analgesic,22.0
2016-08-01,MED-ATC-N02BE,Paracetamol,Analgesic,14.0
2016-08-02,MED-ATC-N02BE,Paracetamol,Analgesic,12.0
2016-08-03,MED-ATC-N02BE,Paracetamol,Analgesic,21.0
2016-08-04,MED-ATC-N02BE,Paracetamol,Analgesic,34.4
2016-08-05,MED-ATC-N02BE,Paracetamol,Analgesic,21.0
2016-08-06,MED-ATC-N02BE,Paracetamol,Analgesic,20.0
2016-08-07,MED-ATC-N02BE,Paracetamol,Analgesic,40.2
2016-08-08,MED-ATC-N02BE,Paracetamol,Analgesic,15.0
2016-08-09,MED-ATC-N02BE,Paracetamol,Analgesic,29.0
2016-08-10,MED-ATC-N02BE,Paracetamol,Analgesic,24.1
2016-08-11,MED-ATC-N02BE,Paracetamol,Analgesic,25.0
2016-08-12,MED-ATC-N02BE,Paracetamol,Analgesic,27.6
2016-08-13,MED-ATC-N02BE,Paracetamol,Analgesic,32.0
2016-08-14,MED-ATC-N02BE,Paracetamol,Analgesic,18.2167
2016-08-15,MED-ATC-N02BE,Paracetamol,Analgesic,21.0
2016-08-16,MED-ATC-N02BE,Paracetamol,Analgesic,14.45
2016-08-17,MED-ATC-N02BE,Paracetamol,Analgesic,9.5
2016-08-18,MED-ATC-N02BE,Paracetamol,Analgesic,25.6
2016-08-19,MED-ATC-N02BE,Paracetamol,Analgesic,27.0
2016-08-20,MED-ATC-N02BE,Paracetamol,Analgesic,26.2
2016-08-21,MED-ATC-N02BE,Paracetamol,Analgesic,39.0
2016-08-22,MED-ATC-N02BE,Paracetamol,Analgesic,23.2
2016-08-23,MED-ATC-N02BE,Paracetamol,Analgesic,14.7
2016-08-24,MED-ATC-N02BE,Paracetamol,Analgesic,11.3
2016-08-25,MED-ATC-N02BE,Paracetamol,Analgesic,19.4
2016-08-26,MED-ATC-N02BE,Paracetamol,Analgesic,20.7
2016-08-27,MED-ATC-N02BE,Paracetamol,Analgesic,17.5167
2016-08-28,MED-ATC-N02BE,Paracetamol,Analgesic,37.0
2016-08-29,MED-ATC-N02BE,Paracetamol,Analgesic,14.2
2016-08-30,MED-ATC-N02BE,Paracetamol,Analgesic,8.9
2016-08-31,MED-ATC-N02BE,Paracetamol,Analgesic,23.2
2016-09-01,MED-ATC-N02BE,Paracetamol,Analgesic,31.4
2016-09-02,MED-ATC-N02BE,Paracetamol,Analgesic,10.0
2016-09-03,MED-ATC-N02BE,Paracetamol,Analgesic,54.2
2016-09-04,MED-ATC-N02BE,Paracetamol,Analgesic,30.9
2016-09-05,MED-ATC-N02BE,Paracetamol,Analgesic,34.3
2016-09-06,MED-ATC-N02BE,Paracetamol,Analgesic,32.8
2016-09-07,MED-ATC-N02BE,Paracetamol,Analgesic,37.6
2016-09-08,MED-ATC-N02BE,Paracetamol,Analgesic,33.0
2016-09-09,MED-ATC-N02BE,Paracetamol,Analgesic,26.124
2016-09-10,MED-ATC-N02BE,Paracetamol,Analgesic,34.0
2016-09-11,MED-ATC-N02BE,Paracetamol,Analgesic,57.2
2016-09-12,MED-ATC-N02BE,Paracetamol,Analgesic,24.0
2016-09-13,MED-ATC-N02BE,Paracetamol,Analgesic,32.0
2016-09-14,MED-ATC-N02BE,Paracetamol,Analgesic,24.4
2016-09-15,MED-ATC-N02BE,Paracetamol,Analgesic,38.0
2016-09-16,MED-ATC-N02BE,Paracetamol,Analgesic,26.3
2016-09-17,MED-ATC-N02BE,Paracetamol,Analgesic,56.0
2016-09-18,MED-ATC-N02BE,Paracetamol,Analgesic,24.45
2016-09-19,MED-ATC-N02BE,Paracetamol,Analgesic,31.0
2016-09-20,MED-ATC-N02BE,Paracetamol,Analgesic,33.4
2016-09-21,MED-ATC-N02BE,Paracetamol,Analgesic,19.7
2016-09-22,MED-ATC-N02BE,Paracetamol,Analgesic,29.4
2016-09-23,MED-ATC-N02BE,Paracetamol,Analgesic,28.4
2016-09-24,MED-ATC-N02BE,Paracetamol,Analgesic,61.2
2016-09-25,MED-ATC-N02BE,Paracetamol,Analgesic,61.125
2016-09-26,MED-ATC-N02BE,Paracetamol,Analgesic,57.6
2016-09-27,MED-ATC-N02BE,Paracetamol,Analgesic,51.7
2016-09-28,MED-ATC-N02BE,Paracetamol,Analgesic,64.5
2016-09-29,MED-ATC-N02BE,Paracetamol,Analgesic,50.6
2016-09-30,MED-ATC-N02BE,Paracetamol,Analgesic,23.4
2016-10-01,MED-ATC-N02BE,Paracetamol,Analgesic,54.038
2016-10-02,MED-ATC-N02BE,Paracetamol,Analgesic,80.5
2016-10-03,MED-ATC-N02BE,Paracetamol,Analgesic,59.662
2016-10-04,MED-ATC-N02BE,Paracetamol,Analgesic,47.6
2016-10-05,MED-ATC-N02BE,Paracetamol,Analgesic,78.2
2016-10-06,MED-ATC-N02BE,Paracetamol,Analgesic,44.0
2016-10-07,MED-ATC-N02BE,Paracetamol,Analgesic,47.625
2016-10-08,MED-ATC-N02BE,Paracetamol,Analgesic,52.7
2016-10-09,MED-ATC-N02BE,Paracetamol,Analgesic,88.4
2016-10-10,MED-ATC-N02BE,Paracetamol,Analgesic,31.6
2016-10-11,MED-ATC-N02BE,Paracetamol,Analgesic,52.6
2016-10-12,MED-ATC-N02BE,Paracetamol,Analgesic,45.75
2016-10-13,MED-ATC-N02BE,Paracetamol,Analgesic,42.2
2016-10-14,MED-ATC-N02BE,Paracetamol,Analgesic,38.7
2016-10-15,MED-ATC-N02BE,Paracetamol,Analgesic,47.2
2016-10-16,MED-ATC-N02BE,Paracetamol,Analgesic,89.3
2016-10-17,MED-ATC-N02BE,Paracetamol,Analgesic,50.8
2016-10-18,MED-ATC-N02BE,Paracetamol,Analgesic,42.1
2016-10-19,MED-ATC-N02BE,Paracetamol,Analgesic,26.7
2016-10-20,MED-ATC-N02BE,Paracetamol,Analgesic,52.5
2016-10-21,MED-ATC-N02BE,Paracetamol,Analgesic,40.8
2016-10-22,MED-ATC-N02BE,Paracetamol,Analgesic,29.7
2016-10-23,MED-ATC-N02BE,Paracetamol,Analgesic,51.2167
2016-10-24,MED-ATC-N02BE,Paracetamol,Analgesic,37.0
2016-10-25,MED-ATC-N02BE,Paracetamol,Analgesic,62.4
2016-10-26,MED-ATC-N02BE,Paracetamol,Analgesic,28.4
2016-10-27,MED-ATC-N02BE,Paracetamol,Analgesic,32.2
2016-10-28,MED-ATC-N02BE,Paracetamol,Analgesic,34.4
2016-10-29,MED-ATC-N02BE,Paracetamol,Analgesic,78.5
2016-10-30,MED-ATC-N02BE,Paracetamol,Analgesic,73.1
2016-10-31,MED-ATC-N02BE,Paracetamol,Analgesic,43.8
2016-11-01,MED-ATC-N02BE,Paracetamol,Analgesic,25.9
2016-11-02,MED-ATC-N02BE,Paracetamol,Analgesic,42.2
2016-11-03,MED-ATC-N02BE,Paracetamol,Analgesic,42.5
2016-11-04,MED-ATC-N02BE,Paracetamol,Analgesic,24.3
2016-11-05,MED-ATC-N02BE,Paracetamol,Analgesic,35.4
2016-11-06,MED-ATC-N02BE,Paracetamol,Analgesic,42.45
2016-11-07,MED-ATC-N02BE,Paracetamol,Analgesic,35.0
2016-11-08,MED-ATC-N02BE,Paracetamol,Analgesic,20.0
2016-11-09,MED-ATC-N02BE,Paracetamol,Analgesic,25.0
2016-11-10,MED-ATC-N02BE,Paracetamol,Analgesic,31.1
2016-11-11,MED-ATC-N02BE,Paracetamol,Analgesic,33.0
2016-11-12,MED-ATC-N02BE,Paracetamol,Analgesic,56.5
2016-11-13,MED-ATC-N02BE,Paracetamol,Analgesic,60.2
2016-11-14,MED-ATC-N02BE,Paracetamol,Analgesic,50.5
2016-11-15,MED-ATC-N02BE,Paracetamol,Analgesic,30.1
2016-11-16,MED-ATC-N02BE,Paracetamol,Analgesic,38.912
2016-11-17,MED-ATC-N02BE,Paracetamol,Analgesic,41.4
2016-11-18,MED-ATC-N02BE,Paracetamol,Analgesic,31.0
2016-11-19,MED-ATC-N02BE,Paracetamol,Analgesic,35.4
2016-11-20,MED-ATC-N02BE,Paracetamol,Analgesic,25.5
2016-11-21,MED-ATC-N02BE,Paracetamol,Analgesic,30.0
2016-11-22,MED-ATC-N02BE,Paracetamol,Analgesic,23.0
2016-11-23,MED-ATC-N02BE,Paracetamol,Analgesic,44.124
2016-11-24,MED-ATC-N02BE,Paracetamol,Analgesic,28.0
2016-11-25,MED-ATC-N02BE,Paracetamol,Analgesic,21.0
2016-11-26,MED-ATC-N02BE,Paracetamol,Analgesic,36.0
2016-11-27,MED-ATC-N02BE,Paracetamol,Analgesic,61.0
2016-11-28,MED-ATC-N02BE,Paracetamol,Analgesic,23.0
2016-11-29,MED-ATC-N02BE,Paracetamol,Analgesic,45.6
2016-11-30,MED-ATC-N02BE,Paracetamol,Analgesic,24.6
2016-12-01,MED-ATC-N02BE,Paracetamol,Analgesic,55.662
2016-12-02,MED-ATC-N02BE,Paracetamol,Analgesic,43.0
2016-12-03,MED-ATC-N02BE,Paracetamol,Analgesic,43.3
2016-12-04,MED-ATC-N02BE,Paracetamol,Analgesic,67.0
2016-12-05,MED-ATC-N02BE,Paracetamol,Analgesic,23.0
2016-12-06,MED-ATC-N02BE,Paracetamol,Analgesic,27.2
2016-12-07,MED-ATC-N02BE,Paracetamol,Analgesic,47.0
2016-12-08,MED-ATC-N02BE,Paracetamol,Analgesic,35.7
2016-12-09,MED-ATC-N02BE,Paracetamol,Analgesic,35.062
2016-12-10,MED-ATC-N02BE,Paracetamol,Analgesic,45.4
2016-12-11,MED-ATC-N02BE,Paracetamol,Analgesic,62.062
2016-12-12,MED-ATC-N02BE,Paracetamol,Analgesic,44.5
2016-12-13,MED-ATC-N02BE,Paracetamol,Analgesic,43.6
2016-12-14,MED-ATC-N02BE,Paracetamol,Analgesic,32.2
2016-12-15,MED-ATC-N02BE,Paracetamol,Analgesic,22.8
2016-12-16,MED-ATC-N02BE,Paracetamol,Analgesic,39.775
2016-12-17,MED-ATC-N02BE,Paracetamol,Analgesic,59.95
2016-12-18,MED-ATC-N02BE,Paracetamol,Analgesic,60.7
2016-12-19,MED-ATC-N02BE,Paracetamol,Analgesic,0.0
2016-12-20,MED-ATC-N02BE,Paracetamol,Analgesic,46.0
2016-12-21,MED-ATC-N02BE,Paracetamol,Analgesic,37.0
2016-12-22,MED-ATC-N02BE,Paracetamol,Analgesic,38.4
2016-12-23,MED-ATC-N02BE,Paracetamol,Analgesic,32.0
2016-12-24,MED-ATC-N02BE,Paracetamol,Analgesic,82.0
2016-12-25,MED-ATC-N02BE,Paracetamol,Analgesic,79.8
2016-12-26,MED-ATC-N02BE,Paracetamol,Analgesic,58.924
2016-12-27,MED-ATC-N02BE,Paracetamol,Analgesic,54.2
2016-12-28,MED-ATC-N02BE,Paracetamol,Analgesic,57.2
2016-12-29,MED-ATC-N02BE,Paracetamol,Analgesic,81.2
2016-12-30,MED-ATC-N02BE,Paracetamol,Analgesic,161.0
2016-12-31,MED-ATC-N02BE,Paracetamol,Analgesic,108.7
2017-01-01,MED-ATC-N02BE,Paracetamol,Analgesic,25.675
2017-01-02,MED-ATC-N02BE,Paracetamol,Analgesic,32.0
2017-01-03,MED-ATC-N02BE,Paracetamol,Analgesic,66.8125
2017-01-04,MED-ATC-N02BE,Paracetamol,Analgesic,56.7667
2017-01-05,MED-ATC-N02BE,Paracetamol,Analgesic,62.2083
2017-01-06,MED-ATC-N02BE,Paracetamol,Analgesic,65.5625
2017-01-07,MED-ATC-N02BE,Paracetamol,Analgesic,34.625
2017-01-08,MED-ATC-N02BE,Paracetamol,Analgesic,25.375
2017-01-09,MED-ATC-N02BE,Paracetamol,Analgesic,56.125
2017-01-10,MED-ATC-N02BE,Paracetamol,Analgesic,54.25
2017-01-11,MED-ATC-N02BE,Paracetamol,Analgesic,51.0417
2017-01-12,MED-ATC-N02BE,Paracetamol,Analgesic,65.9375
2017-01-13,MED-ATC-N02BE,Paracetamol,Analgesic,54.4167
2017-01-14,MED-ATC-N02BE,Paracetamol,Analgesic,47.9167
2017-01-15,MED-ATC-N02BE,Paracetamol,Analgesic,38.7917
2017-01-16,MED-ATC-N02BE,Paracetamol,Analgesic,63.5625
2017-01-17,MED-ATC-N02BE,Paracetamol,Analgesic,48.4583
2017-01-18,MED-ATC-N02BE,Paracetamol,Analgesic,45.9583
2017-01-19,MED-ATC-N02BE,Paracetamol,Analgesic,37.75
2017-01-20,MED-ATC-N02BE,Paracetamol,Analgesic,37.625
2017-01-21,MED-ATC-N02BE,Paracetamol,Analgesic,50.2083
2017-01-22,MED-ATC-N02BE,Paracetamol,Analgesic,37.0208
2017-01-23,MED-ATC-N02BE,Paracetamol,Analgesic,41.75
2017-01-24,MED-ATC-N02BE,Paracetamol,Analgesic,40.0833
2017-01-25,MED-ATC-N02BE,Paracetamol,Analgesic,51.1875
2017-01-26,MED-ATC-N02BE,Paracetamol,Analgesic,36.625
2017-01-27,MED-ATC-N02BE,Paracetamol,Analgesic,42.6092
2017-01-28,MED-ATC-N02BE,Paracetamol,Analgesic,32.0833
2017-01-29,MED-ATC-N02BE,Paracetamol,Analgesic,54.1667
2017-01-30,MED-ATC-N02BE,Paracetamol,Analgesic,35.5175
2017-01-31,MED-ATC-N02BE,Paracetamol,Analgesic,47.25
2017-02-01,MED-ATC-N02BE,Paracetamol,Analgesic,31.625
2017-02-02,MED-ATC-N02BE,Paracetamol,Analgesic,42.2917
2017-02-03,MED-ATC-N02BE,Paracetamol,Analgesic,42.9008
2017-02-04,MED-ATC-N02BE,Paracetamol,Analgesic,27.7083
2017-02-05,MED-ATC-N02BE,Paracetamol,Analgesic,38.6
2017-02-06,MED-ATC-N02BE,Paracetamol,Analgesic,13.0
2017-02-07,MED-ATC-N02BE,Paracetamol,Analgesic,13.8
2017-02-08,MED-ATC-N02BE,Paracetamol,Analgesic,36.0
2017-02-09,MED-ATC-N02BE,Paracetamol,Analgesic,20.4
2017-02-10,MED-ATC-N02BE,Paracetamol,Analgesic,23.2
2017-02-11,MED-ATC-N02BE,Paracetamol,Analgesic,12.4
2017-02-12,MED-ATC-N02BE,Paracetamol,Analgesic,27.4
2017-02-13,MED-ATC-N02BE,Paracetamol,Analgesic,0.0
2017-02-14,MED-ATC-N02BE,Paracetamol,Analgesic,22.0
2017-02-15,MED-ATC-N02BE,Paracetamol,Analgesic,19.2
2017-02-16,MED-ATC-N02BE,Paracetamol,Analgesic,31.6
2017-02-17,MED-ATC-N02BE,Paracetamol,Analgesic,12.25
2017-02-18,MED-ATC-N02BE,Paracetamol,Analgesic,30.0
2017-02-19,MED-ATC-N02BE,Paracetamol,Analgesic,13.0
2017-02-20,MED-ATC-N02BE,Paracetamol,Analgesic,33.1
2017-02-21,MED-ATC-N02BE,Paracetamol,Analgesic,22.9
2017-02-22,MED-ATC-N02BE,Paracetamol,Analgesic,21.1
2017-02-23,MED-ATC-N02BE,Paracetamol,Analgesic,24.1
2017-02-24,MED-ATC-N02BE,Paracetamol,Analgesic,29.8
2017-02-25,MED-ATC-N02BE,Paracetamol,Analgesic,24.0
2017-02-26,MED-ATC-N02BE,Paracetamol,Analgesic,15.7
2017-02-27,MED-ATC-N02BE,Paracetamol,Analgesic,16.4
2017-02-28,MED-ATC-N02BE,Paracetamol,Analgesic,26.4
2017-03-01,MED-ATC-N02BE,Paracetamol,Analgesic,15.1
2017-03-02,MED-ATC-N02BE,Paracetamol,Analgesic,13.0
2017-03-03,MED-ATC-N02BE,Paracetamol,Analgesic,12.9
2017-03-04,MED-ATC-N02BE,Paracetamol,Analgesic,17.0
2017-03-05,MED-ATC-N02BE,Paracetamol,Analgesic,33.9
2017-03-06,MED-ATC-N02BE,Paracetamol,Analgesic,19.6
2017-03-07,MED-ATC-N02BE,Paracetamol,Analgesic,15.0
2017-03-08,MED-ATC-N02BE,Paracetamol,Analgesic,15.2
2017-03-09,MED-ATC-N02BE,Paracetamol,Analgesic,26.9
2017-03-10,MED-ATC-N02BE,Paracetamol,Analgesic,26.3
2017-03-11,MED-ATC-N02BE,Paracetamol,Analgesic,20.1
2017-03-12,MED-ATC-N02BE,Paracetamol,Analgesic,48.0
2017-03-13,MED-ATC-N02BE,Paracetamol,Analgesic,17.8
2017-03-14,MED-ATC-N02BE,Paracetamol,Analgesic,15.0
2017-03-15,MED-ATC-N02BE,Paracetamol,Analgesic,14.6
2017-03-16,MED-ATC-N02BE,Paracetamol,Analgesic,28.2
2017-03-17,MED-ATC-N02BE,Paracetamol,Analgesic,11.0
2017-03-18,MED-ATC-N02BE,Paracetamol,Analgesic,20.4
2017-03-19,MED-ATC-N02BE,Paracetamol,Analgesic,39.1
2017-03-20,MED-ATC-N02BE,Paracetamol,Analgesic,16.1
2017-03-21,MED-ATC-N02BE,Paracetamol,Analgesic,12.6
2017-03-22,MED-ATC-N02BE,Paracetamol,Analgesic,16.4
2017-03-23,MED-ATC-N02BE,Paracetamol,Analgesic,13.3
2017-03-24,MED-ATC-N02BE,Paracetamol,Analgesic,12.3
2017-03-25,MED-ATC-N02BE,Paracetamol,Analgesic,33.3
2017-03-26,MED-ATC-N02BE,Paracetamol,Analgesic,18.0
2017-03-27,MED-ATC-N02BE,Paracetamol,Analgesic,14.8
2017-03-28,MED-ATC-N02BE,Paracetamol,Analgesic,22.0
2017-03-29,MED-ATC-N02BE,Paracetamol,Analgesic,12.9
2017-03-30,MED-ATC-N02BE,Paracetamol,Analgesic,9.5
2017-03-31,MED-ATC-N02BE,Paracetamol,Analgesic,22.2
2017-04-01,MED-ATC-N02BE,Paracetamol,Analgesic,34.0
2017-04-02,MED-ATC-N02BE,Paracetamol,Analgesic,23.0
2017-04-03,MED-ATC-N02BE,Paracetamol,Analgesic,25.6
2017-04-04,MED-ATC-N02BE,Paracetamol,Analgesic,8.0
2017-04-05,MED-ATC-N02BE,Paracetamol,Analgesic,13.6
2017-04-06,MED-ATC-N02BE,Paracetamol,Analgesic,10.9
2017-04-07,MED-ATC-N02BE,Paracetamol,Analgesic,16.0
2017-04-08,MED-ATC-N02BE,Paracetamol,Analgesic,23.0
2017-04-09,MED-ATC-N02BE,Paracetamol,Analgesic,22.0
2017-04-10,MED-ATC-N02BE,Paracetamol,Analgesic,27.5
2017-04-11,MED-ATC-N02BE,Paracetamol,Analgesic,17.0
2017-04-12,MED-ATC-N02BE,Paracetamol,Analgesic,11.0
2017-04-13,MED-ATC-N02BE,Paracetamol,Analgesic,30.9
2017-04-14,MED-ATC-N02BE,Paracetamol,Analgesic,13.0
2017-04-15,MED-ATC-N02BE,Paracetamol,Analgesic,27.25
2017-04-16,MED-ATC-N02BE,Paracetamol,Analgesic,0.0
2017-04-17,MED-ATC-N02BE,Paracetamol,Analgesic,18.4
2017-04-18,MED-ATC-N02BE,Paracetamol,Analgesic,15.4
2017-04-19,MED-ATC-N02BE,Paracetamol,Analgesic,14.0
2017-04-20,MED-ATC-N02BE,Paracetamol,Analgesic,9.4
2017-04-21,MED-ATC-N02BE,Paracetamol,Analgesic,29.0
2017-04-22,MED-ATC-N02BE,Paracetamol,Analgesic,19.0
2017-04-23,MED-ATC-N02BE,Paracetamol,Analgesic,25.5
2017-04-24,MED-ATC-N02BE,Paracetamol,Analgesic,13.15
2017-04-25,MED-ATC-N02BE,Paracetamol,Analgesic,24.0
2017-04-26,MED-ATC-N02BE,Paracetamol,Analgesic,10.2
2017-04-27,MED-ATC-N02BE,Paracetamol,Analgesic,11.0
2017-04-28,MED-ATC-N02BE,Paracetamol,Analgesic,15.4
2017-04-29,MED-ATC-N02BE,Paracetamol,Analgesic,15.0
2017-04-30,MED-ATC-N02BE,Paracetamol,Analgesic,18.0
2017-05-01,MED-ATC-N02BE,Paracetamol,Analgesic,1.2
2017-05-02,MED-ATC-N02BE,Paracetamol,Analgesic,23.0
2017-05-03,MED-ATC-N02BE,Paracetamol,Analgesic,18.2
2017-05-04,MED-ATC-N02BE,Paracetamol,Analgesic,11.6
2017-05-05,MED-ATC-N02BE,Paracetamol,Analgesic,6.6
2017-05-06,MED-ATC-N02BE,Paracetamol,Analgesic,14.0
2017-05-07,MED-ATC-N02BE,Paracetamol,Analgesic,18.25
2017-05-08,MED-ATC-N02BE,Paracetamol,Analgesic,8.0
2017-05-09,MED-ATC-N02BE,Paracetamol,Analgesic,11.0
2017-05-10,MED-ATC-N02BE,Paracetamol,Analgesic,15.0
2017-05-11,MED-ATC-N02BE,Paracetamol,Analgesic,16.0
2017-05-12,MED-ATC-N02BE,Paracetamol,Analgesic,16.4
2017-05-13,MED-ATC-N02BE,Paracetamol,Analgesic,12.0
2017-05-14,MED-ATC-N02BE,Paracetamol,Analgesic,31.5
2017-05-15,MED-ATC-N02BE,Paracetamol,Analgesic,17.0
2017-05-16,MED-ATC-N02BE,Paracetamol,Analgesic,16.2
2017-05-17,MED-ATC-N02BE,Paracetamol,Analgesic,9.0
2017-05-18,MED-ATC-N02BE,Paracetamol,Analgesic,28.2
2017-05-19,MED-ATC-N02BE,Paracetamol,Analgesic,31.6
2017-05-20,MED-ATC-N02BE,Paracetamol,Analgesic,16.4
2017-05-21,MED-ATC-N02BE,Paracetamol,Analgesic,32.2
2017-05-22,MED-ATC-N02BE,Paracetamol,Analgesic,22.4
2017-05-23,MED-ATC-N02BE,Paracetamol,Analgesic,11.0
2017-05-24,MED-ATC-N02BE,Paracetamol,Analgesic,14.2
2017-05-25,MED-ATC-N02BE,Paracetamol,Analgesic,18.2
2017-05-26,MED-ATC-N02BE,Paracetamol,Analgesic,29.0
2017-05-27,MED-ATC-N02BE,Paracetamol,Analgesic,23.4
2017-05-28,MED-ATC-N02BE,Paracetamol,Analgesic,11.19
2017-05-29,MED-ATC-N02BE,Paracetamol,Analgesic,28.0
2017-05-30,MED-ATC-N02BE,Paracetamol,Analgesic,25.0
2017-05-31,MED-ATC-N02BE,Paracetamol,Analgesic,12.2
2017-06-01,MED-ATC-N02BE,Paracetamol,Analgesic,21.4
2017-06-02,MED-ATC-N02BE,Paracetamol,Analgesic,17.4
2017-06-03,MED-ATC-N02BE,Paracetamol,Analgesic,10.0
2017-06-04,MED-ATC-N02BE,Paracetamol,Analgesic,23.4
2017-06-05,MED-ATC-N02BE,Paracetamol,Analgesic,9.7
2017-06-06,MED-ATC-N02BE,Paracetamol,Analgesic,18.0
2017-06-07,MED-ATC-N02BE,Paracetamol,Analgesic,21.0
2017-06-08,MED-ATC-N02BE,Paracetamol,Analgesic,21.0
2017-06-09,MED-ATC-N02BE,Paracetamol,Analgesic,10.0
2017-06-10,MED-ATC-N02BE,Paracetamol,Analgesic,15.0
2017-06-11,MED-ATC-N02BE,Paracetamol,Analgesic,28.25
2017-06-12,MED-ATC-N02BE,Paracetamol,Analgesic,13.6
2017-06-13,MED-ATC-N02BE,Paracetamol,Analgesic,8.0
2017-06-14,MED-ATC-N02BE,Paracetamol,Analgesic,9.0
2017-06-15,MED-ATC-N02BE,Paracetamol,Analgesic,15.0
2017-06-16,MED-ATC-N02BE,Paracetamol,Analgesic,12.25
2017-06-17,MED-ATC-N02BE,Paracetamol,Analgesic,12.0
2017-06-18,MED-ATC-N02BE,Paracetamol,Analgesic,26.6
2017-06-19,MED-ATC-N02BE,Paracetamol,Analgesic,18.0
2017-06-20,MED-ATC-N02BE,Paracetamol,Analgesic,12.0
2017-06-21,MED-ATC-N02BE,Paracetamol,Analgesic,21.0
2017-06-22,MED-ATC-N02BE,Paracetamol,Analgesic,7.0
2017-06-23,MED-ATC-N02BE,Paracetamol,Analgesic,16.0
2017-06-24,MED-ATC-N02BE,Paracetamol,Analgesic,32.0
2017-06-25,MED-ATC-N02BE,Paracetamol,Analgesic,22.0
2017-06-26,MED-ATC-N02BE,Paracetamol,Analgesic,10.0
2017-06-27,MED-ATC-N02BE,Paracetamol,Analgesic,13.5
2017-06-28,MED-ATC-N02BE,Paracetamol,Analgesic,18.0
2017-06-29,MED-ATC-N02BE,Paracetamol,Analgesic,17.0
2017-06-30,MED-ATC-N02BE,Paracetamol,Analgesic,18.0
2017-07-01,MED-ATC-N02BE,Paracetamol,Analgesic,10.0
2017-07-02,MED-ATC-N02BE,Paracetamol,Analgesic,9.0
2017-07-03,MED-ATC-N02BE,Paracetamol,Analgesic,8.0
2017-07-04,MED-ATC-N02BE,Paracetamol,Analgesic,18.0
2017-07-05,MED-ATC-N02BE,Paracetamol,Analgesic,16.0
2017-07-06,MED-ATC-N02BE,Paracetamol,Analgesic,20.6
2017-07-07,MED-ATC-N02BE,Paracetamol,Analgesic,17.0
2017-07-08,MED-ATC-N02BE,Paracetamol,Analgesic,16.0
2017-07-09,MED-ATC-N02BE,Paracetamol,Analgesic,15.0
2017-07-10,MED-ATC-N02BE,Paracetamol,Analgesic,12.0
2017-07-11,MED-ATC-N02BE,Paracetamol,Analgesic,18.0
2017-07-12,MED-ATC-N02BE,Paracetamol,Analgesic,15.4
2017-07-13,MED-ATC-N02BE,Paracetamol,Analgesic,9.6
2017-07-14,MED-ATC-N02BE,Paracetamol,Analgesic,16.0
2017-07-15,MED-ATC-N02BE,Paracetamol,Analgesic,21.0
2017-07-16,MED-ATC-N02BE,Paracetamol,Analgesic,19.0
2017-07-17,MED-ATC-N02BE,Paracetamol,Analgesic,16.4
2017-07-18,MED-ATC-N02BE,Paracetamol,Analgesic,14.0
2017-07-19,MED-ATC-N02BE,Paracetamol,Analgesic,20.6
2017-07-20,MED-ATC-N02BE,Paracetamol,Analgesic,18.0
2017-07-21,MED-ATC-N02BE,Paracetamol,Analgesic,14.0
2017-07-22,MED-ATC-N02BE,Paracetamol,Analgesic,22.0
2017-07-23,MED-ATC-N02BE,Paracetamol,Analgesic,12.0
2017-07-24,MED-ATC-N02BE,Paracetamol,Analgesic,15.0
2017-07-25,MED-ATC-N02BE,Paracetamol,Analgesic,14.0
2017-07-26,MED-ATC-N02BE,Paracetamol,Analgesic,15.0
2017-07-27,MED-ATC-N02BE,Paracetamol,Analgesic,12.4
2017-07-28,MED-ATC-N02BE,Paracetamol,Analgesic,17.2
2017-07-29,MED-ATC-N02BE,Paracetamol,Analgesic,14.15
2017-07-30,MED-ATC-N02BE,Paracetamol,Analgesic,13.0
2017-07-31,MED-ATC-N02BE,Paracetamol,Analgesic,21.0
2017-08-01,MED-ATC-N02BE,Paracetamol,Analgesic,15.6
2017-08-02,MED-ATC-N02BE,Paracetamol,Analgesic,25.0
2017-08-03,MED-ATC-N02BE,Paracetamol,Analgesic,10.0
2017-08-04,MED-ATC-N02BE,Paracetamol,Analgesic,15.0
2017-08-05,MED-ATC-N02BE,Paracetamol,Analgesic,13.312
2017-08-06,MED-ATC-N02BE,Paracetamol,Analgesic,13.0
2017-08-07,MED-ATC-N02BE,Paracetamol,Analgesic,16.0
2017-08-08,MED-ATC-N02BE,Paracetamol,Analgesic,11.188
2017-08-09,MED-ATC-N02BE,Paracetamol,Analgesic,13.0
2017-08-10,MED-ATC-N02BE,Paracetamol,Analgesic,9.0
2017-08-11,MED-ATC-N02BE,Paracetamol,Analgesic,8.0
2017-08-12,MED-ATC-N02BE,Paracetamol,Analgesic,22.6
2017-08-13,MED-ATC-N02BE,Paracetamol,Analgesic,24.0
2017-08-14,MED-ATC-N02BE,Paracetamol,Analgesic,13.0
2017-08-15,MED-ATC-N02BE,Paracetamol,Analgesic,35.0
2017-08-16,MED-ATC-N02BE,Paracetamol,Analgesic,10.45
2017-08-17,MED-ATC-N02BE,Paracetamol,Analgesic,12.0
2017-08-18,MED-ATC-N02BE,Paracetamol,Analgesic,15.0
2017-08-19,MED-ATC-N02BE,Paracetamol,Analgesic,16.0
2017-08-20,MED-ATC-N02BE,Paracetamol,Analgesic,14.4
2017-08-21,MED-ATC-N02BE,Paracetamol,Analgesic,19.0
2017-08-22,MED-ATC-N02BE,Paracetamol,Analgesic,22.2
2017-08-23,MED-ATC-N02BE,Paracetamol,Analgesic,42.0
2017-08-24,MED-ATC-N02BE,Paracetamol,Analgesic,27.0
2017-08-25,MED-ATC-N02BE,Paracetamol,Analgesic,20.25
2017-08-26,MED-ATC-N02BE,Paracetamol,Analgesic,19.0
2017-08-27,MED-ATC-N02BE,Paracetamol,Analgesic,21.3
2017-08-28,MED-ATC-N02BE,Paracetamol,Analgesic,16.0
2017-08-29,MED-ATC-N02BE,Paracetamol,Analgesic,17.0
2017-08-30,MED-ATC-N02BE,Paracetamol,Analgesic,17.0
2017-08-31,MED-ATC-N02BE,Paracetamol,Analgesic,17.0
2017-09-01,MED-ATC-N02BE,Paracetamol,Analgesic,20.6
2017-09-02,MED-ATC-N02BE,Paracetamol,Analgesic,18.4
2017-09-03,MED-ATC-N02BE,Paracetamol,Analgesic,18.4
2017-09-04,MED-ATC-N02BE,Paracetamol,Analgesic,24.0
2017-09-05,MED-ATC-N02BE,Paracetamol,Analgesic,19.1
2017-09-06,MED-ATC-N02BE,Paracetamol,Analgesic,32.0
2017-09-07,MED-ATC-N02BE,Paracetamol,Analgesic,18.0
2017-09-08,MED-ATC-N02BE,Paracetamol,Analgesic,34.0
2017-09-09,MED-ATC-N02BE,Paracetamol,Analgesic,20.0
2017-09-10,MED-ATC-N02BE,Paracetamol,Analgesic,35.6
2017-09-11,MED-ATC-N02BE,Paracetamol,Analgesic,12.0
2017-09-12,MED-ATC-N02BE,Paracetamol,Analgesic,18.25
2017-09-13,MED-ATC-N02BE,Paracetamol,Analgesic,25.0
2017-09-14,MED-ATC-N02BE,Paracetamol,Analgesic,22.4
2017-09-15,MED-ATC-N02BE,Paracetamol,Analgesic,16.0
2017-09-16,MED-ATC-N02BE,Paracetamol,Analgesic,27.3
2017-09-17,MED-ATC-N02BE,Paracetamol,Analgesic,32.0
2017-09-18,MED-ATC-N02BE,Paracetamol,Analgesic,27.0
2017-09-19,MED-ATC-N02BE,Paracetamol,Analgesic,43.25
2017-09-20,MED-ATC-N02BE,Paracetamol,Analgesic,35.45
2017-09-21,MED-ATC-N02BE,Paracetamol,Analgesic,19.7
2017-09-22,MED-ATC-N02BE,Paracetamol,Analgesic,27.5
2017-09-23,MED-ATC-N02BE,Paracetamol,Analgesic,14.45
2017-09-24,MED-ATC-N02BE,Paracetamol,Analgesic,52.4
2017-09-25,MED-ATC-N02BE,Paracetamol,Analgesic,39.2
2017-09-26,MED-ATC-N02BE,Paracetamol,Analgesic,38.6
2017-09-27,MED-ATC-N02BE,Paracetamol,Analgesic,38.0
2017-09-28,MED-ATC-N02BE,Paracetamol,Analgesic,37.85
2017-09-29,MED-ATC-N02BE,Paracetamol,Analgesic,35.4
2017-09-30,MED-ATC-N02BE,Paracetamol,Analgesic,61.9
2017-10-01,MED-ATC-N02BE,Paracetamol,Analgesic,72.1
2017-10-02,MED-ATC-N02BE,Paracetamol,Analgesic,18.0
2017-10-03,MED-ATC-N02BE,Paracetamol,Analgesic,57.2
2017-10-04,MED-ATC-N02BE,Paracetamol,Analgesic,37.0
2017-10-05,MED-ATC-N02BE,Paracetamol,Analgesic,40.8
2017-10-06,MED-ATC-N02BE,Paracetamol,Analgesic,39.8
2017-10-07,MED-ATC-N02BE,Paracetamol,Analgesic,35.25
2017-10-08,MED-ATC-N02BE,Paracetamol,Analgesic,77.1
2017-10-09,MED-ATC-N02BE,Paracetamol,Analgesic,0.0
2017-10-10,MED-ATC-N02BE,Paracetamol,Analgesic,25.0
2017-10-11,MED-ATC-N02BE,Paracetamol,Analgesic,39.4
2017-10-12,MED-ATC-N02BE,Paracetamol,Analgesic,41.0
2017-10-13,MED-ATC-N02BE,Paracetamol,Analgesic,38.0
2017-10-14,MED-ATC-N02BE,Paracetamol,Analgesic,42.2
2017-10-15,MED-ATC-N02BE,Paracetamol,Analgesic,37.0
2017-10-16,MED-ATC-N02BE,Paracetamol,Analgesic,45.1
2017-10-17,MED-ATC-N02BE,Paracetamol,Analgesic,26.2
2017-10-18,MED-ATC-N02BE,Paracetamol,Analgesic,52.85
2017-10-19,MED-ATC-N02BE,Paracetamol,Analgesic,25.5
2017-10-20,MED-ATC-N02BE,Paracetamol,Analgesic,36.25
2017-10-21,MED-ATC-N02BE,Paracetamol,Analgesic,25.2
2017-10-22,MED-ATC-N02BE,Paracetamol,Analgesic,57.8
2017-10-23,MED-ATC-N02BE,Paracetamol,Analgesic,28.6
2017-10-24,MED-ATC-N02BE,Paracetamol,Analgesic,65.2
2017-10-25,MED-ATC-N02BE,Paracetamol,Analgesic,26.9
2017-10-26,MED-ATC-N02BE,Paracetamol,Analgesic,38.0
2017-10-27,MED-ATC-N02BE,Paracetamol,Analgesic,26.0
2017-10-28,MED-ATC-N02BE,Paracetamol,Analgesic,24.1
2017-10-29,MED-ATC-N02BE,Paracetamol,Analgesic,36.0
2017-10-30,MED-ATC-N02BE,Paracetamol,Analgesic,32.8
2017-10-31,MED-ATC-N02BE,Paracetamol,Analgesic,38.0
2017-11-01,MED-ATC-N02BE,Paracetamol,Analgesic,23.0
2017-11-02,MED-ATC-N02BE,Paracetamol,Analgesic,22.1
2017-11-03,MED-ATC-N02BE,Paracetamol,Analgesic,37.4
2017-11-04,MED-ATC-N02BE,Paracetamol,Analgesic,33.0
2017-11-05,MED-ATC-N02BE,Paracetamol,Analgesic,35.45
2017-11-06,MED-ATC-N02BE,Paracetamol,Analgesic,20.2
2017-11-07,MED-ATC-N02BE,Paracetamol,Analgesic,20.0
2017-11-08,MED-ATC-N02BE,Paracetamol,Analgesic,9.2
2017-11-09,MED-ATC-N02BE,Paracetamol,Analgesic,28.8
2017-11-10,MED-ATC-N02BE,Paracetamol,Analgesic,34.0
2017-11-11,MED-ATC-N02BE,Paracetamol,Analgesic,32.0
2017-11-12,MED-ATC-N02BE,Paracetamol,Analgesic,40.0
2017-11-13,MED-ATC-N02BE,Paracetamol,Analgesic,44.2
2017-11-14,MED-ATC-N02BE,Paracetamol,Analgesic,6.8
2017-11-15,MED-ATC-N02BE,Paracetamol,Analgesic,17.0
2017-11-16,MED-ATC-N02BE,Paracetamol,Analgesic,17.6
2017-11-17,MED-ATC-N02BE,Paracetamol,Analgesic,34.0
2017-11-18,MED-ATC-N02BE,Paracetamol,Analgesic,42.5
2017-11-19,MED-ATC-N02BE,Paracetamol,Analgesic,29.0
2017-11-20,MED-ATC-N02BE,Paracetamol,Analgesic,28.8
2017-11-21,MED-ATC-N02BE,Paracetamol,Analgesic,22.4
2017-11-22,MED-ATC-N02BE,Paracetamol,Analgesic,26.1
2017-11-23,MED-ATC-N02BE,Paracetamol,Analgesic,34.3
2017-11-24,MED-ATC-N02BE,Paracetamol,Analgesic,34.324
2017-11-25,MED-ATC-N02BE,Paracetamol,Analgesic,26.5
2017-11-26,MED-ATC-N02BE,Paracetamol,Analgesic,31.2
2017-11-27,MED-ATC-N02BE,Paracetamol,Analgesic,34.825
2017-11-28,MED-ATC-N02BE,Paracetamol,Analgesic,40.6
2017-11-29,MED-ATC-N02BE,Paracetamol,Analgesic,32.6
2017-11-30,MED-ATC-N02BE,Paracetamol,Analgesic,30.0
2017-12-01,MED-ATC-N02BE,Paracetamol,Analgesic,25.4
2017-12-02,MED-ATC-N02BE,Paracetamol,Analgesic,22.0
2017-12-03,MED-ATC-N02BE,Paracetamol,Analgesic,33.4
2017-12-04,MED-ATC-N02BE,Paracetamol,Analgesic,15.6
2017-12-05,MED-ATC-N02BE,Paracetamol,Analgesic,17.1
2017-12-06,MED-ATC-N02BE,Paracetamol,Analgesic,29.2
2017-12-07,MED-ATC-N02BE,Paracetamol,Analgesic,24.9
2017-12-08,MED-ATC-N02BE,Paracetamol,Analgesic,44.2
2017-12-09,MED-ATC-N02BE,Paracetamol,Analgesic,36.6
2017-12-10,MED-ATC-N02BE,Paracetamol,Analgesic,48.0
2017-12-11,MED-ATC-N02BE,Paracetamol,Analgesic,34.4
2017-12-12,MED-ATC-N02BE,Paracetamol,Analgesic,44.0
2017-12-13,MED-ATC-N02BE,Paracetamol,Analgesic,29.0
2017-12-14,MED-ATC-N02BE,Paracetamol,Analgesic,30.0
2017-12-15,MED-ATC-N02BE,Paracetamol,Analgesic,29.0
2017-12-16,MED-ATC-N02BE,Paracetamol,Analgesic,36.6
2017-12-17,MED-ATC-N02BE,Paracetamol,Analgesic,37.0
2017-12-18,MED-ATC-N02BE,Paracetamol,Analgesic,31.6
2017-12-19,MED-ATC-N02BE,Paracetamol,Analgesic,0.0
2017-12-20,MED-ATC-N02BE,Paracetamol,Analgesic,27.2
2017-12-21,MED-ATC-N02BE,Paracetamol,Analgesic,23.4
2017-12-22,MED-ATC-N02BE,Paracetamol,Analgesic,26.0
2017-12-23,MED-ATC-N02BE,Paracetamol,Analgesic,28.3
2017-12-24,MED-ATC-N02BE,Paracetamol,Analgesic,32.2
2017-12-25,MED-ATC-N02BE,Paracetamol,Analgesic,15.53
2017-12-26,MED-ATC-N02BE,Paracetamol,Analgesic,56.9
2017-12-27,MED-ATC-N02BE,Paracetamol,Analgesic,32.7
2017-12-28,MED-ATC-N02BE,Paracetamol,Analgesic,35.35
2017-12-29,MED-ATC-N02BE,Paracetamol,Analgesic,41.4
2017-12-30,MED-ATC-N02BE,Paracetamol,Analgesic,50.0
2017-12-31,MED-ATC-N02BE,Paracetamol,Analgesic,70.2
2018-01-01,MED-ATC-N02BE,Paracetamol,Analgesic,0.0
2018-01-02,MED-ATC-N02BE,Paracetamol,Analgesic,38.0
2018-01-03,MED-ATC-N02BE,Paracetamol,Analgesic,54.0
2018-01-04,MED-ATC-N02BE,Paracetamol,Analgesic,39.2
2018-01-05,MED-ATC-N02BE,Paracetamol,Analgesic,26.0
2018-01-06,MED-ATC-N02BE,Paracetamol,Analgesic,73.0
2018-01-07,MED-ATC-N02BE,Paracetamol,Analgesic,0.0
2018-01-08,MED-ATC-N02BE,Paracetamol,Analgesic,29.6
2018-01-09,MED-ATC-N02BE,Paracetamol,Analgesic,33.825
2018-01-10,MED-ATC-N02BE,Paracetamol,Analgesic,44.5
2018-01-11,MED-ATC-N02BE,Paracetamol,Analgesic,37.6
2018-01-12,MED-ATC-N02BE,Paracetamol,Analgesic,42.0
2018-01-13,MED-ATC-N02BE,Paracetamol,Analgesic,32.0
2018-01-14,MED-ATC-N02BE,Paracetamol,Analgesic,36.0
2018-01-15,MED-ATC-N02BE,Paracetamol,Analgesic,26.0
2018-01-16,MED-ATC-N02BE,Paracetamol,Analgesic,18.0
2018-01-17,MED-ATC-N02BE,Paracetamol,Analgesic,30.2
2018-01-18,MED-ATC-N02BE,Paracetamol,Analgesic,58.4
2018-01-19,MED-ATC-N02BE,Paracetamol,Analgesic,23.4
2018-01-20,MED-ATC-N02BE,Paracetamol,Analgesic,38.0
2018-01-21,MED-ATC-N02BE,Paracetamol,Analgesic,32.8
2018-01-22,MED-ATC-N02BE,Paracetamol,Analgesic,29.0
2018-01-23,MED-ATC-N02BE,Paracetamol,Analgesic,38.6
2018-01-24,MED-ATC-N02BE,Paracetamol,Analgesic,32.0
2018-01-25,MED-ATC-N02BE,Paracetamol,Analgesic,36.8
2018-01-26,MED-ATC-N02BE,Paracetamol,Analgesic,62.2
2018-01-27,MED-ATC-N02BE,Paracetamol,Analgesic,52.9
2018-01-28,MED-ATC-N02BE,Paracetamol,Analgesic,55.0
2018-01-29,MED-ATC-N02BE,Paracetamol,Analgesic,47.9
2018-01-30,MED-ATC-N02BE,Paracetamol,Analgesic,37.0
2018-01-31,MED-ATC-N02BE,Paracetamol,Analgesic,30.4
2018-02-01,MED-ATC-N02BE,Paracetamol,Analgesic,30.5
2018-02-02,MED-ATC-N02BE,Paracetamol,Analgesic,54.6
2018-02-03,MED-ATC-N02BE,Paracetamol,Analgesic,67.1
2018-02-04,MED-ATC-N02BE,Paracetamol,Analgesic,50.6
2018-02-05,MED-ATC-N02BE,Paracetamol,Analgesic,53.0
2018-02-06,MED-ATC-N02BE,Paracetamol,Analgesic,51.5
2018-02-07,MED-ATC-N02BE,Paracetamol,Analgesic,44.8
2018-02-08,MED-ATC-N02BE,Paracetamol,Analgesic,47.0
2018-02-09,MED-ATC-N02BE,Paracetamol,Analgesic,47.0
2018-02-10,MED-ATC-N02BE,Paracetamol,Analgesic,60.4
2018-02-11,MED-ATC-N02BE,Paracetamol,Analgesic,63.25
2018-02-12,MED-ATC-N02BE,Paracetamol,Analgesic,36.3
2018-02-13,MED-ATC-N02BE,Paracetamol,Analgesic,17.8
2018-02-14,MED-ATC-N02BE,Paracetamol,Analgesic,50.3
2018-02-15,MED-ATC-N02BE,Paracetamol,Analgesic,74.6
2018-02-16,MED-ATC-N02BE,Paracetamol,Analgesic,65.162
2018-02-17,MED-ATC-N02BE,Paracetamol,Analgesic,50.4
2018-02-18,MED-ATC-N02BE,Paracetamol,Analgesic,44.0
2018-02-19,MED-ATC-N02BE,Paracetamol,Analgesic,27.0
2018-02-20,MED-ATC-N02BE,Paracetamol,Analgesic,30.2
2018-02-21,MED-ATC-N02BE,Paracetamol,Analgesic,27.4
2018-02-22,MED-ATC-N02BE,Paracetamol,Analgesic,30.0
2018-02-23,MED-ATC-N02BE,Paracetamol,Analgesic,34.2
2018-02-24,MED-ATC-N02BE,Paracetamol,Analgesic,43.5
2018-02-25,MED-ATC-N02BE,Paracetamol,Analgesic,36.8
2018-02-26,MED-ATC-N02BE,Paracetamol,Analgesic,46.6
2018-02-27,MED-ATC-N02BE,Paracetamol,Analgesic,26.7
2018-02-28,MED-ATC-N02BE,Paracetamol,Analgesic,44.662
2018-03-01,MED-ATC-N02BE,Paracetamol,Analgesic,26.4
2018-03-02,MED-ATC-N02BE,Paracetamol,Analgesic,38.4
2018-03-03,MED-ATC-N02BE,Paracetamol,Analgesic,40.187
2018-03-04,MED-ATC-N02BE,Paracetamol,Analgesic,33.6
2018-03-05,MED-ATC-N02BE,Paracetamol,Analgesic,25.0
2018-03-06,MED-ATC-N02BE,Paracetamol,Analgesic,22.2
2018-03-07,MED-ATC-N02BE,Paracetamol,Analgesic,20.2
2018-03-08,MED-ATC-N02BE,Paracetamol,Analgesic,25.8
2018-03-09,MED-ATC-N02BE,Paracetamol,Analgesic,41.0
2018-03-10,MED-ATC-N02BE,Paracetamol,Analgesic,21.7
2018-03-11,MED-ATC-N02BE,Paracetamol,Analgesic,68.0
2018-03-12,MED-ATC-N02BE,Paracetamol,Analgesic,22.2
2018-03-13,MED-ATC-N02BE,Paracetamol,Analgesic,15.2
2018-03-14,MED-ATC-N02BE,Paracetamol,Analgesic,31.0
2018-03-15,MED-ATC-N02BE,Paracetamol,Analgesic,23.9
2018-03-16,MED-ATC-N02BE,Paracetamol,Analgesic,29.0
2018-03-17,MED-ATC-N02BE,Paracetamol,Analgesic,65.0
2018-03-18,MED-ATC-N02BE,Paracetamol,Analgesic,21.5
2018-03-19,MED-ATC-N02BE,Paracetamol,Analgesic,19.6
2018-03-20,MED-ATC-N02BE,Paracetamol,Analgesic,48.6
2018-03-21,MED-ATC-N02BE,Paracetamol,Analgesic,27.0
2018-03-22,MED-ATC-N02BE,Paracetamol,Analgesic,24.6
2018-03-23,MED-ATC-N02BE,Paracetamol,Analgesic,34.0
2018-03-24,MED-ATC-N02BE,Paracetamol,Analgesic,40.0
2018-03-25,MED-ATC-N02BE,Paracetamol,Analgesic,47.312
2018-03-26,MED-ATC-N02BE,Paracetamol,Analgesic,27.6
2018-03-27,MED-ATC-N02BE,Paracetamol,Analgesic,28.0
2018-03-28,MED-ATC-N02BE,Paracetamol,Analgesic,11.924
2018-03-29,MED-ATC-N02BE,Paracetamol,Analgesic,28.2
2018-03-30,MED-ATC-N02BE,Paracetamol,Analgesic,42.0
2018-03-31,MED-ATC-N02BE,Paracetamol,Analgesic,50.0
2018-04-01,MED-ATC-N02BE,Paracetamol,Analgesic,37.0
2018-04-02,MED-ATC-N02BE,Paracetamol,Analgesic,30.0
2018-04-03,MED-ATC-N02BE,Paracetamol,Analgesic,38.0
2018-04-04,MED-ATC-N02BE,Paracetamol,Analgesic,29.0
2018-04-05,MED-ATC-N02BE,Paracetamol,Analgesic,39.0
2018-04-06,MED-ATC-N02BE,Paracetamol,Analgesic,33.525
2018-04-07,MED-ATC-N02BE,Paracetamol,Analgesic,40.0
2018-04-08,MED-ATC-N02BE,Paracetamol,Analgesic,0.0
2018-04-09,MED-ATC-N02BE,Paracetamol,Analgesic,25.0
2018-04-10,MED-ATC-N02BE,Paracetamol,Analgesic,38.3
2018-04-11,MED-ATC-N02BE,Paracetamol,Analgesic,28.0
2018-04-12,MED-ATC-N02BE,Paracetamol,Analgesic,17.4
2018-04-13,MED-ATC-N02BE,Paracetamol,Analgesic,23.0
2018-04-14,MED-ATC-N02BE,Paracetamol,Analgesic,24.0
2018-04-15,MED-ATC-N02BE,Paracetamol,Analgesic,20.0
2018-04-16,MED-ATC-N02BE,Paracetamol,Analgesic,40.5
2018-04-17,MED-ATC-N02BE,Paracetamol,Analgesic,16.0
2018-04-18,MED-ATC-N02BE,Paracetamol,Analgesic,25.25
2018-04-19,MED-ATC-N02BE,Paracetamol,Analgesic,31.375
2018-04-20,MED-ATC-N02BE,Paracetamol,Analgesic,15.0
2018-04-21,MED-ATC-N02BE,Paracetamol,Analgesic,40.4
2018-04-22,MED-ATC-N02BE,Paracetamol,Analgesic,42.5
2018-04-23,MED-ATC-N02BE,Paracetamol,Analgesic,15.562
2018-04-24,MED-ATC-N02BE,Paracetamol,Analgesic,20.0
2018-04-25,MED-ATC-N02BE,Paracetamol,Analgesic,18.1
2018-04-26,MED-ATC-N02BE,Paracetamol,Analgesic,18.0
2018-04-27,MED-ATC-N02BE,Paracetamol,Analgesic,43.0
2018-04-28,MED-ATC-N02BE,Paracetamol,Analgesic,27.25
2018-04-29,MED-ATC-N02BE,Paracetamol,Analgesic,14.0
2018-04-30,MED-ATC-N02BE,Paracetamol,Analgesic,14.125
2018-05-01,MED-ATC-N02BE,Paracetamol,Analgesic,6.2
2018-05-02,MED-ATC-N02BE,Paracetamol,Analgesic,38.2
2018-05-03,MED-ATC-N02BE,Paracetamol,Analgesic,27.262
2018-05-04,MED-ATC-N02BE,Paracetamol,Analgesic,8.75
2018-05-05,MED-ATC-N02BE,Paracetamol,Analgesic,24.0
2018-05-06,MED-ATC-N02BE,Paracetamol,Analgesic,18.2
2018-05-07,MED-ATC-N02BE,Paracetamol,Analgesic,22.0
2018-05-08,MED-ATC-N02BE,Paracetamol,Analgesic,15.0
2018-05-09,MED-ATC-N02BE,Paracetamol,Analgesic,24.4
2018-05-10,MED-ATC-N02BE,Paracetamol,Analgesic,39.0
2018-05-11,MED-ATC-N02BE,Paracetamol,Analgesic,19.0
2018-05-12,MED-ATC-N02BE,Paracetamol,Analgesic,27.0
2018-05-13,MED-ATC-N02BE,Paracetamol,Analgesic,14.4
2018-05-14,MED-ATC-N02BE,Paracetamol,Analgesic,20.0
2018-05-15,MED-ATC-N02BE,Paracetamol,Analgesic,14.0
2018-05-16,MED-ATC-N02BE,Paracetamol,Analgesic,13.4
2018-05-17,MED-ATC-N02BE,Paracetamol,Analgesic,16.0
2018-05-18,MED-ATC-N02BE,Paracetamol,Analgesic,30.0
2018-05-19,MED-ATC-N02BE,Paracetamol,Analgesic,18.4
2018-05-20,MED-ATC-N02BE,Paracetamol,Analgesic,45.0
2018-05-21,MED-ATC-N02BE,Paracetamol,Analgesic,14.6
2018-05-22,MED-ATC-N02BE,Paracetamol,Analgesic,8.062
2018-05-23,MED-ATC-N02BE,Paracetamol,Analgesic,11.0
2018-05-24,MED-ATC-N02BE,Paracetamol,Analgesic,20.2
2018-05-25,MED-ATC-N02BE,Paracetamol,Analgesic,16.4
2018-05-26,MED-ATC-N02BE,Paracetamol,Analgesic,16.262
2018-05-27,MED-ATC-N02BE,Paracetamol,Analgesic,49.262
2018-05-28,MED-ATC-N02BE,Paracetamol,Analgesic,19.6
2018-05-29,MED-ATC-N02BE,Paracetamol,Analgesic,21.25
2018-05-30,MED-ATC-N02BE,Paracetamol,Analgesic,16.4
2018-05-31,MED-ATC-N02BE,Paracetamol,Analgesic,11.4
2018-06-01,MED-ATC-N02BE,Paracetamol,Analgesic,29.0
2018-06-02,MED-ATC-N02BE,Paracetamol,Analgesic,23.0
2018-06-03,MED-ATC-N02BE,Paracetamol,Analgesic,22.4
2018-06-04,MED-ATC-N02BE,Paracetamol,Analgesic,19.0
2018-06-05,MED-ATC-N02BE,Paracetamol,Analgesic,20.0
2018-06-06,MED-ATC-N02BE,Paracetamol,Analgesic,17.25
2018-06-07,MED-ATC-N02BE,Paracetamol,Analgesic,19.0
2018-06-08,MED-ATC-N02BE,Paracetamol,Analgesic,9.0
2018-06-09,MED-ATC-N02BE,Paracetamol,Analgesic,21.0
2018-06-10,MED-ATC-N02BE,Paracetamol,Analgesic,33.2
2018-06-11,MED-ATC-N02BE,Paracetamol,Analgesic,17.0
2018-06-12,MED-ATC-N02BE,Paracetamol,Analgesic,18.186
2018-06-13,MED-ATC-N02BE,Paracetamol,Analgesic,22.25
2018-06-14,MED-ATC-N02BE,Paracetamol,Analgesic,22.0
2018-06-15,MED-ATC-N02BE,Paracetamol,Analgesic,11.133
2018-06-16,MED-ATC-N02BE,Paracetamol,Analgesic,10.0
2018-06-17,MED-ATC-N02BE,Paracetamol,Analgesic,24.0
2018-06-18,MED-ATC-N02BE,Paracetamol,Analgesic,14.0
2018-06-19,MED-ATC-N02BE,Paracetamol,Analgesic,23.0
2018-06-20,MED-ATC-N02BE,Paracetamol,Analgesic,15.062
2018-06-21,MED-ATC-N02BE,Paracetamol,Analgesic,36.0
2018-06-22,MED-ATC-N02BE,Paracetamol,Analgesic,12.0
2018-06-23,MED-ATC-N02BE,Paracetamol,Analgesic,14.0
2018-06-24,MED-ATC-N02BE,Paracetamol,Analgesic,29.0
2018-06-25,MED-ATC-N02BE,Paracetamol,Analgesic,31.062
2018-06-26,MED-ATC-N02BE,Paracetamol,Analgesic,15.0
2018-06-27,MED-ATC-N02BE,Paracetamol,Analgesic,11.0
2018-06-28,MED-ATC-N02BE,Paracetamol,Analgesic,10.0
2018-06-29,MED-ATC-N02BE,Paracetamol,Analgesic,10.0
2018-06-30,MED-ATC-N02BE,Paracetamol,Analgesic,26.8
2018-07-01,MED-ATC-N02BE,Paracetamol,Analgesic,22.0
2018-07-02,MED-ATC-N02BE,Paracetamol,Analgesic,24.6
2018-07-03,MED-ATC-N02BE,Paracetamol,Analgesic,13.6
2018-07-04,MED-ATC-N02BE,Paracetamol,Analgesic,16.25
2018-07-05,MED-ATC-N02BE,Paracetamol,Analgesic,15.0
2018-07-06,MED-ATC-N02BE,Paracetamol,Analgesic,20.0
2018-07-07,MED-ATC-N02BE,Paracetamol,Analgesic,19.0
2018-07-08,MED-ATC-N02BE,Paracetamol,Analgesic,28.0
2018-07-09,MED-ATC-N02BE,Paracetamol,Analgesic,31.0
2018-07-10,MED-ATC-N02BE,Paracetamol,Analgesic,34.0
2018-07-11,MED-ATC-N02BE,Paracetamol,Analgesic,29.4
2018-07-12,MED-ATC-N02BE,Paracetamol,Analgesic,24.0
2018-07-13,MED-ATC-N02BE,Paracetamol,Analgesic,22.0
2018-07-14,MED-ATC-N02BE,Paracetamol,Analgesic,26.0
2018-07-15,MED-ATC-N02BE,Paracetamol,Analgesic,23.0
2018-07-16,MED-ATC-N02BE,Paracetamol,Analgesic,22.0
2018-07-17,MED-ATC-N02BE,Paracetamol,Analgesic,29.4
2018-07-18,MED-ATC-N02BE,Paracetamol,Analgesic,10.0
2018-07-19,MED-ATC-N02BE,Paracetamol,Analgesic,16.0
2018-07-20,MED-ATC-N02BE,Paracetamol,Analgesic,35.2
2018-07-21,MED-ATC-N02BE,Paracetamol,Analgesic,22.0
2018-07-22,MED-ATC-N02BE,Paracetamol,Analgesic,31.0
2018-07-23,MED-ATC-N02BE,Paracetamol,Analgesic,12.0
2018-07-24,MED-ATC-N02BE,Paracetamol,Analgesic,22.0
2018-07-25,MED-ATC-N02BE,Paracetamol,Analgesic,16.0
2018-07-26,MED-ATC-N02BE,Paracetamol,Analgesic,24.0
2018-07-27,MED-ATC-N02BE,Paracetamol,Analgesic,19.4
2018-07-28,MED-ATC-N02BE,Paracetamol,Analgesic,24.5
2018-07-29,MED-ATC-N02BE,Paracetamol,Analgesic,9.0
2018-07-30,MED-ATC-N02BE,Paracetamol,Analgesic,26.0
2018-07-31,MED-ATC-N02BE,Paracetamol,Analgesic,13.0
2018-08-01,MED-ATC-N02BE,Paracetamol,Analgesic,14.0
2018-08-02,MED-ATC-N02BE,Paracetamol,Analgesic,11.0
2018-08-03,MED-ATC-N02BE,Paracetamol,Analgesic,21.0
2018-08-04,MED-ATC-N02BE,Paracetamol,Analgesic,8.0
2018-08-05,MED-ATC-N02BE,Paracetamol,Analgesic,13.0
2018-08-06,MED-ATC-N02BE,Paracetamol,Analgesic,21.388
2018-08-07,MED-ATC-N02BE,Paracetamol,Analgesic,15.0
2018-08-08,MED-ATC-N02BE,Paracetamol,Analgesic,10.0
2018-08-09,MED-ATC-N02BE,Paracetamol,Analgesic,29.4
2018-08-10,MED-ATC-N02BE,Paracetamol,Analgesic,19.0
2018-08-11,MED-ATC-N02BE,Paracetamol,Analgesic,37.0
2018-08-12,MED-ATC-N02BE,Paracetamol,Analgesic,16.0
2018-08-13,MED-ATC-N02BE,Paracetamol,Analgesic,23.25
2018-08-14,MED-ATC-N02BE,Paracetamol,Analgesic,12.0
2018-08-15,MED-ATC-N02BE,Paracetamol,Analgesic,32.2
2018-08-16,MED-ATC-N02BE,Paracetamol,Analgesic,27.4
2018-08-17,MED-ATC-N02BE,Paracetamol,Analgesic,23.0
2018-08-18,MED-ATC-N02BE,Paracetamol,Analgesic,32.1
2018-08-19,MED-ATC-N02BE,Paracetamol,Analgesic,19.9
2018-08-20,MED-ATC-N02BE,Paracetamol,Analgesic,21.4
2018-08-21,MED-ATC-N02BE,Paracetamol,Analgesic,26.2
2018-08-22,MED-ATC-N02BE,Paracetamol,Analgesic,18.0
2018-08-23,MED-ATC-N02BE,Paracetamol,Analgesic,35.0
2018-08-24,MED-ATC-N02BE,Paracetamol,Analgesic,38.5
2018-08-25,MED-ATC-N02BE,Paracetamol,Analgesic,27.0
2018-08-26,MED-ATC-N02BE,Paracetamol,Analgesic,57.0
2018-08-27,MED-ATC-N02BE,Paracetamol,Analgesic,16.0
2018-08-28,MED-ATC-N02BE,Paracetamol,Analgesic,26.4
2018-08-29,MED-ATC-N02BE,Paracetamol,Analgesic,28.5
2018-08-30,MED-ATC-N02BE,Paracetamol,Analgesic,38.0
2018-08-31,MED-ATC-N02BE,Paracetamol,Analgesic,17.2
2018-09-01,MED-ATC-N02BE,Paracetamol,Analgesic,19.0
2018-09-02,MED-ATC-N02BE,Paracetamol,Analgesic,20.0
2018-09-03,MED-ATC-N02BE,Paracetamol,Analgesic,27.4
2018-09-04,MED-ATC-N02BE,Paracetamol,Analgesic,22.0
2018-09-05,MED-ATC-N02BE,Paracetamol,Analgesic,28.0
2018-09-06,MED-ATC-N02BE,Paracetamol,Analgesic,18.4
2018-09-07,MED-ATC-N02BE,Paracetamol,Analgesic,42.0
2018-09-08,MED-ATC-N02BE,Paracetamol,Analgesic,35.4
2018-09-09,MED-ATC-N02BE,Paracetamol,Analgesic,50.0
2018-09-10,MED-ATC-N02BE,Paracetamol,Analgesic,49.4
2018-09-11,MED-ATC-N02BE,Paracetamol,Analgesic,50.6
2018-09-12,MED-ATC-N02BE,Paracetamol,Analgesic,35.0
2018-09-13,MED-ATC-N02BE,Paracetamol,Analgesic,20.6
2018-09-14,MED-ATC-N02BE,Paracetamol,Analgesic,54.0
2018-09-15,MED-ATC-N02BE,Paracetamol,Analgesic,19.7
2018-09-16,MED-ATC-N02BE,Paracetamol,Analgesic,24.25
2018-09-17,MED-ATC-N02BE,Paracetamol,Analgesic,44.4
2018-09-18,MED-ATC-N02BE,Paracetamol,Analgesic,20.0
2018-09-19,MED-ATC-N02BE,Paracetamol,Analgesic,26.0
2018-09-20,MED-ATC-N02BE,Paracetamol,Analgesic,24.2
2018-09-21,MED-ATC-N02BE,Paracetamol,Analgesic,33.1
2018-09-22,MED-ATC-N02BE,Paracetamol,Analgesic,31.6
2018-09-23,MED-ATC-N02BE,Paracetamol,Analgesic,42.862
2018-09-24,MED-ATC-N02BE,Paracetamol,Analgesic,53.8
2018-09-25,MED-ATC-N02BE,Paracetamol,Analgesic,53.85
2018-09-26,MED-ATC-N02BE,Paracetamol,Analgesic,41.4
2018-09-27,MED-ATC-N02BE,Paracetamol,Analgesic,19.0
2018-09-28,MED-ATC-N02BE,Paracetamol,Analgesic,40.6
2018-09-29,MED-ATC-N02BE,Paracetamol,Analgesic,57.7
2018-09-30,MED-ATC-N02BE,Paracetamol,Analgesic,54.0
2018-10-01,MED-ATC-N02BE,Paracetamol,Analgesic,53.0
2018-10-02,MED-ATC-N02BE,Paracetamol,Analgesic,18.6
2018-10-03,MED-ATC-N02BE,Paracetamol,Analgesic,34.9
2018-10-04,MED-ATC-N02BE,Paracetamol,Analgesic,32.0
2018-10-05,MED-ATC-N02BE,Paracetamol,Analgesic,22.8
2018-10-06,MED-ATC-N02BE,Paracetamol,Analgesic,59.25
2018-10-07,MED-ATC-N02BE,Paracetamol,Analgesic,42.4
2018-10-08,MED-ATC-N02BE,Paracetamol,Analgesic,30.0
2018-10-09,MED-ATC-N02BE,Paracetamol,Analgesic,30.0
2018-10-10,MED-ATC-N02BE,Paracetamol,Analgesic,41.2
2018-10-11,MED-ATC-N02BE,Paracetamol,Analgesic,31.0
2018-10-12,MED-ATC-N02BE,Paracetamol,Analgesic,26.0
2018-10-13,MED-ATC-N02BE,Paracetamol,Analgesic,29.6
2018-10-14,MED-ATC-N02BE,Paracetamol,Analgesic,51.7
2018-10-15,MED-ATC-N02BE,Paracetamol,Analgesic,47.6
2018-10-16,MED-ATC-N02BE,Paracetamol,Analgesic,27.3
2018-10-17,MED-ATC-N02BE,Paracetamol,Analgesic,52.2
2018-10-18,MED-ATC-N02BE,Paracetamol,Analgesic,14.0
2018-10-19,MED-ATC-N02BE,Paracetamol,Analgesic,10.6
2018-10-20,MED-ATC-N02BE,Paracetamol,Analgesic,33.0
2018-10-21,MED-ATC-N02BE,Paracetamol,Analgesic,56.3
2018-10-22,MED-ATC-N02BE,Paracetamol,Analgesic,18.8
2018-10-23,MED-ATC-N02BE,Paracetamol,Analgesic,44.8
2018-10-24,MED-ATC-N02BE,Paracetamol,Analgesic,37.2
2018-10-25,MED-ATC-N02BE,Paracetamol,Analgesic,52.2
2018-10-26,MED-ATC-N02BE,Paracetamol,Analgesic,44.0
2018-10-27,MED-ATC-N02BE,Paracetamol,Analgesic,49.975
2018-10-28,MED-ATC-N02BE,Paracetamol,Analgesic,53.75
2018-10-29,MED-ATC-N02BE,Paracetamol,Analgesic,32.8
2018-10-30,MED-ATC-N02BE,Paracetamol,Analgesic,18.2
2018-10-31,MED-ATC-N02BE,Paracetamol,Analgesic,34.1
2018-11-01,MED-ATC-N02BE,Paracetamol,Analgesic,25.0
2018-11-02,MED-ATC-N02BE,Paracetamol,Analgesic,32.6
2018-11-03,MED-ATC-N02BE,Paracetamol,Analgesic,45.4
2018-11-04,MED-ATC-N02BE,Paracetamol,Analgesic,52.0
2018-11-05,MED-ATC-N02BE,Paracetamol,Analgesic,29.0
2018-11-06,MED-ATC-N02BE,Paracetamol,Analgesic,37.7
2018-11-07,MED-ATC-N02BE,Paracetamol,Analgesic,38.9
2018-11-08,MED-ATC-N02BE,Paracetamol,Analgesic,38.0
2018-11-09,MED-ATC-N02BE,Paracetamol,Analgesic,43.0
2018-11-10,MED-ATC-N02BE,Paracetamol,Analgesic,35.6
2018-11-11,MED-ATC-N02BE,Paracetamol,Analgesic,33.65
2018-11-12,MED-ATC-N02BE,Paracetamol,Analgesic,35.0
2018-11-13,MED-ATC-N02BE,Paracetamol,Analgesic,29.7
2018-11-14,MED-ATC-N02BE,Paracetamol,Analgesic,28.4
2018-11-15,MED-ATC-N02BE,Paracetamol,Analgesic,49.6
2018-11-16,MED-ATC-N02BE,Paracetamol,Analgesic,21.5
2018-11-17,MED-ATC-N02BE,Paracetamol,Analgesic,39.0
2018-11-18,MED-ATC-N02BE,Paracetamol,Analgesic,32.9
2018-11-19,MED-ATC-N02BE,Paracetamol,Analgesic,47.2
2018-11-20,MED-ATC-N02BE,Paracetamol,Analgesic,31.5
2018-11-21,MED-ATC-N02BE,Paracetamol,Analgesic,22.0
2018-11-22,MED-ATC-N02BE,Paracetamol,Analgesic,22.4
2018-11-23,MED-ATC-N02BE,Paracetamol,Analgesic,29.6
2018-11-24,MED-ATC-N02BE,Paracetamol,Analgesic,29.2
2018-11-25,MED-ATC-N02BE,Paracetamol,Analgesic,19.1
2018-11-26,MED-ATC-N02BE,Paracetamol,Analgesic,36.3
2018-11-27,MED-ATC-N02BE,Paracetamol,Analgesic,41.5
2018-11-28,MED-ATC-N02BE,Paracetamol,Analgesic,24.4
2018-11-29,MED-ATC-N02BE,Paracetamol,Analgesic,22.6
2018-11-30,MED-ATC-N02BE,Paracetamol,Analgesic,22.4
2018-12-01,MED-ATC-N02BE,Paracetamol,Analgesic,41.0
2018-12-02,MED-ATC-N02BE,Paracetamol,Analgesic,65.7
2018-12-03,MED-ATC-N02BE,Paracetamol,Analgesic,44.0
2018-12-04,MED-ATC-N02BE,Paracetamol,Analgesic,32.2
2018-12-05,MED-ATC-N02BE,Paracetamol,Analgesic,41.3
2018-12-06,MED-ATC-N02BE,Paracetamol,Analgesic,0.0
2018-12-07,MED-ATC-N02BE,Paracetamol,Analgesic,47.4
2018-12-08,MED-ATC-N02BE,Paracetamol,Analgesic,0.0
2018-12-09,MED-ATC-N02BE,Paracetamol,Analgesic,57.7
2018-12-10,MED-ATC-N02BE,Paracetamol,Analgesic,23.8
2018-12-11,MED-ATC-N02BE,Paracetamol,Analgesic,28.0
2018-12-12,MED-ATC-N02BE,Paracetamol,Analgesic,37.6
2018-12-13,MED-ATC-N02BE,Paracetamol,Analgesic,47.5
2018-12-14,MED-ATC-N02BE,Paracetamol,Analgesic,23.4
2018-12-15,MED-ATC-N02BE,Paracetamol,Analgesic,62.4
2018-12-16,MED-ATC-N02BE,Paracetamol,Analgesic,27.0
2018-12-17,MED-ATC-N02BE,Paracetamol,Analgesic,53.0
2018-12-18,MED-ATC-N02BE,Paracetamol,Analgesic,34.5
2018-12-19,MED-ATC-N02BE,Paracetamol,Analgesic,0.0
2018-12-20,MED-ATC-N02BE,Paracetamol,Analgesic,27.0
2018-12-21,MED-ATC-N02BE,Paracetamol,Analgesic,35.0
2018-12-22,MED-ATC-N02BE,Paracetamol,Analgesic,43.4
2018-12-23,MED-ATC-N02BE,Paracetamol,Analgesic,47.7
2018-12-24,MED-ATC-N02BE,Paracetamol,Analgesic,32.0
2018-12-25,MED-ATC-N02BE,Paracetamol,Analgesic,42.6
2018-12-26,MED-ATC-N02BE,Paracetamol,Analgesic,50.0
2018-12-27,MED-ATC-N02BE,Paracetamol,Analgesic,40.6
2018-12-28,MED-ATC-N02BE,Paracetamol,Analgesic,56.4
2018-12-29,MED-ATC-N02BE,Paracetamol,Analgesic,68.35
2018-12-30,MED-ATC-N02BE,Paracetamol,Analgesic,59.9
2018-12-31,MED-ATC-N02BE,Paracetamol,Analgesic,44.5
2014-01-02,MED-ATC-N05B,Diazepam,Anxiolytic,7.0
2014-01-03,MED-ATC-N05B,Diazepam,Anxiolytic,16.0
2014-01-04,MED-ATC-N05B,Diazepam,Anxiolytic,10.0
2014-01-05,MED-ATC-N05B,Diazepam,Anxiolytic,8.0
2014-01-06,MED-ATC-N05B,Diazepam,Anxiolytic,16.0
2014-01-07,MED-ATC-N05B,Diazepam,Anxiolytic,0.0
2014-01-08,MED-ATC-N05B,Diazepam,Anxiolytic,19.0
2014-01-09,MED-ATC-N05B,Diazepam,Anxiolytic,16.0
2014-01-10,MED-ATC-N05B,Diazepam,Anxiolytic,15.0
2014-01-11,MED-ATC-N05B,Diazepam,Anxiolytic,14.0
2014-01-12,MED-ATC-N05B,Diazepam,Anxiolytic,8.0
2014-01-13,MED-ATC-N05B,Diazepam,Anxiolytic,9.0
2014-01-14,MED-ATC-N05B,Diazepam,Anxiolytic,6.0
2014-01-15,MED-ATC-N05B,Diazepam,Anxiolytic,12.0
2014-01-16,MED-ATC-N05B,Diazepam,Anxiolytic,19.0
2014-01-17,MED-ATC-N05B,Diazepam,Anxiolytic,15.0
2014-01-18,MED-ATC-N05B,Diazepam,Anxiolytic,15.0
2014-01-19,MED-ATC-N05B,Diazepam,Anxiolytic,4.0
2014-01-20,MED-ATC-N05B,Diazepam,Anxiolytic,18.0
2014-01-21,MED-ATC-N05B,Diazepam,Anxiolytic,15.0
2014-01-22,MED-ATC-N05B,Diazepam,Anxiolytic,10.0
2014-01-23,MED-ATC-N05B,Diazepam,Anxiolytic,2.0
2014-01-24,MED-ATC-N05B,Diazepam,Anxiolytic,13.0
2014-01-25,MED-ATC-N05B,Diazepam,Anxiolytic,18.0
2014-01-26,MED-ATC-N05B,Diazepam,Anxiolytic,4.0
2014-01-27,MED-ATC-N05B,Diazepam,Anxiolytic,17.0
2014-01-28,MED-ATC-N05B,Diazepam,Anxiolytic,22.0
2014-01-29,MED-ATC-N05B,Diazepam,Anxiolytic,10.0
2014-01-30,MED-ATC-N05B,Diazepam,Anxiolytic,7.0
2014-01-31,MED-ATC-N05B,Diazepam,Anxiolytic,9.0
2014-02-01,MED-ATC-N05B,Diazepam,Anxiolytic,13.0
2014-02-02,MED-ATC-N05B,Diazepam,Anxiolytic,6.0
2014-02-03,MED-ATC-N05B,Diazepam,Anxiolytic,16.0
2014-02-04,MED-ATC-N05B,Diazepam,Anxiolytic,8.0
2014-02-05,MED-ATC-N05B,Diazepam,Anxiolytic,15.0
2014-02-06,MED-ATC-N05B,Diazepam,Anxiolytic,17.0
2014-02-07,MED-ATC-N05B,Diazepam,Anxiolytic,19.0
2014-02-08,MED-ATC-N05B,Diazepam,Anxiolytic,13.0
2014-02-09,MED-ATC-N05B,Diazepam,Anxiolytic,10.0
2014-02-10,MED-ATC-N05B,Diazepam,Anxiolytic,20.0
2014-02-11,MED-ATC-N05B,Diazepam,Anxiolytic,20.0
2014-02-12,MED-ATC-N05B,Diazepam,Anxiolytic,9.0
2014-02-13,MED-ATC-N05B,Diazepam,Anxiolytic,13.0
2014-02-14,MED-ATC-N05B,Diazepam,Anxiolytic,13.0
2014-02-15,MED-ATC-N05B,Diazepam,Anxiolytic,9.0
2014-02-16,MED-ATC-N05B,Diazepam,Anxiolytic,5.0
2014-02-17,MED-ATC-N05B,Diazepam,Anxiolytic,13.0
2014-02-18,MED-ATC-N05B,Diazepam,Anxiolytic,14.0
2014-02-19,MED-ATC-N05B,Diazepam,Anxiolytic,17.0
2014-02-20,MED-ATC-N05B,Diazepam,Anxiolytic,16.0
2014-02-21,MED-ATC-N05B,Diazepam,Anxiolytic,17.0
2014-02-22,MED-ATC-N05B,Diazepam,Anxiolytic,12.0
2014-02-23,MED-ATC-N05B,Diazepam,Anxiolytic,10.0
2014-02-24,MED-ATC-N05B,Diazepam,Anxiolytic,4.0
2014-02-25,MED-ATC-N05B,Diazepam,Anxiolytic,13.0
2014-02-26,MED-ATC-N05B,Diazepam,Anxiolytic,5.0
2014-02-27,MED-ATC-N05B,Diazepam,Anxiolytic,8.0
2014-02-28,MED-ATC-N05B,Diazepam,Anxiolytic,12.0
2014-03-01,MED-ATC-N05B,Diazepam,Anxiolytic,8.0
2014-03-02,MED-ATC-N05B,Diazepam,Anxiolytic,2.0
2014-03-03,MED-ATC-N05B,Diazepam,Anxiolytic,1.0
2014-03-04,MED-ATC-N05B,Diazepam,Anxiolytic,9.0
2014-03-05,MED-ATC-N05B,Diazepam,Anxiolytic,4.0
2014-03-06,MED-ATC-N05B,Diazepam,Anxiolytic,17.0
2014-03-07,MED-ATC-N05B,Diazepam,Anxiolytic,3.0
2014-03-08,MED-ATC-N05B,Diazepam,Anxiolytic,11.0
2014-03-09,MED-ATC-N05B,Diazepam,Anxiolytic,3.0
2014-03-10,MED-ATC-N05B,Diazepam,Anxiolytic,11.0
2014-03-11,MED-ATC-N05B,Diazepam,Anxiolytic,12.0
2014-03-12,MED-ATC-N05B,Diazepam,Anxiolytic,22.0
2014-03-13,MED-ATC-N05B,Diazepam,Anxiolytic,10.0
2014-03-14,MED-ATC-N05B,Diazepam,Anxiolytic,11.0
2014-03-15,MED-ATC-N05B,Diazepam,Anxiolytic,18.0
2014-03-16,MED-ATC-N05B,Diazepam,Anxiolytic,6.0
2014-03-17,MED-ATC-N05B,Diazepam,Anxiolytic,6.0
2014-03-18,MED-ATC-N05B,Diazepam,Anxiolytic,9.0
2014-03-19,MED-ATC-N05B,Diazepam,Anxiolytic,2.0
2014-03-20,MED-ATC-N05B,Diazepam,Anxiolytic,5.0
2014-03-21,MED-ATC-N05B,Diazepam,Anxiolytic,4.0
2014-03-22,MED-ATC-N05B,Diazepam,Anxiolytic,10.0
2014-03-23,MED-ATC-N05B,Diazepam,Anxiolytic,0.0
2014-03-24,MED-ATC-N05B,Diazepam,Anxiolytic,7.0
2014-03-25,MED-ATC-N05B,Diazepam,Anxiolytic,7.0
2014-03-26,MED-ATC-N05B,Diazepam,Anxiolytic,7.0
2014-03-27,MED-ATC-N05B,Diazepam,Anxiolytic,6.0
2014-03-28,MED-ATC-N05B,Diazepam,Anxiolytic,3.0
2014-03-29,MED-ATC-N05B,Diazepam,Anxiolytic,8.0
2014-03-30,MED-ATC-N05B,Diazepam,Anxiolytic,4.0
2014-03-31,MED-ATC-N05B,Diazepam,Anxiolytic,6.0
2014-04-01,MED-ATC-N05B,Diazepam,Anxiolytic,5.0
2014-04-02,MED-ATC-N05B,Diazepam,Anxiolytic,1.0
2014-04-03,MED-ATC-N05B,Diazepam,Anxiolytic,4.0
2014-04-04,MED-ATC-N05B,Diazepam,Anxiolytic,9.0
2014-04-05,MED-ATC-N05B,Diazepam,Anxiolytic,5.0
2014-04-06,MED-ATC-N05B,Diazepam,Anxiolytic,1.0
2014-04-07,MED-ATC-N05B,Diazepam,Anxiolytic,4.0
2014-04-08,MED-ATC-N05B,Diazepam,Anxiolytic,6.0
2014-04-09,MED-ATC-N05B,Diazepam,Anxiolytic,2.0
2014-04-10,MED-ATC-N05B,Diazepam,Anxiolytic,10.0
2014-04-11,MED-ATC-N05B,Diazepam,Anxiolytic,2.0
2014-04-12,MED-ATC-N05B,Diazepam,Anxiolytic,19.0
2014-04-13,MED-ATC-N05B,Diazepam,Anxiolytic,3.0
2014-04-14,MED-ATC-N05B,Diazepam,Anxiolytic,10.0
2014-04-15,MED-ATC-N05B,Diazepam,Anxiolytic,12.0
2014-04-16,MED-ATC-N05B,Diazepam,Anxiolytic,1.0
2014-04-17,MED-ATC-N05B,Diazepam,Anxiolytic,19.0
2014-04-18,MED-ATC-N05B,Diazepam,Anxiolytic,10.0
2014-04-19,MED-ATC-N05B,Diazepam,Anxiolytic,7.0
2014-04-20,MED-ATC-N05B,Diazepam,Anxiolytic,0.0
2014-04-21,MED-ATC-N05B,Diazepam,Anxiolytic,8.0
2014-04-22,MED-ATC-N05B,Diazepam,Anxiolytic,8.0
2014-04-23,MED-ATC-N05B,Diazepam,Anxiolytic,8.0
2014-04-24,MED-ATC-N05B,Diazepam,Anxiolytic,6.0
2014-04-25,MED-ATC-N05B,Diazepam,Anxiolytic,10.0
2014-04-26,MED-ATC-N05B,Diazepam,Anxiolytic,12.0
2014-04-27,MED-ATC-N05B,Diazepam,Anxiolytic,2.0
2014-04-28,MED-ATC-N05B,Diazepam,Anxiolytic,8.0
2014-04-29,MED-ATC-N05B,Diazepam,Anxiolytic,6.0
2014-04-30,MED-ATC-N05B,Diazepam,Anxiolytic,11.0
2014-05-01,MED-ATC-N05B,Diazepam,Anxiolytic,0.0
2014-05-02,MED-ATC-N05B,Diazepam,Anxiolytic,16.0
2014-05-03,MED-ATC-N05B,Diazepam,Anxiolytic,5.0
2014-05-04,MED-ATC-N05B,Diazepam,Anxiolytic,3.0
2014-05-05,MED-ATC-N05B,Diazepam,Anxiolytic,7.0
2014-05-06,MED-ATC-N05B,Diazepam,Anxiolytic,10.0
2014-05-07,MED-ATC-N05B,Diazepam,Anxiolytic,8.0
2014-05-08,MED-ATC-N05B,Diazepam,Anxiolytic,10.0
2014-05-09,MED-ATC-N05B,Diazepam,Anxiolytic,12.0
2014-05-10,MED-ATC-N05B,Diazepam,Anxiolytic,15.0
2014-05-11,MED-ATC-N05B,Diazepam,Anxiolytic,7.0
2014-05-12,MED-ATC-N05B,Diazepam,Anxiolytic,8.0
2014-05-13,MED-ATC-N05B,Diazepam,Anxiolytic,7.0
2014-05-14,MED-ATC-N05B,Diazepam,Anxiolytic,4.0
2014-05-15,MED-ATC-N05B,Diazepam,Anxiolytic,7.0
2014-05-16,MED-ATC-N05B,Diazepam,Anxiolytic,10.0
2014-05-17,MED-ATC-N05B,Diazepam,Anxiolytic,14.0
2014-05-18,MED-ATC-N05B,Diazepam,Anxiolytic,6.0
2014-05-19,MED-ATC-N05B,Diazepam,Anxiolytic,5.0
2014-05-20,MED-ATC-N05B,Diazepam,Anxiolytic,10.0
2014-05-21,MED-ATC-N05B,Diazepam,Anxiolytic,6.0
2014-05-22,MED-ATC-N05B,Diazepam,Anxiolytic,8.0
2014-05-23,MED-ATC-N05B,Diazepam,Anxiolytic,8.0
2014-05-24,MED-ATC-N05B,Diazepam,Anxiolytic,11.0
2014-05-25,MED-ATC-N05B,Diazepam,Anxiolytic,8.0
2014-05-26,MED-ATC-N05B,Diazepam,Anxiolytic,7.0
2014-05-27,MED-ATC-N05B,Diazepam,Anxiolytic,12.0
2014-05-28,MED-ATC-N05B,Diazepam,Anxiolytic,9.0
2014-05-29,MED-ATC-N05B,Diazepam,Anxiolytic,13.0
2014-05-30,MED-ATC-N05B,Diazepam,Anxiolytic,14.0
2014-05-31,MED-ATC-N05B,Diazepam,Anxiolytic,10.0
2014-06-01,MED-ATC-N05B,Diazepam,Anxiolytic,4.0
2014-06-02,MED-ATC-N05B,Diazepam,Anxiolytic,16.0
2014-06-03,MED-ATC-N05B,Diazepam,Anxiolytic,7.0
2014-06-04,MED-ATC-N05B,Diazepam,Anxiolytic,6.0
2014-06-05,MED-ATC-N05B,Diazepam,Anxiolytic,4.0
2014-06-06,MED-ATC-N05B,Diazepam,Anxiolytic,15.0
2014-06-07,MED-ATC-N05B,Diazepam,Anxiolytic,8.0
2014-06-08,MED-ATC-N05B,Diazepam,Anxiolytic,8.0
2014-06-09,MED-ATC-N05B,Diazepam,Anxiolytic,17.0
2014-06-10,MED-ATC-N05B,Diazepam,Anxiolytic,16.0
2014-06-11,MED-ATC-N05B,Diazepam,Anxiolytic,16.0
2014-06-12,MED-ATC-N05B,Diazepam,Anxiolytic,12.0
2014-06-13,MED-ATC-N05B,Diazepam,Anxiolytic,11.0
2014-06-14,MED-ATC-N05B,Diazepam,Anxiolytic,10.0
2014-06-15,MED-ATC-N05B,Diazepam,Anxiolytic,5.0
2014-06-16,MED-ATC-N05B,Diazepam,Anxiolytic,11.0
2014-06-17,MED-ATC-N05B,Diazepam,Anxiolytic,12.0
2014-06-18,MED-ATC-N05B,Diazepam,Anxiolytic,6.0
2014-06-19,MED-ATC-N05B,Diazepam,Anxiolytic,8.0
2014-06-20,MED-ATC-N05B,Diazepam,Anxiolytic,9.0
2014-06-21,MED-ATC-N05B,Diazepam,Anxiolytic,12.0
2014-06-22,MED-ATC-N05B,Diazepam,Anxiolytic,8.0
2014-06-23,MED-ATC-N05B,Diazepam,Anxiolytic,12.0
2014-06-24,MED-ATC-N05B,Diazepam,Anxiolytic,23.0
2014-06-25,MED-ATC-N05B,Diazepam,Anxiolytic,19.0
2014-06-26,MED-ATC-N05B,Diazepam,Anxiolytic,14.0
2014-06-27,MED-ATC-N05B,Diazepam,Anxiolytic,13.0
2014-06-28,MED-ATC-N05B,Diazepam,Anxiolytic,14.0
2014-06-29,MED-ATC-N05B,Diazepam,Anxiolytic,1.0
2014-06-30,MED-ATC-N05B,Diazepam,Anxiolytic,6.0
2014-07-01,MED-ATC-N05B,Diazepam,Anxiolytic,10.0
2014-07-02,MED-ATC-N05B,Diazepam,Anxiolytic,7.0
2014-07-03,MED-ATC-N05B,Diazepam,Anxiolytic,7.0
2014-07-04,MED-ATC-N05B,Diazepam,Anxiolytic,14.0
2014-07-05,MED-ATC-N05B,Diazepam,Anxiolytic,11.0
2014-07-06,MED-ATC-N05B,Diazepam,Anxiolytic,9.0
2014-07-07,MED-ATC-N05B,Diazepam,Anxiolytic,11.0
2014-07-08,MED-ATC-N05B,Diazepam,Anxiolytic,3.0
2014-07-09,MED-ATC-N05B,Diazepam,Anxiolytic,6.0
2014-07-10,MED-ATC-N05B,Diazepam,Anxiolytic,32.0
2014-07-11,MED-ATC-N05B,Diazepam,Anxiolytic,17.0
2014-07-12,MED-ATC-N05B,Diazepam,Anxiolytic,12.0
2014-07-13,MED-ATC-N05B,Diazepam,Anxiolytic,2.0
2014-07-14,MED-ATC-N05B,Diazepam,Anxiolytic,19.0
2014-07-15,MED-ATC-N05B,Diazepam,Anxiolytic,18.0
2014-07-16,MED-ATC-N05B,Diazepam,Anxiolytic,12.0
2014-07-17,MED-ATC-N05B,Diazepam,Anxiolytic,14.0
2014-07-18,MED-ATC-N05B,Diazepam,Anxiolytic,6.0
2014-07-19,MED-ATC-N05B,Diazepam,Anxiolytic,10.0
2014-07-20,MED-ATC-N05B,Diazepam,Anxiolytic,5.0
2014-07-21,MED-ATC-N05B,Diazepam,Anxiolytic,13.0
2014-07-22,MED-ATC-N05B,Diazepam,Anxiolytic,7.0
2014-07-23,MED-ATC-N05B,Diazepam,Anxiolytic,19.0
2014-07-24,MED-ATC-N05B,Diazepam,Anxiolytic,5.0
2014-07-25,MED-ATC-N05B,Diazepam,Anxiolytic,15.0
2014-07-26,MED-ATC-N05B,Diazepam,Anxiolytic,13.0
2014-07-27,MED-ATC-N05B,Diazepam,Anxiolytic,5.0
2014-07-28,MED-ATC-N05B,Diazepam,Anxiolytic,9.0
2014-07-29,MED-ATC-N05B,Diazepam,Anxiolytic,15.0
2014-07-30,MED-ATC-N05B,Diazepam,Anxiolytic,14.0
2014-07-31,MED-ATC-N05B,Diazepam,Anxiolytic,8.0
2014-08-01,MED-ATC-N05B,Diazepam,Anxiolytic,17.0
2014-08-02,MED-ATC-N05B,Diazepam,Anxiolytic,12.0
2014-08-03,MED-ATC-N05B,Diazepam,Anxiolytic,5.0
2014-08-04,MED-ATC-N05B,Diazepam,Anxiolytic,14.0
2014-08-05,MED-ATC-N05B,Diazepam,Anxiolytic,9.0
2014-08-06,MED-ATC-N05B,Diazepam,Anxiolytic,7.0
2014-08-07,MED-ATC-N05B,Diazepam,Anxiolytic,13.0
2014-08-08,MED-ATC-N05B,Diazepam,Anxiolytic,12.0
2014-08-09,MED-ATC-N05B,Diazepam,Anxiolytic,24.0
2014-08-10,MED-ATC-N05B,Diazepam,Anxiolytic,4.0
2014-08-11,MED-ATC-N05B,Diazepam,Anxiolytic,18.0
2014-08-12,MED-ATC-N05B,Diazepam,Anxiolytic,8.0
2014-08-13,MED-ATC-N05B,Diazepam,Anxiolytic,11.0
2014-08-14,MED-ATC-N05B,Diazepam,Anxiolytic,13.0
2014-08-15,MED-ATC-N05B,Diazepam,Anxiolytic,15.0
2014-08-16,MED-ATC-N05B,Diazepam,Anxiolytic,27.0
2014-08-17,MED-ATC-N05B,Diazepam,Anxiolytic,7.0
2014-08-18,MED-ATC-N05B,Diazepam,Anxiolytic,21.0
2014-08-19,MED-ATC-N05B,Diazepam,Anxiolytic,13.0
2014-08-20,MED-ATC-N05B,Diazepam,Anxiolytic,10.0
2014-08-21,MED-ATC-N05B,Diazepam,Anxiolytic,16.0
2014-08-22,MED-ATC-N05B,Diazepam,Anxiolytic,15.0
2014-08-23,MED-ATC-N05B,Diazepam,Anxiolytic,5.0
2014-08-24,MED-ATC-N05B,Diazepam,Anxiolytic,12.0
2014-08-25,MED-ATC-N05B,Diazepam,Anxiolytic,21.0
2014-08-26,MED-ATC-N05B,Diazepam,Anxiolytic,14.0
2014-08-27,MED-ATC-N05B,Diazepam,Anxiolytic,14.0
2014-08-28,MED-ATC-N05B,Diazepam,Anxiolytic,19.0
2014-08-29,MED-ATC-N05B,Diazepam,Anxiolytic,18.0
2014-08-30,MED-ATC-N05B,Diazepam,Anxiolytic,13.0
2014-08-31,MED-ATC-N05B,Diazepam,Anxiolytic,13.0
2014-09-01,MED-ATC-N05B,Diazepam,Anxiolytic,15.0
2014-09-02,MED-ATC-N05B,Diazepam,Anxiolytic,7.0
2014-09-03,MED-ATC-N05B,Diazepam,Anxiolytic,12.0
2014-09-04,MED-ATC-N05B,Diazepam,Anxiolytic,21.0
2014-09-05,MED-ATC-N05B,Diazepam,Anxiolytic,15.0
2014-09-06,MED-ATC-N05B,Diazepam,Anxiolytic,30.0
2014-09-07,MED-ATC-N05B,Diazepam,Anxiolytic,9.0
2014-09-08,MED-ATC-N05B,Diazepam,Anxiolytic,15.0
2014-09-09,MED-ATC-N05B,Diazepam,Anxiolytic,17.0
2014-09-10,MED-ATC-N05B,Diazepam,Anxiolytic,12.0
2014-09-11,MED-ATC-N05B,Diazepam,Anxiolytic,15.0
2014-09-12,MED-ATC-N05B,Diazepam,Anxiolytic,19.0
2014-09-13,MED-ATC-N05B,Diazepam,Anxiolytic,20.0
2014-09-14,MED-ATC-N05B,Diazepam,Anxiolytic,6.0
2014-09-15,MED-ATC-N05B,Diazepam,Anxiolytic,9.0
2014-09-16,MED-ATC-N05B,Diazepam,Anxiolytic,13.0
2014-09-17,MED-ATC-N05B,Diazepam,Anxiolytic,11.0
2014-09-18,MED-ATC-N05B,Diazepam,Anxiolytic,7.0
2014-09-19,MED-ATC-N05B,Diazepam,Anxiolytic,8.0
2014-09-20,MED-ATC-N05B,Diazepam,Anxiolytic,14.0
2014-09-21,MED-ATC-N05B,Diazepam,Anxiolytic,7.0
2014-09-22,MED-ATC-N05B,Diazepam,Anxiolytic,10.0
2014-09-23,MED-ATC-N05B,Diazepam,Anxiolytic,10.0
2014-09-24,MED-ATC-N05B,Diazepam,Anxiolytic,14.0
2014-09-25,MED-ATC-N05B,Diazepam,Anxiolytic,15.0
2014-09-26,MED-ATC-N05B,Diazepam,Anxiolytic,22.0
2014-09-27,MED-ATC-N05B,Diazepam,Anxiolytic,18.0
2014-09-28,MED-ATC-N05B,Diazepam,Anxiolytic,6.0
2014-09-29,MED-ATC-N05B,Diazepam,Anxiolytic,12.0
2014-09-30,MED-ATC-N05B,Diazepam,Anxiolytic,10.0
2014-10-01,MED-ATC-N05B,Diazepam,Anxiolytic,15.0
2014-10-02,MED-ATC-N05B,Diazepam,Anxiolytic,11.0
2014-10-03,MED-ATC-N05B,Diazepam,Anxiolytic,12.0
2014-10-04,MED-ATC-N05B,Diazepam,Anxiolytic,12.0
2014-10-05,MED-ATC-N05B,Diazepam,Anxiolytic,1.0
2014-10-06,MED-ATC-N05B,Diazepam,Anxiolytic,13.0
2014-10-07,MED-ATC-N05B,Diazepam,Anxiolytic,17.0
2014-10-08,MED-ATC-N05B,Diazepam,Anxiolytic,17.0
2014-10-09,MED-ATC-N05B,Diazepam,Anxiolytic,10.0
2014-10-10,MED-ATC-N05B,Diazepam,Anxiolytic,24.0
2014-10-11,MED-ATC-N05B,Diazepam,Anxiolytic,15.0
2014-10-12,MED-ATC-N05B,Diazepam,Anxiolytic,7.0
2014-10-13,MED-ATC-N05B,Diazepam,Anxiolytic,11.0
2014-10-14,MED-ATC-N05B,Diazepam,Anxiolytic,7.0
2014-10-15,MED-ATC-N05B,Diazepam,Anxiolytic,14.0
2014-10-16,MED-ATC-N05B,Diazepam,Anxiolytic,9.0625
2014-10-17,MED-ATC-N05B,Diazepam,Anxiolytic,22.0
2014-10-18,MED-ATC-N05B,Diazepam,Anxiolytic,24.0
2014-10-19,MED-ATC-N05B,Diazepam,Anxiolytic,9.0
2014-10-20,MED-ATC-N05B,Diazepam,Anxiolytic,25.0
2014-10-21,MED-ATC-N05B,Diazepam,Anxiolytic,11.0
2014-10-22,MED-ATC-N05B,Diazepam,Anxiolytic,7.0
2014-10-23,MED-ATC-N05B,Diazepam,Anxiolytic,7.0
2014-10-24,MED-ATC-N05B,Diazepam,Anxiolytic,18.0
2014-10-25,MED-ATC-N05B,Diazepam,Anxiolytic,21.0
2014-10-26,MED-ATC-N05B,Diazepam,Anxiolytic,6.0
2014-10-27,MED-ATC-N05B,Diazepam,Anxiolytic,17.0
2014-10-28,MED-ATC-N05B,Diazepam,Anxiolytic,23.0
2014-10-29,MED-ATC-N05B,Diazepam,Anxiolytic,20.0
2014-10-30,MED-ATC-N05B,Diazepam,Anxiolytic,11.0
2014-10-31,MED-ATC-N05B,Diazepam,Anxiolytic,16.0
2014-11-01,MED-ATC-N05B,Diazepam,Anxiolytic,22.0
2014-11-02,MED-ATC-N05B,Diazepam,Anxiolytic,3.5
2014-11-03,MED-ATC-N05B,Diazepam,Anxiolytic,19.0
2014-11-04,MED-ATC-N05B,Diazepam,Anxiolytic,15.0
2014-11-05,MED-ATC-N05B,Diazepam,Anxiolytic,19.0
2014-11-06,MED-ATC-N05B,Diazepam,Anxiolytic,23.0
2014-11-07,MED-ATC-N05B,Diazepam,Anxiolytic,32.0
2014-11-08,MED-ATC-N05B,Diazepam,Anxiolytic,24.0
2014-11-09,MED-ATC-N05B,Diazepam,Anxiolytic,20.0
2014-11-10,MED-ATC-N05B,Diazepam,Anxiolytic,13.0
2014-11-11,MED-ATC-N05B,Diazepam,Anxiolytic,18.0
2014-11-12,MED-ATC-N05B,Diazepam,Anxiolytic,16.0
2014-11-13,MED-ATC-N05B,Diazepam,Anxiolytic,10.0
2014-11-14,MED-ATC-N05B,Diazepam,Anxiolytic,20.0
2014-11-15,MED-ATC-N05B,Diazepam,Anxiolytic,20.0
2014-11-16,MED-ATC-N05B,Diazepam,Anxiolytic,13.0
2014-11-17,MED-ATC-N05B,Diazepam,Anxiolytic,23.0
2014-11-18,MED-ATC-N05B,Diazepam,Anxiolytic,10.5
2014-11-19,MED-ATC-N05B,Diazepam,Anxiolytic,17.0
2014-11-20,MED-ATC-N05B,Diazepam,Anxiolytic,13.0
2014-11-21,MED-ATC-N05B,Diazepam,Anxiolytic,16.0
2014-11-22,MED-ATC-N05B,Diazepam,Anxiolytic,15.0
2014-11-23,MED-ATC-N05B,Diazepam,Anxiolytic,11.0
2014-11-24,MED-ATC-N05B,Diazepam,Anxiolytic,19.0
2014-11-25,MED-ATC-N05B,Diazepam,Anxiolytic,18.0
2014-11-26,MED-ATC-N05B,Diazepam,Anxiolytic,13.0
2014-11-27,MED-ATC-N05B,Diazepam,Anxiolytic,9.0
2014-11-28,MED-ATC-N05B,Diazepam,Anxiolytic,12.0
2014-11-29,MED-ATC-N05B,Diazepam,Anxiolytic,16.0
2014-11-30,MED-ATC-N05B,Diazepam,Anxiolytic,9.0
2014-12-01,MED-ATC-N05B,Diazepam,Anxiolytic,19.0
2014-12-02,MED-ATC-N05B,Diazepam,Anxiolytic,26.0
2014-12-03,MED-ATC-N05B,Diazepam,Anxiolytic,23.0
2014-12-04,MED-ATC-N05B,Diazepam,Anxiolytic,16.0
2014-12-05,MED-ATC-N05B,Diazepam,Anxiolytic,15.0
2014-12-06,MED-ATC-N05B,Diazepam,Anxiolytic,9.0
2014-12-07,MED-ATC-N05B,Diazepam,Anxiolytic,6.0
2014-12-08,MED-ATC-N05B,Diazepam,Anxiolytic,9.0
2014-12-09,MED-ATC-N05B,Diazepam,Anxiolytic,12.0
2014-12-10,MED-ATC-N05B,Diazepam,Anxiolytic,28.0
2014-12-11,MED-ATC-N05B,Diazepam,Anxiolytic,21.0
2014-12-12,MED-ATC-N05B,Diazepam,Anxiolytic,18.0
2014-12-13,MED-ATC-N05B,Diazepam,Anxiolytic,11.0
2014-12-14,MED-ATC-N05B,Diazepam,Anxiolytic,10.0
2014-12-15,MED-ATC-N05B,Diazepam,Anxiolytic,14.0
2014-12-16,MED-ATC-N05B,Diazepam,Anxiolytic,23.0
2014-12-17,MED-ATC-N05B,Diazepam,Anxiolytic,17.0
2014-12-18,MED-ATC-N05B,Diazepam,Anxiolytic,9.0
2014-12-19,MED-ATC-N05B,Diazepam,Anxiolytic,0.0
2014-12-20,MED-ATC-N05B,Diazepam,Anxiolytic,9.0
2014-12-21,MED-ATC-N05B,Diazepam,Anxiolytic,6.0
2014-12-22,MED-ATC-N05B,Diazepam,Anxiolytic,43.0
2014-12-23,MED-ATC-N05B,Diazepam,Anxiolytic,13.0
2014-12-24,MED-ATC-N05B,Diazepam,Anxiolytic,16.0
2014-12-25,MED-ATC-N05B,Diazepam,Anxiolytic,16.0
2014-12-26,MED-ATC-N05B,Diazepam,Anxiolytic,25.0
2014-12-27,MED-ATC-N05B,Diazepam,Anxiolytic,26.0
2014-12-28,MED-ATC-N05B,Diazepam,Anxiolytic,15.0
2014-12-29,MED-ATC-N05B,Diazepam,Anxiolytic,5.0
2014-12-30,MED-ATC-N05B,Diazepam,Anxiolytic,18.0
2014-12-31,MED-ATC-N05B,Diazepam,Anxiolytic,14.0
2015-01-01,MED-ATC-N05B,Diazepam,Anxiolytic,0.0
2015-01-02,MED-ATC-N05B,Diazepam,Anxiolytic,13.0
2015-01-03,MED-ATC-N05B,Diazepam,Anxiolytic,11.0
2015-01-04,MED-ATC-N05B,Diazepam,Anxiolytic,4.0
2015-01-05,MED-ATC-N05B,Diazepam,Anxiolytic,14.0
2015-01-06,MED-ATC-N05B,Diazepam,Anxiolytic,13.0
2015-01-07,MED-ATC-N05B,Diazepam,Anxiolytic,0.0
2015-01-08,MED-ATC-N05B,Diazepam,Anxiolytic,13.0
2015-01-09,MED-ATC-N05B,Diazepam,Anxiolytic,33.0
2015-01-10,MED-ATC-N05B,Diazepam,Anxiolytic,14.0
2015-01-11,MED-ATC-N05B,Diazepam,Anxiolytic,11.0
2015-01-12,MED-ATC-N05B,Diazepam,Anxiolytic,18.0
2015-01-13,MED-ATC-N05B,Diazepam,Anxiolytic,14.0
2015-01-14,MED-ATC-N05B,Diazepam,Anxiolytic,20.0
2015-01-15,MED-ATC-N05B,Diazepam,Anxiolytic,13.0
2015-01-16,MED-ATC-N05B,Diazepam,Anxiolytic,16.0
2015-01-17,MED-ATC-N05B,Diazepam,Anxiolytic,18.0
2015-01-18,MED-ATC-N05B,Diazepam,Anxiolytic,16.0
2015-01-19,MED-ATC-N05B,Diazepam,Anxiolytic,12.0
2015-01-20,MED-ATC-N05B,Diazepam,Anxiolytic,24.0
2015-01-21,MED-ATC-N05B,Diazepam,Anxiolytic,17.0
2015-01-22,MED-ATC-N05B,Diazepam,Anxiolytic,19.0
2015-01-23,MED-ATC-N05B,Diazepam,Anxiolytic,14.0
2015-01-24,MED-ATC-N05B,Diazepam,Anxiolytic,31.0
2015-01-25,MED-ATC-N05B,Diazepam,Anxiolytic,11.0
2015-01-26,MED-ATC-N05B,Diazepam,Anxiolytic,15.0
2015-01-27,MED-ATC-N05B,Diazepam,Anxiolytic,14.0
2015-01-28,MED-ATC-N05B,Diazepam,Anxiolytic,18.0
2015-01-29,MED-ATC-N05B,Diazepam,Anxiolytic,16.0
2015-01-30,MED-ATC-N05B,Diazepam,Anxiolytic,19.0
2015-01-31,MED-ATC-N05B,Diazepam,Anxiolytic,12.0
2015-02-01,MED-ATC-N05B,Diazepam,Anxiolytic,7.0
2015-02-02,MED-ATC-N05B,Diazepam,Anxiolytic,14.0
2015-02-03,MED-ATC-N05B,Diazepam,Anxiolytic,18.0
2015-02-04,MED-ATC-N05B,Diazepam,Anxiolytic,6.0
2015-02-05,MED-ATC-N05B,Diazepam,Anxiolytic,12.0
2015-02-06,MED-ATC-N05B,Diazepam,Anxiolytic,7.0
2015-02-07,MED-ATC-N05B,Diazepam,Anxiolytic,9.0
2015-02-08,MED-ATC-N05B,Diazepam,Anxiolytic,8.0
2015-02-09,MED-ATC-N05B,Diazepam,Anxiolytic,8.0
2015-02-10,MED-ATC-N05B,Diazepam,Anxiolytic,11.0
2015-02-11,MED-ATC-N05B,Diazepam,Anxiolytic,16.0
2015-02-12,MED-ATC-N05B,Diazepam,Anxiolytic,11.0
2015-02-13,MED-ATC-N05B,Diazepam,Anxiolytic,11.0
2015-02-14,MED-ATC-N05B,Diazepam,Anxiolytic,13.0
2015-02-15,MED-ATC-N05B,Diazepam,Anxiolytic,7.0
2015-02-16,MED-ATC-N05B,Diazepam,Anxiolytic,4.0
2015-02-17,MED-ATC-N05B,Diazepam,Anxiolytic,3.0
2015-02-18,MED-ATC-N05B,Diazepam,Anxiolytic,4.0
2015-02-19,MED-ATC-N05B,Diazepam,Anxiolytic,2.0
2015-02-20,MED-ATC-N05B,Diazepam,Anxiolytic,5.0
2015-02-21,MED-ATC-N05B,Diazepam,Anxiolytic,9.0
2015-02-22,MED-ATC-N05B,Diazepam,Anxiolytic,7.0
2015-02-23,MED-ATC-N05B,Diazepam,Anxiolytic,9.0
2015-02-24,MED-ATC-N05B,Diazepam,Anxiolytic,11.0
2015-02-25,MED-ATC-N05B,Diazepam,Anxiolytic,8.0
2015-02-26,MED-ATC-N05B,Diazepam,Anxiolytic,13.0
2015-02-27,MED-ATC-N05B,Diazepam,Anxiolytic,1.0
2015-02-28,MED-ATC-N05B,Diazepam,Anxiolytic,9.0
2015-03-01,MED-ATC-N05B,Diazepam,Anxiolytic,3.0
2015-03-02,MED-ATC-N05B,Diazepam,Anxiolytic,6.0
2015-03-03,MED-ATC-N05B,Diazepam,Anxiolytic,14.0
2015-03-04,MED-ATC-N05B,Diazepam,Anxiolytic,4.0
2015-03-05,MED-ATC-N05B,Diazepam,Anxiolytic,2.0
2015-03-06,MED-ATC-N05B,Diazepam,Anxiolytic,4.0
2015-03-07,MED-ATC-N05B,Diazepam,Anxiolytic,0.0
2015-03-08,MED-ATC-N05B,Diazepam,Anxiolytic,9.0
2015-03-09,MED-ATC-N05B,Diazepam,Anxiolytic,10.0
2015-03-10,MED-ATC-N05B,Diazepam,Anxiolytic,6.0
2015-03-11,MED-ATC-N05B,Diazepam,Anxiolytic,9.0
2015-03-12,MED-ATC-N05B,Diazepam,Anxiolytic,5.0
2015-03-13,MED-ATC-N05B,Diazepam,Anxiolytic,11.0
2015-03-14,MED-ATC-N05B,Diazepam,Anxiolytic,9.0
2015-03-15,MED-ATC-N05B,Diazepam,Anxiolytic,3.0
2015-03-16,MED-ATC-N05B,Diazepam,Anxiolytic,8.0
2015-03-17,MED-ATC-N05B,Diazepam,Anxiolytic,9.0
2015-03-18,MED-ATC-N05B,Diazepam,Anxiolytic,5.0
2015-03-19,MED-ATC-N05B,Diazepam,Anxiolytic,7.0
2015-03-20,MED-ATC-N05B,Diazepam,Anxiolytic,13.0
2015-03-21,MED-ATC-N05B,Diazepam,Anxiolytic,4.0
2015-03-22,MED-ATC-N05B,Diazepam,Anxiolytic,9.0
2015-03-23,MED-ATC-N05B,Diazepam,Anxiolytic,5.0
2015-03-24,MED-ATC-N05B,Diazepam,Anxiolytic,8.0
2015-03-25,MED-ATC-N05B,Diazepam,Anxiolytic,10.0
2015-03-26,MED-ATC-N05B,Diazepam,Anxiolytic,10.0
2015-03-27,MED-ATC-N05B,Diazepam,Anxiolytic,3.0
2015-03-28,MED-ATC-N05B,Diazepam,Anxiolytic,6.0
2015-03-29,MED-ATC-N05B,Diazepam,Anxiolytic,7.0
2015-03-30,MED-ATC-N05B,Diazepam,Anxiolytic,4.0
2015-03-31,MED-ATC-N05B,Diazepam,Anxiolytic,5.0
2015-04-01,MED-ATC-N05B,Diazepam,Anxiolytic,7.0
2015-04-02,MED-ATC-N05B,Diazepam,Anxiolytic,3.0
2015-04-03,MED-ATC-N05B,Diazepam,Anxiolytic,12.0
2015-04-04,MED-ATC-N05B,Diazepam,Anxiolytic,7.0
2015-04-05,MED-ATC-N05B,Diazepam,Anxiolytic,4.0
2015-04-06,MED-ATC-N05B,Diazepam,Anxiolytic,4.0
2015-04-07,MED-ATC-N05B,Diazepam,Anxiolytic,8.0
2015-04-08,MED-ATC-N05B,Diazepam,Anxiolytic,11.0
2015-04-09,MED-ATC-N05B,Diazepam,Anxiolytic,8.0
2015-04-10,MED-ATC-N05B,Diazepam,Anxiolytic,5.0
2015-04-11,MED-ATC-N05B,Diazepam,Anxiolytic,9.0
2015-04-12,MED-ATC-N05B,Diazepam,Anxiolytic,0.0
2015-04-13,MED-ATC-N05B,Diazepam,Anxiolytic,5.0
2015-04-14,MED-ATC-N05B,Diazepam,Anxiolytic,5.0
2015-04-15,MED-ATC-N05B,Diazepam,Anxiolytic,15.0
2015-04-16,MED-ATC-N05B,Diazepam,Anxiolytic,7.0
2015-04-17,MED-ATC-N05B,Diazepam,Anxiolytic,6.0
2015-04-18,MED-ATC-N05B,Diazepam,Anxiolytic,1.0
2015-04-19,MED-ATC-N05B,Diazepam,Anxiolytic,3.0
2015-04-20,MED-ATC-N05B,Diazepam,Anxiolytic,13.0
2015-04-21,MED-ATC-N05B,Diazepam,Anxiolytic,9.0
2015-04-22,MED-ATC-N05B,Diazepam,Anxiolytic,3.0
2015-04-23,MED-ATC-N05B,Diazepam,Anxiolytic,8.0
2015-04-24,MED-ATC-N05B,Diazepam,Anxiolytic,5.0
2015-04-25,MED-ATC-N05B,Diazepam,Anxiolytic,3.0
2015-04-26,MED-ATC-N05B,Diazepam,Anxiolytic,5.0
2015-04-27,MED-ATC-N05B,Diazepam,Anxiolytic,10.0
2015-04-28,MED-ATC-N05B,Diazepam,Anxiolytic,7.0
2015-04-29,MED-ATC-N05B,Diazepam,Anxiolytic,2.0
2015-04-30,MED-ATC-N05B,Diazepam,Anxiolytic,7.0
2015-05-01,MED-ATC-N05B,Diazepam,Anxiolytic,4.0
2015-05-02,MED-ATC-N05B,Diazepam,Anxiolytic,6.0
2015-05-03,MED-ATC-N05B,Diazepam,Anxiolytic,4.0
2015-05-04,MED-ATC-N05B,Diazepam,Anxiolytic,5.0
2015-05-05,MED-ATC-N05B,Diazepam,Anxiolytic,6.0
2015-05-06,MED-ATC-N05B,Diazepam,Anxiolytic,11.0
2015-05-07,MED-ATC-N05B,Diazepam,Anxiolytic,4.0
2015-05-08,MED-ATC-N05B,Diazepam,Anxiolytic,8.0
2015-05-09,MED-ATC-N05B,Diazepam,Anxiolytic,11.0
2015-05-10,MED-ATC-N05B,Diazepam,Anxiolytic,3.0
2015-05-11,MED-ATC-N05B,Diazepam,Anxiolytic,3.0
2015-05-12,MED-ATC-N05B,Diazepam,Anxiolytic,13.0
2015-05-13,MED-ATC-N05B,Diazepam,Anxiolytic,5.0
2015-05-14,MED-ATC-N05B,Diazepam,Anxiolytic,1.0
2015-05-15,MED-ATC-N05B,Diazepam,Anxiolytic,8.0
2015-05-16,MED-ATC-N05B,Diazepam,Anxiolytic,4.0
2015-05-17,MED-ATC-N05B,Diazepam,Anxiolytic,0.0
2015-05-18,MED-ATC-N05B,Diazepam,Anxiolytic,6.0
2015-05-19,MED-ATC-N05B,Diazepam,Anxiolytic,8.0
2015-05-20,MED-ATC-N05B,Diazepam,Anxiolytic,12.0
2015-05-21,MED-ATC-N05B,Diazepam,Anxiolytic,5.0
2015-05-22,MED-ATC-N05B,Diazepam,Anxiolytic,8.0
2015-05-23,MED-ATC-N05B,Diazepam,Anxiolytic,10.0
2015-05-24,MED-ATC-N05B,Diazepam,Anxiolytic,5.0
2015-05-25,MED-ATC-N05B,Diazepam,Anxiolytic,11.0
2015-05-26,MED-ATC-N05B,Diazepam,Anxiolytic,11.0
2015-05-27,MED-ATC-N05B,Diazepam,Anxiolytic,7.0
2015-05-28,MED-ATC-N05B,Diazepam,Anxiolytic,3.0
2015-05-29,MED-ATC-N05B,Diazepam,Anxiolytic,6.0
2015-05-30,MED-ATC-N05B,Diazepam,Anxiolytic,4.0
2015-05-31,MED-ATC-N05B,Diazepam,Anxiolytic,2.0
2015-06-01,MED-ATC-N05B,Diazepam,Anxiolytic,12.0
2015-06-02,MED-ATC-N05B,Diazepam,Anxiolytic,10.0
2015-06-03,MED-ATC-N05B,Diazepam,Anxiolytic,9.0
2015-06-04,MED-ATC-N05B,Diazepam,Anxiolytic,5.0
2015-06-05,MED-ATC-N05B,Diazepam,Anxiolytic,6.0
2015-06-06,MED-ATC-N05B,Diazepam,Anxiolytic,6.0
2015-06-07,MED-ATC-N05B,Diazepam,Anxiolytic,6.0
2015-06-08,MED-ATC-N05B,Diazepam,Anxiolytic,10.0
2015-06-09,MED-ATC-N05B,Diazepam,Anxiolytic,14.0
2015-06-10,MED-ATC-N05B,Diazepam,Anxiolytic,6.0
2015-06-11,MED-ATC-N05B,Diazepam,Anxiolytic,11.0
2015-06-12,MED-ATC-N05B,Diazepam,Anxiolytic,2.0
2015-06-13,MED-ATC-N05B,Diazepam,Anxiolytic,6.0
2015-06-14,MED-ATC-N05B,Diazepam,Anxiolytic,6.0
2015-06-15,MED-ATC-N05B,Diazepam,Anxiolytic,9.0
2015-06-16,MED-ATC-N05B,Diazepam,Anxiolytic,6.0
2015-06-17,MED-ATC-N05B,Diazepam,Anxiolytic,10.0
2015-06-18,MED-ATC-N05B,Diazepam,Anxiolytic,4.0
2015-06-19,MED-ATC-N05B,Diazepam,Anxiolytic,13.0
2015-06-20,MED-ATC-N05B,Diazepam,Anxiolytic,5.0
2015-06-21,MED-ATC-N05B,Diazepam,Anxiolytic,5.0
2015-06-22,MED-ATC-N05B,Diazepam,Anxiolytic,0.0
2015-06-23,MED-ATC-N05B,Diazepam,Anxiolytic,7.0
2015-06-24,MED-ATC-N05B,Diazepam,Anxiolytic,5.0
2015-06-25,MED-ATC-N05B,Diazepam,Anxiolytic,4.0
2015-06-26,MED-ATC-N05B,Diazepam,Anxiolytic,3.0
2015-06-27,MED-ATC-N05B,Diazepam,Anxiolytic,10.0
2015-06-28,MED-ATC-N05B,Diazepam,Anxiolytic,0.0
2015-06-29,MED-ATC-N05B,Diazepam,Anxiolytic,15.0
2015-06-30,MED-ATC-N05B,Diazepam,Anxiolytic,12.0
2015-07-01,MED-ATC-N05B,Diazepam,Anxiolytic,14.0
2015-07-02,MED-ATC-N05B,Diazepam,Anxiolytic,3.0
2015-07-03,MED-ATC-N05B,Diazepam,Anxiolytic,10.0
2015-07-04,MED-ATC-N05B,Diazepam,Anxiolytic,2.0
2015-07-05,MED-ATC-N05B,Diazepam,Anxiolytic,10.0
2015-07-06,MED-ATC-N05B,Diazepam,Anxiolytic,8.0
2015-07-07,MED-ATC-N05B,Diazepam,Anxiolytic,5.0
2015-07-08,MED-ATC-N05B,Diazepam,Anxiolytic,6.0
2015-07-09,MED-ATC-N05B,Diazepam,Anxiolytic,4.0
2015-07-10,MED-ATC-N05B,Diazepam,Anxiolytic,15.0
2015-07-11,MED-ATC-N05B,Diazepam,Anxiolytic,9.0
2015-07-12,MED-ATC-N05B,Diazepam,Anxiolytic,5.0
2015-07-13,MED-ATC-N05B,Diazepam,Anxiolytic,5.0
2015-07-14,MED-ATC-N05B,Diazepam,Anxiolytic,1.0
2015-07-15,MED-ATC-N05B,Diazepam,Anxiolytic,5.0
2015-07-16,MED-ATC-N05B,Diazepam,Anxiolytic,3.0
2015-07-17,MED-ATC-N05B,Diazepam,Anxiolytic,3.0
2015-07-18,MED-ATC-N05B,Diazepam,Anxiolytic,8.0
2015-07-19,MED-ATC-N05B,Diazepam,Anxiolytic,1.0
2015-07-20,MED-ATC-N05B,Diazepam,Anxiolytic,4.0
2015-07-21,MED-ATC-N05B,Diazepam,Anxiolytic,7.0
2015-07-22,MED-ATC-N05B,Diazepam,Anxiolytic,10.0
2015-07-23,MED-ATC-N05B,Diazepam,Anxiolytic,3.0
2015-07-24,MED-ATC-N05B,Diazepam,Anxiolytic,9.0
2015-07-25,MED-ATC-N05B,Diazepam,Anxiolytic,7.0
2015-07-26,MED-ATC-N05B,Diazepam,Anxiolytic,4.0
2015-07-27,MED-ATC-N05B,Diazepam,Anxiolytic,9.0
2015-07-28,MED-ATC-N05B,Diazepam,Anxiolytic,14.0
2015-07-29,MED-ATC-N05B,Diazepam,Anxiolytic,8.0
2015-07-30,MED-ATC-N05B,Diazepam,Anxiolytic,3.0
2015-07-31,MED-ATC-N05B,Diazepam,Anxiolytic,8.0
2015-08-01,MED-ATC-N05B,Diazepam,Anxiolytic,14.0
2015-08-02,MED-ATC-N05B,Diazepam,Anxiolytic,9.0
2015-08-03,MED-ATC-N05B,Diazepam,Anxiolytic,3.5
2015-08-04,MED-ATC-N05B,Diazepam,Anxiolytic,5.0
2015-08-05,MED-ATC-N05B,Diazepam,Anxiolytic,3.5
2015-08-06,MED-ATC-N05B,Diazepam,Anxiolytic,11.0
2015-08-07,MED-ATC-N05B,Diazepam,Anxiolytic,9.0
2015-08-08,MED-ATC-N05B,Diazepam,Anxiolytic,5.0
2015-08-09,MED-ATC-N05B,Diazepam,Anxiolytic,5.0
2015-08-10,MED-ATC-N05B,Diazepam,Anxiolytic,12.5
2015-08-11,MED-ATC-N05B,Diazepam,Anxiolytic,10.0
2015-08-12,MED-ATC-N05B,Diazepam,Anxiolytic,9.5
2015-08-13,MED-ATC-N05B,Diazepam,Anxiolytic,9.0
2015-08-14,MED-ATC-N05B,Diazepam,Anxiolytic,5.0
2015-08-15,MED-ATC-N05B,Diazepam,Anxiolytic,14.0
2015-08-16,MED-ATC-N05B,Diazepam,Anxiolytic,4.0
2015-08-17,MED-ATC-N05B,Diazepam,Anxiolytic,6.0
2015-08-18,MED-ATC-N05B,Diazepam,Anxiolytic,16.0
2015-08-19,MED-ATC-N05B,Diazepam,Anxiolytic,15.0
2015-08-20,MED-ATC-N05B,Diazepam,Anxiolytic,6.0
2015-08-21,MED-ATC-N05B,Diazepam,Anxiolytic,8.0
2015-08-22,MED-ATC-N05B,Diazepam,Anxiolytic,6.0
2015-08-23,MED-ATC-N05B,Diazepam,Anxiolytic,8.0
2015-08-24,MED-ATC-N05B,Diazepam,Anxiolytic,8.0
2015-08-25,MED-ATC-N05B,Diazepam,Anxiolytic,20.0
2015-08-26,MED-ATC-N05B,Diazepam,Anxiolytic,7.0
2015-08-27,MED-ATC-N05B,Diazepam,Anxiolytic,8.0
2015-08-28,MED-ATC-N05B,Diazepam,Anxiolytic,12.0
2015-08-29,MED-ATC-N05B,Diazepam,Anxiolytic,4.0
2015-08-30,MED-ATC-N05B,Diazepam,Anxiolytic,3.0
2015-08-31,MED-ATC-N05B,Diazepam,Anxiolytic,9.5
2015-09-01,MED-ATC-N05B,Diazepam,Anxiolytic,8.0
2015-09-02,MED-ATC-N05B,Diazepam,Anxiolytic,9.5
2015-09-03,MED-ATC-N05B,Diazepam,Anxiolytic,13.0
2015-09-04,MED-ATC-N05B,Diazepam,Anxiolytic,8.0
2015-09-05,MED-ATC-N05B,Diazepam,Anxiolytic,10.5
2015-09-06,MED-ATC-N05B,Diazepam,Anxiolytic,8.0
2015-09-07,MED-ATC-N05B,Diazepam,Anxiolytic,7.0
2015-09-08,MED-ATC-N05B,Diazepam,Anxiolytic,4.0
2015-09-09,MED-ATC-N05B,Diazepam,Anxiolytic,8.0
2015-09-10,MED-ATC-N05B,Diazepam,Anxiolytic,18.0
2015-09-11,MED-ATC-N05B,Diazepam,Anxiolytic,9.0
2015-09-12,MED-ATC-N05B,Diazepam,Anxiolytic,6.0
2015-09-13,MED-ATC-N05B,Diazepam,Anxiolytic,4.0
2015-09-14,MED-ATC-N05B,Diazepam,Anxiolytic,14.0
2015-09-15,MED-ATC-N05B,Diazepam,Anxiolytic,7.5
2015-09-16,MED-ATC-N05B,Diazepam,Anxiolytic,6.0
2015-09-17,MED-ATC-N05B,Diazepam,Anxiolytic,3.0
2015-09-18,MED-ATC-N05B,Diazepam,Anxiolytic,4.0
2015-09-19,MED-ATC-N05B,Diazepam,Anxiolytic,7.0
2015-09-20,MED-ATC-N05B,Diazepam,Anxiolytic,15.0
2015-09-21,MED-ATC-N05B,Diazepam,Anxiolytic,6.0
2015-09-22,MED-ATC-N05B,Diazepam,Anxiolytic,10.0
2015-09-23,MED-ATC-N05B,Diazepam,Anxiolytic,7.0
2015-09-24,MED-ATC-N05B,Diazepam,Anxiolytic,7.0
2015-09-25,MED-ATC-N05B,Diazepam,Anxiolytic,11.0
2015-09-26,MED-ATC-N05B,Diazepam,Anxiolytic,6.0
2015-09-27,MED-ATC-N05B,Diazepam,Anxiolytic,3.0
2015-09-28,MED-ATC-N05B,Diazepam,Anxiolytic,8.0
2015-09-29,MED-ATC-N05B,Diazepam,Anxiolytic,7.0
2015-09-30,MED-ATC-N05B,Diazepam,Anxiolytic,9.0
2015-10-01,MED-ATC-N05B,Diazepam,Anxiolytic,2.0
2015-10-02,MED-ATC-N05B,Diazepam,Anxiolytic,5.0
2015-10-03,MED-ATC-N05B,Diazepam,Anxiolytic,7.0
2015-10-04,MED-ATC-N05B,Diazepam,Anxiolytic,3.0
2015-10-05,MED-ATC-N05B,Diazepam,Anxiolytic,11.0
2015-10-06,MED-ATC-N05B,Diazepam,Anxiolytic,9.0
2015-10-07,MED-ATC-N05B,Diazepam,Anxiolytic,8.0
2015-10-08,MED-ATC-N05B,Diazepam,Anxiolytic,5.0
2015-10-09,MED-ATC-N05B,Diazepam,Anxiolytic,13.0
2015-10-10,MED-ATC-N05B,Diazepam,Anxiolytic,19.5
2015-10-11,MED-ATC-N05B,Diazepam,Anxiolytic,8.0
2015-10-12,MED-ATC-N05B,Diazepam,Anxiolytic,12.0
2015-10-13,MED-ATC-N05B,Diazepam,Anxiolytic,5.5
2015-10-14,MED-ATC-N05B,Diazepam,Anxiolytic,7.0
2015-10-15,MED-ATC-N05B,Diazepam,Anxiolytic,4.0
2015-10-16,MED-ATC-N05B,Diazepam,Anxiolytic,2.0
2015-10-17,MED-ATC-N05B,Diazepam,Anxiolytic,8.0
2015-10-18,MED-ATC-N05B,Diazepam,Anxiolytic,3.0
2015-10-19,MED-ATC-N05B,Diazepam,Anxiolytic,3.0
2015-10-20,MED-ATC-N05B,Diazepam,Anxiolytic,6.0
2015-10-21,MED-ATC-N05B,Diazepam,Anxiolytic,9.0
2015-10-22,MED-ATC-N05B,Diazepam,Anxiolytic,9.0
2015-10-23,MED-ATC-N05B,Diazepam,Anxiolytic,3.0
2015-10-24,MED-ATC-N05B,Diazepam,Anxiolytic,8.0
2015-10-25,MED-ATC-N05B,Diazepam,Anxiolytic,4.0
2015-10-26,MED-ATC-N05B,Diazepam,Anxiolytic,8.0
2015-10-27,MED-ATC-N05B,Diazepam,Anxiolytic,7.0
2015-10-28,MED-ATC-N05B,Diazepam,Anxiolytic,11.0
2015-10-29,MED-ATC-N05B,Diazepam,Anxiolytic,8.0
2015-10-30,MED-ATC-N05B,Diazepam,Anxiolytic,8.0
2015-10-31,MED-ATC-N05B,Diazepam,Anxiolytic,6.0
2015-11-01,MED-ATC-N05B,Diazepam,Anxiolytic,11.0
2015-11-02,MED-ATC-N05B,Diazepam,Anxiolytic,7.0
2015-11-03,MED-ATC-N05B,Diazepam,Anxiolytic,5.0
2015-11-04,MED-ATC-N05B,Diazepam,Anxiolytic,18.0
2015-11-05,MED-ATC-N05B,Diazepam,Anxiolytic,3.0
2015-11-06,MED-ATC-N05B,Diazepam,Anxiolytic,5.0
2015-11-07,MED-ATC-N05B,Diazepam,Anxiolytic,15.0
2015-11-08,MED-ATC-N05B,Diazepam,Anxiolytic,7.0
2015-11-09,MED-ATC-N05B,Diazepam,Anxiolytic,3.0
2015-11-10,MED-ATC-N05B,Diazepam,Anxiolytic,8.0
2015-11-11,MED-ATC-N05B,Diazepam,Anxiolytic,4.0
2015-11-12,MED-ATC-N05B,Diazepam,Anxiolytic,11.0
2015-11-13,MED-ATC-N05B,Diazepam,Anxiolytic,13.0
2015-11-14,MED-ATC-N05B,Diazepam,Anxiolytic,5.0
2015-11-15,MED-ATC-N05B,Diazepam,Anxiolytic,8.0
2015-11-16,MED-ATC-N05B,Diazepam,Anxiolytic,9.0
2015-11-17,MED-ATC-N05B,Diazepam,Anxiolytic,1.0
2015-11-18,MED-ATC-N05B,Diazepam,Anxiolytic,11.0
2015-11-19,MED-ATC-N05B,Diazepam,Anxiolytic,22.0
2015-11-20,MED-ATC-N05B,Diazepam,Anxiolytic,2.0
2015-11-21,MED-ATC-N05B,Diazepam,Anxiolytic,4.0
2015-11-22,MED-ATC-N05B,Diazepam,Anxiolytic,6.0
2015-11-23,MED-ATC-N05B,Diazepam,Anxiolytic,3.0
2015-11-24,MED-ATC-N05B,Diazepam,Anxiolytic,12.0
2015-11-25,MED-ATC-N05B,Diazepam,Anxiolytic,11.0
2015-11-26,MED-ATC-N05B,Diazepam,Anxiolytic,8.0
2015-11-27,MED-ATC-N05B,Diazepam,Anxiolytic,7.0
2015-11-28,MED-ATC-N05B,Diazepam,Anxiolytic,3.0
2015-11-29,MED-ATC-N05B,Diazepam,Anxiolytic,1.0
2015-11-30,MED-ATC-N05B,Diazepam,Anxiolytic,5.0
2015-12-01,MED-ATC-N05B,Diazepam,Anxiolytic,4.0
2015-12-02,MED-ATC-N05B,Diazepam,Anxiolytic,23.0
2015-12-03,MED-ATC-N05B,Diazepam,Anxiolytic,6.0
2015-12-04,MED-ATC-N05B,Diazepam,Anxiolytic,9.0
2015-12-05,MED-ATC-N05B,Diazepam,Anxiolytic,2.0
2015-12-06,MED-ATC-N05B,Diazepam,Anxiolytic,5.0
2015-12-07,MED-ATC-N05B,Diazepam,Anxiolytic,6.0
2015-12-08,MED-ATC-N05B,Diazepam,Anxiolytic,8.0
2015-12-09,MED-ATC-N05B,Diazepam,Anxiolytic,16.0
2015-12-10,MED-ATC-N05B,Diazepam,Anxiolytic,9.0
2015-12-11,MED-ATC-N05B,Diazepam,Anxiolytic,9.0
2015-12-12,MED-ATC-N05B,Diazepam,Anxiolytic,5.0
2015-12-13,MED-ATC-N05B,Diazepam,Anxiolytic,5.0
2015-12-14,MED-ATC-N05B,Diazepam,Anxiolytic,11.0
2015-12-15,MED-ATC-N05B,Diazepam,Anxiolytic,3.0
2015-12-16,MED-ATC-N05B,Diazepam,Anxiolytic,11.0
2015-12-17,MED-ATC-N05B,Diazepam,Anxiolytic,7.0
2015-12-18,MED-ATC-N05B,Diazepam,Anxiolytic,12.0
2015-12-19,MED-ATC-N05B,Diazepam,Anxiolytic,0.0
2015-12-20,MED-ATC-N05B,Diazepam,Anxiolytic,3.0
2015-12-21,MED-ATC-N05B,Diazepam,Anxiolytic,14.0
2015-12-22,MED-ATC-N05B,Diazepam,Anxiolytic,6.0
2015-12-23,MED-ATC-N05B,Diazepam,Anxiolytic,3.0
2015-12-24,MED-ATC-N05B,Diazepam,Anxiolytic,5.0
2015-12-25,MED-ATC-N05B,Diazepam,Anxiolytic,28.0
2015-12-26,MED-ATC-N05B,Diazepam,Anxiolytic,15.0
2015-12-27,MED-ATC-N05B,Diazepam,Anxiolytic,4.0
2015-12-28,MED-ATC-N05B,Diazepam,Anxiolytic,18.0
2015-12-29,MED-ATC-N05B,Diazepam,Anxiolytic,9.0
2015-12-30,MED-ATC-N05B,Diazepam,Anxiolytic,12.0
2015-12-31,MED-ATC-N05B,Diazepam,Anxiolytic,18.0
2016-01-01,MED-ATC-N05B,Diazepam,Anxiolytic,0.0
2016-01-02,MED-ATC-N05B,Diazepam,Anxiolytic,0.0
2016-01-03,MED-ATC-N05B,Diazepam,Anxiolytic,1.0
2016-01-04,MED-ATC-N05B,Diazepam,Anxiolytic,6.0
2016-01-05,MED-ATC-N05B,Diazepam,Anxiolytic,15.0
2016-01-06,MED-ATC-N05B,Diazepam,Anxiolytic,2.0
2016-01-07,MED-ATC-N05B,Diazepam,Anxiolytic,0.0
2016-01-08,MED-ATC-N05B,Diazepam,Anxiolytic,8.0
2016-01-09,MED-ATC-N05B,Diazepam,Anxiolytic,9.0
2016-01-10,MED-ATC-N05B,Diazepam,Anxiolytic,8.0
2016-01-11,MED-ATC-N05B,Diazepam,Anxiolytic,18.0
2016-01-12,MED-ATC-N05B,Diazepam,Anxiolytic,8.0
2016-01-13,MED-ATC-N05B,Diazepam,Anxiolytic,15.0
2016-01-14,MED-ATC-N05B,Diazepam,Anxiolytic,18.0
2016-01-15,MED-ATC-N05B,Diazepam,Anxiolytic,8.0
2016-01-16,MED-ATC-N05B,Diazepam,Anxiolytic,11.0
2016-01-17,MED-ATC-N05B,Diazepam,Anxiolytic,4.0
2016-01-18,MED-ATC-N05B,Diazepam,Anxiolytic,3.0
2016-01-19,MED-ATC-N05B,Diazepam,Anxiolytic,7.0
2016-01-20,MED-ATC-N05B,Diazepam,Anxiolytic,29.0
2016-01-21,MED-ATC-N05B,Diazepam,Anxiolytic,8.0
2016-01-22,MED-ATC-N05B,Diazepam,Anxiolytic,11.0
2016-01-23,MED-ATC-N05B,Diazepam,Anxiolytic,4.0
2016-01-24,MED-ATC-N05B,Diazepam,Anxiolytic,3.0
2016-01-25,MED-ATC-N05B,Diazepam,Anxiolytic,12.0
2016-01-26,MED-ATC-N05B,Diazepam,Anxiolytic,9.0
2016-01-27,MED-ATC-N05B,Diazepam,Anxiolytic,18.0
2016-01-28,MED-ATC-N05B,Diazepam,Anxiolytic,4.0
2016-01-29,MED-ATC-N05B,Diazepam,Anxiolytic,3.0
2016-01-30,MED-ATC-N05B,Diazepam,Anxiolytic,3.0
2016-01-31,MED-ATC-N05B,Diazepam,Anxiolytic,3.0
2016-02-01,MED-ATC-N05B,Diazepam,Anxiolytic,7.0
2016-02-02,MED-ATC-N05B,Diazepam,Anxiolytic,6.0
2016-02-03,MED-ATC-N05B,Diazepam,Anxiolytic,11.0
2016-02-04,MED-ATC-N05B,Diazepam,Anxiolytic,5.0
2016-02-05,MED-ATC-N05B,Diazepam,Anxiolytic,7.0
2016-02-06,MED-ATC-N05B,Diazepam,Anxiolytic,1.0
2016-02-07,MED-ATC-N05B,Diazepam,Anxiolytic,2.0
2016-02-08,MED-ATC-N05B,Diazepam,Anxiolytic,5.0
2016-02-09,MED-ATC-N05B,Diazepam,Anxiolytic,16.0
2016-02-10,MED-ATC-N05B,Diazepam,Anxiolytic,29.0
2016-02-11,MED-ATC-N05B,Diazepam,Anxiolytic,10.0
2016-02-12,MED-ATC-N05B,Diazepam,Anxiolytic,4.0
2016-02-13,MED-ATC-N05B,Diazepam,Anxiolytic,2.0
2016-02-14,MED-ATC-N05B,Diazepam,Anxiolytic,5.0
2016-02-15,MED-ATC-N05B,Diazepam,Anxiolytic,6.0
2016-02-16,MED-ATC-N05B,Diazepam,Anxiolytic,3.0
2016-02-17,MED-ATC-N05B,Diazepam,Anxiolytic,12.0
2016-02-18,MED-ATC-N05B,Diazepam,Anxiolytic,3.0
2016-02-19,MED-ATC-N05B,Diazepam,Anxiolytic,18.0
2016-02-20,MED-ATC-N05B,Diazepam,Anxiolytic,5.0
2016-02-21,MED-ATC-N05B,Diazepam,Anxiolytic,5.0
2016-02-22,MED-ATC-N05B,Diazepam,Anxiolytic,10.0
2016-02-23,MED-ATC-N05B,Diazepam,Anxiolytic,11.0
2016-02-24,MED-ATC-N05B,Diazepam,Anxiolytic,6.0
2016-02-25,MED-ATC-N05B,Diazepam,Anxiolytic,22.0
2016-02-26,MED-ATC-N05B,Diazepam,Anxiolytic,6.0
2016-02-27,MED-ATC-N05B,Diazepam,Anxiolytic,3.0
2016-02-28,MED-ATC-N05B,Diazepam,Anxiolytic,6.0
2016-02-29,MED-ATC-N05B,Diazepam,Anxiolytic,13.0
2016-03-01,MED-ATC-N05B,Diazepam,Anxiolytic,11.0
2016-03-02,MED-ATC-N05B,Diazepam,Anxiolytic,15.0
2016-03-03,MED-ATC-N05B,Diazepam,Anxiolytic,2.0
2016-03-04,MED-ATC-N05B,Diazepam,Anxiolytic,3.0
2016-03-05,MED-ATC-N05B,Diazepam,Anxiolytic,9.0
2016-03-06,MED-ATC-N05B,Diazepam,Anxiolytic,2.0
2016-03-07,MED-ATC-N05B,Diazepam,Anxiolytic,3.0
2016-03-08,MED-ATC-N05B,Diazepam,Anxiolytic,7.0
2016-03-09,MED-ATC-N05B,Diazepam,Anxiolytic,7.0
2016-03-10,MED-ATC-N05B,Diazepam,Anxiolytic,8.0
2016-03-11,MED-ATC-N05B,Diazepam,Anxiolytic,8.0
2016-03-12,MED-ATC-N05B,Diazepam,Anxiolytic,4.0
2016-03-13,MED-ATC-N05B,Diazepam,Anxiolytic,4.0
2016-03-14,MED-ATC-N05B,Diazepam,Anxiolytic,12.0
2016-03-15,MED-ATC-N05B,Diazepam,Anxiolytic,7.0
2016-03-16,MED-ATC-N05B,Diazepam,Anxiolytic,16.0
2016-03-17,MED-ATC-N05B,Diazepam,Anxiolytic,10.0
2016-03-18,MED-ATC-N05B,Diazepam,Anxiolytic,15.0
2016-03-19,MED-ATC-N05B,Diazepam,Anxiolytic,6.0
2016-03-20,MED-ATC-N05B,Diazepam,Anxiolytic,1.0
2016-03-21,MED-ATC-N05B,Diazepam,Anxiolytic,11.0
2016-03-22,MED-ATC-N05B,Diazepam,Anxiolytic,12.0
2016-03-23,MED-ATC-N05B,Diazepam,Anxiolytic,22.0
2016-03-24,MED-ATC-N05B,Diazepam,Anxiolytic,4.0
2016-03-25,MED-ATC-N05B,Diazepam,Anxiolytic,8.0
2016-03-26,MED-ATC-N05B,Diazepam,Anxiolytic,4.0
2016-03-27,MED-ATC-N05B,Diazepam,Anxiolytic,11.0
2016-03-28,MED-ATC-N05B,Diazepam,Anxiolytic,20.0
2016-03-29,MED-ATC-N05B,Diazepam,Anxiolytic,4.0
2016-03-30,MED-ATC-N05B,Diazepam,Anxiolytic,3.0
2016-03-31,MED-ATC-N05B,Diazepam,Anxiolytic,1.0
2016-04-01,MED-ATC-N05B,Diazepam,Anxiolytic,4.0
2016-04-02,MED-ATC-N05B,Diazepam,Anxiolytic,4.0
2016-04-03,MED-ATC-N05B,Diazepam,Anxiolytic,5.0
2016-04-04,MED-ATC-N05B,Diazepam,Anxiolytic,3.0
2016-04-05,MED-ATC-N05B,Diazepam,Anxiolytic,5.0
2016-04-06,MED-ATC-N05B,Diazepam,Anxiolytic,7.0
2016-04-07,MED-ATC-N05B,Diazepam,Anxiolytic,7.0
2016-04-08,MED-ATC-N05B,Diazepam,Anxiolytic,2.0
2016-04-09,MED-ATC-N05B,Diazepam,Anxiolytic,7.0
2016-04-10,MED-ATC-N05B,Diazepam,Anxiolytic,4.0
2016-04-11,MED-ATC-N05B,Diazepam,Anxiolytic,11.0
2016-04-12,MED-ATC-N05B,Diazepam,Anxiolytic,19.0
2016-04-13,MED-ATC-N05B,Diazepam,Anxiolytic,22.3333
2016-04-14,MED-ATC-N05B,Diazepam,Anxiolytic,9.0
2016-04-15,MED-ATC-N05B,Diazepam,Anxiolytic,6.0
2016-04-16,MED-ATC-N05B,Diazepam,Anxiolytic,11.0
2016-04-17,MED-ATC-N05B,Diazepam,Anxiolytic,2.0
2016-04-18,MED-ATC-N05B,Diazepam,Anxiolytic,15.0
2016-04-19,MED-ATC-N05B,Diazepam,Anxiolytic,7.0
2016-04-20,MED-ATC-N05B,Diazepam,Anxiolytic,11.0
2016-04-21,MED-ATC-N05B,Diazepam,Anxiolytic,6.0
2016-04-22,MED-ATC-N05B,Diazepam,Anxiolytic,4.0
2016-04-23,MED-ATC-N05B,Diazepam,Anxiolytic,8.0
2016-04-24,MED-ATC-N05B,Diazepam,Anxiolytic,3.0
2016-04-25,MED-ATC-N05B,Diazepam,Anxiolytic,20.0
2016-04-26,MED-ATC-N05B,Diazepam,Anxiolytic,19.0
2016-04-27,MED-ATC-N05B,Diazepam,Anxiolytic,27.0
2016-04-28,MED-ATC-N05B,Diazepam,Anxiolytic,17.6667
2016-04-29,MED-ATC-N05B,Diazepam,Anxiolytic,15.0
2016-04-30,MED-ATC-N05B,Diazepam,Anxiolytic,11.0
2016-05-01,MED-ATC-N05B,Diazepam,Anxiolytic,0.0
2016-05-02,MED-ATC-N05B,Diazepam,Anxiolytic,7.0
2016-05-03,MED-ATC-N05B,Diazepam,Anxiolytic,3.0
2016-05-04,MED-ATC-N05B,Diazepam,Anxiolytic,4.0
2016-05-05,MED-ATC-N05B,Diazepam,Anxiolytic,16.0
2016-05-06,MED-ATC-N05B,Diazepam,Anxiolytic,7.0
2016-05-07,MED-ATC-N05B,Diazepam,Anxiolytic,5.0
2016-05-08,MED-ATC-N05B,Diazepam,Anxiolytic,12.0
2016-05-09,MED-ATC-N05B,Diazepam,Anxiolytic,3.0
2016-05-10,MED-ATC-N05B,Diazepam,Anxiolytic,4.0
2016-05-11,MED-ATC-N05B,Diazepam,Anxiolytic,13.0
2016-05-12,MED-ATC-N05B,Diazepam,Anxiolytic,8.0
2016-05-13,MED-ATC-N05B,Diazepam,Anxiolytic,9.0
2016-05-14,MED-ATC-N05B,Diazepam,Anxiolytic,13.0
2016-05-15,MED-ATC-N05B,Diazepam,Anxiolytic,6.0
2016-05-16,MED-ATC-N05B,Diazepam,Anxiolytic,17.0
2016-05-17,MED-ATC-N05B,Diazepam,Anxiolytic,4.0
2016-05-18,MED-ATC-N05B,Diazepam,Anxiolytic,7.0
2016-05-19,MED-ATC-N05B,Diazepam,Anxiolytic,10.0
2016-05-20,MED-ATC-N05B,Diazepam,Anxiolytic,14.0
2016-05-21,MED-ATC-N05B,Diazepam,Anxiolytic,3.0
2016-05-22,MED-ATC-N05B,Diazepam,Anxiolytic,6.0
2016-05-23,MED-ATC-N05B,Diazepam,Anxiolytic,19.0
2016-05-24,MED-ATC-N05B,Diazepam,Anxiolytic,3.0
2016-05-25,MED-ATC-N05B,Diazepam,Anxiolytic,16.0
2016-05-26,MED-ATC-N05B,Diazepam,Anxiolytic,20.0
2016-05-27,MED-ATC-N05B,Diazepam,Anxiolytic,14.0
2016-05-28,MED-ATC-N05B,Diazepam,Anxiolytic,4.0
2016-05-29,MED-ATC-N05B,Diazepam,Anxiolytic,2.0
2016-05-30,MED-ATC-N05B,Diazepam,Anxiolytic,3.0
2016-05-31,MED-ATC-N05B,Diazepam,Anxiolytic,3.0
2016-06-01,MED-ATC-N05B,Diazepam,Anxiolytic,11.0
2016-06-02,MED-ATC-N05B,Diazepam,Anxiolytic,18.0
2016-06-03,MED-ATC-N05B,Diazepam,Anxiolytic,8.0
2016-06-04,MED-ATC-N05B,Diazepam,Anxiolytic,2.0
2016-06-05,MED-ATC-N05B,Diazepam,Anxiolytic,5.0
2016-06-06,MED-ATC-N05B,Diazepam,Anxiolytic,5.0
2016-06-07,MED-ATC-N05B,Diazepam,Anxiolytic,13.0
2016-06-08,MED-ATC-N05B,Diazepam,Anxiolytic,10.0
2016-06-09,MED-ATC-N05B,Diazepam,Anxiolytic,7.0
2016-06-10,MED-ATC-N05B,Diazepam,Anxiolytic,11.0
2016-06-11,MED-ATC-N05B,Diazepam,Anxiolytic,4.0
2016-06-12,MED-ATC-N05B,Diazepam,Anxiolytic,8.0
2016-06-13,MED-ATC-N05B,Diazepam,Anxiolytic,7.0
2016-06-14,MED-ATC-N05B,Diazepam,Anxiolytic,17.0
2016-06-15,MED-ATC-N05B,Diazepam,Anxiolytic,22.0
2016-06-16,MED-ATC-N05B,Diazepam,Anxiolytic,4.0
2016-06-17,MED-ATC-N05B,Diazepam,Anxiolytic,8.0
2016-06-18,MED-ATC-N05B,Diazepam,Anxiolytic,1.0
2016-06-19,MED-ATC-N05B,Diazepam,Anxiolytic,1.0
2016-06-20,MED-ATC-N05B,Diazepam,Anxiolytic,5.0
2016-06-21,MED-ATC-N05B,Diazepam,Anxiolytic,15.0
2016-06-22,MED-ATC-N05B,Diazepam,Anxiolytic,6.0
2016-06-23,MED-ATC-N05B,Diazepam,Anxiolytic,5.0
2016-06-24,MED-ATC-N05B,Diazepam,Anxiolytic,15.0
2016-06-25,MED-ATC-N05B,Diazepam,Anxiolytic,5.0
2016-06-26,MED-ATC-N05B,Diazepam,Anxiolytic,20.0
2016-06-27,MED-ATC-N05B,Diazepam,Anxiolytic,9.0
2016-06-28,MED-ATC-N05B,Diazepam,Anxiolytic,20.0
2016-06-29,MED-ATC-N05B,Diazepam,Anxiolytic,12.5
2016-06-30,MED-ATC-N05B,Diazepam,Anxiolytic,6.0
2016-07-01,MED-ATC-N05B,Diazepam,Anxiolytic,1.0
2016-07-02,MED-ATC-N05B,Diazepam,Anxiolytic,9.0
2016-07-03,MED-ATC-N05B,Diazepam,Anxiolytic,4.0
2016-07-04,MED-ATC-N05B,Diazepam,Anxiolytic,8.0
2016-07-05,MED-ATC-N05B,Diazepam,Anxiolytic,10.0
2016-07-06,MED-ATC-N05B,Diazepam,Anxiolytic,5.0
2016-07-07,MED-ATC-N05B,Diazepam,Anxiolytic,11.0
2016-07-08,MED-ATC-N05B,Diazepam,Anxiolytic,12.0
2016-07-09,MED-ATC-N05B,Diazepam,Anxiolytic,12.0
2016-07-10,MED-ATC-N05B,Diazepam,Anxiolytic,6.0
2016-07-11,MED-ATC-N05B,Diazepam,Anxiolytic,9.0
2016-07-12,MED-ATC-N05B,Diazepam,Anxiolytic,14.0
2016-07-13,MED-ATC-N05B,Diazepam,Anxiolytic,11.0
2016-07-14,MED-ATC-N05B,Diazepam,Anxiolytic,3.0
2016-07-15,MED-ATC-N05B,Diazepam,Anxiolytic,4.0
2016-07-16,MED-ATC-N05B,Diazepam,Anxiolytic,6.0
2016-07-17,MED-ATC-N05B,Diazepam,Anxiolytic,3.0
2016-07-18,MED-ATC-N05B,Diazepam,Anxiolytic,2.0
2016-07-19,MED-ATC-N05B,Diazepam,Anxiolytic,5.0
2016-07-20,MED-ATC-N05B,Diazepam,Anxiolytic,6.0
2016-07-21,MED-ATC-N05B,Diazepam,Anxiolytic,15.0
2016-07-22,MED-ATC-N05B,Diazepam,Anxiolytic,4.0
2016-07-23,MED-ATC-N05B,Diazepam,Anxiolytic,6.0
2016-07-24,MED-ATC-N05B,Diazepam,Anxiolytic,4.0
2016-07-25,MED-ATC-N05B,Diazepam,Anxiolytic,9.0
2016-07-26,MED-ATC-N05B,Diazepam,Anxiolytic,16.0
2016-07-27,MED-ATC-N05B,Diazepam,Anxiolytic,4.0
2016-07-28,MED-ATC-N05B,Diazepam,Anxiolytic,12.0
2016-07-29,MED-ATC-N05B,Diazepam,Anxiolytic,17.0
2016-07-30,MED-ATC-N05B,Diazepam,Anxiolytic,7.0
2016-07-31,MED-ATC-N05B,Diazepam,Anxiolytic,5.0
2016-08-01,MED-ATC-N05B,Diazepam,Anxiolytic,7.5
2016-08-02,MED-ATC-N05B,Diazepam,Anxiolytic,12.0
2016-08-03,MED-ATC-N05B,Diazepam,Anxiolytic,11.0
2016-08-04,MED-ATC-N05B,Diazepam,Anxiolytic,12.0
2016-08-05,MED-ATC-N05B,Diazepam,Anxiolytic,24.0
2016-08-06,MED-ATC-N05B,Diazepam,Anxiolytic,33.0
2016-08-07,MED-ATC-N05B,Diazepam,Anxiolytic,12.0
2016-08-08,MED-ATC-N05B,Diazepam,Anxiolytic,36.0
2016-08-09,MED-ATC-N05B,Diazepam,Anxiolytic,26.0
2016-08-10,MED-ATC-N05B,Diazepam,Anxiolytic,11.0
2016-08-11,MED-ATC-N05B,Diazepam,Anxiolytic,1.0
2016-08-12,MED-ATC-N05B,Diazepam,Anxiolytic,6.0
2016-08-13,MED-ATC-N05B,Diazepam,Anxiolytic,2.0
2016-08-14,MED-ATC-N05B,Diazepam,Anxiolytic,2.0
2016-08-15,MED-ATC-N05B,Diazepam,Anxiolytic,11.0
2016-08-16,MED-ATC-N05B,Diazepam,Anxiolytic,4.0
2016-08-17,MED-ATC-N05B,Diazepam,Anxiolytic,7.0
2016-08-18,MED-ATC-N05B,Diazepam,Anxiolytic,7.0
2016-08-19,MED-ATC-N05B,Diazepam,Anxiolytic,12.0
2016-08-20,MED-ATC-N05B,Diazepam,Anxiolytic,1.0
2016-08-21,MED-ATC-N05B,Diazepam,Anxiolytic,3.0
2016-08-22,MED-ATC-N05B,Diazepam,Anxiolytic,3.0
2016-08-23,MED-ATC-N05B,Diazepam,Anxiolytic,7.0
2016-08-24,MED-ATC-N05B,Diazepam,Anxiolytic,2.0
2016-08-25,MED-ATC-N05B,Diazepam,Anxiolytic,4.0
2016-08-26,MED-ATC-N05B,Diazepam,Anxiolytic,3.0
2016-08-27,MED-ATC-N05B,Diazepam,Anxiolytic,2.0
2016-08-28,MED-ATC-N05B,Diazepam,Anxiolytic,3.0
2016-08-29,MED-ATC-N05B,Diazepam,Anxiolytic,4.0
2016-08-30,MED-ATC-N05B,Diazepam,Anxiolytic,4.0
2016-08-31,MED-ATC-N05B,Diazepam,Anxiolytic,3.0
2016-09-01,MED-ATC-N05B,Diazepam,Anxiolytic,2.0
2016-09-02,MED-ATC-N05B,Diazepam,Anxiolytic,25.0
2016-09-03,MED-ATC-N05B,Diazepam,Anxiolytic,5.0
2016-09-04,MED-ATC-N05B,Diazepam,Anxiolytic,10.0
2016-09-05,MED-ATC-N05B,Diazepam,Anxiolytic,8.0
2016-09-06,MED-ATC-N05B,Diazepam,Anxiolytic,14.0
2016-09-07,MED-ATC-N05B,Diazepam,Anxiolytic,14.0
2016-09-08,MED-ATC-N05B,Diazepam,Anxiolytic,8.0
2016-09-09,MED-ATC-N05B,Diazepam,Anxiolytic,11.0
2016-09-10,MED-ATC-N05B,Diazepam,Anxiolytic,9.0
2016-09-11,MED-ATC-N05B,Diazepam,Anxiolytic,8.0
2016-09-12,MED-ATC-N05B,Diazepam,Anxiolytic,10.0
2016-09-13,MED-ATC-N05B,Diazepam,Anxiolytic,13.0
2016-09-14,MED-ATC-N05B,Diazepam,Anxiolytic,7.0
2016-09-15,MED-ATC-N05B,Diazepam,Anxiolytic,31.0
2016-09-16,MED-ATC-N05B,Diazepam,Anxiolytic,17.0
2016-09-17,MED-ATC-N05B,Diazepam,Anxiolytic,11.0
2016-09-18,MED-ATC-N05B,Diazepam,Anxiolytic,4.0
2016-09-19,MED-ATC-N05B,Diazepam,Anxiolytic,11.0
2016-09-20,MED-ATC-N05B,Diazepam,Anxiolytic,14.0
2016-09-21,MED-ATC-N05B,Diazepam,Anxiolytic,12.0
2016-09-22,MED-ATC-N05B,Diazepam,Anxiolytic,6.0
2016-09-23,MED-ATC-N05B,Diazepam,Anxiolytic,13.0
2016-09-24,MED-ATC-N05B,Diazepam,Anxiolytic,8.0
2016-09-25,MED-ATC-N05B,Diazepam,Anxiolytic,3.0
2016-09-26,MED-ATC-N05B,Diazepam,Anxiolytic,4.0
2016-09-27,MED-ATC-N05B,Diazepam,Anxiolytic,17.0
2016-09-28,MED-ATC-N05B,Diazepam,Anxiolytic,3.0
2016-09-29,MED-ATC-N05B,Diazepam,Anxiolytic,4.0
2016-09-30,MED-ATC-N05B,Diazepam,Anxiolytic,5.0
2016-10-01,MED-ATC-N05B,Diazepam,Anxiolytic,5.0
2016-10-02,MED-ATC-N05B,Diazepam,Anxiolytic,6.0
2016-10-03,MED-ATC-N05B,Diazepam,Anxiolytic,2.0
2016-10-04,MED-ATC-N05B,Diazepam,Anxiolytic,8.0
2016-10-05,MED-ATC-N05B,Diazepam,Anxiolytic,8.0
2016-10-06,MED-ATC-N05B,Diazepam,Anxiolytic,4.0
2016-10-07,MED-ATC-N05B,Diazepam,Anxiolytic,4.0
2016-10-08,MED-ATC-N05B,Diazepam,Anxiolytic,2.0
2016-10-09,MED-ATC-N05B,Diazepam,Anxiolytic,2.0
2016-10-10,MED-ATC-N05B,Diazepam,Anxiolytic,1.0
2016-10-11,MED-ATC-N05B,Diazepam,Anxiolytic,54.8333
2016-10-12,MED-ATC-N05B,Diazepam,Anxiolytic,18.0
2016-10-13,MED-ATC-N05B,Diazepam,Anxiolytic,20.0
2016-10-14,MED-ATC-N05B,Diazepam,Anxiolytic,22.0
2016-10-15,MED-ATC-N05B,Diazepam,Anxiolytic,16.0
2016-10-16,MED-ATC-N05B,Diazepam,Anxiolytic,3.0
2016-10-17,MED-ATC-N05B,Diazepam,Anxiolytic,1.0
2016-10-18,MED-ATC-N05B,Diazepam,Anxiolytic,9.0
2016-10-19,MED-ATC-N05B,Diazepam,Anxiolytic,11.0
2016-10-20,MED-ATC-N05B,Diazepam,Anxiolytic,2.0
2016-10-21,MED-ATC-N05B,Diazepam,Anxiolytic,5.0
2016-10-22,MED-ATC-N05B,Diazepam,Anxiolytic,3.0
2016-10-23,MED-ATC-N05B,Diazepam,Anxiolytic,10.0
2016-10-24,MED-ATC-N05B,Diazepam,Anxiolytic,1.0
2016-10-25,MED-ATC-N05B,Diazepam,Anxiolytic,10.0
2016-10-26,MED-ATC-N05B,Diazepam,Anxiolytic,10.0
2016-10-27,MED-ATC-N05B,Diazepam,Anxiolytic,10.0
2016-10-28,MED-ATC-N05B,Diazepam,Anxiolytic,9.0
2016-10-29,MED-ATC-N05B,Diazepam,Anxiolytic,23.0
2016-10-30,MED-ATC-N05B,Diazepam,Anxiolytic,5.0
2016-10-31,MED-ATC-N05B,Diazepam,Anxiolytic,6.0
2016-11-01,MED-ATC-N05B,Diazepam,Anxiolytic,18.0
2016-11-02,MED-ATC-N05B,Diazepam,Anxiolytic,1.0
2016-11-03,MED-ATC-N05B,Diazepam,Anxiolytic,3.0
2016-11-04,MED-ATC-N05B,Diazepam,Anxiolytic,14.0
2016-11-05,MED-ATC-N05B,Diazepam,Anxiolytic,9.0
2016-11-06,MED-ATC-N05B,Diazepam,Anxiolytic,3.0
2016-11-07,MED-ATC-N05B,Diazepam,Anxiolytic,9.0
2016-11-08,MED-ATC-N05B,Diazepam,Anxiolytic,19.1667
2016-11-09,MED-ATC-N05B,Diazepam,Anxiolytic,18.0
2016-11-10,MED-ATC-N05B,Diazepam,Anxiolytic,5.0
2016-11-11,MED-ATC-N05B,Diazepam,Anxiolytic,6.0
2016-11-12,MED-ATC-N05B,Diazepam,Anxiolytic,10.0
2016-11-13,MED-ATC-N05B,Diazepam,Anxiolytic,0.0
2016-11-14,MED-ATC-N05B,Diazepam,Anxiolytic,5.0
2016-11-15,MED-ATC-N05B,Diazepam,Anxiolytic,27.0
2016-11-16,MED-ATC-N05B,Diazepam,Anxiolytic,5.0
2016-11-17,MED-ATC-N05B,Diazepam,Anxiolytic,0.0
2016-11-18,MED-ATC-N05B,Diazepam,Anxiolytic,7.0
2016-11-19,MED-ATC-N05B,Diazepam,Anxiolytic,3.0
2016-11-20,MED-ATC-N05B,Diazepam,Anxiolytic,3.0
2016-11-21,MED-ATC-N05B,Diazepam,Anxiolytic,1.0
2016-11-22,MED-ATC-N05B,Diazepam,Anxiolytic,3.0
2016-11-23,MED-ATC-N05B,Diazepam,Anxiolytic,5.0
2016-11-24,MED-ATC-N05B,Diazepam,Anxiolytic,2.0
2016-11-25,MED-ATC-N05B,Diazepam,Anxiolytic,20.0
2016-11-26,MED-ATC-N05B,Diazepam,Anxiolytic,9.0
2016-11-27,MED-ATC-N05B,Diazepam,Anxiolytic,5.0
2016-11-28,MED-ATC-N05B,Diazepam,Anxiolytic,5.0
2016-11-29,MED-ATC-N05B,Diazepam,Anxiolytic,6.0
2016-11-30,MED-ATC-N05B,Diazepam,Anxiolytic,13.0
2016-12-01,MED-ATC-N05B,Diazepam,Anxiolytic,8.0
2016-12-02,MED-ATC-N05B,Diazepam,Anxiolytic,14.0
2016-12-03,MED-ATC-N05B,Diazepam,Anxiolytic,2.0
2016-12-04,MED-ATC-N05B,Diazepam,Anxiolytic,4.0
2016-12-05,MED-ATC-N05B,Diazepam,Anxiolytic,6.0
2016-12-06,MED-ATC-N05B,Diazepam,Anxiolytic,4.0
2016-12-07,MED-ATC-N05B,Diazepam,Anxiolytic,8.0
2016-12-08,MED-ATC-N05B,Diazepam,Anxiolytic,9.0
2016-12-09,MED-ATC-N05B,Diazepam,Anxiolytic,2.0
2016-12-10,MED-ATC-N05B,Diazepam,Anxiolytic,1.0
2016-12-11,MED-ATC-N05B,Diazepam,Anxiolytic,7.0
2016-12-12,MED-ATC-N05B,Diazepam,Anxiolytic,28.3333
2016-12-13,MED-ATC-N05B,Diazepam,Anxiolytic,0.0
2016-12-14,MED-ATC-N05B,Diazepam,Anxiolytic,21.0
2016-12-15,MED-ATC-N05B,Diazepam,Anxiolytic,8.0
2016-12-16,MED-ATC-N05B,Diazepam,Anxiolytic,8.0
2016-12-17,MED-ATC-N05B,Diazepam,Anxiolytic,10.0
2016-12-18,MED-ATC-N05B,Diazepam,Anxiolytic,13.0
2016-12-19,MED-ATC-N05B,Diazepam,Anxiolytic,0.0
2016-12-20,MED-ATC-N05B,Diazepam,Anxiolytic,12.0
2016-12-21,MED-ATC-N05B,Diazepam,Anxiolytic,5.0
2016-12-22,MED-ATC-N05B,Diazepam,Anxiolytic,1.0
2016-12-23,MED-ATC-N05B,Diazepam,Anxiolytic,6.0
2016-12-24,MED-ATC-N05B,Diazepam,Anxiolytic,4.0
2016-12-25,MED-ATC-N05B,Diazepam,Anxiolytic,0.0
2016-12-26,MED-ATC-N05B,Diazepam,Anxiolytic,6.0
2016-12-27,MED-ATC-N05B,Diazepam,Anxiolytic,8.0
2016-12-28,MED-ATC-N05B,Diazepam,Anxiolytic,7.0
2016-12-29,MED-ATC-N05B,Diazepam,Anxiolytic,4.0
2016-12-30,MED-ATC-N05B,Diazepam,Anxiolytic,13.0
2016-12-31,MED-ATC-N05B,Diazepam,Anxiolytic,7.0
2017-01-01,MED-ATC-N05B,Diazepam,Anxiolytic,8.75
2017-01-02,MED-ATC-N05B,Diazepam,Anxiolytic,0.0
2017-01-03,MED-ATC-N05B,Diazepam,Anxiolytic,8.75
2017-01-04,MED-ATC-N05B,Diazepam,Anxiolytic,10.0
2017-01-05,MED-ATC-N05B,Diazepam,Anxiolytic,14.5833
2017-01-06,MED-ATC-N05B,Diazepam,Anxiolytic,10.8333
2017-01-07,MED-ATC-N05B,Diazepam,Anxiolytic,8.75
2017-01-08,MED-ATC-N05B,Diazepam,Anxiolytic,10.0
2017-01-09,MED-ATC-N05B,Diazepam,Anxiolytic,9.1667
2017-01-10,MED-ATC-N05B,Diazepam,Anxiolytic,25.0
2017-01-11,MED-ATC-N05B,Diazepam,Anxiolytic,20.0
2017-01-12,MED-ATC-N05B,Diazepam,Anxiolytic,14.1667
2017-01-13,MED-ATC-N05B,Diazepam,Anxiolytic,19.5833
2017-01-14,MED-ATC-N05B,Diazepam,Anxiolytic,16.6667
2017-01-15,MED-ATC-N05B,Diazepam,Anxiolytic,15.4167
2017-01-16,MED-ATC-N05B,Diazepam,Anxiolytic,12.5
2017-01-17,MED-ATC-N05B,Diazepam,Anxiolytic,13.3333
2017-01-18,MED-ATC-N05B,Diazepam,Anxiolytic,16.6667
2017-01-19,MED-ATC-N05B,Diazepam,Anxiolytic,15.8333
2017-01-20,MED-ATC-N05B,Diazepam,Anxiolytic,23.3333
2017-01-21,MED-ATC-N05B,Diazepam,Anxiolytic,15.0
2017-01-22,MED-ATC-N05B,Diazepam,Anxiolytic,19.1667
2017-01-23,MED-ATC-N05B,Diazepam,Anxiolytic,15.8333
2017-01-24,MED-ATC-N05B,Diazepam,Anxiolytic,11.25
2017-01-25,MED-ATC-N05B,Diazepam,Anxiolytic,18.75
2017-01-26,MED-ATC-N05B,Diazepam,Anxiolytic,13.75
2017-01-27,MED-ATC-N05B,Diazepam,Anxiolytic,21.25
2017-01-28,MED-ATC-N05B,Diazepam,Anxiolytic,9.1667
2017-01-29,MED-ATC-N05B,Diazepam,Anxiolytic,15.8333
2017-01-30,MED-ATC-N05B,Diazepam,Anxiolytic,17.0833
2017-01-31,MED-ATC-N05B,Diazepam,Anxiolytic,13.3333
2017-02-01,MED-ATC-N05B,Diazepam,Anxiolytic,10.8333
2017-02-02,MED-ATC-N05B,Diazepam,Anxiolytic,9.1667
2017-02-03,MED-ATC-N05B,Diazepam,Anxiolytic,15.8333
2017-02-04,MED-ATC-N05B,Diazepam,Anxiolytic,12.0833
2017-02-05,MED-ATC-N05B,Diazepam,Anxiolytic,1.0
2017-02-06,MED-ATC-N05B,Diazepam,Anxiolytic,3.0
2017-02-07,MED-ATC-N05B,Diazepam,Anxiolytic,3.0
2017-02-08,MED-ATC-N05B,Diazepam,Anxiolytic,7.0
2017-02-09,MED-ATC-N05B,Diazepam,Anxiolytic,6.0
2017-02-10,MED-ATC-N05B,Diazepam,Anxiolytic,5.0
2017-02-11,MED-ATC-N05B,Diazepam,Anxiolytic,11.0
2017-02-12,MED-ATC-N05B,Diazepam,Anxiolytic,4.0
2017-02-13,MED-ATC-N05B,Diazepam,Anxiolytic,0.0
2017-02-14,MED-ATC-N05B,Diazepam,Anxiolytic,0.0
2017-02-15,MED-ATC-N05B,Diazepam,Anxiolytic,1.0
2017-02-16,MED-ATC-N05B,Diazepam,Anxiolytic,2.0
2017-02-17,MED-ATC-N05B,Diazepam,Anxiolytic,4.0
2017-02-18,MED-ATC-N05B,Diazepam,Anxiolytic,10.0
2017-02-19,MED-ATC-N05B,Diazepam,Anxiolytic,1.0
2017-02-20,MED-ATC-N05B,Diazepam,Anxiolytic,2.0
2017-02-21,MED-ATC-N05B,Diazepam,Anxiolytic,14.0
2017-02-22,MED-ATC-N05B,Diazepam,Anxiolytic,9.0
2017-02-23,MED-ATC-N05B,Diazepam,Anxiolytic,5.0
2017-02-24,MED-ATC-N05B,Diazepam,Anxiolytic,10.0
2017-02-25,MED-ATC-N05B,Diazepam,Anxiolytic,6.875
2017-02-26,MED-ATC-N05B,Diazepam,Anxiolytic,3.0
2017-02-27,MED-ATC-N05B,Diazepam,Anxiolytic,14.0
2017-02-28,MED-ATC-N05B,Diazepam,Anxiolytic,9.0
2017-03-01,MED-ATC-N05B,Diazepam,Anxiolytic,17.0
2017-03-02,MED-ATC-N05B,Diazepam,Anxiolytic,1.0
2017-03-03,MED-ATC-N05B,Diazepam,Anxiolytic,9.0
2017-03-04,MED-ATC-N05B,Diazepam,Anxiolytic,0.0
2017-03-05,MED-ATC-N05B,Diazepam,Anxiolytic,3.0
2017-03-06,MED-ATC-N05B,Diazepam,Anxiolytic,1.0
2017-03-07,MED-ATC-N05B,Diazepam,Anxiolytic,4.0
2017-03-08,MED-ATC-N05B,Diazepam,Anxiolytic,4.0
2017-03-09,MED-ATC-N05B,Diazepam,Anxiolytic,6.0
2017-03-10,MED-ATC-N05B,Diazepam,Anxiolytic,8.0
2017-03-11,MED-ATC-N05B,Diazepam,Anxiolytic,2.0
2017-03-12,MED-ATC-N05B,Diazepam,Anxiolytic,6.0
2017-03-13,MED-ATC-N05B,Diazepam,Anxiolytic,2.0
2017-03-14,MED-ATC-N05B,Diazepam,Anxiolytic,5.0
2017-03-15,MED-ATC-N05B,Diazepam,Anxiolytic,4.0
2017-03-16,MED-ATC-N05B,Diazepam,Anxiolytic,4.0
2017-03-17,MED-ATC-N05B,Diazepam,Anxiolytic,14.0
2017-03-18,MED-ATC-N05B,Diazepam,Anxiolytic,3.0
2017-03-19,MED-ATC-N05B,Diazepam,Anxiolytic,3.0
2017-03-20,MED-ATC-N05B,Diazepam,Anxiolytic,3.0
2017-03-21,MED-ATC-N05B,Diazepam,Anxiolytic,4.0
2017-03-22,MED-ATC-N05B,Diazepam,Anxiolytic,7.0
2017-03-23,MED-ATC-N05B,Diazepam,Anxiolytic,8.0
2017-03-24,MED-ATC-N05B,Diazepam,Anxiolytic,7.0
2017-03-25,MED-ATC-N05B,Diazepam,Anxiolytic,3.0
2017-03-26,MED-ATC-N05B,Diazepam,Anxiolytic,4.0
2017-03-27,MED-ATC-N05B,Diazepam,Anxiolytic,5.0
2017-03-28,MED-ATC-N05B,Diazepam,Anxiolytic,14.0
2017-03-29,MED-ATC-N05B,Diazepam,Anxiolytic,3.0
2017-03-30,MED-ATC-N05B,Diazepam,Anxiolytic,9.0
2017-03-31,MED-ATC-N05B,Diazepam,Anxiolytic,2.0
2017-04-01,MED-ATC-N05B,Diazepam,Anxiolytic,2.0
2017-04-02,MED-ATC-N05B,Diazepam,Anxiolytic,4.0
2017-04-03,MED-ATC-N05B,Diazepam,Anxiolytic,8.0
2017-04-04,MED-ATC-N05B,Diazepam,Anxiolytic,2.0
2017-04-05,MED-ATC-N05B,Diazepam,Anxiolytic,9.0
2017-04-06,MED-ATC-N05B,Diazepam,Anxiolytic,4.0
2017-04-07,MED-ATC-N05B,Diazepam,Anxiolytic,5.0
2017-04-08,MED-ATC-N05B,Diazepam,Anxiolytic,3.0
2017-04-09,MED-ATC-N05B,Diazepam,Anxiolytic,3.0
2017-04-10,MED-ATC-N05B,Diazepam,Anxiolytic,1.0
2017-04-11,MED-ATC-N05B,Diazepam,Anxiolytic,5.0
2017-04-12,MED-ATC-N05B,Diazepam,Anxiolytic,10.0
2017-04-13,MED-ATC-N05B,Diazepam,Anxiolytic,1.0
2017-04-14,MED-ATC-N05B,Diazepam,Anxiolytic,3.0
2017-04-15,MED-ATC-N05B,Diazepam,Anxiolytic,1.0
2017-04-16,MED-ATC-N05B,Diazepam,Anxiolytic,0.0
2017-04-17,MED-ATC-N05B,Diazepam,Anxiolytic,1.0
2017-04-18,MED-ATC-N05B,Diazepam,Anxiolytic,8.0
2017-04-19,MED-ATC-N05B,Diazepam,Anxiolytic,2.0
2017-04-20,MED-ATC-N05B,Diazepam,Anxiolytic,10.0
2017-04-21,MED-ATC-N05B,Diazepam,Anxiolytic,3.0
2017-04-22,MED-ATC-N05B,Diazepam,Anxiolytic,7.0
2017-04-23,MED-ATC-N05B,Diazepam,Anxiolytic,7.0
2017-04-24,MED-ATC-N05B,Diazepam,Anxiolytic,9.0
2017-04-25,MED-ATC-N05B,Diazepam,Anxiolytic,4.0
2017-04-26,MED-ATC-N05B,Diazepam,Anxiolytic,3.0
2017-04-27,MED-ATC-N05B,Diazepam,Anxiolytic,10.0
2017-04-28,MED-ATC-N05B,Diazepam,Anxiolytic,2.0
2017-04-29,MED-ATC-N05B,Diazepam,Anxiolytic,3.0
2017-04-30,MED-ATC-N05B,Diazepam,Anxiolytic,2.0
2017-05-01,MED-ATC-N05B,Diazepam,Anxiolytic,0.0
2017-05-02,MED-ATC-N05B,Diazepam,Anxiolytic,5.0
2017-05-03,MED-ATC-N05B,Diazepam,Anxiolytic,6.0
2017-05-04,MED-ATC-N05B,Diazepam,Anxiolytic,4.0
2017-05-05,MED-ATC-N05B,Diazepam,Anxiolytic,8.0
2017-05-06,MED-ATC-N05B,Diazepam,Anxiolytic,4.0
2017-05-07,MED-ATC-N05B,Diazepam,Anxiolytic,3.0
2017-05-08,MED-ATC-N05B,Diazepam,Anxiolytic,8.0
2017-05-09,MED-ATC-N05B,Diazepam,Anxiolytic,4.0
2017-05-10,MED-ATC-N05B,Diazepam,Anxiolytic,4.0
2017-05-11,MED-ATC-N05B,Diazepam,Anxiolytic,6.0
2017-05-12,MED-ATC-N05B,Diazepam,Anxiolytic,4.0
2017-05-13,MED-ATC-N05B,Diazepam,Anxiolytic,4.0
2017-05-14,MED-ATC-N05B,Diazepam,Anxiolytic,6.0
2017-05-15,MED-ATC-N05B,Diazepam,Anxiolytic,0.0
2017-05-16,MED-ATC-N05B,Diazepam,Anxiolytic,2.0
2017-05-17,MED-ATC-N05B,Diazepam,Anxiolytic,5.0
2017-05-18,MED-ATC-N05B,Diazepam,Anxiolytic,4.0
2017-05-19,MED-ATC-N05B,Diazepam,Anxiolytic,11.0
2017-05-20,MED-ATC-N05B,Diazepam,Anxiolytic,5.0
2017-05-21,MED-ATC-N05B,Diazepam,Anxiolytic,5.0
2017-05-22,MED-ATC-N05B,Diazepam,Anxiolytic,5.0
2017-05-23,MED-ATC-N05B,Diazepam,Anxiolytic,9.0
2017-05-24,MED-ATC-N05B,Diazepam,Anxiolytic,9.0
2017-05-25,MED-ATC-N05B,Diazepam,Anxiolytic,3.0
2017-05-26,MED-ATC-N05B,Diazepam,Anxiolytic,4.0
2017-05-27,MED-ATC-N05B,Diazepam,Anxiolytic,5.0
2017-05-28,MED-ATC-N05B,Diazepam,Anxiolytic,2.0
2017-05-29,MED-ATC-N05B,Diazepam,Anxiolytic,4.0
2017-05-30,MED-ATC-N05B,Diazepam,Anxiolytic,3.0
2017-05-31,MED-ATC-N05B,Diazepam,Anxiolytic,6.0
2017-06-01,MED-ATC-N05B,Diazepam,Anxiolytic,10.0
2017-06-02,MED-ATC-N05B,Diazepam,Anxiolytic,9.0
2017-06-03,MED-ATC-N05B,Diazepam,Anxiolytic,3.0
2017-06-04,MED-ATC-N05B,Diazepam,Anxiolytic,3.0
2017-06-05,MED-ATC-N05B,Diazepam,Anxiolytic,5.0
2017-06-06,MED-ATC-N05B,Diazepam,Anxiolytic,3.0
2017-06-07,MED-ATC-N05B,Diazepam,Anxiolytic,13.0
2017-06-08,MED-ATC-N05B,Diazepam,Anxiolytic,4.0
2017-06-09,MED-ATC-N05B,Diazepam,Anxiolytic,2.0
2017-06-10,MED-ATC-N05B,Diazepam,Anxiolytic,2.0
2017-06-11,MED-ATC-N05B,Diazepam,Anxiolytic,8.0
2017-06-12,MED-ATC-N05B,Diazepam,Anxiolytic,3.0
2017-06-13,MED-ATC-N05B,Diazepam,Anxiolytic,9.0
2017-06-14,MED-ATC-N05B,Diazepam,Anxiolytic,6.0
2017-06-15,MED-ATC-N05B,Diazepam,Anxiolytic,10.0
2017-06-16,MED-ATC-N05B,Diazepam,Anxiolytic,6.0
2017-06-17,MED-ATC-N05B,Diazepam,Anxiolytic,4.0
2017-06-18,MED-ATC-N05B,Diazepam,Anxiolytic,2.0
2017-06-19,MED-ATC-N05B,Diazepam,Anxiolytic,1.0
2017-06-20,MED-ATC-N05B,Diazepam,Anxiolytic,5.0
2017-06-21,MED-ATC-N05B,Diazepam,Anxiolytic,4.0
2017-06-22,MED-ATC-N05B,Diazepam,Anxiolytic,4.0
2017-06-23,MED-ATC-N05B,Diazepam,Anxiolytic,5.0
2017-06-24,MED-ATC-N05B,Diazepam,Anxiolytic,8.0
2017-06-25,MED-ATC-N05B,Diazepam,Anxiolytic,4.0
2017-06-26,MED-ATC-N05B,Diazepam,Anxiolytic,11.0
2017-06-27,MED-ATC-N05B,Diazepam,Anxiolytic,9.0
2017-06-28,MED-ATC-N05B,Diazepam,Anxiolytic,7.0
2017-06-29,MED-ATC-N05B,Diazepam,Anxiolytic,1.0
2017-06-30,MED-ATC-N05B,Diazepam,Anxiolytic,2.0
2017-07-01,MED-ATC-N05B,Diazepam,Anxiolytic,5.0
2017-07-02,MED-ATC-N05B,Diazepam,Anxiolytic,6.0
2017-07-03,MED-ATC-N05B,Diazepam,Anxiolytic,11.0
2017-07-04,MED-ATC-N05B,Diazepam,Anxiolytic,7.0
2017-07-05,MED-ATC-N05B,Diazepam,Anxiolytic,20.0
2017-07-06,MED-ATC-N05B,Diazepam,Anxiolytic,3.0
2017-07-07,MED-ATC-N05B,Diazepam,Anxiolytic,6.0
2017-07-08,MED-ATC-N05B,Diazepam,Anxiolytic,12.0
2017-07-09,MED-ATC-N05B,Diazepam,Anxiolytic,4.0
2017-07-10,MED-ATC-N05B,Diazepam,Anxiolytic,5.0
2017-07-11,MED-ATC-N05B,Diazepam,Anxiolytic,2.0
2017-07-12,MED-ATC-N05B,Diazepam,Anxiolytic,12.0
2017-07-13,MED-ATC-N05B,Diazepam,Anxiolytic,5.0
2017-07-14,MED-ATC-N05B,Diazepam,Anxiolytic,8.0
2017-07-15,MED-ATC-N05B,Diazepam,Anxiolytic,3.0
2017-07-16,MED-ATC-N05B,Diazepam,Anxiolytic,6.0
2017-07-17,MED-ATC-N05B,Diazepam,Anxiolytic,6.0
2017-07-18,MED-ATC-N05B,Diazepam,Anxiolytic,8.0
2017-07-19,MED-ATC-N05B,Diazepam,Anxiolytic,6.0
2017-07-20,MED-ATC-N05B,Diazepam,Anxiolytic,11.0
2017-07-21,MED-ATC-N05B,Diazepam,Anxiolytic,5.0
2017-07-22,MED-ATC-N05B,Diazepam,Anxiolytic,3.0
2017-07-23,MED-ATC-N05B,Diazepam,Anxiolytic,4.0
2017-07-24,MED-ATC-N05B,Diazepam,Anxiolytic,6.0
2017-07-25,MED-ATC-N05B,Diazepam,Anxiolytic,5.0
2017-07-26,MED-ATC-N05B,Diazepam,Anxiolytic,11.0
2017-07-27,MED-ATC-N05B,Diazepam,Anxiolytic,8.0
2017-07-28,MED-ATC-N05B,Diazepam,Anxiolytic,10.0
2017-07-29,MED-ATC-N05B,Diazepam,Anxiolytic,1.0
2017-07-30,MED-ATC-N05B,Diazepam,Anxiolytic,11.0
2017-07-31,MED-ATC-N05B,Diazepam,Anxiolytic,9.0
2017-08-01,MED-ATC-N05B,Diazepam,Anxiolytic,3.0
2017-08-02,MED-ATC-N05B,Diazepam,Anxiolytic,2.0
2017-08-03,MED-ATC-N05B,Diazepam,Anxiolytic,8.0
2017-08-04,MED-ATC-N05B,Diazepam,Anxiolytic,11.0
2017-08-05,MED-ATC-N05B,Diazepam,Anxiolytic,2.0
2017-08-06,MED-ATC-N05B,Diazepam,Anxiolytic,6.0
2017-08-07,MED-ATC-N05B,Diazepam,Anxiolytic,9.0
2017-08-08,MED-ATC-N05B,Diazepam,Anxiolytic,8.0
2017-08-09,MED-ATC-N05B,Diazepam,Anxiolytic,15.0
2017-08-10,MED-ATC-N05B,Diazepam,Anxiolytic,19.0
2017-08-11,MED-ATC-N05B,Diazepam,Anxiolytic,6.0
2017-08-12,MED-ATC-N05B,Diazepam,Anxiolytic,4.0
2017-08-13,MED-ATC-N05B,Diazepam,Anxiolytic,5.0
2017-08-14,MED-ATC-N05B,Diazepam,Anxiolytic,4.0
2017-08-15,MED-ATC-N05B,Diazepam,Anxiolytic,11.0
2017-08-16,MED-ATC-N05B,Diazepam,Anxiolytic,13.0
2017-08-17,MED-ATC-N05B,Diazepam,Anxiolytic,8.0
2017-08-18,MED-ATC-N05B,Diazepam,Anxiolytic,4.0
2017-08-19,MED-ATC-N05B,Diazepam,Anxiolytic,10.0
2017-08-20,MED-ATC-N05B,Diazepam,Anxiolytic,6.0
2017-08-21,MED-ATC-N05B,Diazepam,Anxiolytic,4.0
2017-08-22,MED-ATC-N05B,Diazepam,Anxiolytic,3.0
2017-08-23,MED-ATC-N05B,Diazepam,Anxiolytic,8.0
2017-08-24,MED-ATC-N05B,Diazepam,Anxiolytic,13.0
2017-08-25,MED-ATC-N05B,Diazepam,Anxiolytic,17.0
2017-08-26,MED-ATC-N05B,Diazepam,Anxiolytic,10.0
2017-08-27,MED-ATC-N05B,Diazepam,Anxiolytic,5.0
2017-08-28,MED-ATC-N05B,Diazepam,Anxiolytic,12.0
2017-08-29,MED-ATC-N05B,Diazepam,Anxiolytic,5.0
2017-08-30,MED-ATC-N05B,Diazepam,Anxiolytic,4.0
2017-08-31,MED-ATC-N05B,Diazepam,Anxiolytic,4.0
2017-09-01,MED-ATC-N05B,Diazepam,Anxiolytic,8.0
2017-09-02,MED-ATC-N05B,Diazepam,Anxiolytic,8.0
2017-09-03,MED-ATC-N05B,Diazepam,Anxiolytic,7.0
2017-09-04,MED-ATC-N05B,Diazepam,Anxiolytic,7.0
2017-09-05,MED-ATC-N05B,Diazepam,Anxiolytic,7.0
2017-09-06,MED-ATC-N05B,Diazepam,Anxiolytic,6.0
2017-09-07,MED-ATC-N05B,Diazepam,Anxiolytic,2.0
2017-09-08,MED-ATC-N05B,Diazepam,Anxiolytic,8.0
2017-09-09,MED-ATC-N05B,Diazepam,Anxiolytic,7.0
2017-09-10,MED-ATC-N05B,Diazepam,Anxiolytic,7.0
2017-09-11,MED-ATC-N05B,Diazepam,Anxiolytic,16.0
2017-09-12,MED-ATC-N05B,Diazepam,Anxiolytic,6.0
2017-09-13,MED-ATC-N05B,Diazepam,Anxiolytic,16.0
2017-09-14,MED-ATC-N05B,Diazepam,Anxiolytic,6.0
2017-09-15,MED-ATC-N05B,Diazepam,Anxiolytic,12.0
2017-09-16,MED-ATC-N05B,Diazepam,Anxiolytic,11.0
2017-09-17,MED-ATC-N05B,Diazepam,Anxiolytic,6.0
2017-09-18,MED-ATC-N05B,Diazepam,Anxiolytic,7.0
2017-09-19,MED-ATC-N05B,Diazepam,Anxiolytic,6.0
2017-09-20,MED-ATC-N05B,Diazepam,Anxiolytic,6.0
2017-09-21,MED-ATC-N05B,Diazepam,Anxiolytic,8.0
2017-09-22,MED-ATC-N05B,Diazepam,Anxiolytic,2.0
2017-09-23,MED-ATC-N05B,Diazepam,Anxiolytic,12.0
2017-09-24,MED-ATC-N05B,Diazepam,Anxiolytic,7.0
2017-09-25,MED-ATC-N05B,Diazepam,Anxiolytic,7.0
2017-09-26,MED-ATC-N05B,Diazepam,Anxiolytic,4.0
2017-09-27,MED-ATC-N05B,Diazepam,Anxiolytic,7.0
2017-09-28,MED-ATC-N05B,Diazepam,Anxiolytic,3.0
2017-09-29,MED-ATC-N05B,Diazepam,Anxiolytic,8.0
2017-09-30,MED-ATC-N05B,Diazepam,Anxiolytic,6.0
2017-10-01,MED-ATC-N05B,Diazepam,Anxiolytic,7.0
2017-10-02,MED-ATC-N05B,Diazepam,Anxiolytic,3.0
2017-10-03,MED-ATC-N05B,Diazepam,Anxiolytic,21.0
2017-10-04,MED-ATC-N05B,Diazepam,Anxiolytic,6.0
2017-10-05,MED-ATC-N05B,Diazepam,Anxiolytic,5.0
2017-10-06,MED-ATC-N05B,Diazepam,Anxiolytic,7.0
2017-10-07,MED-ATC-N05B,Diazepam,Anxiolytic,4.0
2017-10-08,MED-ATC-N05B,Diazepam,Anxiolytic,2.0
2017-10-09,MED-ATC-N05B,Diazepam,Anxiolytic,0.0
2017-10-10,MED-ATC-N05B,Diazepam,Anxiolytic,8.0
2017-10-11,MED-ATC-N05B,Diazepam,Anxiolytic,2.0
2017-10-12,MED-ATC-N05B,Diazepam,Anxiolytic,9.0
2017-10-13,MED-ATC-N05B,Diazepam,Anxiolytic,8.0
2017-10-14,MED-ATC-N05B,Diazepam,Anxiolytic,9.0
2017-10-15,MED-ATC-N05B,Diazepam,Anxiolytic,5.0
2017-10-16,MED-ATC-N05B,Diazepam,Anxiolytic,9.0
2017-10-17,MED-ATC-N05B,Diazepam,Anxiolytic,9.0
2017-10-18,MED-ATC-N05B,Diazepam,Anxiolytic,15.0
2017-10-19,MED-ATC-N05B,Diazepam,Anxiolytic,8.0
2017-10-20,MED-ATC-N05B,Diazepam,Anxiolytic,15.0
2017-10-21,MED-ATC-N05B,Diazepam,Anxiolytic,9.0
2017-10-22,MED-ATC-N05B,Diazepam,Anxiolytic,8.0
2017-10-23,MED-ATC-N05B,Diazepam,Anxiolytic,4.0
2017-10-24,MED-ATC-N05B,Diazepam,Anxiolytic,3.0
2017-10-25,MED-ATC-N05B,Diazepam,Anxiolytic,4.0
2017-10-26,MED-ATC-N05B,Diazepam,Anxiolytic,9.0
2017-10-27,MED-ATC-N05B,Diazepam,Anxiolytic,14.0
2017-10-28,MED-ATC-N05B,Diazepam,Anxiolytic,11.0
2017-10-29,MED-ATC-N05B,Diazepam,Anxiolytic,3.0
2017-10-30,MED-ATC-N05B,Diazepam,Anxiolytic,7.0
2017-10-31,MED-ATC-N05B,Diazepam,Anxiolytic,2.0
2017-11-01,MED-ATC-N05B,Diazepam,Anxiolytic,5.0
2017-11-02,MED-ATC-N05B,Diazepam,Anxiolytic,5.0
2017-11-03,MED-ATC-N05B,Diazepam,Anxiolytic,10.0
2017-11-04,MED-ATC-N05B,Diazepam,Anxiolytic,5.0
2017-11-05,MED-ATC-N05B,Diazepam,Anxiolytic,1.0
2017-11-06,MED-ATC-N05B,Diazepam,Anxiolytic,11.0
2017-11-07,MED-ATC-N05B,Diazepam,Anxiolytic,4.0
2017-11-08,MED-ATC-N05B,Diazepam,Anxiolytic,1.0
2017-11-09,MED-ATC-N05B,Diazepam,Anxiolytic,2.0
2017-11-10,MED-ATC-N05B,Diazepam,Anxiolytic,9.0
2017-11-11,MED-ATC-N05B,Diazepam,Anxiolytic,8.0
2017-11-12,MED-ATC-N05B,Diazepam,Anxiolytic,9.0
2017-11-13,MED-ATC-N05B,Diazepam,Anxiolytic,5.0
2017-11-14,MED-ATC-N05B,Diazepam,Anxiolytic,14.0
2017-11-15,MED-ATC-N05B,Diazepam,Anxiolytic,8.0
2017-11-16,MED-ATC-N05B,Diazepam,Anxiolytic,3.0
2017-11-17,MED-ATC-N05B,Diazepam,Anxiolytic,5.0
2017-11-18,MED-ATC-N05B,Diazepam,Anxiolytic,2.0
2017-11-19,MED-ATC-N05B,Diazepam,Anxiolytic,3.0
2017-11-20,MED-ATC-N05B,Diazepam,Anxiolytic,10.0
2017-11-21,MED-ATC-N05B,Diazepam,Anxiolytic,5.0
2017-11-22,MED-ATC-N05B,Diazepam,Anxiolytic,20.0
2017-11-23,MED-ATC-N05B,Diazepam,Anxiolytic,14.0
2017-11-24,MED-ATC-N05B,Diazepam,Anxiolytic,5.0
2017-11-25,MED-ATC-N05B,Diazepam,Anxiolytic,8.0
2017-11-26,MED-ATC-N05B,Diazepam,Anxiolytic,2.0
2017-11-27,MED-ATC-N05B,Diazepam,Anxiolytic,4.0
2017-11-28,MED-ATC-N05B,Diazepam,Anxiolytic,5.0
2017-11-29,MED-ATC-N05B,Diazepam,Anxiolytic,7.0
2017-11-30,MED-ATC-N05B,Diazepam,Anxiolytic,2.0
2017-12-01,MED-ATC-N05B,Diazepam,Anxiolytic,3.0
2017-12-02,MED-ATC-N05B,Diazepam,Anxiolytic,11.0
2017-12-03,MED-ATC-N05B,Diazepam,Anxiolytic,3.0
2017-12-04,MED-ATC-N05B,Diazepam,Anxiolytic,3.0
2017-12-05,MED-ATC-N05B,Diazepam,Anxiolytic,1.0
2017-12-06,MED-ATC-N05B,Diazepam,Anxiolytic,12.0
2017-12-07,MED-ATC-N05B,Diazepam,Anxiolytic,8.0
2017-12-08,MED-ATC-N05B,Diazepam,Anxiolytic,5.0
2017-12-09,MED-ATC-N05B,Diazepam,Anxiolytic,14.0
2017-12-10,MED-ATC-N05B,Diazepam,Anxiolytic,7.0
2017-12-11,MED-ATC-N05B,Diazepam,Anxiolytic,10.0
2017-12-12,MED-ATC-N05B,Diazepam,Anxiolytic,6.0
2017-12-13,MED-ATC-N05B,Diazepam,Anxiolytic,9.0
2017-12-14,MED-ATC-N05B,Diazepam,Anxiolytic,5.0
2017-12-15,MED-ATC-N05B,Diazepam,Anxiolytic,6.0
2017-12-16,MED-ATC-N05B,Diazepam,Anxiolytic,6.0
2017-12-17,MED-ATC-N05B,Diazepam,Anxiolytic,11.0
2017-12-18,MED-ATC-N05B,Diazepam,Anxiolytic,7.0
2017-12-19,MED-ATC-N05B,Diazepam,Anxiolytic,0.0
2017-12-20,MED-ATC-N05B,Diazepam,Anxiolytic,3.0
2017-12-21,MED-ATC-N05B,Diazepam,Anxiolytic,5.0
2017-12-22,MED-ATC-N05B,Diazepam,Anxiolytic,13.0
2017-12-23,MED-ATC-N05B,Diazepam,Anxiolytic,6.0
2017-12-24,MED-ATC-N05B,Diazepam,Anxiolytic,4.0
2017-12-25,MED-ATC-N05B,Diazepam,Anxiolytic,4.0
2017-12-26,MED-ATC-N05B,Diazepam,Anxiolytic,9.0
2017-12-27,MED-ATC-N05B,Diazepam,Anxiolytic,9.0
2017-12-28,MED-ATC-N05B,Diazepam,Anxiolytic,12.0
2017-12-29,MED-ATC-N05B,Diazepam,Anxiolytic,17.0
2017-12-30,MED-ATC-N05B,Diazepam,Anxiolytic,8.0
2017-12-31,MED-ATC-N05B,Diazepam,Anxiolytic,9.0
2018-01-01,MED-ATC-N05B,Diazepam,Anxiolytic,0.0
2018-01-02,MED-ATC-N05B,Diazepam,Anxiolytic,3.0
2018-01-03,MED-ATC-N05B,Diazepam,Anxiolytic,4.0
2018-01-04,MED-ATC-N05B,Diazepam,Anxiolytic,9.0
2018-01-05,MED-ATC-N05B,Diazepam,Anxiolytic,11.0
2018-01-06,MED-ATC-N05B,Diazepam,Anxiolytic,4.0
2018-01-07,MED-ATC-N05B,Diazepam,Anxiolytic,0.0
2018-01-08,MED-ATC-N05B,Diazepam,Anxiolytic,5.0
2018-01-09,MED-ATC-N05B,Diazepam,Anxiolytic,9.0
2018-01-10,MED-ATC-N05B,Diazepam,Anxiolytic,12.0
2018-01-11,MED-ATC-N05B,Diazepam,Anxiolytic,7.0
2018-01-12,MED-ATC-N05B,Diazepam,Anxiolytic,11.0
2018-01-13,MED-ATC-N05B,Diazepam,Anxiolytic,6.0
2018-01-14,MED-ATC-N05B,Diazepam,Anxiolytic,2.0
2018-01-15,MED-ATC-N05B,Diazepam,Anxiolytic,8.0
2018-01-16,MED-ATC-N05B,Diazepam,Anxiolytic,2.0
2018-01-17,MED-ATC-N05B,Diazepam,Anxiolytic,10.0
2018-01-18,MED-ATC-N05B,Diazepam,Anxiolytic,9.0
2018-01-19,MED-ATC-N05B,Diazepam,Anxiolytic,12.0
2018-01-20,MED-ATC-N05B,Diazepam,Anxiolytic,2.0
2018-01-21,MED-ATC-N05B,Diazepam,Anxiolytic,6.0
2018-01-22,MED-ATC-N05B,Diazepam,Anxiolytic,5.0
2018-01-23,MED-ATC-N05B,Diazepam,Anxiolytic,4.0
2018-01-24,MED-ATC-N05B,Diazepam,Anxiolytic,13.0
2018-01-25,MED-ATC-N05B,Diazepam,Anxiolytic,15.0
2018-01-26,MED-ATC-N05B,Diazepam,Anxiolytic,9.0
2018-01-27,MED-ATC-N05B,Diazepam,Anxiolytic,7.0
2018-01-28,MED-ATC-N05B,Diazepam,Anxiolytic,11.0
2018-01-29,MED-ATC-N05B,Diazepam,Anxiolytic,10.0
2018-01-30,MED-ATC-N05B,Diazepam,Anxiolytic,11.0
2018-01-31,MED-ATC-N05B,Diazepam,Anxiolytic,12.0
2018-02-01,MED-ATC-N05B,Diazepam,Anxiolytic,7.0
2018-02-02,MED-ATC-N05B,Diazepam,Anxiolytic,6.0
2018-02-03,MED-ATC-N05B,Diazepam,Anxiolytic,12.0
2018-02-04,MED-ATC-N05B,Diazepam,Anxiolytic,6.0
2018-02-05,MED-ATC-N05B,Diazepam,Anxiolytic,18.0
2018-02-06,MED-ATC-N05B,Diazepam,Anxiolytic,8.0
2018-02-07,MED-ATC-N05B,Diazepam,Anxiolytic,8.0
2018-02-08,MED-ATC-N05B,Diazepam,Anxiolytic,7.0
2018-02-09,MED-ATC-N05B,Diazepam,Anxiolytic,17.0
2018-02-10,MED-ATC-N05B,Diazepam,Anxiolytic,6.0
2018-02-11,MED-ATC-N05B,Diazepam,Anxiolytic,12.0
2018-02-12,MED-ATC-N05B,Diazepam,Anxiolytic,14.0
2018-02-13,MED-ATC-N05B,Diazepam,Anxiolytic,10.0
2018-02-14,MED-ATC-N05B,Diazepam,Anxiolytic,15.0
2018-02-15,MED-ATC-N05B,Diazepam,Anxiolytic,6.0
2018-02-16,MED-ATC-N05B,Diazepam,Anxiolytic,10.0
2018-02-17,MED-ATC-N05B,Diazepam,Anxiolytic,5.0
2018-02-18,MED-ATC-N05B,Diazepam,Anxiolytic,2.0
2018-02-19,MED-ATC-N05B,Diazepam,Anxiolytic,6.0
2018-02-20,MED-ATC-N05B,Diazepam,Anxiolytic,6.0
2018-02-21,MED-ATC-N05B,Diazepam,Anxiolytic,5.0
2018-02-22,MED-ATC-N05B,Diazepam,Anxiolytic,6.0
2018-02-23,MED-ATC-N05B,Diazepam,Anxiolytic,6.0
2018-02-24,MED-ATC-N05B,Diazepam,Anxiolytic,10.0
2018-02-25,MED-ATC-N05B,Diazepam,Anxiolytic,10.0
2018-02-26,MED-ATC-N05B,Diazepam,Anxiolytic,9.0
2018-02-27,MED-ATC-N05B,Diazepam,Anxiolytic,20.0
2018-02-28,MED-ATC-N05B,Diazepam,Anxiolytic,21.0
2018-03-01,MED-ATC-N05B,Diazepam,Anxiolytic,26.0
2018-03-02,MED-ATC-N05B,Diazepam,Anxiolytic,24.0
2018-03-03,MED-ATC-N05B,Diazepam,Anxiolytic,12.0
2018-03-04,MED-ATC-N05B,Diazepam,Anxiolytic,3.0
2018-03-05,MED-ATC-N05B,Diazepam,Anxiolytic,6.0
2018-03-06,MED-ATC-N05B,Diazepam,Anxiolytic,22.0
2018-03-07,MED-ATC-N05B,Diazepam,Anxiolytic,31.0
2018-03-08,MED-ATC-N05B,Diazepam,Anxiolytic,10.0
2018-03-09,MED-ATC-N05B,Diazepam,Anxiolytic,11.0
2018-03-10,MED-ATC-N05B,Diazepam,Anxiolytic,11.0
2018-03-11,MED-ATC-N05B,Diazepam,Anxiolytic,0.0
2018-03-12,MED-ATC-N05B,Diazepam,Anxiolytic,9.0
2018-03-13,MED-ATC-N05B,Diazepam,Anxiolytic,18.0
2018-03-14,MED-ATC-N05B,Diazepam,Anxiolytic,14.0
2018-03-15,MED-ATC-N05B,Diazepam,Anxiolytic,10.0
2018-03-16,MED-ATC-N05B,Diazepam,Anxiolytic,7.0
2018-03-17,MED-ATC-N05B,Diazepam,Anxiolytic,11.0
2018-03-18,MED-ATC-N05B,Diazepam,Anxiolytic,8.0
2018-03-19,MED-ATC-N05B,Diazepam,Anxiolytic,11.0
2018-03-20,MED-ATC-N05B,Diazepam,Anxiolytic,7.0
2018-03-21,MED-ATC-N05B,Diazepam,Anxiolytic,4.0
2018-03-22,MED-ATC-N05B,Diazepam,Anxiolytic,4.0
2018-03-23,MED-ATC-N05B,Diazepam,Anxiolytic,8.0
2018-03-24,MED-ATC-N05B,Diazepam,Anxiolytic,7.0
2018-03-25,MED-ATC-N05B,Diazepam,Anxiolytic,9.0
2018-03-26,MED-ATC-N05B,Diazepam,Anxiolytic,15.0
2018-03-27,MED-ATC-N05B,Diazepam,Anxiolytic,14.0
2018-03-28,MED-ATC-N05B,Diazepam,Anxiolytic,23.0
2018-03-29,MED-ATC-N05B,Diazepam,Anxiolytic,5.0
2018-03-30,MED-ATC-N05B,Diazepam,Anxiolytic,33.0
2018-03-31,MED-ATC-N05B,Diazepam,Anxiolytic,8.0
2018-04-01,MED-ATC-N05B,Diazepam,Anxiolytic,19.0
2018-04-02,MED-ATC-N05B,Diazepam,Anxiolytic,31.0
2018-04-03,MED-ATC-N05B,Diazepam,Anxiolytic,10.0
2018-04-04,MED-ATC-N05B,Diazepam,Anxiolytic,9.0
2018-04-05,MED-ATC-N05B,Diazepam,Anxiolytic,16.0
2018-04-06,MED-ATC-N05B,Diazepam,Anxiolytic,13.0
2018-04-07,MED-ATC-N05B,Diazepam,Anxiolytic,4.0
2018-04-08,MED-ATC-N05B,Diazepam,Anxiolytic,0.0
2018-04-09,MED-ATC-N05B,Diazepam,Anxiolytic,6.0
2018-04-10,MED-ATC-N05B,Diazepam,Anxiolytic,18.0
2018-04-11,MED-ATC-N05B,Diazepam,Anxiolytic,12.0
2018-04-12,MED-ATC-N05B,Diazepam,Anxiolytic,9.0
2018-04-13,MED-ATC-N05B,Diazepam,Anxiolytic,12.0
2018-04-14,MED-ATC-N05B,Diazepam,Anxiolytic,2.0
2018-04-15,MED-ATC-N05B,Diazepam,Anxiolytic,5.0
2018-04-16,MED-ATC-N05B,Diazepam,Anxiolytic,9.0
2018-04-17,MED-ATC-N05B,Diazepam,Anxiolytic,10.0
2018-04-18,MED-ATC-N05B,Diazepam,Anxiolytic,5.0
2018-04-19,MED-ATC-N05B,Diazepam,Anxiolytic,3.0
2018-04-20,MED-ATC-N05B,Diazepam,Anxiolytic,10.0
2018-04-21,MED-ATC-N05B,Diazepam,Anxiolytic,7.0
2018-04-22,MED-ATC-N05B,Diazepam,Anxiolytic,7.0
2018-04-23,MED-ATC-N05B,Diazepam,Anxiolytic,7.0
2018-04-24,MED-ATC-N05B,Diazepam,Anxiolytic,9.0
2018-04-25,MED-ATC-N05B,Diazepam,Anxiolytic,8.0
2018-04-26,MED-ATC-N05B,Diazepam,Anxiolytic,8.0
2018-04-27,MED-ATC-N05B,Diazepam,Anxiolytic,12.0
2018-04-28,MED-ATC-N05B,Diazepam,Anxiolytic,11.0
2018-04-29,MED-ATC-N05B,Diazepam,Anxiolytic,5.0
2018-04-30,MED-ATC-N05B,Diazepam,Anxiolytic,12.0
2018-05-01,MED-ATC-N05B,Diazepam,Anxiolytic,0.0
2018-05-02,MED-ATC-N05B,Diazepam,Anxiolytic,7.0
2018-05-03,MED-ATC-N05B,Diazepam,Anxiolytic,10.0
2018-05-04,MED-ATC-N05B,Diazepam,Anxiolytic,6.0
2018-05-05,MED-ATC-N05B,Diazepam,Anxiolytic,9.0
2018-05-06,MED-ATC-N05B,Diazepam,Anxiolytic,9.0
2018-05-07,MED-ATC-N05B,Diazepam,Anxiolytic,13.0
2018-05-08,MED-ATC-N05B,Diazepam,Anxiolytic,14.0
2018-05-09,MED-ATC-N05B,Diazepam,Anxiolytic,8.0
2018-05-10,MED-ATC-N05B,Diazepam,Anxiolytic,12.0
2018-05-11,MED-ATC-N05B,Diazepam,Anxiolytic,6.0
2018-05-12,MED-ATC-N05B,Diazepam,Anxiolytic,10.0
2018-05-13,MED-ATC-N05B,Diazepam,Anxiolytic,3.0
2018-05-14,MED-ATC-N05B,Diazepam,Anxiolytic,4.0
2018-05-15,MED-ATC-N05B,Diazepam,Anxiolytic,11.0
2018-05-16,MED-ATC-N05B,Diazepam,Anxiolytic,9.0
2018-05-17,MED-ATC-N05B,Diazepam,Anxiolytic,11.0
2018-05-18,MED-ATC-N05B,Diazepam,Anxiolytic,11.0
2018-05-19,MED-ATC-N05B,Diazepam,Anxiolytic,7.0
2018-05-20,MED-ATC-N05B,Diazepam,Anxiolytic,6.0
2018-05-21,MED-ATC-N05B,Diazepam,Anxiolytic,18.0
2018-05-22,MED-ATC-N05B,Diazepam,Anxiolytic,7.0
2018-05-23,MED-ATC-N05B,Diazepam,Anxiolytic,7.0
2018-05-24,MED-ATC-N05B,Diazepam,Anxiolytic,6.0
2018-05-25,MED-ATC-N05B,Diazepam,Anxiolytic,9.0
2018-05-26,MED-ATC-N05B,Diazepam,Anxiolytic,7.0
2018-05-27,MED-ATC-N05B,Diazepam,Anxiolytic,6.0
2018-05-28,MED-ATC-N05B,Diazepam,Anxiolytic,7.0
2018-05-29,MED-ATC-N05B,Diazepam,Anxiolytic,7.0
2018-05-30,MED-ATC-N05B,Diazepam,Anxiolytic,9.0
2018-05-31,MED-ATC-N05B,Diazepam,Anxiolytic,10.0
2018-06-01,MED-ATC-N05B,Diazepam,Anxiolytic,9.0
2018-06-02,MED-ATC-N05B,Diazepam,Anxiolytic,9.0
2018-06-03,MED-ATC-N05B,Diazepam,Anxiolytic,8.0
2018-06-04,MED-ATC-N05B,Diazepam,Anxiolytic,3.0
2018-06-05,MED-ATC-N05B,Diazepam,Anxiolytic,7.0
2018-06-06,MED-ATC-N05B,Diazepam,Anxiolytic,16.0
2018-06-07,MED-ATC-N05B,Diazepam,Anxiolytic,11.0
2018-06-08,MED-ATC-N05B,Diazepam,Anxiolytic,6.0
2018-06-09,MED-ATC-N05B,Diazepam,Anxiolytic,11.0
2018-06-10,MED-ATC-N05B,Diazepam,Anxiolytic,7.0
2018-06-11,MED-ATC-N05B,Diazepam,Anxiolytic,17.0
2018-06-12,MED-ATC-N05B,Diazepam,Anxiolytic,3.0
2018-06-13,MED-ATC-N05B,Diazepam,Anxiolytic,1.0
2018-06-14,MED-ATC-N05B,Diazepam,Anxiolytic,11.0
2018-06-15,MED-ATC-N05B,Diazepam,Anxiolytic,10.0
2018-06-16,MED-ATC-N05B,Diazepam,Anxiolytic,5.0
2018-06-17,MED-ATC-N05B,Diazepam,Anxiolytic,10.0
2018-06-18,MED-ATC-N05B,Diazepam,Anxiolytic,4.0
2018-06-19,MED-ATC-N05B,Diazepam,Anxiolytic,8.0
2018-06-20,MED-ATC-N05B,Diazepam,Anxiolytic,8.0
2018-06-21,MED-ATC-N05B,Diazepam,Anxiolytic,5.0
2018-06-22,MED-ATC-N05B,Diazepam,Anxiolytic,3.0
2018-06-23,MED-ATC-N05B,Diazepam,Anxiolytic,7.0
2018-06-24,MED-ATC-N05B,Diazepam,Anxiolytic,10.0
2018-06-25,MED-ATC-N05B,Diazepam,Anxiolytic,12.0
2018-06-26,MED-ATC-N05B,Diazepam,Anxiolytic,6.0
2018-06-27,MED-ATC-N05B,Diazepam,Anxiolytic,10.0
2018-06-28,MED-ATC-N05B,Diazepam,Anxiolytic,13.0
2018-06-29,MED-ATC-N05B,Diazepam,Anxiolytic,8.0
2018-06-30,MED-ATC-N05B,Diazepam,Anxiolytic,10.0
2018-07-01,MED-ATC-N05B,Diazepam,Anxiolytic,7.0
2018-07-02,MED-ATC-N05B,Diazepam,Anxiolytic,18.0
2018-07-03,MED-ATC-N05B,Diazepam,Anxiolytic,9.0
2018-07-04,MED-ATC-N05B,Diazepam,Anxiolytic,6.0
2018-07-05,MED-ATC-N05B,Diazepam,Anxiolytic,6.0
2018-07-06,MED-ATC-N05B,Diazepam,Anxiolytic,15.0
2018-07-07,MED-ATC-N05B,Diazepam,Anxiolytic,14.0
2018-07-08,MED-ATC-N05B,Diazepam,Anxiolytic,10.0
2018-07-09,MED-ATC-N05B,Diazepam,Anxiolytic,12.0
2018-07-10,MED-ATC-N05B,Diazepam,Anxiolytic,9.0
2018-07-11,MED-ATC-N05B,Diazepam,Anxiolytic,13.0
2018-07-12,MED-ATC-N05B,Diazepam,Anxiolytic,11.0
2018-07-13,MED-ATC-N05B,Diazepam,Anxiolytic,5.0
2018-07-14,MED-ATC-N05B,Diazepam,Anxiolytic,8.0
2018-07-15,MED-ATC-N05B,Diazepam,Anxiolytic,4.0
2018-07-16,MED-ATC-N05B,Diazepam,Anxiolytic,8.0
2018-07-17,MED-ATC-N05B,Diazepam,Anxiolytic,13.0
2018-07-18,MED-ATC-N05B,Diazepam,Anxiolytic,17.0
2018-07-19,MED-ATC-N05B,Diazepam,Anxiolytic,14.0
2018-07-20,MED-ATC-N05B,Diazepam,Anxiolytic,2.0
2018-07-21,MED-ATC-N05B,Diazepam,Anxiolytic,7.0
2018-07-22,MED-ATC-N05B,Diazepam,Anxiolytic,4.0
2018-07-23,MED-ATC-N05B,Diazepam,Anxiolytic,15.0
2018-07-24,MED-ATC-N05B,Diazepam,Anxiolytic,4.0
2018-07-25,MED-ATC-N05B,Diazepam,Anxiolytic,7.0
2018-07-26,MED-ATC-N05B,Diazepam,Anxiolytic,4.0
2018-07-27,MED-ATC-N05B,Diazepam,Anxiolytic,11.0
2018-07-28,MED-ATC-N05B,Diazepam,Anxiolytic,9.0
2018-07-29,MED-ATC-N05B,Diazepam,Anxiolytic,7.0
2018-07-30,MED-ATC-N05B,Diazepam,Anxiolytic,9.0
2018-07-31,MED-ATC-N05B,Diazepam,Anxiolytic,5.0
2018-08-01,MED-ATC-N05B,Diazepam,Anxiolytic,9.0
2018-08-02,MED-ATC-N05B,Diazepam,Anxiolytic,11.0
2018-08-03,MED-ATC-N05B,Diazepam,Anxiolytic,9.0
2018-08-04,MED-ATC-N05B,Diazepam,Anxiolytic,11.0
2018-08-05,MED-ATC-N05B,Diazepam,Anxiolytic,4.0
2018-08-06,MED-ATC-N05B,Diazepam,Anxiolytic,7.0
2018-08-07,MED-ATC-N05B,Diazepam,Anxiolytic,7.0
2018-08-08,MED-ATC-N05B,Diazepam,Anxiolytic,13.0
2018-08-09,MED-ATC-N05B,Diazepam,Anxiolytic,13.0
2018-08-10,MED-ATC-N05B,Diazepam,Anxiolytic,4.0
2018-08-11,MED-ATC-N05B,Diazepam,Anxiolytic,16.0
2018-08-12,MED-ATC-N05B,Diazepam,Anxiolytic,6.0
2018-08-13,MED-ATC-N05B,Diazepam,Anxiolytic,15.0
2018-08-14,MED-ATC-N05B,Diazepam,Anxiolytic,9.0
2018-08-15,MED-ATC-N05B,Diazepam,Anxiolytic,13.0
2018-08-16,MED-ATC-N05B,Diazepam,Anxiolytic,6.0
2018-08-17,MED-ATC-N05B,Diazepam,Anxiolytic,5.0
2018-08-18,MED-ATC-N05B,Diazepam,Anxiolytic,5.0
2018-08-19,MED-ATC-N05B,Diazepam,Anxiolytic,3.0
2018-08-20,MED-ATC-N05B,Diazepam,Anxiolytic,7.0
2018-08-21,MED-ATC-N05B,Diazepam,Anxiolytic,4.0
2018-08-22,MED-ATC-N05B,Diazepam,Anxiolytic,4.0
2018-08-23,MED-ATC-N05B,Diazepam,Anxiolytic,8.0
2018-08-24,MED-ATC-N05B,Diazepam,Anxiolytic,7.0
2018-08-25,MED-ATC-N05B,Diazepam,Anxiolytic,4.0
2018-08-26,MED-ATC-N05B,Diazepam,Anxiolytic,10.0
2018-08-27,MED-ATC-N05B,Diazepam,Anxiolytic,6.0
2018-08-28,MED-ATC-N05B,Diazepam,Anxiolytic,7.0
2018-08-29,MED-ATC-N05B,Diazepam,Anxiolytic,10.0
2018-08-30,MED-ATC-N05B,Diazepam,Anxiolytic,7.0
2018-08-31,MED-ATC-N05B,Diazepam,Anxiolytic,13.0
2018-09-01,MED-ATC-N05B,Diazepam,Anxiolytic,6.0
2018-09-02,MED-ATC-N05B,Diazepam,Anxiolytic,5.0
2018-09-03,MED-ATC-N05B,Diazepam,Anxiolytic,12.0
2018-09-04,MED-ATC-N05B,Diazepam,Anxiolytic,7.0
2018-09-05,MED-ATC-N05B,Diazepam,Anxiolytic,11.0
2018-09-06,MED-ATC-N05B,Diazepam,Anxiolytic,13.0
2018-09-07,MED-ATC-N05B,Diazepam,Anxiolytic,6.0
2018-09-08,MED-ATC-N05B,Diazepam,Anxiolytic,12.0
2018-09-09,MED-ATC-N05B,Diazepam,Anxiolytic,2.0
2018-09-10,MED-ATC-N05B,Diazepam,Anxiolytic,14.0
2018-09-11,MED-ATC-N05B,Diazepam,Anxiolytic,15.0
2018-09-12,MED-ATC-N05B,Diazepam,Anxiolytic,18.0
2018-09-13,MED-ATC-N05B,Diazepam,Anxiolytic,5.0
2018-09-14,MED-ATC-N05B,Diazepam,Anxiolytic,7.0
2018-09-15,MED-ATC-N05B,Diazepam,Anxiolytic,6.0
2018-09-16,MED-ATC-N05B,Diazepam,Anxiolytic,6.0
2018-09-17,MED-ATC-N05B,Diazepam,Anxiolytic,10.0
2018-09-18,MED-ATC-N05B,Diazepam,Anxiolytic,6.0
2018-09-19,MED-ATC-N05B,Diazepam,Anxiolytic,10.0
2018-09-20,MED-ATC-N05B,Diazepam,Anxiolytic,13.0
2018-09-21,MED-ATC-N05B,Diazepam,Anxiolytic,10.0
2018-09-22,MED-ATC-N05B,Diazepam,Anxiolytic,6.0
2018-09-23,MED-ATC-N05B,Diazepam,Anxiolytic,9.0
2018-09-24,MED-ATC-N05B,Diazepam,Anxiolytic,7.0
2018-09-25,MED-ATC-N05B,Diazepam,Anxiolytic,11.0
2018-09-26,MED-ATC-N05B,Diazepam,Anxiolytic,9.0
2018-09-27,MED-ATC-N05B,Diazepam,Anxiolytic,11.0
2018-09-28,MED-ATC-N05B,Diazepam,Anxiolytic,3.0
2018-09-29,MED-ATC-N05B,Diazepam,Anxiolytic,4.0
2018-09-30,MED-ATC-N05B,Diazepam,Anxiolytic,9.0
2018-10-01,MED-ATC-N05B,Diazepam,Anxiolytic,10.0
2018-10-02,MED-ATC-N05B,Diazepam,Anxiolytic,7.0
2018-10-03,MED-ATC-N05B,Diazepam,Anxiolytic,12.0
2018-10-04,MED-ATC-N05B,Diazepam,Anxiolytic,12.0
2018-10-05,MED-ATC-N05B,Diazepam,Anxiolytic,7.0
2018-10-06,MED-ATC-N05B,Diazepam,Anxiolytic,4.0
2018-10-07,MED-ATC-N05B,Diazepam,Anxiolytic,8.0
2018-10-08,MED-ATC-N05B,Diazepam,Anxiolytic,18.0
2018-10-09,MED-ATC-N05B,Diazepam,Anxiolytic,18.0
2018-10-10,MED-ATC-N05B,Diazepam,Anxiolytic,13.0
2018-10-11,MED-ATC-N05B,Diazepam,Anxiolytic,15.0
2018-10-12,MED-ATC-N05B,Diazepam,Anxiolytic,6.0
2018-10-13,MED-ATC-N05B,Diazepam,Anxiolytic,8.0
2018-10-14,MED-ATC-N05B,Diazepam,Anxiolytic,9.0
2018-10-15,MED-ATC-N05B,Diazepam,Anxiolytic,12.0
2018-10-16,MED-ATC-N05B,Diazepam,Anxiolytic,5.0
2018-10-17,MED-ATC-N05B,Diazepam,Anxiolytic,5.0
2018-10-18,MED-ATC-N05B,Diazepam,Anxiolytic,9.0
2018-10-19,MED-ATC-N05B,Diazepam,Anxiolytic,5.0
2018-10-20,MED-ATC-N05B,Diazepam,Anxiolytic,9.0
2018-10-21,MED-ATC-N05B,Diazepam,Anxiolytic,5.0
2018-10-22,MED-ATC-N05B,Diazepam,Anxiolytic,8.0
2018-10-23,MED-ATC-N05B,Diazepam,Anxiolytic,9.0
2018-10-24,MED-ATC-N05B,Diazepam,Anxiolytic,7.0
2018-10-25,MED-ATC-N05B,Diazepam,Anxiolytic,12.0
2018-10-26,MED-ATC-N05B,Diazepam,Anxiolytic,14.0
2018-10-27,MED-ATC-N05B,Diazepam,Anxiolytic,12.0
2018-10-28,MED-ATC-N05B,Diazepam,Anxiolytic,9.0
2018-10-29,MED-ATC-N05B,Diazepam,Anxiolytic,5.0
2018-10-30,MED-ATC-N05B,Diazepam,Anxiolytic,7.0
2018-10-31,MED-ATC-N05B,Diazepam,Anxiolytic,7.0
2018-11-01,MED-ATC-N05B,Diazepam,Anxiolytic,6.0
2018-11-02,MED-ATC-N05B,Diazepam,Anxiolytic,8.2
2018-11-03,MED-ATC-N05B,Diazepam,Anxiolytic,2.0
2018-11-04,MED-ATC-N05B,Diazepam,Anxiolytic,7.0
2018-11-05,MED-ATC-N05B,Diazepam,Anxiolytic,14.0
2018-11-06,MED-ATC-N05B,Diazepam,Anxiolytic,8.0
2018-11-07,MED-ATC-N05B,Diazepam,Anxiolytic,15.0
2018-11-08,MED-ATC-N05B,Diazepam,Anxiolytic,5.0
2018-11-09,MED-ATC-N05B,Diazepam,Anxiolytic,7.0
2018-11-10,MED-ATC-N05B,Diazepam,Anxiolytic,7.0
2018-11-11,MED-ATC-N05B,Diazepam,Anxiolytic,14.0
2018-11-12,MED-ATC-N05B,Diazepam,Anxiolytic,15.0
2018-11-13,MED-ATC-N05B,Diazepam,Anxiolytic,18.0
2018-11-14,MED-ATC-N05B,Diazepam,Anxiolytic,9.0
2018-11-15,MED-ATC-N05B,Diazepam,Anxiolytic,3.0
2018-11-16,MED-ATC-N05B,Diazepam,Anxiolytic,6.0
2018-11-17,MED-ATC-N05B,Diazepam,Anxiolytic,5.0
2018-11-18,MED-ATC-N05B,Diazepam,Anxiolytic,7.0
2018-11-19,MED-ATC-N05B,Diazepam,Anxiolytic,6.0
2018-11-20,MED-ATC-N05B,Diazepam,Anxiolytic,4.0
2018-11-21,MED-ATC-N05B,Diazepam,Anxiolytic,5.0
2018-11-22,MED-ATC-N05B,Diazepam,Anxiolytic,9.0
2018-11-23,MED-ATC-N05B,Diazepam,Anxiolytic,13.0
2018-11-24,MED-ATC-N05B,Diazepam,Anxiolytic,11.0
2018-11-25,MED-ATC-N05B,Diazepam,Anxiolytic,6.0
2018-11-26,MED-ATC-N05B,Diazepam,Anxiolytic,15.0
2018-11-27,MED-ATC-N05B,Diazepam,Anxiolytic,2.0
2018-11-28,MED-ATC-N05B,Diazepam,Anxiolytic,15.0
2018-11-29,MED-ATC-N05B,Diazepam,Anxiolytic,7.0
2018-11-30,MED-ATC-N05B,Diazepam,Anxiolytic,3.0
2018-12-01,MED-ATC-N05B,Diazepam,Anxiolytic,7.0
2018-12-02,MED-ATC-N05B,Diazepam,Anxiolytic,6.0
2018-12-03,MED-ATC-N05B,Diazepam,Anxiolytic,13.0
2018-12-04,MED-ATC-N05B,Diazepam,Anxiolytic,11.0
2018-12-05,MED-ATC-N05B,Diazepam,Anxiolytic,13.0
2018-12-06,MED-ATC-N05B,Diazepam,Anxiolytic,0.0
2018-12-07,MED-ATC-N05B,Diazepam,Anxiolytic,14.0
2018-12-08,MED-ATC-N05B,Diazepam,Anxiolytic,0.0
2018-12-09,MED-ATC-N05B,Diazepam,Anxiolytic,9.0
2018-12-10,MED-ATC-N05B,Diazepam,Anxiolytic,12.0
2018-12-11,MED-ATC-N05B,Diazepam,Anxiolytic,12.0
2018-12-12,MED-ATC-N05B,Diazepam,Anxiolytic,11.0
2018-12-13,MED-ATC-N05B,Diazepam,Anxiolytic,6.0
2018-12-14,MED-ATC-N05B,Diazepam,Anxiolytic,2.0
2018-12-15,MED-ATC-N05B,Diazepam,Anxiolytic,5.0
2018-12-16,MED-ATC-N05B,Diazepam,Anxiolytic,3.0
2018-12-17,MED-ATC-N05B,Diazepam,Anxiolytic,6.0
2018-12-18,MED-ATC-N05B,Diazepam,Anxiolytic,12.0
2018-12-19,MED-ATC-N05B,Diazepam,Anxiolytic,0.0
2018-12-20,MED-ATC-N05B,Diazepam,Anxiolytic,12.0
2018-12-21,MED-ATC-N05B,Diazepam,Anxiolytic,12.0
2018-12-22,MED-ATC-N05B,Diazepam,Anxiolytic,3.0
2018-12-23,MED-ATC-N05B,Diazepam,Anxiolytic,8.0
2018-12-24,MED-ATC-N05B,Diazepam,Anxiolytic,20.0
2018-12-25,MED-ATC-N05B,Diazepam,Anxiolytic,9.0
2018-12-26,MED-ATC-N05B,Diazepam,Anxiolytic,8.0
2018-12-27,MED-ATC-N05B,Diazepam,Anxiolytic,8.0
2018-12-28,MED-ATC-N05B,Diazepam,Anxiolytic,11.0
2018-12-29,MED-ATC-N05B,Diazepam,Anxiolytic,5.0
2018-12-30,MED-ATC-N05B,Diazepam,Anxiolytic,6.0
2018-12-31,MED-ATC-N05B,Diazepam,Anxiolytic,10.0
2014-01-02,MED-ATC-N05C,Hypnotic/Sedative,Sedative,0.0
2014-01-03,MED-ATC-N05C,Hypnotic/Sedative,Sedative,0.0
2014-01-04,MED-ATC-N05C,Hypnotic/Sedative,Sedative,0.0
2014-01-05,MED-ATC-N05C,Hypnotic/Sedative,Sedative,0.0
2014-01-06,MED-ATC-N05C,Hypnotic/Sedative,Sedative,2.0
2014-01-07,MED-ATC-N05C,Hypnotic/Sedative,Sedative,0.0
2014-01-08,MED-ATC-N05C,Hypnotic/Sedative,Sedative,1.0
2014-01-09,MED-ATC-N05C,Hypnotic/Sedative,Sedative,0.0
2014-01-10,MED-ATC-N05C,Hypnotic/Sedative,Sedative,2.0
2014-01-11,MED-ATC-N05C,Hypnotic/Sedative,Sedative,0.0
2014-01-12,MED-ATC-N05C,Hypnotic/Sedative,Sedative,0.0
2014-01-13,MED-ATC-N05C,Hypnotic/Sedative,Sedative,0.0
2014-01-14,MED-ATC-N05C,Hypnotic/Sedative,Sedative,1.0
2014-01-15,MED-ATC-N05C,Hypnotic/Sedative,Sedative,2.0
2014-01-16,MED-ATC-N05C,Hypnotic/Sedative,Sedative,1.0
2014-01-17,MED-ATC-N05C,Hypnotic/Sedative,Sedative,0.0
2014-01-18,MED-ATC-N05C,Hypnotic/Sedative,Sedative,4.0
2014-01-19,MED-ATC-N05C,Hypnotic/Sedative,Sedative,0.0
2014-01-20,MED-ATC-N05C,Hypnotic/Sedative,Sedative,2.0
2014-01-21,MED-ATC-N05C,Hypnotic/Sedative,Sedative,2.0
2014-01-22,MED-ATC-N05C,Hypnotic/Sedative,Sedative,0.0
2014-01-23,MED-ATC-N05C,Hypnotic/Sedative,Sedative,3.0
2014-01-24,MED-ATC-N05C,Hypnotic/Sedative,Sedative,1.0
2014-01-25,MED-ATC-N05C,Hypnotic/Sedative,Sedative,0.0
2014-01-26,MED-ATC-N05C,Hypnotic/Sedative,Sedative,0.0
2014-01-27,MED-ATC-N05C,Hypnotic/Sedative,Sedative,2.0
2014-01-28,MED-ATC-N05C,Hypnotic/Sedative,Sedative,5.0
2014-01-29,MED-ATC-N05C,Hypnotic/Sedative,Sedative,1.0
2014-01-30,MED-ATC-N05C,Hypnotic/Sedative,Sedative,1.0
2014-01-31,MED-ATC-N05C,Hypnotic/Sedative,Sedative,0.0
2014-02-01,MED-ATC-N05C,Hypnotic/Sedative,Sedative,1.0
2014-02-02,MED-ATC-N05C,Hypnotic/Sedative,Sedative,2.0
2014-02-03,MED-ATC-N05C,Hypnotic/Sedative,Sedative,1.0
2014-02-04,MED-ATC-N05C,Hypnotic/Sedative,Sedative,1.0
2014-02-05,MED-ATC-N05C,Hypnotic/Sedative,Sedative,1.0
2014-02-06,MED-ATC-N05C,Hypnotic/Sedative,Sedative,2.0
2014-02-07,MED-ATC-N05C,Hypnotic/Sedative,Sedative,1.0
2014-02-08,MED-ATC-N05C,Hypnotic/Sedative,Sedative,1.0
2014-02-09,MED-ATC-N05C,Hypnotic/Sedative,Sedative,0.0
2014-02-10,MED-ATC-N05C,Hypnotic/Sedative,Sedative,3.0
2014-02-11,MED-ATC-N05C,Hypnotic/Sedative,Sedative,2.0
2014-02-12,MED-ATC-N05C,Hypnotic/Sedative,Sedative,0.0
2014-02-13,MED-ATC-N05C,Hypnotic/Sedative,Sedative,3.0
2014-02-14,MED-ATC-N05C,Hypnotic/Sedative,Sedative,4.0
2014-02-15,MED-ATC-N05C,Hypnotic/Sedative,Sedative,0.0
2014-02-16,MED-ATC-N05C,Hypnotic/Sedative,Sedative,2.0
2014-02-17,MED-ATC-N05C,Hypnotic/Sedative,Sedative,1.0
2014-02-18,MED-ATC-N05C,Hypnotic/Sedative,Sedative,0.0
2014-02-19,MED-ATC-N05C,Hypnotic/Sedative,Sedative,1.0
2014-02-20,MED-ATC-N05C,Hypnotic/Sedative,Sedative,3.0
2014-02-21,MED-ATC-N05C,Hypnotic/Sedative,Sedative,0.0
2014-02-22,MED-ATC-N05C,Hypnotic/Sedative,Sedative,0.0
2014-02-23,MED-ATC-N05C,Hypnotic/Sedative,Sedative,0.0
2014-02-24,MED-ATC-N05C,Hypnotic/Sedative,Sedative,0.0
2014-02-25,MED-ATC-N05C,Hypnotic/Sedative,Sedative,0.0
2014-02-26,MED-ATC-N05C,Hypnotic/Sedative,Sedative,0.0
2014-02-27,MED-ATC-N05C,Hypnotic/Sedative,Sedative,1.0
2014-02-28,MED-ATC-N05C,Hypnotic/Sedative,Sedative,1.0
2014-03-01,MED-ATC-N05C,Hypnotic/Sedative,Sedative,0.0
2014-03-02,MED-ATC-N05C,Hypnotic/Sedative,Sedative,0.0
2014-03-03,MED-ATC-N05C,Hypnotic/Sedative,Sedative,2.0
2014-03-04,MED-ATC-N05C,Hypnotic/Sedative,Sedative,0.0
2014-03-05,MED-ATC-N05C,Hypnotic/Sedative,Sedative,0.0
2014-03-06,MED-ATC-N05C,Hypnotic/Sedative,Sedative,1.0
2014-03-07,MED-ATC-N05C,Hypnotic/Sedative,Sedative,1.0
2014-03-08,MED-ATC-N05C,Hypnotic/Sedative,Sedative,0.0
2014-03-09,MED-ATC-N05C,Hypnotic/Sedative,Sedative,0.0
2014-03-10,MED-ATC-N05C,Hypnotic/Sedative,Sedative,0.0
2014-03-11,MED-ATC-N05C,Hypnotic/Sedative,Sedative,1.0
2014-03-12,MED-ATC-N05C,Hypnotic/Sedative,Sedative,3.0
2014-03-13,MED-ATC-N05C,Hypnotic/Sedative,Sedative,0.0
2014-03-14,MED-ATC-N05C,Hypnotic/Sedative,Sedative,0.0
2014-03-15,MED-ATC-N05C,Hypnotic/Sedative,Sedative,1.0
2014-03-16,MED-ATC-N05C,Hypnotic/Sedative,Sedative,0.0
2014-03-17,MED-ATC-N05C,Hypnotic/Sedative,Sedative,1.0
2014-03-18,MED-ATC-N05C,Hypnotic/Sedative,Sedative,0.0
2014-03-19,MED-ATC-N05C,Hypnotic/Sedative,Sedative,0.0
2014-03-20,MED-ATC-N05C,Hypnotic/Sedative,Sedative,0.0
2014-03-21,MED-ATC-N05C,Hypnotic/Sedative,Sedative,0.0
2014-03-22,MED-ATC-N05C,Hypnotic/Sedative,Sedative,2.0
2014-03-23,MED-ATC-N05C,Hypnotic/Sedative,Sedative,1.0
2014-03-24,MED-ATC-N05C,Hypnotic/Sedative,Sedative,0.0
2014-03-25,MED-ATC-N05C,Hypnotic/Sedative,Sedative,0.0
2014-03-26,MED-ATC-N05C,Hypnotic/Sedative,Sedative,3.0
2014-03-27,MED-ATC-N05C,Hypnotic/Sedative,Sedative,1.0
2014-03-28,MED-ATC-N05C,Hypnotic/Sedative,Sedative,0.0
2014-03-29,MED-ATC-N05C,Hypnotic/Sedative,Sedative,2.0
2014-03-30,MED-ATC-N05C,Hypnotic/Sedative,Sedative,0.0
2014-03-31,MED-ATC-N05C,Hypnotic/Sedative,Sedative,1.0
2014-04-01,MED-ATC-N05C,Hypnotic/Sedative,Sedative,3.0
2014-04-02,MED-ATC-N05C,Hypnotic/Sedative,Sedative,0.0
2014-04-03,MED-ATC-N05C,Hypnotic/Sedative,Sedative,0.0
2014-04-04,MED-ATC-N05C,Hypnotic/Sedative,Sedative,3.0
2014-04-05,MED-ATC-N05C,Hypnotic/Sedative,Sedative,0.0
2014-04-06,MED-ATC-N05C,Hypnotic/Sedative,Sedative,0.0
2014-04-07,MED-ATC-N05C,Hypnotic/Sedative,Sedative,0.0
2014-04-08,MED-ATC-N05C,Hypnotic/Sedative,Sedative,1.0
2014-04-09,MED-ATC-N05C,Hypnotic/Sedative,Sedative,1.0
2014-04-10,MED-ATC-N05C,Hypnotic/Sedative,Sedative,0.0
2014-04-11,MED-ATC-N05C,Hypnotic/Sedative,Sedative,2.0
2014-04-12,MED-ATC-N05C,Hypnotic/Sedative,Sedative,0.0
2014-04-13,MED-ATC-N05C,Hypnotic/Sedative,Sedative,0.0
2014-04-14,MED-ATC-N05C,Hypnotic/Sedative,Sedative,0.0
2014-04-15,MED-ATC-N05C,Hypnotic/Sedative,Sedative,0.0
2014-04-16,MED-ATC-N05C,Hypnotic/Sedative,Sedative,0.0
2014-04-17,MED-ATC-N05C,Hypnotic/Sedative,Sedative,0.0
2014-04-18,MED-ATC-N05C,Hypnotic/Sedative,Sedative,1.0
2014-04-19,MED-ATC-N05C,Hypnotic/Sedative,Sedative,0.0
2014-04-20,MED-ATC-N05C,Hypnotic/Sedative,Sedative,0.0
2014-04-21,MED-ATC-N05C,Hypnotic/Sedative,Sedative,0.0
2014-04-22,MED-ATC-N05C,Hypnotic/Sedative,Sedative,1.0
2014-04-23,MED-ATC-N05C,Hypnotic/Sedative,Sedative,1.0
2014-04-24,MED-ATC-N05C,Hypnotic/Sedative,Sedative,0.0
2014-04-25,MED-ATC-N05C,Hypnotic/Sedative,Sedative,1.0
2014-04-26,MED-ATC-N05C,Hypnotic/Sedative,Sedative,1.0
2014-04-27,MED-ATC-N05C,Hypnotic/Sedative,Sedative,0.0
2014-04-28,MED-ATC-N05C,Hypnotic/Sedative,Sedative,2.0
2014-04-29,MED-ATC-N05C,Hypnotic/Sedative,Sedative,1.0
2014-04-30,MED-ATC-N05C,Hypnotic/Sedative,Sedative,0.0
2014-05-01,MED-ATC-N05C,Hypnotic/Sedative,Sedative,0.0
2014-05-02,MED-ATC-N05C,Hypnotic/Sedative,Sedative,1.0
2014-05-03,MED-ATC-N05C,Hypnotic/Sedative,Sedative,2.0
2014-05-04,MED-ATC-N05C,Hypnotic/Sedative,Sedative,0.0
2014-05-05,MED-ATC-N05C,Hypnotic/Sedative,Sedative,0.0
2014-05-06,MED-ATC-N05C,Hypnotic/Sedative,Sedative,2.0
2014-05-07,MED-ATC-N05C,Hypnotic/Sedative,Sedative,1.0
2014-05-08,MED-ATC-N05C,Hypnotic/Sedative,Sedative,3.0
2014-05-09,MED-ATC-N05C,Hypnotic/Sedative,Sedative,2.0
2014-05-10,MED-ATC-N05C,Hypnotic/Sedative,Sedative,3.0
2014-05-11,MED-ATC-N05C,Hypnotic/Sedative,Sedative,0.0
2014-05-12,MED-ATC-N05C,Hypnotic/Sedative,Sedative,0.0
2014-05-13,MED-ATC-N05C,Hypnotic/Sedative,Sedative,0.0
2014-05-14,MED-ATC-N05C,Hypnotic/Sedative,Sedative,0.0
2014-05-15,MED-ATC-N05C,Hypnotic/Sedative,Sedative,0.0
2014-05-16,MED-ATC-N05C,Hypnotic/Sedative,Sedative,1.0
2014-05-17,MED-ATC-N05C,Hypnotic/Sedative,Sedative,1.0
2014-05-18,MED-ATC-N05C,Hypnotic/Sedative,Sedative,0.0
2014-05-19,MED-ATC-N05C,Hypnotic/Sedative,Sedative,0.0
2014-05-20,MED-ATC-N05C,Hypnotic/Sedative,Sedative,1.0
2014-05-21,MED-ATC-N05C,Hypnotic/Sedative,Sedative,1.0
2014-05-22,MED-ATC-N05C,Hypnotic/Sedative,Sedative,0.0
2014-05-23,MED-ATC-N05C,Hypnotic/Sedative,Sedative,2.0
2014-05-24,MED-ATC-N05C,Hypnotic/Sedative,Sedative,1.0
2014-05-25,MED-ATC-N05C,Hypnotic/Sedative,Sedative,0.0
2014-05-26,MED-ATC-N05C,Hypnotic/Sedative,Sedative,1.0
2014-05-27,MED-ATC-N05C,Hypnotic/Sedative,Sedative,1.0
2014-05-28,MED-ATC-N05C,Hypnotic/Sedative,Sedative,0.0
2014-05-29,MED-ATC-N05C,Hypnotic/Sedative,Sedative,0.0
2014-05-30,MED-ATC-N05C,Hypnotic/Sedative,Sedative,0.0
2014-05-31,MED-ATC-N05C,Hypnotic/Sedative,Sedative,0.0
2014-06-01,MED-ATC-N05C,Hypnotic/Sedative,Sedative,1.0
2014-06-02,MED-ATC-N05C,Hypnotic/Sedative,Sedative,3.0
2014-06-03,MED-ATC-N05C,Hypnotic/Sedative,Sedative,2.0
2014-06-04,MED-ATC-N05C,Hypnotic/Sedative,Sedative,0.0
2014-06-05,MED-ATC-N05C,Hypnotic/Sedative,Sedative,0.0
2014-06-06,MED-ATC-N05C,Hypnotic/Sedative,Sedative,2.0
2014-06-07,MED-ATC-N05C,Hypnotic/Sedative,Sedative,1.0
2014-06-08,MED-ATC-N05C,Hypnotic/Sedative,Sedative,0.0
2014-06-09,MED-ATC-N05C,Hypnotic/Sedative,Sedative,4.0
2014-06-10,MED-ATC-N05C,Hypnotic/Sedative,Sedative,2.0
2014-06-11,MED-ATC-N05C,Hypnotic/Sedative,Sedative,2.0
2014-06-12,MED-ATC-N05C,Hypnotic/Sedative,Sedative,0.0
2014-06-13,MED-ATC-N05C,Hypnotic/Sedative,Sedative,0.0
2014-06-14,MED-ATC-N05C,Hypnotic/Sedative,Sedative,0.0
2014-06-15,MED-ATC-N05C,Hypnotic/Sedative,Sedative,0.0
2014-06-16,MED-ATC-N05C,Hypnotic/Sedative,Sedative,0.0
2014-06-17,MED-ATC-N05C,Hypnotic/Sedative,Sedative,2.0
2014-06-18,MED-ATC-N05C,Hypnotic/Sedative,Sedative,0.0
2014-06-19,MED-ATC-N05C,Hypnotic/Sedative,Sedative,0.0
2014-06-20,MED-ATC-N05C,Hypnotic/Sedative,Sedative,0.0
2014-06-21,MED-ATC-N05C,Hypnotic/Sedative,Sedative,3.0
2014-06-22,MED-ATC-N05C,Hypnotic/Sedative,Sedative,0.0
2014-06-23,MED-ATC-N05C,Hypnotic/Sedative,Sedative,0.0
2014-06-24,MED-ATC-N05C,Hypnotic/Sedative,Sedative,0.0
2014-06-25,MED-ATC-N05C,Hypnotic/Sedative,Sedative,0.0
2014-06-26,MED-ATC-N05C,Hypnotic/Sedative,Sedative,0.0
2014-06-27,MED-ATC-N05C,Hypnotic/Sedative,Sedative,0.0
2014-06-28,MED-ATC-N05C,Hypnotic/Sedative,Sedative,1.0
2014-06-29,MED-ATC-N05C,Hypnotic/Sedative,Sedative,0.0
2014-06-30,MED-ATC-N05C,Hypnotic/Sedative,Sedative,0.0
2014-07-01,MED-ATC-N05C,Hypnotic/Sedative,Sedative,0.0
2014-07-02,MED-ATC-N05C,Hypnotic/Sedative,Sedative,0.0
2014-07-03,MED-ATC-N05C,Hypnotic/Sedative,Sedative,2.0
2014-07-04,MED-ATC-N05C,Hypnotic/Sedative,Sedative,0.0
2014-07-05,MED-ATC-N05C,Hypnotic/Sedative,Sedative,1.0
2014-07-06,MED-ATC-N05C,Hypnotic/Sedative,Sedative,0.0
2014-07-07,MED-ATC-N05C,Hypnotic/Sedative,Sedative,0.0
2014-07-08,MED-ATC-N05C,Hypnotic/Sedative,Sedative,0.0
2014-07-09,MED-ATC-N05C,Hypnotic/Sedative,Sedative,4.0
2014-07-10,MED-ATC-N05C,Hypnotic/Sedative,Sedative,0.0
2014-07-11,MED-ATC-N05C,Hypnotic/Sedative,Sedative,0.0
2014-07-12,MED-ATC-N05C,Hypnotic/Sedative,Sedative,3.0
2014-07-13,MED-ATC-N05C,Hypnotic/Sedative,Sedative,0.0
2014-07-14,MED-ATC-N05C,Hypnotic/Sedative,Sedative,1.0
2014-07-15,MED-ATC-N05C,Hypnotic/Sedative,Sedative,0.0
2014-07-16,MED-ATC-N05C,Hypnotic/Sedative,Sedative,1.0
2014-07-17,MED-ATC-N05C,Hypnotic/Sedative,Sedative,1.0
2014-07-18,MED-ATC-N05C,Hypnotic/Sedative,Sedative,3.0
2014-07-19,MED-ATC-N05C,Hypnotic/Sedative,Sedative,0.0
2014-07-20,MED-ATC-N05C,Hypnotic/Sedative,Sedative,0.0
2014-07-21,MED-ATC-N05C,Hypnotic/Sedative,Sedative,1.0
2014-07-22,MED-ATC-N05C,Hypnotic/Sedative,Sedative,0.0
2014-07-23,MED-ATC-N05C,Hypnotic/Sedative,Sedative,0.0
2014-07-24,MED-ATC-N05C,Hypnotic/Sedative,Sedative,0.0
2014-07-25,MED-ATC-N05C,Hypnotic/Sedative,Sedative,1.0
2014-07-26,MED-ATC-N05C,Hypnotic/Sedative,Sedative,0.0
2014-07-27,MED-ATC-N05C,Hypnotic/Sedative,Sedative,0.0
2014-07-28,MED-ATC-N05C,Hypnotic/Sedative,Sedative,0.0
2014-07-29,MED-ATC-N05C,Hypnotic/Sedative,Sedative,3.0
2014-07-30,MED-ATC-N05C,Hypnotic/Sedative,Sedative,0.0
2014-07-31,MED-ATC-N05C,Hypnotic/Sedative,Sedative,0.0
2014-08-01,MED-ATC-N05C,Hypnotic/Sedative,Sedative,1.0
2014-08-02,MED-ATC-N05C,Hypnotic/Sedative,Sedative,0.0
2014-08-03,MED-ATC-N05C,Hypnotic/Sedative,Sedative,5.0
2014-08-04,MED-ATC-N05C,Hypnotic/Sedative,Sedative,0.0
2014-08-05,MED-ATC-N05C,Hypnotic/Sedative,Sedative,0.0
2014-08-06,MED-ATC-N05C,Hypnotic/Sedative,Sedative,1.0
2014-08-07,MED-ATC-N05C,Hypnotic/Sedative,Sedative,1.0
2014-08-08,MED-ATC-N05C,Hypnotic/Sedative,Sedative,3.0
2014-08-09,MED-ATC-N05C,Hypnotic/Sedative,Sedative,3.0
2014-08-10,MED-ATC-N05C,Hypnotic/Sedative,Sedative,0.0
2014-08-11,MED-ATC-N05C,Hypnotic/Sedative,Sedative,0.0
2014-08-12,MED-ATC-N05C,Hypnotic/Sedative,Sedative,1.0
2014-08-13,MED-ATC-N05C,Hypnotic/Sedative,Sedative,0.0
2014-08-14,MED-ATC-N05C,Hypnotic/Sedative,Sedative,0.0
2014-08-15,MED-ATC-N05C,Hypnotic/Sedative,Sedative,2.0
2014-08-16,MED-ATC-N05C,Hypnotic/Sedative,Sedative,2.0
2014-08-17,MED-ATC-N05C,Hypnotic/Sedative,Sedative,0.0
2014-08-18,MED-ATC-N05C,Hypnotic/Sedative,Sedative,3.0
2014-08-19,MED-ATC-N05C,Hypnotic/Sedative,Sedative,1.0
2014-08-20,MED-ATC-N05C,Hypnotic/Sedative,Sedative,2.0
2014-08-21,MED-ATC-N05C,Hypnotic/Sedative,Sedative,1.0
2014-08-22,MED-ATC-N05C,Hypnotic/Sedative,Sedative,0.0
2014-08-23,MED-ATC-N05C,Hypnotic/Sedative,Sedative,0.0
2014-08-24,MED-ATC-N05C,Hypnotic/Sedative,Sedative,0.0
2014-08-25,MED-ATC-N05C,Hypnotic/Sedative,Sedative,0.0
2014-08-26,MED-ATC-N05C,Hypnotic/Sedative,Sedative,1.0
2014-08-27,MED-ATC-N05C,Hypnotic/Sedative,Sedative,0.0
2014-08-28,MED-ATC-N05C,Hypnotic/Sedative,Sedative,0.0
2014-08-29,MED-ATC-N05C,Hypnotic/Sedative,Sedative,1.0
2014-08-30,MED-ATC-N05C,Hypnotic/Sedative,Sedative,1.0
2014-08-31,MED-ATC-N05C,Hypnotic/Sedative,Sedative,0.0
2014-09-01,MED-ATC-N05C,Hypnotic/Sedative,Sedative,0.0
2014-09-02,MED-ATC-N05C,Hypnotic/Sedative,Sedative,0.0
2014-09-03,MED-ATC-N05C,Hypnotic/Sedative,Sedative,0.0
2014-09-04,MED-ATC-N05C,Hypnotic/Sedative,Sedative,1.0
2014-09-05,MED-ATC-N05C,Hypnotic/Sedative,Sedative,2.0
2014-09-06,MED-ATC-N05C,Hypnotic/Sedative,Sedative,2.0
2014-09-07,MED-ATC-N05C,Hypnotic/Sedative,Sedative,0.0
2014-09-08,MED-ATC-N05C,Hypnotic/Sedative,Sedative,0.0
2014-09-09,MED-ATC-N05C,Hypnotic/Sedative,Sedative,0.0
2014-09-10,MED-ATC-N05C,Hypnotic/Sedative,Sedative,0.0
2014-09-11,MED-ATC-N05C,Hypnotic/Sedative,Sedative,0.0
2014-09-12,MED-ATC-N05C,Hypnotic/Sedative,Sedative,0.0
2014-09-13,MED-ATC-N05C,Hypnotic/Sedative,Sedative,0.0
2014-09-14,MED-ATC-N05C,Hypnotic/Sedative,Sedative,0.0
2014-09-15,MED-ATC-N05C,Hypnotic/Sedative,Sedative,0.0
2014-09-16,MED-ATC-N05C,Hypnotic/Sedative,Sedative,0.0
2014-09-17,MED-ATC-N05C,Hypnotic/Sedative,Sedative,2.0
2014-09-18,MED-ATC-N05C,Hypnotic/Sedative,Sedative,0.0
2014-09-19,MED-ATC-N05C,Hypnotic/Sedative,Sedative,0.0
2014-09-20,MED-ATC-N05C,Hypnotic/Sedative,Sedative,1.0
2014-09-21,MED-ATC-N05C,Hypnotic/Sedative,Sedative,0.0
2014-09-22,MED-ATC-N05C,Hypnotic/Sedative,Sedative,1.0
2014-09-23,MED-ATC-N05C,Hypnotic/Sedative,Sedative,0.0
2014-09-24,MED-ATC-N05C,Hypnotic/Sedative,Sedative,0.0
2014-09-25,MED-ATC-N05C,Hypnotic/Sedative,Sedative,1.0
2014-09-26,MED-ATC-N05C,Hypnotic/Sedative,Sedative,2.0
2014-09-27,MED-ATC-N05C,Hypnotic/Sedative,Sedative,0.0
2014-09-28,MED-ATC-N05C,Hypnotic/Sedative,Sedative,0.0
2014-09-29,MED-ATC-N05C,Hypnotic/Sedative,Sedative,0.0
2014-09-30,MED-ATC-N05C,Hypnotic/Sedative,Sedative,2.0
2014-10-01,MED-ATC-N05C,Hypnotic/Sedative,Sedative,0.0
2014-10-02,MED-ATC-N05C,Hypnotic/Sedative,Sedative,0.0
2014-10-03,MED-ATC-N05C,Hypnotic/Sedative,Sedative,0.0
2014-10-04,MED-ATC-N05C,Hypnotic/Sedative,Sedative,1.0
2014-10-05,MED-ATC-N05C,Hypnotic/Sedative,Sedative,0.0
2014-10-06,MED-ATC-N05C,Hypnotic/Sedative,Sedative,1.0
2014-10-07,MED-ATC-N05C,Hypnotic/Sedative,Sedative,1.0
2014-10-08,MED-ATC-N05C,Hypnotic/Sedative,Sedative,0.0
2014-10-09,MED-ATC-N05C,Hypnotic/Sedative,Sedative,2.0
2014-10-10,MED-ATC-N05C,Hypnotic/Sedative,Sedative,3.0
2014-10-11,MED-ATC-N05C,Hypnotic/Sedative,Sedative,0.0
2014-10-12,MED-ATC-N05C,Hypnotic/Sedative,Sedative,0.0
2014-10-13,MED-ATC-N05C,Hypnotic/Sedative,Sedative,0.0
2014-10-14,MED-ATC-N05C,Hypnotic/Sedative,Sedative,0.0
2014-10-15,MED-ATC-N05C,Hypnotic/Sedative,Sedative,1.0
2014-10-16,MED-ATC-N05C,Hypnotic/Sedative,Sedative,0.625
2014-10-17,MED-ATC-N05C,Hypnotic/Sedative,Sedative,3.0
2014-10-18,MED-ATC-N05C,Hypnotic/Sedative,Sedative,0.0
2014-10-19,MED-ATC-N05C,Hypnotic/Sedative,Sedative,0.0
2014-10-20,MED-ATC-N05C,Hypnotic/Sedative,Sedative,2.0
2014-10-21,MED-ATC-N05C,Hypnotic/Sedative,Sedative,0.0
2014-10-22,MED-ATC-N05C,Hypnotic/Sedative,Sedative,0.0
2014-10-23,MED-ATC-N05C,Hypnotic/Sedative,Sedative,1.0
2014-10-24,MED-ATC-N05C,Hypnotic/Sedative,Sedative,0.0
2014-10-25,MED-ATC-N05C,Hypnotic/Sedative,Sedative,0.0
2014-10-26,MED-ATC-N05C,Hypnotic/Sedative,Sedative,0.0
2014-10-27,MED-ATC-N05C,Hypnotic/Sedative,Sedative,1.0
2014-10-28,MED-ATC-N05C,Hypnotic/Sedative,Sedative,0.0
2014-10-29,MED-ATC-N05C,Hypnotic/Sedative,Sedative,2.0
2014-10-30,MED-ATC-N05C,Hypnotic/Sedative,Sedative,1.0
2014-10-31,MED-ATC-N05C,Hypnotic/Sedative,Sedative,0.0
2014-11-01,MED-ATC-N05C,Hypnotic/Sedative,Sedative,0.0
2014-11-02,MED-ATC-N05C,Hypnotic/Sedative,Sedative,0.0
2014-11-03,MED-ATC-N05C,Hypnotic/Sedative,Sedative,0.0
2014-11-04,MED-ATC-N05C,Hypnotic/Sedative,Sedative,0.0
2014-11-05,MED-ATC-N05C,Hypnotic/Sedative,Sedative,3.0
2014-11-06,MED-ATC-N05C,Hypnotic/Sedative,Sedative,1.0
2014-11-07,MED-ATC-N05C,Hypnotic/Sedative,Sedative,1.0
2014-11-08,MED-ATC-N05C,Hypnotic/Sedative,Sedative,0.0
2014-11-09,MED-ATC-N05C,Hypnotic/Sedative,Sedative,0.0
2014-11-10,MED-ATC-N05C,Hypnotic/Sedative,Sedative,0.0
2014-11-11,MED-ATC-N05C,Hypnotic/Sedative,Sedative,0.0
2014-11-12,MED-ATC-N05C,Hypnotic/Sedative,Sedative,0.0
2014-11-13,MED-ATC-N05C,Hypnotic/Sedative,Sedative,0.0
2014-11-14,MED-ATC-N05C,Hypnotic/Sedative,Sedative,1.0
2014-11-15,MED-ATC-N05C,Hypnotic/Sedative,Sedative,2.0
2014-11-16,MED-ATC-N05C,Hypnotic/Sedative,Sedative,1.0
2014-11-17,MED-ATC-N05C,Hypnotic/Sedative,Sedative,1.0
2014-11-18,MED-ATC-N05C,Hypnotic/Sedative,Sedative,1.0
2014-11-19,MED-ATC-N05C,Hypnotic/Sedative,Sedative,0.0
2014-11-20,MED-ATC-N05C,Hypnotic/Sedative,Sedative,0.0
2014-11-21,MED-ATC-N05C,Hypnotic/Sedative,Sedative,0.0
2014-11-22,MED-ATC-N05C,Hypnotic/Sedative,Sedative,1.0
2014-11-23,MED-ATC-N05C,Hypnotic/Sedative,Sedative,0.0
2014-11-24,MED-ATC-N05C,Hypnotic/Sedative,Sedative,1.0
2014-11-25,MED-ATC-N05C,Hypnotic/Sedative,Sedative,0.0
2014-11-26,MED-ATC-N05C,Hypnotic/Sedative,Sedative,3.0
2014-11-27,MED-ATC-N05C,Hypnotic/Sedative,Sedative,1.0
2014-11-28,MED-ATC-N05C,Hypnotic/Sedative,Sedative,1.0
2014-11-29,MED-ATC-N05C,Hypnotic/Sedative,Sedative,0.0
2014-11-30,MED-ATC-N05C,Hypnotic/Sedative,Sedative,1.0
2014-12-01,MED-ATC-N05C,Hypnotic/Sedative,Sedative,0.0
2014-12-02,MED-ATC-N05C,Hypnotic/Sedative,Sedative,0.0
2014-12-03,MED-ATC-N05C,Hypnotic/Sedative,Sedative,2.0
2014-12-04,MED-ATC-N05C,Hypnotic/Sedative,Sedative,1.0
2014-12-05,MED-ATC-N05C,Hypnotic/Sedative,Sedative,1.0
2014-12-06,MED-ATC-N05C,Hypnotic/Sedative,Sedative,0.0
2014-12-07,MED-ATC-N05C,Hypnotic/Sedative,Sedative,0.0
2014-12-08,MED-ATC-N05C,Hypnotic/Sedative,Sedative,0.0
2014-12-09,MED-ATC-N05C,Hypnotic/Sedative,Sedative,1.0
2014-12-10,MED-ATC-N05C,Hypnotic/Sedative,Sedative,3.0
2014-12-11,MED-ATC-N05C,Hypnotic/Sedative,Sedative,2.0
2014-12-12,MED-ATC-N05C,Hypnotic/Sedative,Sedative,0.0
2014-12-13,MED-ATC-N05C,Hypnotic/Sedative,Sedative,1.0
2014-12-14,MED-ATC-N05C,Hypnotic/Sedative,Sedative,0.0
2014-12-15,MED-ATC-N05C,Hypnotic/Sedative,Sedative,1.0
2014-12-16,MED-ATC-N05C,Hypnotic/Sedative,Sedative,3.0
2014-12-17,MED-ATC-N05C,Hypnotic/Sedative,Sedative,2.0
2014-12-18,MED-ATC-N05C,Hypnotic/Sedative,Sedative,0.0
2014-12-19,MED-ATC-N05C,Hypnotic/Sedative,Sedative,0.0
2014-12-20,MED-ATC-N05C,Hypnotic/Sedative,Sedative,0.0
2014-12-21,MED-ATC-N05C,Hypnotic/Sedative,Sedative,0.0
2014-12-22,MED-ATC-N05C,Hypnotic/Sedative,Sedative,1.0
2014-12-23,MED-ATC-N05C,Hypnotic/Sedative,Sedative,2.0
2014-12-24,MED-ATC-N05C,Hypnotic/Sedative,Sedative,0.0
2014-12-25,MED-ATC-N05C,Hypnotic/Sedative,Sedative,0.0
2014-12-26,MED-ATC-N05C,Hypnotic/Sedative,Sedative,1.0
2014-12-27,MED-ATC-N05C,Hypnotic/Sedative,Sedative,0.0
2014-12-28,MED-ATC-N05C,Hypnotic/Sedative,Sedative,0.0
2014-12-29,MED-ATC-N05C,Hypnotic/Sedative,Sedative,1.0
2014-12-30,MED-ATC-N05C,Hypnotic/Sedative,Sedative,0.0
2014-12-31,MED-ATC-N05C,Hypnotic/Sedative,Sedative,3.0
2015-01-01,MED-ATC-N05C,Hypnotic/Sedative,Sedative,0.0
2015-01-02,MED-ATC-N05C,Hypnotic/Sedative,Sedative,0.0
2015-01-03,MED-ATC-N05C,Hypnotic/Sedative,Sedative,3.0
2015-01-04,MED-ATC-N05C,Hypnotic/Sedative,Sedative,0.0
2015-01-05,MED-ATC-N05C,Hypnotic/Sedative,Sedative,0.0
2015-01-06,MED-ATC-N05C,Hypnotic/Sedative,Sedative,0.0
2015-01-07,MED-ATC-N05C,Hypnotic/Sedative,Sedative,0.0
2015-01-08,MED-ATC-N05C,Hypnotic/Sedative,Sedative,1.0
2015-01-09,MED-ATC-N05C,Hypnotic/Sedative,Sedative,2.0
2015-01-10,MED-ATC-N05C,Hypnotic/Sedative,Sedative,3.0
2015-01-11,MED-ATC-N05C,Hypnotic/Sedative,Sedative,1.0
2015-01-12,MED-ATC-N05C,Hypnotic/Sedative,Sedative,0.0
2015-01-13,MED-ATC-N05C,Hypnotic/Sedative,Sedative,2.0
2015-01-14,MED-ATC-N05C,Hypnotic/Sedative,Sedative,0.0
2015-01-15,MED-ATC-N05C,Hypnotic/Sedative,Sedative,0.0
2015-01-16,MED-ATC-N05C,Hypnotic/Sedative,Sedative,2.0
2015-01-17,MED-ATC-N05C,Hypnotic/Sedative,Sedative,0.0
2015-01-18,MED-ATC-N05C,Hypnotic/Sedative,Sedative,0.0
2015-01-19,MED-ATC-N05C,Hypnotic/Sedative,Sedative,0.0
2015-01-20,MED-ATC-N05C,Hypnotic/Sedative,Sedative,1.0
2015-01-21,MED-ATC-N05C,Hypnotic/Sedative,Sedative,1.0
2015-01-22,MED-ATC-N05C,Hypnotic/Sedative,Sedative,0.0
2015-01-23,MED-ATC-N05C,Hypnotic/Sedative,Sedative,0.0
2015-01-24,MED-ATC-N05C,Hypnotic/Sedative,Sedative,0.0
2015-01-25,MED-ATC-N05C,Hypnotic/Sedative,Sedative,1.0
2015-01-26,MED-ATC-N05C,Hypnotic/Sedative,Sedative,0.0
2015-01-27,MED-ATC-N05C,Hypnotic/Sedative,Sedative,0.0
2015-01-28,MED-ATC-N05C,Hypnotic/Sedative,Sedative,3.0
2015-01-29,MED-ATC-N05C,Hypnotic/Sedative,Sedative,3.0
2015-01-30,MED-ATC-N05C,Hypnotic/Sedative,Sedative,1.0
2015-01-31,MED-ATC-N05C,Hypnotic/Sedative,Sedative,0.0
2015-02-01,MED-ATC-N05C,Hypnotic/Sedative,Sedative,1.0
2015-02-02,MED-ATC-N05C,Hypnotic/Sedative,Sedative,0.0
2015-02-03,MED-ATC-N05C,Hypnotic/Sedative,Sedative,0.0
2015-02-04,MED-ATC-N05C,Hypnotic/Sedative,Sedative,0.0
2015-02-05,MED-ATC-N05C,Hypnotic/Sedative,Sedative,0.0
2015-02-06,MED-ATC-N05C,Hypnotic/Sedative,Sedative,1.0
2015-02-07,MED-ATC-N05C,Hypnotic/Sedative,Sedative,0.0
2015-02-08,MED-ATC-N05C,Hypnotic/Sedative,Sedative,0.0
2015-02-09,MED-ATC-N05C,Hypnotic/Sedative,Sedative,1.0
2015-02-10,MED-ATC-N05C,Hypnotic/Sedative,Sedative,0.0
2015-02-11,MED-ATC-N05C,Hypnotic/Sedative,Sedative,0.0
2015-02-12,MED-ATC-N05C,Hypnotic/Sedative,Sedative,1.0
2015-02-13,MED-ATC-N05C,Hypnotic/Sedative,Sedative,1.0
2015-02-14,MED-ATC-N05C,Hypnotic/Sedative,Sedative,1.0
2015-02-15,MED-ATC-N05C,Hypnotic/Sedative,Sedative,0.0
2015-02-16,MED-ATC-N05C,Hypnotic/Sedative,Sedative,0.0
2015-02-17,MED-ATC-N05C,Hypnotic/Sedative,Sedative,0.0
2015-02-18,MED-ATC-N05C,Hypnotic/Sedative,Sedative,0.0
2015-02-19,MED-ATC-N05C,Hypnotic/Sedative,Sedative,2.0
2015-02-20,MED-ATC-N05C,Hypnotic/Sedative,Sedative,0.0
2015-02-21,MED-ATC-N05C,Hypnotic/Sedative,Sedative,0.0
2015-02-22,MED-ATC-N05C,Hypnotic/Sedative,Sedative,0.0
2015-02-23,MED-ATC-N05C,Hypnotic/Sedative,Sedative,0.0
2015-02-24,MED-ATC-N05C,Hypnotic/Sedative,Sedative,0.0
2015-02-25,MED-ATC-N05C,Hypnotic/Sedative,Sedative,0.0
2015-02-26,MED-ATC-N05C,Hypnotic/Sedative,Sedative,0.0
2015-02-27,MED-ATC-N05C,Hypnotic/Sedative,Sedative,1.0
2015-02-28,MED-ATC-N05C,Hypnotic/Sedative,Sedative,0.0
2015-03-01,MED-ATC-N05C,Hypnotic/Sedative,Sedative,4.0
2015-03-02,MED-ATC-N05C,Hypnotic/Sedative,Sedative,1.0
2015-03-03,MED-ATC-N05C,Hypnotic/Sedative,Sedative,0.0
2015-03-04,MED-ATC-N05C,Hypnotic/Sedative,Sedative,0.0
2015-03-05,MED-ATC-N05C,Hypnotic/Sedative,Sedative,0.0
2015-03-06,MED-ATC-N05C,Hypnotic/Sedative,Sedative,0.0
2015-03-07,MED-ATC-N05C,Hypnotic/Sedative,Sedative,0.0
2015-03-08,MED-ATC-N05C,Hypnotic/Sedative,Sedative,0.0
2015-03-09,MED-ATC-N05C,Hypnotic/Sedative,Sedative,0.0
2015-03-10,MED-ATC-N05C,Hypnotic/Sedative,Sedative,0.0
2015-03-11,MED-ATC-N05C,Hypnotic/Sedative,Sedative,0.0
2015-03-12,MED-ATC-N05C,Hypnotic/Sedative,Sedative,0.0
2015-03-13,MED-ATC-N05C,Hypnotic/Sedative,Sedative,2.0
2015-03-14,MED-ATC-N05C,Hypnotic/Sedative,Sedative,0.0
2015-03-15,MED-ATC-N05C,Hypnotic/Sedative,Sedative,0.0
2015-03-16,MED-ATC-N05C,Hypnotic/Sedative,Sedative,0.0
2015-03-17,MED-ATC-N05C,Hypnotic/Sedative,Sedative,1.0
2015-03-18,MED-ATC-N05C,Hypnotic/Sedative,Sedative,0.0
2015-03-19,MED-ATC-N05C,Hypnotic/Sedative,Sedative,0.0
2015-03-20,MED-ATC-N05C,Hypnotic/Sedative,Sedative,1.0
2015-03-21,MED-ATC-N05C,Hypnotic/Sedative,Sedative,0.0
2015-03-22,MED-ATC-N05C,Hypnotic/Sedative,Sedative,0.0
2015-03-23,MED-ATC-N05C,Hypnotic/Sedative,Sedative,0.0
2015-03-24,MED-ATC-N05C,Hypnotic/Sedative,Sedative,2.0
2015-03-25,MED-ATC-N05C,Hypnotic/Sedative,Sedative,2.0
2015-03-26,MED-ATC-N05C,Hypnotic/Sedative,Sedative,0.0
2015-03-27,MED-ATC-N05C,Hypnotic/Sedative,Sedative,0.0
2015-03-28,MED-ATC-N05C,Hypnotic/Sedative,Sedative,0.0
2015-03-29,MED-ATC-N05C,Hypnotic/Sedative,Sedative,0.0
2015-03-30,MED-ATC-N05C,Hypnotic/Sedative,Sedative,0.0
2015-03-31,MED-ATC-N05C,Hypnotic/Sedative,Sedative,0.0
2015-04-01,MED-ATC-N05C,Hypnotic/Sedative,Sedative,2.0
2015-04-02,MED-ATC-N05C,Hypnotic/Sedative,Sedative,0.0
2015-04-03,MED-ATC-N05C,Hypnotic/Sedative,Sedative,0.0
2015-04-04,MED-ATC-N05C,Hypnotic/Sedative,Sedative,1.0
2015-04-05,MED-ATC-N05C,Hypnotic/Sedative,Sedative,0.0
2015-04-06,MED-ATC-N05C,Hypnotic/Sedative,Sedative,0.0
2015-04-07,MED-ATC-N05C,Hypnotic/Sedative,Sedative,0.0
2015-04-08,MED-ATC-N05C,Hypnotic/Sedative,Sedative,0.0
2015-04-09,MED-ATC-N05C,Hypnotic/Sedative,Sedative,0.0
2015-04-10,MED-ATC-N05C,Hypnotic/Sedative,Sedative,2.0
2015-04-11,MED-ATC-N05C,Hypnotic/Sedative,Sedative,0.0
2015-04-12,MED-ATC-N05C,Hypnotic/Sedative,Sedative,0.0
2015-04-13,MED-ATC-N05C,Hypnotic/Sedative,Sedative,0.0
2015-04-14,MED-ATC-N05C,Hypnotic/Sedative,Sedative,0.0
2015-04-15,MED-ATC-N05C,Hypnotic/Sedative,Sedative,0.0
2015-04-16,MED-ATC-N05C,Hypnotic/Sedative,Sedative,0.0
2015-04-17,MED-ATC-N05C,Hypnotic/Sedative,Sedative,0.0
2015-04-18,MED-ATC-N05C,Hypnotic/Sedative,Sedative,0.0
2015-04-19,MED-ATC-N05C,Hypnotic/Sedative,Sedative,0.0
2015-04-20,MED-ATC-N05C,Hypnotic/Sedative,Sedative,0.0
2015-04-21,MED-ATC-N05C,Hypnotic/Sedative,Sedative,0.0
2015-04-22,MED-ATC-N05C,Hypnotic/Sedative,Sedative,0.0
2015-04-23,MED-ATC-N05C,Hypnotic/Sedative,Sedative,0.0
2015-04-24,MED-ATC-N05C,Hypnotic/Sedative,Sedative,0.0
2015-04-25,MED-ATC-N05C,Hypnotic/Sedative,Sedative,0.0
2015-04-26,MED-ATC-N05C,Hypnotic/Sedative,Sedative,0.0
2015-04-27,MED-ATC-N05C,Hypnotic/Sedative,Sedative,0.0
2015-04-28,MED-ATC-N05C,Hypnotic/Sedative,Sedative,0.0
2015-04-29,MED-ATC-N05C,Hypnotic/Sedative,Sedative,0.0
2015-04-30,MED-ATC-N05C,Hypnotic/Sedative,Sedative,0.0
2015-05-01,MED-ATC-N05C,Hypnotic/Sedative,Sedative,0.0
2015-05-02,MED-ATC-N05C,Hypnotic/Sedative,Sedative,2.0
2015-05-03,MED-ATC-N05C,Hypnotic/Sedative,Sedative,0.0
2015-05-04,MED-ATC-N05C,Hypnotic/Sedative,Sedative,1.0
2015-05-05,MED-ATC-N05C,Hypnotic/Sedative,Sedative,0.0
2015-05-06,MED-ATC-N05C,Hypnotic/Sedative,Sedative,0.0
2015-05-07,MED-ATC-N05C,Hypnotic/Sedative,Sedative,1.0
2015-05-08,MED-ATC-N05C,Hypnotic/Sedative,Sedative,0.0
2015-05-09,MED-ATC-N05C,Hypnotic/Sedative,Sedative,1.0
2015-05-10,MED-ATC-N05C,Hypnotic/Sedative,Sedative,0.0
2015-05-11,MED-ATC-N05C,Hypnotic/Sedative,Sedative,0.0
2015-05-12,MED-ATC-N05C,Hypnotic/Sedative,Sedative,0.0
2015-05-13,MED-ATC-N05C,Hypnotic/Sedative,Sedative,0.0
2015-05-14,MED-ATC-N05C,Hypnotic/Sedative,Sedative,0.0
2015-05-15,MED-ATC-N05C,Hypnotic/Sedative,Sedative,0.0
2015-05-16,MED-ATC-N05C,Hypnotic/Sedative,Sedative,0.0
2015-05-17,MED-ATC-N05C,Hypnotic/Sedative,Sedative,0.0
2015-05-18,MED-ATC-N05C,Hypnotic/Sedative,Sedative,1.0
2015-05-19,MED-ATC-N05C,Hypnotic/Sedative,Sedative,0.0
2015-05-20,MED-ATC-N05C,Hypnotic/Sedative,Sedative,1.0
2015-05-21,MED-ATC-N05C,Hypnotic/Sedative,Sedative,0.0
2015-05-22,MED-ATC-N05C,Hypnotic/Sedative,Sedative,0.0
2015-05-23,MED-ATC-N05C,Hypnotic/Sedative,Sedative,0.0
2015-05-24,MED-ATC-N05C,Hypnotic/Sedative,Sedative,0.0
2015-05-25,MED-ATC-N05C,Hypnotic/Sedative,Sedative,3.0
2015-05-26,MED-ATC-N05C,Hypnotic/Sedative,Sedative,0.0
2015-05-27,MED-ATC-N05C,Hypnotic/Sedative,Sedative,0.0
2015-05-28,MED-ATC-N05C,Hypnotic/Sedative,Sedative,0.0
2015-05-29,MED-ATC-N05C,Hypnotic/Sedative,Sedative,0.0
2015-05-30,MED-ATC-N05C,Hypnotic/Sedative,Sedative,0.0
2015-05-31,MED-ATC-N05C,Hypnotic/Sedative,Sedative,0.0
2015-06-01,MED-ATC-N05C,Hypnotic/Sedative,Sedative,0.0
2015-06-02,MED-ATC-N05C,Hypnotic/Sedative,Sedative,4.0
2015-06-03,MED-ATC-N05C,Hypnotic/Sedative,Sedative,0.0
2015-06-04,MED-ATC-N05C,Hypnotic/Sedative,Sedative,0.0
2015-06-05,MED-ATC-N05C,Hypnotic/Sedative,Sedative,0.0
2015-06-06,MED-ATC-N05C,Hypnotic/Sedative,Sedative,0.0
2015-06-07,MED-ATC-N05C,Hypnotic/Sedative,Sedative,1.0
2015-06-08,MED-ATC-N05C,Hypnotic/Sedative,Sedative,1.0
2015-06-09,MED-ATC-N05C,Hypnotic/Sedative,Sedative,0.0
2015-06-10,MED-ATC-N05C,Hypnotic/Sedative,Sedative,0.0
2015-06-11,MED-ATC-N05C,Hypnotic/Sedative,Sedative,0.0
2015-06-12,MED-ATC-N05C,Hypnotic/Sedative,Sedative,2.0
2015-06-13,MED-ATC-N05C,Hypnotic/Sedative,Sedative,0.0
2015-06-14,MED-ATC-N05C,Hypnotic/Sedative,Sedative,0.0
2015-06-15,MED-ATC-N05C,Hypnotic/Sedative,Sedative,0.0
2015-06-16,MED-ATC-N05C,Hypnotic/Sedative,Sedative,0.0
2015-06-17,MED-ATC-N05C,Hypnotic/Sedative,Sedative,1.0
2015-06-18,MED-ATC-N05C,Hypnotic/Sedative,Sedative,0.0
2015-06-19,MED-ATC-N05C,Hypnotic/Sedative,Sedative,2.0
2015-06-20,MED-ATC-N05C,Hypnotic/Sedative,Sedative,0.0
2015-06-21,MED-ATC-N05C,Hypnotic/Sedative,Sedative,0.0
2015-06-22,MED-ATC-N05C,Hypnotic/Sedative,Sedative,0.0
2015-06-23,MED-ATC-N05C,Hypnotic/Sedative,Sedative,0.0
2015-06-24,MED-ATC-N05C,Hypnotic/Sedative,Sedative,1.0
2015-06-25,MED-ATC-N05C,Hypnotic/Sedative,Sedative,0.0
2015-06-26,MED-ATC-N05C,Hypnotic/Sedative,Sedative,0.0
2015-06-27,MED-ATC-N05C,Hypnotic/Sedative,Sedative,0.0
2015-06-28,MED-ATC-N05C,Hypnotic/Sedative,Sedative,0.0
2015-06-29,MED-ATC-N05C,Hypnotic/Sedative,Sedative,0.0
2015-06-30,MED-ATC-N05C,Hypnotic/Sedative,Sedative,0.0
2015-07-01,MED-ATC-N05C,Hypnotic/Sedative,Sedative,1.0
2015-07-02,MED-ATC-N05C,Hypnotic/Sedative,Sedative,0.0
2015-07-03,MED-ATC-N05C,Hypnotic/Sedative,Sedative,0.0
2015-07-04,MED-ATC-N05C,Hypnotic/Sedative,Sedative,0.0
2015-07-05,MED-ATC-N05C,Hypnotic/Sedative,Sedative,0.0
2015-07-06,MED-ATC-N05C,Hypnotic/Sedative,Sedative,0.0
2015-07-07,MED-ATC-N05C,Hypnotic/Sedative,Sedative,0.0
2015-07-08,MED-ATC-N05C,Hypnotic/Sedative,Sedative,0.0
2015-07-09,MED-ATC-N05C,Hypnotic/Sedative,Sedative,0.0
2015-07-10,MED-ATC-N05C,Hypnotic/Sedative,Sedative,0.0
2015-07-11,MED-ATC-N05C,Hypnotic/Sedative,Sedative,0.0
2015-07-12,MED-ATC-N05C,Hypnotic/Sedative,Sedative,0.0
2015-07-13,MED-ATC-N05C,Hypnotic/Sedative,Sedative,0.0
2015-07-14,MED-ATC-N05C,Hypnotic/Sedative,Sedative,0.0
2015-07-15,MED-ATC-N05C,Hypnotic/Sedative,Sedative,0.0
2015-07-16,MED-ATC-N05C,Hypnotic/Sedative,Sedative,0.0
2015-07-17,MED-ATC-N05C,Hypnotic/Sedative,Sedative,0.0
2015-07-18,MED-ATC-N05C,Hypnotic/Sedative,Sedative,3.0
2015-07-19,MED-ATC-N05C,Hypnotic/Sedative,Sedative,0.0
2015-07-20,MED-ATC-N05C,Hypnotic/Sedative,Sedative,0.0
2015-07-21,MED-ATC-N05C,Hypnotic/Sedative,Sedative,0.0
2015-07-22,MED-ATC-N05C,Hypnotic/Sedative,Sedative,0.0
2015-07-23,MED-ATC-N05C,Hypnotic/Sedative,Sedative,0.0
2015-07-24,MED-ATC-N05C,Hypnotic/Sedative,Sedative,1.0
2015-07-25,MED-ATC-N05C,Hypnotic/Sedative,Sedative,1.0
2015-07-26,MED-ATC-N05C,Hypnotic/Sedative,Sedative,0.0
2015-07-27,MED-ATC-N05C,Hypnotic/Sedative,Sedative,0.0
2015-07-28,MED-ATC-N05C,Hypnotic/Sedative,Sedative,0.0
2015-07-29,MED-ATC-N05C,Hypnotic/Sedative,Sedative,0.0
2015-07-30,MED-ATC-N05C,Hypnotic/Sedative,Sedative,0.0
2015-07-31,MED-ATC-N05C,Hypnotic/Sedative,Sedative,0.0
2015-08-01,MED-ATC-N05C,Hypnotic/Sedative,Sedative,0.0
2015-08-02,MED-ATC-N05C,Hypnotic/Sedative,Sedative,0.0
2015-08-03,MED-ATC-N05C,Hypnotic/Sedative,Sedative,1.0
2015-08-04,MED-ATC-N05C,Hypnotic/Sedative,Sedative,1.0
2015-08-05,MED-ATC-N05C,Hypnotic/Sedative,Sedative,0.0
2015-08-06,MED-ATC-N05C,Hypnotic/Sedative,Sedative,0.0
2015-08-07,MED-ATC-N05C,Hypnotic/Sedative,Sedative,2.0
2015-08-08,MED-ATC-N05C,Hypnotic/Sedative,Sedative,0.0
2015-08-09,MED-ATC-N05C,Hypnotic/Sedative,Sedative,0.0
2015-08-10,MED-ATC-N05C,Hypnotic/Sedative,Sedative,0.0
2015-08-11,MED-ATC-N05C,Hypnotic/Sedative,Sedative,0.0
2015-08-12,MED-ATC-N05C,Hypnotic/Sedative,Sedative,0.0
2015-08-13,MED-ATC-N05C,Hypnotic/Sedative,Sedative,0.0
2015-08-14,MED-ATC-N05C,Hypnotic/Sedative,Sedative,0.0
2015-08-15,MED-ATC-N05C,Hypnotic/Sedative,Sedative,1.0
2015-08-16,MED-ATC-N05C,Hypnotic/Sedative,Sedative,2.0
2015-08-17,MED-ATC-N05C,Hypnotic/Sedative,Sedative,0.0
2015-08-18,MED-ATC-N05C,Hypnotic/Sedative,Sedative,0.0
2015-08-19,MED-ATC-N05C,Hypnotic/Sedative,Sedative,0.0
2015-08-20,MED-ATC-N05C,Hypnotic/Sedative,Sedative,1.0
2015-08-21,MED-ATC-N05C,Hypnotic/Sedative,Sedative,1.0
2015-08-22,MED-ATC-N05C,Hypnotic/Sedative,Sedative,3.0
2015-08-23,MED-ATC-N05C,Hypnotic/Sedative,Sedative,0.0
2015-08-24,MED-ATC-N05C,Hypnotic/Sedative,Sedative,0.0
2015-08-25,MED-ATC-N05C,Hypnotic/Sedative,Sedative,0.0
2015-08-26,MED-ATC-N05C,Hypnotic/Sedative,Sedative,0.0
2015-08-27,MED-ATC-N05C,Hypnotic/Sedative,Sedative,0.0
2015-08-28,MED-ATC-N05C,Hypnotic/Sedative,Sedative,0.0
2015-08-29,MED-ATC-N05C,Hypnotic/Sedative,Sedative,3.0
2015-08-30,MED-ATC-N05C,Hypnotic/Sedative,Sedative,0.0
2015-08-31,MED-ATC-N05C,Hypnotic/Sedative,Sedative,0.0
2015-09-01,MED-ATC-N05C,Hypnotic/Sedative,Sedative,0.0
2015-09-02,MED-ATC-N05C,Hypnotic/Sedative,Sedative,0.0
2015-09-03,MED-ATC-N05C,Hypnotic/Sedative,Sedative,0.0
2015-09-04,MED-ATC-N05C,Hypnotic/Sedative,Sedative,1.0
2015-09-05,MED-ATC-N05C,Hypnotic/Sedative,Sedative,1.0
2015-09-06,MED-ATC-N05C,Hypnotic/Sedative,Sedative,1.0
2015-09-07,MED-ATC-N05C,Hypnotic/Sedative,Sedative,1.0
2015-09-08,MED-ATC-N05C,Hypnotic/Sedative,Sedative,0.0
2015-09-09,MED-ATC-N05C,Hypnotic/Sedative,Sedative,0.0
2015-09-10,MED-ATC-N05C,Hypnotic/Sedative,Sedative,0.0
2015-09-11,MED-ATC-N05C,Hypnotic/Sedative,Sedative,0.0
2015-09-12,MED-ATC-N05C,Hypnotic/Sedative,Sedative,3.0
2015-09-13,MED-ATC-N05C,Hypnotic/Sedative,Sedative,0.0
2015-09-14,MED-ATC-N05C,Hypnotic/Sedative,Sedative,0.0
2015-09-15,MED-ATC-N05C,Hypnotic/Sedative,Sedative,0.0
2015-09-16,MED-ATC-N05C,Hypnotic/Sedative,Sedative,0.0
2015-09-17,MED-ATC-N05C,Hypnotic/Sedative,Sedative,0.0
2015-09-18,MED-ATC-N05C,Hypnotic/Sedative,Sedative,0.0
2015-09-19,MED-ATC-N05C,Hypnotic/Sedative,Sedative,0.0
2015-09-20,MED-ATC-N05C,Hypnotic/Sedative,Sedative,0.0
2015-09-21,MED-ATC-N05C,Hypnotic/Sedative,Sedative,0.0
2015-09-22,MED-ATC-N05C,Hypnotic/Sedative,Sedative,2.0
2015-09-23,MED-ATC-N05C,Hypnotic/Sedative,Sedative,0.0
2015-09-24,MED-ATC-N05C,Hypnotic/Sedative,Sedative,0.0
2015-09-25,MED-ATC-N05C,Hypnotic/Sedative,Sedative,0.0
2015-09-26,MED-ATC-N05C,Hypnotic/Sedative,Sedative,1.0
2015-09-27,MED-ATC-N05C,Hypnotic/Sedative,Sedative,1.0
2015-09-28,MED-ATC-N05C,Hypnotic/Sedative,Sedative,0.0
2015-09-29,MED-ATC-N05C,Hypnotic/Sedative,Sedative,0.0
2015-09-30,MED-ATC-N05C,Hypnotic/Sedative,Sedative,0.0
2015-10-01,MED-ATC-N05C,Hypnotic/Sedative,Sedative,0.0
2015-10-02,MED-ATC-N05C,Hypnotic/Sedative,Sedative,0.0
2015-10-03,MED-ATC-N05C,Hypnotic/Sedative,Sedative,0.0
2015-10-04,MED-ATC-N05C,Hypnotic/Sedative,Sedative,0.0
2015-10-05,MED-ATC-N05C,Hypnotic/Sedative,Sedative,1.0
2015-10-06,MED-ATC-N05C,Hypnotic/Sedative,Sedative,1.0
2015-10-07,MED-ATC-N05C,Hypnotic/Sedative,Sedative,0.0
2015-10-08,MED-ATC-N05C,Hypnotic/Sedative,Sedative,0.0
2015-10-09,MED-ATC-N05C,Hypnotic/Sedative,Sedative,2.0
2015-10-10,MED-ATC-N05C,Hypnotic/Sedative,Sedative,0.0
2015-10-11,MED-ATC-N05C,Hypnotic/Sedative,Sedative,0.0
2015-10-12,MED-ATC-N05C,Hypnotic/Sedative,Sedative,0.0
2015-10-13,MED-ATC-N05C,Hypnotic/Sedative,Sedative,0.0
2015-10-14,MED-ATC-N05C,Hypnotic/Sedative,Sedative,0.0
2015-10-15,MED-ATC-N05C,Hypnotic/Sedative,Sedative,0.0
2015-10-16,MED-ATC-N05C,Hypnotic/Sedative,Sedative,0.0
2015-10-17,MED-ATC-N05C,Hypnotic/Sedative,Sedative,0.0
2015-10-18,MED-ATC-N05C,Hypnotic/Sedative,Sedative,1.0
2015-10-19,MED-ATC-N05C,Hypnotic/Sedative,Sedative,0.0
2015-10-20,MED-ATC-N05C,Hypnotic/Sedative,Sedative,0.0
2015-10-21,MED-ATC-N05C,Hypnotic/Sedative,Sedative,1.0
2015-10-22,MED-ATC-N05C,Hypnotic/Sedative,Sedative,0.0
2015-10-23,MED-ATC-N05C,Hypnotic/Sedative,Sedative,0.0
2015-10-24,MED-ATC-N05C,Hypnotic/Sedative,Sedative,0.0
2015-10-25,MED-ATC-N05C,Hypnotic/Sedative,Sedative,0.0
2015-10-26,MED-ATC-N05C,Hypnotic/Sedative,Sedative,1.0
2015-10-27,MED-ATC-N05C,Hypnotic/Sedative,Sedative,0.0
2015-10-28,MED-ATC-N05C,Hypnotic/Sedative,Sedative,1.0
2015-10-29,MED-ATC-N05C,Hypnotic/Sedative,Sedative,0.0
2015-10-30,MED-ATC-N05C,Hypnotic/Sedative,Sedative,0.0
2015-10-31,MED-ATC-N05C,Hypnotic/Sedative,Sedative,0.0
2015-11-01,MED-ATC-N05C,Hypnotic/Sedative,Sedative,0.0
2015-11-02,MED-ATC-N05C,Hypnotic/Sedative,Sedative,0.0
2015-11-03,MED-ATC-N05C,Hypnotic/Sedative,Sedative,0.0
2015-11-04,MED-ATC-N05C,Hypnotic/Sedative,Sedative,3.0
2015-11-05,MED-ATC-N05C,Hypnotic/Sedative,Sedative,0.0
2015-11-06,MED-ATC-N05C,Hypnotic/Sedative,Sedative,2.0
2015-11-07,MED-ATC-N05C,Hypnotic/Sedative,Sedative,1.0
2015-11-08,MED-ATC-N05C,Hypnotic/Sedative,Sedative,0.0
2015-11-09,MED-ATC-N05C,Hypnotic/Sedative,Sedative,1.0
2015-11-10,MED-ATC-N05C,Hypnotic/Sedative,Sedative,0.0
2015-11-11,MED-ATC-N05C,Hypnotic/Sedative,Sedative,0.0
2015-11-12,MED-ATC-N05C,Hypnotic/Sedative,Sedative,0.0
2015-11-13,MED-ATC-N05C,Hypnotic/Sedative,Sedative,0.0
2015-11-14,MED-ATC-N05C,Hypnotic/Sedative,Sedative,1.0
2015-11-15,MED-ATC-N05C,Hypnotic/Sedative,Sedative,2.0
2015-11-16,MED-ATC-N05C,Hypnotic/Sedative,Sedative,0.0
2015-11-17,MED-ATC-N05C,Hypnotic/Sedative,Sedative,0.0
2015-11-18,MED-ATC-N05C,Hypnotic/Sedative,Sedative,0.0
2015-11-19,MED-ATC-N05C,Hypnotic/Sedative,Sedative,0.0
2015-11-20,MED-ATC-N05C,Hypnotic/Sedative,Sedative,2.0
2015-11-21,MED-ATC-N05C,Hypnotic/Sedative,Sedative,0.0
2015-11-22,MED-ATC-N05C,Hypnotic/Sedative,Sedative,2.0
2015-11-23,MED-ATC-N05C,Hypnotic/Sedative,Sedative,0.0
2015-11-24,MED-ATC-N05C,Hypnotic/Sedative,Sedative,3.0
2015-11-25,MED-ATC-N05C,Hypnotic/Sedative,Sedative,0.0
2015-11-26,MED-ATC-N05C,Hypnotic/Sedative,Sedative,0.0
2015-11-27,MED-ATC-N05C,Hypnotic/Sedative,Sedative,0.0
2015-11-28,MED-ATC-N05C,Hypnotic/Sedative,Sedative,0.0
2015-11-29,MED-ATC-N05C,Hypnotic/Sedative,Sedative,0.0
2015-11-30,MED-ATC-N05C,Hypnotic/Sedative,Sedative,1.0
2015-12-01,MED-ATC-N05C,Hypnotic/Sedative,Sedative,1.0
2015-12-02,MED-ATC-N05C,Hypnotic/Sedative,Sedative,4.0
2015-12-03,MED-ATC-N05C,Hypnotic/Sedative,Sedative,1.0
2015-12-04,MED-ATC-N05C,Hypnotic/Sedative,Sedative,3.0
2015-12-05,MED-ATC-N05C,Hypnotic/Sedative,Sedative,0.0
2015-12-06,MED-ATC-N05C,Hypnotic/Sedative,Sedative,2.0
2015-12-07,MED-ATC-N05C,Hypnotic/Sedative,Sedative,1.0
2015-12-08,MED-ATC-N05C,Hypnotic/Sedative,Sedative,0.0
2015-12-09,MED-ATC-N05C,Hypnotic/Sedative,Sedative,0.0
2015-12-10,MED-ATC-N05C,Hypnotic/Sedative,Sedative,0.0
2015-12-11,MED-ATC-N05C,Hypnotic/Sedative,Sedative,0.0
2015-12-12,MED-ATC-N05C,Hypnotic/Sedative,Sedative,2.0
2015-12-13,MED-ATC-N05C,Hypnotic/Sedative,Sedative,0.0
2015-12-14,MED-ATC-N05C,Hypnotic/Sedative,Sedative,0.0
2015-12-15,MED-ATC-N05C,Hypnotic/Sedative,Sedative,1.0
2015-12-16,MED-ATC-N05C,Hypnotic/Sedative,Sedative,1.0
2015-12-17,MED-ATC-N05C,Hypnotic/Sedative,Sedative,0.0
2015-12-18,MED-ATC-N05C,Hypnotic/Sedative,Sedative,4.0
2015-12-19,MED-ATC-N05C,Hypnotic/Sedative,Sedative,0.0
2015-12-20,MED-ATC-N05C,Hypnotic/Sedative,Sedative,0.0
2015-12-21,MED-ATC-N05C,Hypnotic/Sedative,Sedative,0.0
2015-12-22,MED-ATC-N05C,Hypnotic/Sedative,Sedative,0.0
2015-12-23,MED-ATC-N05C,Hypnotic/Sedative,Sedative,0.0
2015-12-24,MED-ATC-N05C,Hypnotic/Sedative,Sedative,0.0
2015-12-25,MED-ATC-N05C,Hypnotic/Sedative,Sedative,2.0
2015-12-26,MED-ATC-N05C,Hypnotic/Sedative,Sedative,3.0
2015-12-27,MED-ATC-N05C,Hypnotic/Sedative,Sedative,0.0
2015-12-28,MED-ATC-N05C,Hypnotic/Sedative,Sedative,3.0
2015-12-29,MED-ATC-N05C,Hypnotic/Sedative,Sedative,0.0
2015-12-30,MED-ATC-N05C,Hypnotic/Sedative,Sedative,0.0
2015-12-31,MED-ATC-N05C,Hypnotic/Sedative,Sedative,0.0
2016-01-01,MED-ATC-N05C,Hypnotic/Sedative,Sedative,0.0
2016-01-02,MED-ATC-N05C,Hypnotic/Sedative,Sedative,1.0
2016-01-03,MED-ATC-N05C,Hypnotic/Sedative,Sedative,0.0
2016-01-04,MED-ATC-N05C,Hypnotic/Sedative,Sedative,0.0
2016-01-05,MED-ATC-N05C,Hypnotic/Sedative,Sedative,0.0
2016-01-06,MED-ATC-N05C,Hypnotic/Sedative,Sedative,0.0
2016-01-07,MED-ATC-N05C,Hypnotic/Sedative,Sedative,0.0
2016-01-08,MED-ATC-N05C,Hypnotic/Sedative,Sedative,3.0
2016-01-09,MED-ATC-N05C,Hypnotic/Sedative,Sedative,0.0
2016-01-10,MED-ATC-N05C,Hypnotic/Sedative,Sedative,1.0
2016-01-11,MED-ATC-N05C,Hypnotic/Sedative,Sedative,0.0
2016-01-12,MED-ATC-N05C,Hypnotic/Sedative,Sedative,0.0
2016-01-13,MED-ATC-N05C,Hypnotic/Sedative,Sedative,0.0
2016-01-14,MED-ATC-N05C,Hypnotic/Sedative,Sedative,0.0
2016-01-15,MED-ATC-N05C,Hypnotic/Sedative,Sedative,0.0
2016-01-16,MED-ATC-N05C,Hypnotic/Sedative,Sedative,0.0
2016-01-17,MED-ATC-N05C,Hypnotic/Sedative,Sedative,0.0
2016-01-18,MED-ATC-N05C,Hypnotic/Sedative,Sedative,2.0
2016-01-19,MED-ATC-N05C,Hypnotic/Sedative,Sedative,0.0
2016-01-20,MED-ATC-N05C,Hypnotic/Sedative,Sedative,3.0
2016-01-21,MED-ATC-N05C,Hypnotic/Sedative,Sedative,4.0
2016-01-22,MED-ATC-N05C,Hypnotic/Sedative,Sedative,0.0
2016-01-23,MED-ATC-N05C,Hypnotic/Sedative,Sedative,0.0
2016-01-24,MED-ATC-N05C,Hypnotic/Sedative,Sedative,0.0
2016-01-25,MED-ATC-N05C,Hypnotic/Sedative,Sedative,2.0
2016-01-26,MED-ATC-N05C,Hypnotic/Sedative,Sedative,0.0
2016-01-27,MED-ATC-N05C,Hypnotic/Sedative,Sedative,5.0
2016-01-28,MED-ATC-N05C,Hypnotic/Sedative,Sedative,0.0
2016-01-29,MED-ATC-N05C,Hypnotic/Sedative,Sedative,1.0
2016-01-30,MED-ATC-N05C,Hypnotic/Sedative,Sedative,2.0
2016-01-31,MED-ATC-N05C,Hypnotic/Sedative,Sedative,0.0
2016-02-01,MED-ATC-N05C,Hypnotic/Sedative,Sedative,0.0
2016-02-02,MED-ATC-N05C,Hypnotic/Sedative,Sedative,0.0
2016-02-03,MED-ATC-N05C,Hypnotic/Sedative,Sedative,5.0
2016-02-04,MED-ATC-N05C,Hypnotic/Sedative,Sedative,0.0
2016-02-05,MED-ATC-N05C,Hypnotic/Sedative,Sedative,0.0
2016-02-06,MED-ATC-N05C,Hypnotic/Sedative,Sedative,0.0
2016-02-07,MED-ATC-N05C,Hypnotic/Sedative,Sedative,0.0
2016-02-08,MED-ATC-N05C,Hypnotic/Sedative,Sedative,0.0
2016-02-09,MED-ATC-N05C,Hypnotic/Sedative,Sedative,2.0
2016-02-10,MED-ATC-N05C,Hypnotic/Sedative,Sedative,0.0
2016-02-11,MED-ATC-N05C,Hypnotic/Sedative,Sedative,1.0
2016-02-12,MED-ATC-N05C,Hypnotic/Sedative,Sedative,0.0
2016-02-13,MED-ATC-N05C,Hypnotic/Sedative,Sedative,0.0
2016-02-14,MED-ATC-N05C,Hypnotic/Sedative,Sedative,0.0
2016-02-15,MED-ATC-N05C,Hypnotic/Sedative,Sedative,0.0
2016-02-16,MED-ATC-N05C,Hypnotic/Sedative,Sedative,2.0
2016-02-17,MED-ATC-N05C,Hypnotic/Sedative,Sedative,1.0
2016-02-18,MED-ATC-N05C,Hypnotic/Sedative,Sedative,0.0
2016-02-19,MED-ATC-N05C,Hypnotic/Sedative,Sedative,2.0
2016-02-20,MED-ATC-N05C,Hypnotic/Sedative,Sedative,0.0
2016-02-21,MED-ATC-N05C,Hypnotic/Sedative,Sedative,2.0
2016-02-22,MED-ATC-N05C,Hypnotic/Sedative,Sedative,0.0
2016-02-23,MED-ATC-N05C,Hypnotic/Sedative,Sedative,0.0
2016-02-24,MED-ATC-N05C,Hypnotic/Sedative,Sedative,2.0
2016-02-25,MED-ATC-N05C,Hypnotic/Sedative,Sedative,1.0
2016-02-26,MED-ATC-N05C,Hypnotic/Sedative,Sedative,2.0
2016-02-27,MED-ATC-N05C,Hypnotic/Sedative,Sedative,0.0
2016-02-28,MED-ATC-N05C,Hypnotic/Sedative,Sedative,0.0
2016-02-29,MED-ATC-N05C,Hypnotic/Sedative,Sedative,0.0
2016-03-01,MED-ATC-N05C,Hypnotic/Sedative,Sedative,2.0
2016-03-02,MED-ATC-N05C,Hypnotic/Sedative,Sedative,2.0
2016-03-03,MED-ATC-N05C,Hypnotic/Sedative,Sedative,0.0
2016-03-04,MED-ATC-N05C,Hypnotic/Sedative,Sedative,0.0
2016-03-05,MED-ATC-N05C,Hypnotic/Sedative,Sedative,0.0
2016-03-06,MED-ATC-N05C,Hypnotic/Sedative,Sedative,0.0
2016-03-07,MED-ATC-N05C,Hypnotic/Sedative,Sedative,1.0
2016-03-08,MED-ATC-N05C,Hypnotic/Sedative,Sedative,0.0
2016-03-09,MED-ATC-N05C,Hypnotic/Sedative,Sedative,1.0
2016-03-10,MED-ATC-N05C,Hypnotic/Sedative,Sedative,0.0
2016-03-11,MED-ATC-N05C,Hypnotic/Sedative,Sedative,0.0
2016-03-12,MED-ATC-N05C,Hypnotic/Sedative,Sedative,0.0
2016-03-13,MED-ATC-N05C,Hypnotic/Sedative,Sedative,0.0
2016-03-14,MED-ATC-N05C,Hypnotic/Sedative,Sedative,0.0
2016-03-15,MED-ATC-N05C,Hypnotic/Sedative,Sedative,0.0
2016-03-16,MED-ATC-N05C,Hypnotic/Sedative,Sedative,0.0
2016-03-17,MED-ATC-N05C,Hypnotic/Sedative,Sedative,0.0
2016-03-18,MED-ATC-N05C,Hypnotic/Sedative,Sedative,2.0
2016-03-19,MED-ATC-N05C,Hypnotic/Sedative,Sedative,1.0
2016-03-20,MED-ATC-N05C,Hypnotic/Sedative,Sedative,0.0
2016-03-21,MED-ATC-N05C,Hypnotic/Sedative,Sedative,0.0
2016-03-22,MED-ATC-N05C,Hypnotic/Sedative,Sedative,2.0
2016-03-23,MED-ATC-N05C,Hypnotic/Sedative,Sedative,1.0
2016-03-24,MED-ATC-N05C,Hypnotic/Sedative,Sedative,0.0
2016-03-25,MED-ATC-N05C,Hypnotic/Sedative,Sedative,0.0
2016-03-26,MED-ATC-N05C,Hypnotic/Sedative,Sedative,0.0
2016-03-27,MED-ATC-N05C,Hypnotic/Sedative,Sedative,1.0
2016-03-28,MED-ATC-N05C,Hypnotic/Sedative,Sedative,0.0
2016-03-29,MED-ATC-N05C,Hypnotic/Sedative,Sedative,0.0
2016-03-30,MED-ATC-N05C,Hypnotic/Sedative,Sedative,0.0
2016-03-31,MED-ATC-N05C,Hypnotic/Sedative,Sedative,0.0
2016-04-01,MED-ATC-N05C,Hypnotic/Sedative,Sedative,0.0
2016-04-02,MED-ATC-N05C,Hypnotic/Sedative,Sedative,0.0
2016-04-03,MED-ATC-N05C,Hypnotic/Sedative,Sedative,0.0
2016-04-04,MED-ATC-N05C,Hypnotic/Sedative,Sedative,1.0
2016-04-05,MED-ATC-N05C,Hypnotic/Sedative,Sedative,1.0
2016-04-06,MED-ATC-N05C,Hypnotic/Sedative,Sedative,0.0
2016-04-07,MED-ATC-N05C,Hypnotic/Sedative,Sedative,2.0
2016-04-08,MED-ATC-N05C,Hypnotic/Sedative,Sedative,1.0
2016-04-09,MED-ATC-N05C,Hypnotic/Sedative,Sedative,0.0
2016-04-10,MED-ATC-N05C,Hypnotic/Sedative,Sedative,1.0
2016-04-11,MED-ATC-N05C,Hypnotic/Sedative,Sedative,2.0
2016-04-12,MED-ATC-N05C,Hypnotic/Sedative,Sedative,1.0
2016-04-13,MED-ATC-N05C,Hypnotic/Sedative,Sedative,0.0
2016-04-14,MED-ATC-N05C,Hypnotic/Sedative,Sedative,0.0
2016-04-15,MED-ATC-N05C,Hypnotic/Sedative,Sedative,0.0
2016-04-16,MED-ATC-N05C,Hypnotic/Sedative,Sedative,0.0
2016-04-17,MED-ATC-N05C,Hypnotic/Sedative,Sedative,0.0
2016-04-18,MED-ATC-N05C,Hypnotic/Sedative,Sedative,3.0
2016-04-19,MED-ATC-N05C,Hypnotic/Sedative,Sedative,0.0
2016-04-20,MED-ATC-N05C,Hypnotic/Sedative,Sedative,5.0
2016-04-21,MED-ATC-N05C,Hypnotic/Sedative,Sedative,0.0
2016-04-22,MED-ATC-N05C,Hypnotic/Sedative,Sedative,0.0
2016-04-23,MED-ATC-N05C,Hypnotic/Sedative,Sedative,0.0
2016-04-24,MED-ATC-N05C,Hypnotic/Sedative,Sedative,0.0
2016-04-25,MED-ATC-N05C,Hypnotic/Sedative,Sedative,1.0
2016-04-26,MED-ATC-N05C,Hypnotic/Sedative,Sedative,0.0
2016-04-27,MED-ATC-N05C,Hypnotic/Sedative,Sedative,0.0
2016-04-28,MED-ATC-N05C,Hypnotic/Sedative,Sedative,0.0
2016-04-29,MED-ATC-N05C,Hypnotic/Sedative,Sedative,0.0
2016-04-30,MED-ATC-N05C,Hypnotic/Sedative,Sedative,0.0
2016-05-01,MED-ATC-N05C,Hypnotic/Sedative,Sedative,0.0
2016-05-02,MED-ATC-N05C,Hypnotic/Sedative,Sedative,0.0
2016-05-03,MED-ATC-N05C,Hypnotic/Sedative,Sedative,0.0
2016-05-04,MED-ATC-N05C,Hypnotic/Sedative,Sedative,0.0
2016-05-05,MED-ATC-N05C,Hypnotic/Sedative,Sedative,3.0
2016-05-06,MED-ATC-N05C,Hypnotic/Sedative,Sedative,0.0
2016-05-07,MED-ATC-N05C,Hypnotic/Sedative,Sedative,1.0
2016-05-08,MED-ATC-N05C,Hypnotic/Sedative,Sedative,0.0
2016-05-09,MED-ATC-N05C,Hypnotic/Sedative,Sedative,0.0
2016-05-10,MED-ATC-N05C,Hypnotic/Sedative,Sedative,0.0
2016-05-11,MED-ATC-N05C,Hypnotic/Sedative,Sedative,0.0
2016-05-12,MED-ATC-N05C,Hypnotic/Sedative,Sedative,1.0
2016-05-13,MED-ATC-N05C,Hypnotic/Sedative,Sedative,0.0
2016-05-14,MED-ATC-N05C,Hypnotic/Sedative,Sedative,0.0
2016-05-15,MED-ATC-N05C,Hypnotic/Sedative,Sedative,0.0
2016-05-16,MED-ATC-N05C,Hypnotic/Sedative,Sedative,0.0
2016-05-17,MED-ATC-N05C,Hypnotic/Sedative,Sedative,0.0
2016-05-18,MED-ATC-N05C,Hypnotic/Sedative,Sedative,0.0
2016-05-19,MED-ATC-N05C,Hypnotic/Sedative,Sedative,0.0
2016-05-20,MED-ATC-N05C,Hypnotic/Sedative,Sedative,2.0
2016-05-21,MED-ATC-N05C,Hypnotic/Sedative,Sedative,0.0
2016-05-22,MED-ATC-N05C,Hypnotic/Sedative,Sedative,1.0
2016-05-23,MED-ATC-N05C,Hypnotic/Sedative,Sedative,0.0
2016-05-24,MED-ATC-N05C,Hypnotic/Sedative,Sedative,0.0
2016-05-25,MED-ATC-N05C,Hypnotic/Sedative,Sedative,1.0
2016-05-26,MED-ATC-N05C,Hypnotic/Sedative,Sedative,1.0
2016-05-27,MED-ATC-N05C,Hypnotic/Sedative,Sedative,7.0
2016-05-28,MED-ATC-N05C,Hypnotic/Sedative,Sedative,0.0
2016-05-29,MED-ATC-N05C,Hypnotic/Sedative,Sedative,1.0
2016-05-30,MED-ATC-N05C,Hypnotic/Sedative,Sedative,0.0
2016-05-31,MED-ATC-N05C,Hypnotic/Sedative,Sedative,0.0
2016-06-01,MED-ATC-N05C,Hypnotic/Sedative,Sedative,0.0
2016-06-02,MED-ATC-N05C,Hypnotic/Sedative,Sedative,3.0
2016-06-03,MED-ATC-N05C,Hypnotic/Sedative,Sedative,0.0
2016-06-04,MED-ATC-N05C,Hypnotic/Sedative,Sedative,0.0
2016-06-05,MED-ATC-N05C,Hypnotic/Sedative,Sedative,0.0
2016-06-06,MED-ATC-N05C,Hypnotic/Sedative,Sedative,0.0
2016-06-07,MED-ATC-N05C,Hypnotic/Sedative,Sedative,0.0
2016-06-08,MED-ATC-N05C,Hypnotic/Sedative,Sedative,0.0
2016-06-09,MED-ATC-N05C,Hypnotic/Sedative,Sedative,0.0
2016-06-10,MED-ATC-N05C,Hypnotic/Sedative,Sedative,2.0
2016-06-11,MED-ATC-N05C,Hypnotic/Sedative,Sedative,1.0
2016-06-12,MED-ATC-N05C,Hypnotic/Sedative,Sedative,0.0
2016-06-13,MED-ATC-N05C,Hypnotic/Sedative,Sedative,0.0
2016-06-14,MED-ATC-N05C,Hypnotic/Sedative,Sedative,1.0
2016-06-15,MED-ATC-N05C,Hypnotic/Sedative,Sedative,1.0
2016-06-16,MED-ATC-N05C,Hypnotic/Sedative,Sedative,0.0
2016-06-17,MED-ATC-N05C,Hypnotic/Sedative,Sedative,0.0
2016-06-18,MED-ATC-N05C,Hypnotic/Sedative,Sedative,0.0
2016-06-19,MED-ATC-N05C,Hypnotic/Sedative,Sedative,0.0
2016-06-20,MED-ATC-N05C,Hypnotic/Sedative,Sedative,0.0
2016-06-21,MED-ATC-N05C,Hypnotic/Sedative,Sedative,0.0
2016-06-22,MED-ATC-N05C,Hypnotic/Sedative,Sedative,0.0
2016-06-23,MED-ATC-N05C,Hypnotic/Sedative,Sedative,0.0
2016-06-24,MED-ATC-N05C,Hypnotic/Sedative,Sedative,0.0
2016-06-25,MED-ATC-N05C,Hypnotic/Sedative,Sedative,0.0
2016-06-26,MED-ATC-N05C,Hypnotic/Sedative,Sedative,0.0
2016-06-27,MED-ATC-N05C,Hypnotic/Sedative,Sedative,0.0
2016-06-28,MED-ATC-N05C,Hypnotic/Sedative,Sedative,5.0
2016-06-29,MED-ATC-N05C,Hypnotic/Sedative,Sedative,7.0
2016-06-30,MED-ATC-N05C,Hypnotic/Sedative,Sedative,0.0
2016-07-01,MED-ATC-N05C,Hypnotic/Sedative,Sedative,0.0
2016-07-02,MED-ATC-N05C,Hypnotic/Sedative,Sedative,0.0
2016-07-03,MED-ATC-N05C,Hypnotic/Sedative,Sedative,0.0
2016-07-04,MED-ATC-N05C,Hypnotic/Sedative,Sedative,3.0
2016-07-05,MED-ATC-N05C,Hypnotic/Sedative,Sedative,0.0
2016-07-06,MED-ATC-N05C,Hypnotic/Sedative,Sedative,0.0
2016-07-07,MED-ATC-N05C,Hypnotic/Sedative,Sedative,1.0
2016-07-08,MED-ATC-N05C,Hypnotic/Sedative,Sedative,1.0
2016-07-09,MED-ATC-N05C,Hypnotic/Sedative,Sedative,0.0
2016-07-10,MED-ATC-N05C,Hypnotic/Sedative,Sedative,0.0
2016-07-11,MED-ATC-N05C,Hypnotic/Sedative,Sedative,0.0
2016-07-12,MED-ATC-N05C,Hypnotic/Sedative,Sedative,0.0
2016-07-13,MED-ATC-N05C,Hypnotic/Sedative,Sedative,0.0
2016-07-14,MED-ATC-N05C,Hypnotic/Sedative,Sedative,0.0
2016-07-15,MED-ATC-N05C,Hypnotic/Sedative,Sedative,0.0
2016-07-16,MED-ATC-N05C,Hypnotic/Sedative,Sedative,0.0
2016-07-17,MED-ATC-N05C,Hypnotic/Sedative,Sedative,0.0
2016-07-18,MED-ATC-N05C,Hypnotic/Sedative,Sedative,0.0
2016-07-19,MED-ATC-N05C,Hypnotic/Sedative,Sedative,0.0
2016-07-20,MED-ATC-N05C,Hypnotic/Sedative,Sedative,0.0
2016-07-21,MED-ATC-N05C,Hypnotic/Sedative,Sedative,0.0
2016-07-22,MED-ATC-N05C,Hypnotic/Sedative,Sedative,0.0
2016-07-23,MED-ATC-N05C,Hypnotic/Sedative,Sedative,0.0
2016-07-24,MED-ATC-N05C,Hypnotic/Sedative,Sedative,0.0
2016-07-25,MED-ATC-N05C,Hypnotic/Sedative,Sedative,0.0
2016-07-26,MED-ATC-N05C,Hypnotic/Sedative,Sedative,0.0
2016-07-27,MED-ATC-N05C,Hypnotic/Sedative,Sedative,1.0
2016-07-28,MED-ATC-N05C,Hypnotic/Sedative,Sedative,1.0
2016-07-29,MED-ATC-N05C,Hypnotic/Sedative,Sedative,1.0
2016-07-30,MED-ATC-N05C,Hypnotic/Sedative,Sedative,0.0
2016-07-31,MED-ATC-N05C,Hypnotic/Sedative,Sedative,0.0
2016-08-01,MED-ATC-N05C,Hypnotic/Sedative,Sedative,1.0
2016-08-02,MED-ATC-N05C,Hypnotic/Sedative,Sedative,0.0
2016-08-03,MED-ATC-N05C,Hypnotic/Sedative,Sedative,0.0
2016-08-04,MED-ATC-N05C,Hypnotic/Sedative,Sedative,0.0
2016-08-05,MED-ATC-N05C,Hypnotic/Sedative,Sedative,0.0
2016-08-06,MED-ATC-N05C,Hypnotic/Sedative,Sedative,0.0
2016-08-07,MED-ATC-N05C,Hypnotic/Sedative,Sedative,0.0
2016-08-08,MED-ATC-N05C,Hypnotic/Sedative,Sedative,0.0
2016-08-09,MED-ATC-N05C,Hypnotic/Sedative,Sedative,1.0
2016-08-10,MED-ATC-N05C,Hypnotic/Sedative,Sedative,0.0
2016-08-11,MED-ATC-N05C,Hypnotic/Sedative,Sedative,0.0
2016-08-12,MED-ATC-N05C,Hypnotic/Sedative,Sedative,4.0
2016-08-13,MED-ATC-N05C,Hypnotic/Sedative,Sedative,0.0
2016-08-14,MED-ATC-N05C,Hypnotic/Sedative,Sedative,0.0
2016-08-15,MED-ATC-N05C,Hypnotic/Sedative,Sedative,0.0
2016-08-16,MED-ATC-N05C,Hypnotic/Sedative,Sedative,0.0
2016-08-17,MED-ATC-N05C,Hypnotic/Sedative,Sedative,0.0
2016-08-18,MED-ATC-N05C,Hypnotic/Sedative,Sedative,0.0
2016-08-19,MED-ATC-N05C,Hypnotic/Sedative,Sedative,0.0
2016-08-20,MED-ATC-N05C,Hypnotic/Sedative,Sedative,0.0
2016-08-21,MED-ATC-N05C,Hypnotic/Sedative,Sedative,4.0
2016-08-22,MED-ATC-N05C,Hypnotic/Sedative,Sedative,0.0
2016-08-23,MED-ATC-N05C,Hypnotic/Sedative,Sedative,1.0
2016-08-24,MED-ATC-N05C,Hypnotic/Sedative,Sedative,0.0
2016-08-25,MED-ATC-N05C,Hypnotic/Sedative,Sedative,1.0
2016-08-26,MED-ATC-N05C,Hypnotic/Sedative,Sedative,0.0
2016-08-27,MED-ATC-N05C,Hypnotic/Sedative,Sedative,0.0
2016-08-28,MED-ATC-N05C,Hypnotic/Sedative,Sedative,0.0
2016-08-29,MED-ATC-N05C,Hypnotic/Sedative,Sedative,0.0
2016-08-30,MED-ATC-N05C,Hypnotic/Sedative,Sedative,0.0
2016-08-31,MED-ATC-N05C,Hypnotic/Sedative,Sedative,0.0
2016-09-01,MED-ATC-N05C,Hypnotic/Sedative,Sedative,0.0
2016-09-02,MED-ATC-N05C,Hypnotic/Sedative,Sedative,0.0
2016-09-03,MED-ATC-N05C,Hypnotic/Sedative,Sedative,0.0
2016-09-04,MED-ATC-N05C,Hypnotic/Sedative,Sedative,0.0
2016-09-05,MED-ATC-N05C,Hypnotic/Sedative,Sedative,2.0
2016-09-06,MED-ATC-N05C,Hypnotic/Sedative,Sedative,3.0
2016-09-07,MED-ATC-N05C,Hypnotic/Sedative,Sedative,0.0
2016-09-08,MED-ATC-N05C,Hypnotic/Sedative,Sedative,1.0
2016-09-09,MED-ATC-N05C,Hypnotic/Sedative,Sedative,2.0
2016-09-10,MED-ATC-N05C,Hypnotic/Sedative,Sedative,0.0
2016-09-11,MED-ATC-N05C,Hypnotic/Sedative,Sedative,0.0
2016-09-12,MED-ATC-N05C,Hypnotic/Sedative,Sedative,0.0
2016-09-13,MED-ATC-N05C,Hypnotic/Sedative,Sedative,0.0
2016-09-14,MED-ATC-N05C,Hypnotic/Sedative,Sedative,0.0
2016-09-15,MED-ATC-N05C,Hypnotic/Sedative,Sedative,0.0
2016-09-16,MED-ATC-N05C,Hypnotic/Sedative,Sedative,0.0
2016-09-17,MED-ATC-N05C,Hypnotic/Sedative,Sedative,0.0
2016-09-18,MED-ATC-N05C,Hypnotic/Sedative,Sedative,0.0
2016-09-19,MED-ATC-N05C,Hypnotic/Sedative,Sedative,2.0
2016-09-20,MED-ATC-N05C,Hypnotic/Sedative,Sedative,0.0
2016-09-21,MED-ATC-N05C,Hypnotic/Sedative,Sedative,0.0
2016-09-22,MED-ATC-N05C,Hypnotic/Sedative,Sedative,0.0
2016-09-23,MED-ATC-N05C,Hypnotic/Sedative,Sedative,3.0
2016-09-24,MED-ATC-N05C,Hypnotic/Sedative,Sedative,0.0
2016-09-25,MED-ATC-N05C,Hypnotic/Sedative,Sedative,0.0
2016-09-26,MED-ATC-N05C,Hypnotic/Sedative,Sedative,2.0
2016-09-27,MED-ATC-N05C,Hypnotic/Sedative,Sedative,3.0
2016-09-28,MED-ATC-N05C,Hypnotic/Sedative,Sedative,0.0
2016-09-29,MED-ATC-N05C,Hypnotic/Sedative,Sedative,0.0
2016-09-30,MED-ATC-N05C,Hypnotic/Sedative,Sedative,0.0
2016-10-01,MED-ATC-N05C,Hypnotic/Sedative,Sedative,0.0
2016-10-02,MED-ATC-N05C,Hypnotic/Sedative,Sedative,0.0
2016-10-03,MED-ATC-N05C,Hypnotic/Sedative,Sedative,2.0
2016-10-04,MED-ATC-N05C,Hypnotic/Sedative,Sedative,0.0
2016-10-05,MED-ATC-N05C,Hypnotic/Sedative,Sedative,0.0
2016-10-06,MED-ATC-N05C,Hypnotic/Sedative,Sedative,0.0
2016-10-07,MED-ATC-N05C,Hypnotic/Sedative,Sedative,0.0
2016-10-08,MED-ATC-N05C,Hypnotic/Sedative,Sedative,0.0
2016-10-09,MED-ATC-N05C,Hypnotic/Sedative,Sedative,0.0
2016-10-10,MED-ATC-N05C,Hypnotic/Sedative,Sedative,0.0
2016-10-11,MED-ATC-N05C,Hypnotic/Sedative,Sedative,1.0
2016-10-12,MED-ATC-N05C,Hypnotic/Sedative,Sedative,1.0
2016-10-13,MED-ATC-N05C,Hypnotic/Sedative,Sedative,0.0
2016-10-14,MED-ATC-N05C,Hypnotic/Sedative,Sedative,0.0
2016-10-15,MED-ATC-N05C,Hypnotic/Sedative,Sedative,1.0
2016-10-16,MED-ATC-N05C,Hypnotic/Sedative,Sedative,0.0
2016-10-17,MED-ATC-N05C,Hypnotic/Sedative,Sedative,0.0
2016-10-18,MED-ATC-N05C,Hypnotic/Sedative,Sedative,3.0
2016-10-19,MED-ATC-N05C,Hypnotic/Sedative,Sedative,0.0
2016-10-20,MED-ATC-N05C,Hypnotic/Sedative,Sedative,0.0
2016-10-21,MED-ATC-N05C,Hypnotic/Sedative,Sedative,0.0
2016-10-22,MED-ATC-N05C,Hypnotic/Sedative,Sedative,0.0
2016-10-23,MED-ATC-N05C,Hypnotic/Sedative,Sedative,0.0
2016-10-24,MED-ATC-N05C,Hypnotic/Sedative,Sedative,1.0
2016-10-25,MED-ATC-N05C,Hypnotic/Sedative,Sedative,0.0
2016-10-26,MED-ATC-N05C,Hypnotic/Sedative,Sedative,0.0
2016-10-27,MED-ATC-N05C,Hypnotic/Sedative,Sedative,2.0
2016-10-28,MED-ATC-N05C,Hypnotic/Sedative,Sedative,0.0
2016-10-29,MED-ATC-N05C,Hypnotic/Sedative,Sedative,0.0
2016-10-30,MED-ATC-N05C,Hypnotic/Sedative,Sedative,0.0
2016-10-31,MED-ATC-N05C,Hypnotic/Sedative,Sedative,0.0
2016-11-01,MED-ATC-N05C,Hypnotic/Sedative,Sedative,0.0
2016-11-02,MED-ATC-N05C,Hypnotic/Sedative,Sedative,0.0
2016-11-03,MED-ATC-N05C,Hypnotic/Sedative,Sedative,0.0
2016-11-04,MED-ATC-N05C,Hypnotic/Sedative,Sedative,1.0
2016-11-05,MED-ATC-N05C,Hypnotic/Sedative,Sedative,0.0
2016-11-06,MED-ATC-N05C,Hypnotic/Sedative,Sedative,2.0
2016-11-07,MED-ATC-N05C,Hypnotic/Sedative,Sedative,0.0
2016-11-08,MED-ATC-N05C,Hypnotic/Sedative,Sedative,2.0
2016-11-09,MED-ATC-N05C,Hypnotic/Sedative,Sedative,0.0
2016-11-10,MED-ATC-N05C,Hypnotic/Sedative,Sedative,2.0
2016-11-11,MED-ATC-N05C,Hypnotic/Sedative,Sedative,0.0
2016-11-12,MED-ATC-N05C,Hypnotic/Sedative,Sedative,0.0
2016-11-13,MED-ATC-N05C,Hypnotic/Sedative,Sedative,0.0
2016-11-14,MED-ATC-N05C,Hypnotic/Sedative,Sedative,3.0
2016-11-15,MED-ATC-N05C,Hypnotic/Sedative,Sedative,5.0
2016-11-16,MED-ATC-N05C,Hypnotic/Sedative,Sedative,0.0
2016-11-17,MED-ATC-N05C,Hypnotic/Sedative,Sedative,0.0
2016-11-18,MED-ATC-N05C,Hypnotic/Sedative,Sedative,1.0
2016-11-19,MED-ATC-N05C,Hypnotic/Sedative,Sedative,0.0
2016-11-20,MED-ATC-N05C,Hypnotic/Sedative,Sedative,0.0
2016-11-21,MED-ATC-N05C,Hypnotic/Sedative,Sedative,0.0
2016-11-22,MED-ATC-N05C,Hypnotic/Sedative,Sedative,2.0
2016-11-23,MED-ATC-N05C,Hypnotic/Sedative,Sedative,0.0
2016-11-24,MED-ATC-N05C,Hypnotic/Sedative,Sedative,0.0
2016-11-25,MED-ATC-N05C,Hypnotic/Sedative,Sedative,4.0
2016-11-26,MED-ATC-N05C,Hypnotic/Sedative,Sedative,3.0
2016-11-27,MED-ATC-N05C,Hypnotic/Sedative,Sedative,0.0
2016-11-28,MED-ATC-N05C,Hypnotic/Sedative,Sedative,0.0
2016-11-29,MED-ATC-N05C,Hypnotic/Sedative,Sedative,2.0
2016-11-30,MED-ATC-N05C,Hypnotic/Sedative,Sedative,0.0
2016-12-01,MED-ATC-N05C,Hypnotic/Sedative,Sedative,0.0
2016-12-02,MED-ATC-N05C,Hypnotic/Sedative,Sedative,0.0
2016-12-03,MED-ATC-N05C,Hypnotic/Sedative,Sedative,0.0
2016-12-04,MED-ATC-N05C,Hypnotic/Sedative,Sedative,0.0
2016-12-05,MED-ATC-N05C,Hypnotic/Sedative,Sedative,1.0
2016-12-06,MED-ATC-N05C,Hypnotic/Sedative,Sedative,0.0
2016-12-07,MED-ATC-N05C,Hypnotic/Sedative,Sedative,3.0
2016-12-08,MED-ATC-N05C,Hypnotic/Sedative,Sedative,0.0
2016-12-09,MED-ATC-N05C,Hypnotic/Sedative,Sedative,0.0
2016-12-10,MED-ATC-N05C,Hypnotic/Sedative,Sedative,0.0
2016-12-11,MED-ATC-N05C,Hypnotic/Sedative,Sedative,0.0
2016-12-12,MED-ATC-N05C,Hypnotic/Sedative,Sedative,3.0
2016-12-13,MED-ATC-N05C,Hypnotic/Sedative,Sedative,0.0
2016-12-14,MED-ATC-N05C,Hypnotic/Sedative,Sedative,0.0
2016-12-15,MED-ATC-N05C,Hypnotic/Sedative,Sedative,0.0
2016-12-16,MED-ATC-N05C,Hypnotic/Sedative,Sedative,3.0
2016-12-17,MED-ATC-N05C,Hypnotic/Sedative,Sedative,0.0
2016-12-18,MED-ATC-N05C,Hypnotic/Sedative,Sedative,0.0
2016-12-19,MED-ATC-N05C,Hypnotic/Sedative,Sedative,0.0
2016-12-20,MED-ATC-N05C,Hypnotic/Sedative,Sedative,2.0
2016-12-21,MED-ATC-N05C,Hypnotic/Sedative,Sedative,0.0
2016-12-22,MED-ATC-N05C,Hypnotic/Sedative,Sedative,0.0
2016-12-23,MED-ATC-N05C,Hypnotic/Sedative,Sedative,0.0
2016-12-24,MED-ATC-N05C,Hypnotic/Sedative,Sedative,1.0
2016-12-25,MED-ATC-N05C,Hypnotic/Sedative,Sedative,0.0
2016-12-26,MED-ATC-N05C,Hypnotic/Sedative,Sedative,0.0
2016-12-27,MED-ATC-N05C,Hypnotic/Sedative,Sedative,2.0
2016-12-28,MED-ATC-N05C,Hypnotic/Sedative,Sedative,0.0
2016-12-29,MED-ATC-N05C,Hypnotic/Sedative,Sedative,3.0
2016-12-30,MED-ATC-N05C,Hypnotic/Sedative,Sedative,0.0
2016-12-31,MED-ATC-N05C,Hypnotic/Sedative,Sedative,0.0
2017-01-01,MED-ATC-N05C,Hypnotic/Sedative,Sedative,1.875
2017-01-02,MED-ATC-N05C,Hypnotic/Sedative,Sedative,0.625
2017-01-03,MED-ATC-N05C,Hypnotic/Sedative,Sedative,0.0
2017-01-04,MED-ATC-N05C,Hypnotic/Sedative,Sedative,1.25
2017-01-05,MED-ATC-N05C,Hypnotic/Sedative,Sedative,0.0
2017-01-06,MED-ATC-N05C,Hypnotic/Sedative,Sedative,0.0
2017-01-07,MED-ATC-N05C,Hypnotic/Sedative,Sedative,0.0
2017-01-08,MED-ATC-N05C,Hypnotic/Sedative,Sedative,2.0833
2017-01-09,MED-ATC-N05C,Hypnotic/Sedative,Sedative,0.4167
2017-01-10,MED-ATC-N05C,Hypnotic/Sedative,Sedative,1.6667
2017-01-11,MED-ATC-N05C,Hypnotic/Sedative,Sedative,1.25
2017-01-12,MED-ATC-N05C,Hypnotic/Sedative,Sedative,1.25
2017-01-13,MED-ATC-N05C,Hypnotic/Sedative,Sedative,0.0
2017-01-14,MED-ATC-N05C,Hypnotic/Sedative,Sedative,0.8333
2017-01-15,MED-ATC-N05C,Hypnotic/Sedative,Sedative,0.0
2017-01-16,MED-ATC-N05C,Hypnotic/Sedative,Sedative,0.4167
2017-01-17,MED-ATC-N05C,Hypnotic/Sedative,Sedative,1.6667
2017-01-18,MED-ATC-N05C,Hypnotic/Sedative,Sedative,1.25
2017-01-19,MED-ATC-N05C,Hypnotic/Sedative,Sedative,0.0
2017-01-20,MED-ATC-N05C,Hypnotic/Sedative,Sedative,2.9167
2017-01-21,MED-ATC-N05C,Hypnotic/Sedative,Sedative,2.0833
2017-01-22,MED-ATC-N05C,Hypnotic/Sedative,Sedative,1.25
2017-01-23,MED-ATC-N05C,Hypnotic/Sedative,Sedative,0.8333
2017-01-24,MED-ATC-N05C,Hypnotic/Sedative,Sedative,0.0
2017-01-25,MED-ATC-N05C,Hypnotic/Sedative,Sedative,2.0833
2017-01-26,MED-ATC-N05C,Hypnotic/Sedative,Sedative,0.8333
2017-01-27,MED-ATC-N05C,Hypnotic/Sedative,Sedative,2.0833
2017-01-28,MED-ATC-N05C,Hypnotic/Sedative,Sedative,0.0
2017-01-29,MED-ATC-N05C,Hypnotic/Sedative,Sedative,2.5
2017-01-30,MED-ATC-N05C,Hypnotic/Sedative,Sedative,4.1667
2017-01-31,MED-ATC-N05C,Hypnotic/Sedative,Sedative,0.8333
2017-02-01,MED-ATC-N05C,Hypnotic/Sedative,Sedative,0.4167
2017-02-02,MED-ATC-N05C,Hypnotic/Sedative,Sedative,0.4167
2017-02-03,MED-ATC-N05C,Hypnotic/Sedative,Sedative,2.5
2017-02-04,MED-ATC-N05C,Hypnotic/Sedative,Sedative,0.8333
2017-02-05,MED-ATC-N05C,Hypnotic/Sedative,Sedative,0.0
2017-02-06,MED-ATC-N05C,Hypnotic/Sedative,Sedative,2.0
2017-02-07,MED-ATC-N05C,Hypnotic/Sedative,Sedative,0.0
2017-02-08,MED-ATC-N05C,Hypnotic/Sedative,Sedative,0.0
2017-02-09,MED-ATC-N05C,Hypnotic/Sedative,Sedative,0.0
2017-02-10,MED-ATC-N05C,Hypnotic/Sedative,Sedative,0.0
2017-02-11,MED-ATC-N05C,Hypnotic/Sedative,Sedative,1.0
2017-02-12,MED-ATC-N05C,Hypnotic/Sedative,Sedative,0.0
2017-02-13,MED-ATC-N05C,Hypnotic/Sedative,Sedative,0.0
2017-02-14,MED-ATC-N05C,Hypnotic/Sedative,Sedative,0.0
2017-02-15,MED-ATC-N05C,Hypnotic/Sedative,Sedative,0.0
2017-02-16,MED-ATC-N05C,Hypnotic/Sedative,Sedative,0.0
2017-02-17,MED-ATC-N05C,Hypnotic/Sedative,Sedative,0.0
2017-02-18,MED-ATC-N05C,Hypnotic/Sedative,Sedative,0.0
2017-02-19,MED-ATC-N05C,Hypnotic/Sedative,Sedative,0.0
2017-02-20,MED-ATC-N05C,Hypnotic/Sedative,Sedative,0.0
2017-02-21,MED-ATC-N05C,Hypnotic/Sedative,Sedative,0.0
2017-02-22,MED-ATC-N05C,Hypnotic/Sedative,Sedative,0.0
2017-02-23,MED-ATC-N05C,Hypnotic/Sedative,Sedative,1.0
2017-02-24,MED-ATC-N05C,Hypnotic/Sedative,Sedative,1.0
2017-02-25,MED-ATC-N05C,Hypnotic/Sedative,Sedative,0.0
2017-02-26,MED-ATC-N05C,Hypnotic/Sedative,Sedative,0.0
2017-02-27,MED-ATC-N05C,Hypnotic/Sedative,Sedative,0.0
2017-02-28,MED-ATC-N05C,Hypnotic/Sedative,Sedative,2.0
2017-03-01,MED-ATC-N05C,Hypnotic/Sedative,Sedative,0.0
2017-03-02,MED-ATC-N05C,Hypnotic/Sedative,Sedative,1.0
2017-03-03,MED-ATC-N05C,Hypnotic/Sedative,Sedative,1.0
2017-03-04,MED-ATC-N05C,Hypnotic/Sedative,Sedative,0.0
2017-03-05,MED-ATC-N05C,Hypnotic/Sedative,Sedative,0.0
2017-03-06,MED-ATC-N05C,Hypnotic/Sedative,Sedative,0.0
2017-03-07,MED-ATC-N05C,Hypnotic/Sedative,Sedative,0.0
2017-03-08,MED-ATC-N05C,Hypnotic/Sedative,Sedative,0.0
2017-03-09,MED-ATC-N05C,Hypnotic/Sedative,Sedative,1.0
2017-03-10,MED-ATC-N05C,Hypnotic/Sedative,Sedative,1.0
2017-03-11,MED-ATC-N05C,Hypnotic/Sedative,Sedative,1.0
2017-03-12,MED-ATC-N05C,Hypnotic/Sedative,Sedative,4.0
2017-03-13,MED-ATC-N05C,Hypnotic/Sedative,Sedative,0.0
2017-03-14,MED-ATC-N05C,Hypnotic/Sedative,Sedative,0.0
2017-03-15,MED-ATC-N05C,Hypnotic/Sedative,Sedative,0.0
2017-03-16,MED-ATC-N05C,Hypnotic/Sedative,Sedative,0.0
2017-03-17,MED-ATC-N05C,Hypnotic/Sedative,Sedative,0.0
2017-03-18,MED-ATC-N05C,Hypnotic/Sedative,Sedative,0.0
2017-03-19,MED-ATC-N05C,Hypnotic/Sedative,Sedative,0.0
2017-03-20,MED-ATC-N05C,Hypnotic/Sedative,Sedative,0.0
2017-03-21,MED-ATC-N05C,Hypnotic/Sedative,Sedative,0.0
2017-03-22,MED-ATC-N05C,Hypnotic/Sedative,Sedative,0.0
2017-03-23,MED-ATC-N05C,Hypnotic/Sedative,Sedative,0.0
2017-03-24,MED-ATC-N05C,Hypnotic/Sedative,Sedative,0.0
2017-03-25,MED-ATC-N05C,Hypnotic/Sedative,Sedative,0.0
2017-03-26,MED-ATC-N05C,Hypnotic/Sedative,Sedative,0.0
2017-03-27,MED-ATC-N05C,Hypnotic/Sedative,Sedative,0.0
2017-03-28,MED-ATC-N05C,Hypnotic/Sedative,Sedative,0.0
2017-03-29,MED-ATC-N05C,Hypnotic/Sedative,Sedative,0.0
2017-03-30,MED-ATC-N05C,Hypnotic/Sedative,Sedative,0.0
2017-03-31,MED-ATC-N05C,Hypnotic/Sedative,Sedative,0.0
2017-04-01,MED-ATC-N05C,Hypnotic/Sedative,Sedative,0.0
2017-04-02,MED-ATC-N05C,Hypnotic/Sedative,Sedative,0.0
2017-04-03,MED-ATC-N05C,Hypnotic/Sedative,Sedative,0.0
2017-04-04,MED-ATC-N05C,Hypnotic/Sedative,Sedative,0.0
2017-04-05,MED-ATC-N05C,Hypnotic/Sedative,Sedative,2.0
2017-04-06,MED-ATC-N05C,Hypnotic/Sedative,Sedative,1.0
2017-04-07,MED-ATC-N05C,Hypnotic/Sedative,Sedative,0.0
2017-04-08,MED-ATC-N05C,Hypnotic/Sedative,Sedative,0.0
2017-04-09,MED-ATC-N05C,Hypnotic/Sedative,Sedative,0.0
2017-04-10,MED-ATC-N05C,Hypnotic/Sedative,Sedative,0.0
2017-04-11,MED-ATC-N05C,Hypnotic/Sedative,Sedative,0.0
2017-04-12,MED-ATC-N05C,Hypnotic/Sedative,Sedative,2.0
2017-04-13,MED-ATC-N05C,Hypnotic/Sedative,Sedative,0.0
2017-04-14,MED-ATC-N05C,Hypnotic/Sedative,Sedative,0.0
2017-04-15,MED-ATC-N05C,Hypnotic/Sedative,Sedative,0.0
2017-04-16,MED-ATC-N05C,Hypnotic/Sedative,Sedative,0.0
2017-04-17,MED-ATC-N05C,Hypnotic/Sedative,Sedative,0.0
2017-04-18,MED-ATC-N05C,Hypnotic/Sedative,Sedative,1.0
2017-04-19,MED-ATC-N05C,Hypnotic/Sedative,Sedative,0.0
2017-04-20,MED-ATC-N05C,Hypnotic/Sedative,Sedative,0.0
2017-04-21,MED-ATC-N05C,Hypnotic/Sedative,Sedative,0.0
2017-04-22,MED-ATC-N05C,Hypnotic/Sedative,Sedative,1.0
2017-04-23,MED-ATC-N05C,Hypnotic/Sedative,Sedative,0.0
2017-04-24,MED-ATC-N05C,Hypnotic/Sedative,Sedative,0.0
2017-04-25,MED-ATC-N05C,Hypnotic/Sedative,Sedative,0.0
2017-04-26,MED-ATC-N05C,Hypnotic/Sedative,Sedative,0.0
2017-04-27,MED-ATC-N05C,Hypnotic/Sedative,Sedative,1.0
2017-04-28,MED-ATC-N05C,Hypnotic/Sedative,Sedative,0.0
2017-04-29,MED-ATC-N05C,Hypnotic/Sedative,Sedative,1.0
2017-04-30,MED-ATC-N05C,Hypnotic/Sedative,Sedative,0.0
2017-05-01,MED-ATC-N05C,Hypnotic/Sedative,Sedative,0.0
2017-05-02,MED-ATC-N05C,Hypnotic/Sedative,Sedative,0.0
2017-05-03,MED-ATC-N05C,Hypnotic/Sedative,Sedative,0.0
2017-05-04,MED-ATC-N05C,Hypnotic/Sedative,Sedative,0.0
2017-05-05,MED-ATC-N05C,Hypnotic/Sedative,Sedative,0.0
2017-05-06,MED-ATC-N05C,Hypnotic/Sedative,Sedative,0.0
2017-05-07,MED-ATC-N05C,Hypnotic/Sedative,Sedative,0.0
2017-05-08,MED-ATC-N05C,Hypnotic/Sedative,Sedative,3.0
2017-05-09,MED-ATC-N05C,Hypnotic/Sedative,Sedative,0.0
2017-05-10,MED-ATC-N05C,Hypnotic/Sedative,Sedative,0.0
2017-05-11,MED-ATC-N05C,Hypnotic/Sedative,Sedative,2.0
2017-05-12,MED-ATC-N05C,Hypnotic/Sedative,Sedative,9.0
2017-05-13,MED-ATC-N05C,Hypnotic/Sedative,Sedative,0.0
2017-05-14,MED-ATC-N05C,Hypnotic/Sedative,Sedative,0.0
2017-05-15,MED-ATC-N05C,Hypnotic/Sedative,Sedative,3.0
2017-05-16,MED-ATC-N05C,Hypnotic/Sedative,Sedative,0.0
2017-05-17,MED-ATC-N05C,Hypnotic/Sedative,Sedative,0.0
2017-05-18,MED-ATC-N05C,Hypnotic/Sedative,Sedative,0.0
2017-05-19,MED-ATC-N05C,Hypnotic/Sedative,Sedative,0.0
2017-05-20,MED-ATC-N05C,Hypnotic/Sedative,Sedative,0.0
2017-05-21,MED-ATC-N05C,Hypnotic/Sedative,Sedative,0.0
2017-05-22,MED-ATC-N05C,Hypnotic/Sedative,Sedative,0.0
2017-05-23,MED-ATC-N05C,Hypnotic/Sedative,Sedative,0.0
2017-05-24,MED-ATC-N05C,Hypnotic/Sedative,Sedative,0.0
2017-05-25,MED-ATC-N05C,Hypnotic/Sedative,Sedative,0.0
2017-05-26,MED-ATC-N05C,Hypnotic/Sedative,Sedative,0.0
2017-05-27,MED-ATC-N05C,Hypnotic/Sedative,Sedative,0.0
2017-05-28,MED-ATC-N05C,Hypnotic/Sedative,Sedative,0.0
2017-05-29,MED-ATC-N05C,Hypnotic/Sedative,Sedative,2.0
2017-05-30,MED-ATC-N05C,Hypnotic/Sedative,Sedative,0.0
2017-05-31,MED-ATC-N05C,Hypnotic/Sedative,Sedative,4.0
2017-06-01,MED-ATC-N05C,Hypnotic/Sedative,Sedative,0.0
2017-06-02,MED-ATC-N05C,Hypnotic/Sedative,Sedative,1.0
2017-06-03,MED-ATC-N05C,Hypnotic/Sedative,Sedative,1.0
2017-06-04,MED-ATC-N05C,Hypnotic/Sedative,Sedative,1.0
2017-06-05,MED-ATC-N05C,Hypnotic/Sedative,Sedative,0.0
2017-06-06,MED-ATC-N05C,Hypnotic/Sedative,Sedative,0.0
2017-06-07,MED-ATC-N05C,Hypnotic/Sedative,Sedative,0.0
2017-06-08,MED-ATC-N05C,Hypnotic/Sedative,Sedative,0.0
2017-06-09,MED-ATC-N05C,Hypnotic/Sedative,Sedative,0.0
2017-06-10,MED-ATC-N05C,Hypnotic/Sedative,Sedative,0.0
2017-06-11,MED-ATC-N05C,Hypnotic/Sedative,Sedative,0.0
2017-06-12,MED-ATC-N05C,Hypnotic/Sedative,Sedative,0.0
2017-06-13,MED-ATC-N05C,Hypnotic/Sedative,Sedative,0.0
2017-06-14,MED-ATC-N05C,Hypnotic/Sedative,Sedative,3.0
2017-06-15,MED-ATC-N05C,Hypnotic/Sedative,Sedative,0.0
2017-06-16,MED-ATC-N05C,Hypnotic/Sedative,Sedative,0.0
2017-06-17,MED-ATC-N05C,Hypnotic/Sedative,Sedative,0.0
2017-06-18,MED-ATC-N05C,Hypnotic/Sedative,Sedative,0.0
2017-06-19,MED-ATC-N05C,Hypnotic/Sedative,Sedative,1.0
2017-06-20,MED-ATC-N05C,Hypnotic/Sedative,Sedative,0.0
2017-06-21,MED-ATC-N05C,Hypnotic/Sedative,Sedative,0.0
2017-06-22,MED-ATC-N05C,Hypnotic/Sedative,Sedative,0.0
2017-06-23,MED-ATC-N05C,Hypnotic/Sedative,Sedative,0.0
2017-06-24,MED-ATC-N05C,Hypnotic/Sedative,Sedative,1.0
2017-06-25,MED-ATC-N05C,Hypnotic/Sedative,Sedative,0.0
2017-06-26,MED-ATC-N05C,Hypnotic/Sedative,Sedative,0.0
2017-06-27,MED-ATC-N05C,Hypnotic/Sedative,Sedative,0.0
2017-06-28,MED-ATC-N05C,Hypnotic/Sedative,Sedative,0.0
2017-06-29,MED-ATC-N05C,Hypnotic/Sedative,Sedative,0.0
2017-06-30,MED-ATC-N05C,Hypnotic/Sedative,Sedative,0.0
2017-07-01,MED-ATC-N05C,Hypnotic/Sedative,Sedative,0.0
2017-07-02,MED-ATC-N05C,Hypnotic/Sedative,Sedative,0.0
2017-07-03,MED-ATC-N05C,Hypnotic/Sedative,Sedative,0.0
2017-07-04,MED-ATC-N05C,Hypnotic/Sedative,Sedative,0.0
2017-07-05,MED-ATC-N05C,Hypnotic/Sedative,Sedative,0.0
2017-07-06,MED-ATC-N05C,Hypnotic/Sedative,Sedative,1.0
2017-07-07,MED-ATC-N05C,Hypnotic/Sedative,Sedative,0.0
2017-07-08,MED-ATC-N05C,Hypnotic/Sedative,Sedative,0.0
2017-07-09,MED-ATC-N05C,Hypnotic/Sedative,Sedative,0.0
2017-07-10,MED-ATC-N05C,Hypnotic/Sedative,Sedative,2.0
2017-07-11,MED-ATC-N05C,Hypnotic/Sedative,Sedative,0.0
2017-07-12,MED-ATC-N05C,Hypnotic/Sedative,Sedative,0.0
2017-07-13,MED-ATC-N05C,Hypnotic/Sedative,Sedative,3.0
2017-07-14,MED-ATC-N05C,Hypnotic/Sedative,Sedative,0.0
2017-07-15,MED-ATC-N05C,Hypnotic/Sedative,Sedative,0.0
2017-07-16,MED-ATC-N05C,Hypnotic/Sedative,Sedative,0.0
2017-07-17,MED-ATC-N05C,Hypnotic/Sedative,Sedative,2.0
2017-07-18,MED-ATC-N05C,Hypnotic/Sedative,Sedative,0.0
2017-07-19,MED-ATC-N05C,Hypnotic/Sedative,Sedative,3.0
2017-07-20,MED-ATC-N05C,Hypnotic/Sedative,Sedative,2.0
2017-07-21,MED-ATC-N05C,Hypnotic/Sedative,Sedative,0.0
2017-07-22,MED-ATC-N05C,Hypnotic/Sedative,Sedative,1.0
2017-07-23,MED-ATC-N05C,Hypnotic/Sedative,Sedative,0.0
2017-07-24,MED-ATC-N05C,Hypnotic/Sedative,Sedative,0.0
2017-07-25,MED-ATC-N05C,Hypnotic/Sedative,Sedative,0.0
2017-07-26,MED-ATC-N05C,Hypnotic/Sedative,Sedative,1.0
2017-07-27,MED-ATC-N05C,Hypnotic/Sedative,Sedative,0.0
2017-07-28,MED-ATC-N05C,Hypnotic/Sedative,Sedative,0.0
2017-07-29,MED-ATC-N05C,Hypnotic/Sedative,Sedative,0.0
2017-07-30,MED-ATC-N05C,Hypnotic/Sedative,Sedative,0.0
2017-07-31,MED-ATC-N05C,Hypnotic/Sedative,Sedative,0.0
2017-08-01,MED-ATC-N05C,Hypnotic/Sedative,Sedative,0.0
2017-08-02,MED-ATC-N05C,Hypnotic/Sedative,Sedative,0.0
2017-08-03,MED-ATC-N05C,Hypnotic/Sedative,Sedative,0.0
2017-08-04,MED-ATC-N05C,Hypnotic/Sedative,Sedative,2.0
2017-08-05,MED-ATC-N05C,Hypnotic/Sedative,Sedative,0.0
2017-08-06,MED-ATC-N05C,Hypnotic/Sedative,Sedative,0.0
2017-08-07,MED-ATC-N05C,Hypnotic/Sedative,Sedative,2.0
2017-08-08,MED-ATC-N05C,Hypnotic/Sedative,Sedative,0.0
2017-08-09,MED-ATC-N05C,Hypnotic/Sedative,Sedative,0.0
2017-08-10,MED-ATC-N05C,Hypnotic/Sedative,Sedative,0.0
2017-08-11,MED-ATC-N05C,Hypnotic/Sedative,Sedative,3.0
2017-08-12,MED-ATC-N05C,Hypnotic/Sedative,Sedative,0.0
2017-08-13,MED-ATC-N05C,Hypnotic/Sedative,Sedative,0.0
2017-08-14,MED-ATC-N05C,Hypnotic/Sedative,Sedative,0.0
2017-08-15,MED-ATC-N05C,Hypnotic/Sedative,Sedative,0.0
2017-08-16,MED-ATC-N05C,Hypnotic/Sedative,Sedative,0.0
2017-08-17,MED-ATC-N05C,Hypnotic/Sedative,Sedative,0.0
2017-08-18,MED-ATC-N05C,Hypnotic/Sedative,Sedative,0.0
2017-08-19,MED-ATC-N05C,Hypnotic/Sedative,Sedative,0.0
2017-08-20,MED-ATC-N05C,Hypnotic/Sedative,Sedative,0.0
2017-08-21,MED-ATC-N05C,Hypnotic/Sedative,Sedative,0.0
2017-08-22,MED-ATC-N05C,Hypnotic/Sedative,Sedative,0.0
2017-08-23,MED-ATC-N05C,Hypnotic/Sedative,Sedative,0.0
2017-08-24,MED-ATC-N05C,Hypnotic/Sedative,Sedative,0.0
2017-08-25,MED-ATC-N05C,Hypnotic/Sedative,Sedative,0.0
2017-08-26,MED-ATC-N05C,Hypnotic/Sedative,Sedative,0.0
2017-08-27,MED-ATC-N05C,Hypnotic/Sedative,Sedative,2.0
2017-08-28,MED-ATC-N05C,Hypnotic/Sedative,Sedative,0.0
2017-08-29,MED-ATC-N05C,Hypnotic/Sedative,Sedative,0.0
2017-08-30,MED-ATC-N05C,Hypnotic/Sedative,Sedative,3.0
2017-08-31,MED-ATC-N05C,Hypnotic/Sedative,Sedative,0.0
2017-09-01,MED-ATC-N05C,Hypnotic/Sedative,Sedative,0.0
2017-09-02,MED-ATC-N05C,Hypnotic/Sedative,Sedative,0.0
2017-09-03,MED-ATC-N05C,Hypnotic/Sedative,Sedative,0.0
2017-09-04,MED-ATC-N05C,Hypnotic/Sedative,Sedative,0.0
2017-09-05,MED-ATC-N05C,Hypnotic/Sedative,Sedative,1.0
2017-09-06,MED-ATC-N05C,Hypnotic/Sedative,Sedative,0.0
2017-09-07,MED-ATC-N05C,Hypnotic/Sedative,Sedative,0.0
2017-09-08,MED-ATC-N05C,Hypnotic/Sedative,Sedative,0.0
2017-09-09,MED-ATC-N05C,Hypnotic/Sedative,Sedative,0.0
2017-09-10,MED-ATC-N05C,Hypnotic/Sedative,Sedative,0.0
2017-09-11,MED-ATC-N05C,Hypnotic/Sedative,Sedative,0.0
2017-09-12,MED-ATC-N05C,Hypnotic/Sedative,Sedative,1.0
2017-09-13,MED-ATC-N05C,Hypnotic/Sedative,Sedative,0.0
2017-09-14,MED-ATC-N05C,Hypnotic/Sedative,Sedative,0.0
2017-09-15,MED-ATC-N05C,Hypnotic/Sedative,Sedative,1.0
2017-09-16,MED-ATC-N05C,Hypnotic/Sedative,Sedative,0.0
2017-09-17,MED-ATC-N05C,Hypnotic/Sedative,Sedative,1.0
2017-09-18,MED-ATC-N05C,Hypnotic/Sedative,Sedative,0.0
2017-09-19,MED-ATC-N05C,Hypnotic/Sedative,Sedative,2.0
2017-09-20,MED-ATC-N05C,Hypnotic/Sedative,Sedative,0.0
2017-09-21,MED-ATC-N05C,Hypnotic/Sedative,Sedative,2.0
2017-09-22,MED-ATC-N05C,Hypnotic/Sedative,Sedative,0.0
2017-09-23,MED-ATC-N05C,Hypnotic/Sedative,Sedative,2.0
2017-09-24,MED-ATC-N05C,Hypnotic/Sedative,Sedative,1.0
2017-09-25,MED-ATC-N05C,Hypnotic/Sedative,Sedative,3.0
2017-09-26,MED-ATC-N05C,Hypnotic/Sedative,Sedative,0.0
2017-09-27,MED-ATC-N05C,Hypnotic/Sedative,Sedative,3.0
2017-09-28,MED-ATC-N05C,Hypnotic/Sedative,Sedative,0.0
2017-09-29,MED-ATC-N05C,Hypnotic/Sedative,Sedative,6.0
2017-09-30,MED-ATC-N05C,Hypnotic/Sedative,Sedative,0.0
2017-10-01,MED-ATC-N05C,Hypnotic/Sedative,Sedative,1.0
2017-10-02,MED-ATC-N05C,Hypnotic/Sedative,Sedative,1.0
2017-10-03,MED-ATC-N05C,Hypnotic/Sedative,Sedative,3.0
2017-10-04,MED-ATC-N05C,Hypnotic/Sedative,Sedative,0.0
2017-10-05,MED-ATC-N05C,Hypnotic/Sedative,Sedative,0.0
2017-10-06,MED-ATC-N05C,Hypnotic/Sedative,Sedative,0.0
2017-10-07,MED-ATC-N05C,Hypnotic/Sedative,Sedative,0.0
2017-10-08,MED-ATC-N05C,Hypnotic/Sedative,Sedative,0.0
2017-10-09,MED-ATC-N05C,Hypnotic/Sedative,Sedative,0.0
2017-10-10,MED-ATC-N05C,Hypnotic/Sedative,Sedative,0.0
2017-10-11,MED-ATC-N05C,Hypnotic/Sedative,Sedative,0.0
2017-10-12,MED-ATC-N05C,Hypnotic/Sedative,Sedative,0.0
2017-10-13,MED-ATC-N05C,Hypnotic/Sedative,Sedative,2.0
2017-10-14,MED-ATC-N05C,Hypnotic/Sedative,Sedative,1.0
2017-10-15,MED-ATC-N05C,Hypnotic/Sedative,Sedative,0.0
2017-10-16,MED-ATC-N05C,Hypnotic/Sedative,Sedative,0.0
2017-10-17,MED-ATC-N05C,Hypnotic/Sedative,Sedative,2.0
2017-10-18,MED-ATC-N05C,Hypnotic/Sedative,Sedative,0.0
2017-10-19,MED-ATC-N05C,Hypnotic/Sedative,Sedative,0.0
2017-10-20,MED-ATC-N05C,Hypnotic/Sedative,Sedative,0.0
2017-10-21,MED-ATC-N05C,Hypnotic/Sedative,Sedative,3.0
2017-10-22,MED-ATC-N05C,Hypnotic/Sedative,Sedative,0.0
2017-10-23,MED-ATC-N05C,Hypnotic/Sedative,Sedative,0.0
2017-10-24,MED-ATC-N05C,Hypnotic/Sedative,Sedative,0.0
2017-10-25,MED-ATC-N05C,Hypnotic/Sedative,Sedative,0.0
2017-10-26,MED-ATC-N05C,Hypnotic/Sedative,Sedative,1.0
2017-10-27,MED-ATC-N05C,Hypnotic/Sedative,Sedative,1.0
2017-10-28,MED-ATC-N05C,Hypnotic/Sedative,Sedative,0.0
2017-10-29,MED-ATC-N05C,Hypnotic/Sedative,Sedative,0.0
2017-10-30,MED-ATC-N05C,Hypnotic/Sedative,Sedative,0.0
2017-10-31,MED-ATC-N05C,Hypnotic/Sedative,Sedative,0.0
2017-11-01,MED-ATC-N05C,Hypnotic/Sedative,Sedative,0.0
2017-11-02,MED-ATC-N05C,Hypnotic/Sedative,Sedative,0.0
2017-11-03,MED-ATC-N05C,Hypnotic/Sedative,Sedative,3.0
2017-11-04,MED-ATC-N05C,Hypnotic/Sedative,Sedative,0.0
2017-11-05,MED-ATC-N05C,Hypnotic/Sedative,Sedative,0.0
2017-11-06,MED-ATC-N05C,Hypnotic/Sedative,Sedative,3.0
2017-11-07,MED-ATC-N05C,Hypnotic/Sedative,Sedative,0.0
2017-11-08,MED-ATC-N05C,Hypnotic/Sedative,Sedative,0.0
2017-11-09,MED-ATC-N05C,Hypnotic/Sedative,Sedative,0.0
2017-11-10,MED-ATC-N05C,Hypnotic/Sedative,Sedative,0.0
2017-11-11,MED-ATC-N05C,Hypnotic/Sedative,Sedative,0.0
2017-11-12,MED-ATC-N05C,Hypnotic/Sedative,Sedative,0.0
2017-11-13,MED-ATC-N05C,Hypnotic/Sedative,Sedative,0.0
2017-11-14,MED-ATC-N05C,Hypnotic/Sedative,Sedative,0.0
2017-11-15,MED-ATC-N05C,Hypnotic/Sedative,Sedative,3.0
2017-11-16,MED-ATC-N05C,Hypnotic/Sedative,Sedative,0.0
2017-11-17,MED-ATC-N05C,Hypnotic/Sedative,Sedative,0.0
2017-11-18,MED-ATC-N05C,Hypnotic/Sedative,Sedative,0.0
2017-11-19,MED-ATC-N05C,Hypnotic/Sedative,Sedative,0.0
2017-11-20,MED-ATC-N05C,Hypnotic/Sedative,Sedative,0.0
2017-11-21,MED-ATC-N05C,Hypnotic/Sedative,Sedative,0.0
2017-11-22,MED-ATC-N05C,Hypnotic/Sedative,Sedative,0.0
2017-11-23,MED-ATC-N05C,Hypnotic/Sedative,Sedative,0.0
2017-11-24,MED-ATC-N05C,Hypnotic/Sedative,Sedative,2.0
2017-11-25,MED-ATC-N05C,Hypnotic/Sedative,Sedative,0.0
2017-11-26,MED-ATC-N05C,Hypnotic/Sedative,Sedative,1.0
2017-11-27,MED-ATC-N05C,Hypnotic/Sedative,Sedative,0.0
2017-11-28,MED-ATC-N05C,Hypnotic/Sedative,Sedative,3.0
2017-11-29,MED-ATC-N05C,Hypnotic/Sedative,Sedative,0.0
2017-11-30,MED-ATC-N05C,Hypnotic/Sedative,Sedative,0.0
2017-12-01,MED-ATC-N05C,Hypnotic/Sedative,Sedative,0.0
2017-12-02,MED-ATC-N05C,Hypnotic/Sedative,Sedative,0.0
2017-12-03,MED-ATC-N05C,Hypnotic/Sedative,Sedative,0.0
2017-12-04,MED-ATC-N05C,Hypnotic/Sedative,Sedative,0.0
2017-12-05,MED-ATC-N05C,Hypnotic/Sedative,Sedative,0.0
2017-12-06,MED-ATC-N05C,Hypnotic/Sedative,Sedative,0.0
2017-12-07,MED-ATC-N05C,Hypnotic/Sedative,Sedative,0.0
2017-12-08,MED-ATC-N05C,Hypnotic/Sedative,Sedative,1.0
2017-12-09,MED-ATC-N05C,Hypnotic/Sedative,Sedative,0.0
2017-12-10,MED-ATC-N05C,Hypnotic/Sedative,Sedative,0.0
2017-12-11,MED-ATC-N05C,Hypnotic/Sedative,Sedative,0.0
2017-12-12,MED-ATC-N05C,Hypnotic/Sedative,Sedative,1.0
2017-12-13,MED-ATC-N05C,Hypnotic/Sedative,Sedative,0.0
2017-12-14,MED-ATC-N05C,Hypnotic/Sedative,Sedative,0.0
2017-12-15,MED-ATC-N05C,Hypnotic/Sedative,Sedative,0.0
2017-12-16,MED-ATC-N05C,Hypnotic/Sedative,Sedative,1.0
2017-12-17,MED-ATC-N05C,Hypnotic/Sedative,Sedative,0.0
2017-12-18,MED-ATC-N05C,Hypnotic/Sedative,Sedative,0.0
2017-12-19,MED-ATC-N05C,Hypnotic/Sedative,Sedative,0.0
2017-12-20,MED-ATC-N05C,Hypnotic/Sedative,Sedative,0.0
2017-12-21,MED-ATC-N05C,Hypnotic/Sedative,Sedative,0.0
2017-12-22,MED-ATC-N05C,Hypnotic/Sedative,Sedative,0.0
2017-12-23,MED-ATC-N05C,Hypnotic/Sedative,Sedative,0.0
2017-12-24,MED-ATC-N05C,Hypnotic/Sedative,Sedative,0.0
2017-12-25,MED-ATC-N05C,Hypnotic/Sedative,Sedative,0.0
2017-12-26,MED-ATC-N05C,Hypnotic/Sedative,Sedative,0.0
2017-12-27,MED-ATC-N05C,Hypnotic/Sedative,Sedative,0.0
2017-12-28,MED-ATC-N05C,Hypnotic/Sedative,Sedative,3.0
2017-12-29,MED-ATC-N05C,Hypnotic/Sedative,Sedative,0.0
2017-12-30,MED-ATC-N05C,Hypnotic/Sedative,Sedative,0.0
2017-12-31,MED-ATC-N05C,Hypnotic/Sedative,Sedative,0.0
2018-01-01,MED-ATC-N05C,Hypnotic/Sedative,Sedative,0.0
2018-01-02,MED-ATC-N05C,Hypnotic/Sedative,Sedative,0.0
2018-01-03,MED-ATC-N05C,Hypnotic/Sedative,Sedative,0.0
2018-01-04,MED-ATC-N05C,Hypnotic/Sedative,Sedative,0.0
2018-01-05,MED-ATC-N05C,Hypnotic/Sedative,Sedative,0.0
2018-01-06,MED-ATC-N05C,Hypnotic/Sedative,Sedative,0.0
2018-01-07,MED-ATC-N05C,Hypnotic/Sedative,Sedative,0.0
2018-01-08,MED-ATC-N05C,Hypnotic/Sedative,Sedative,0.0
2018-01-09,MED-ATC-N05C,Hypnotic/Sedative,Sedative,6.0
2018-01-10,MED-ATC-N05C,Hypnotic/Sedative,Sedative,0.0
2018-01-11,MED-ATC-N05C,Hypnotic/Sedative,Sedative,0.0
2018-01-12,MED-ATC-N05C,Hypnotic/Sedative,Sedative,0.0
2018-01-13,MED-ATC-N05C,Hypnotic/Sedative,Sedative,0.0
2018-01-14,MED-ATC-N05C,Hypnotic/Sedative,Sedative,0.0
2018-01-15,MED-ATC-N05C,Hypnotic/Sedative,Sedative,0.0
2018-01-16,MED-ATC-N05C,Hypnotic/Sedative,Sedative,0.0
2018-01-17,MED-ATC-N05C,Hypnotic/Sedative,Sedative,2.0
2018-01-18,MED-ATC-N05C,Hypnotic/Sedative,Sedative,0.0
2018-01-19,MED-ATC-N05C,Hypnotic/Sedative,Sedative,0.0
2018-01-20,MED-ATC-N05C,Hypnotic/Sedative,Sedative,0.0
2018-01-21,MED-ATC-N05C,Hypnotic/Sedative,Sedative,0.0
2018-01-22,MED-ATC-N05C,Hypnotic/Sedative,Sedative,0.0
2018-01-23,MED-ATC-N05C,Hypnotic/Sedative,Sedative,0.0
2018-01-24,MED-ATC-N05C,Hypnotic/Sedative,Sedative,0.0
2018-01-25,MED-ATC-N05C,Hypnotic/Sedative,Sedative,0.0
2018-01-26,MED-ATC-N05C,Hypnotic/Sedative,Sedative,0.0
2018-01-27,MED-ATC-N05C,Hypnotic/Sedative,Sedative,0.0
2018-01-28,MED-ATC-N05C,Hypnotic/Sedative,Sedative,0.0
2018-01-29,MED-ATC-N05C,Hypnotic/Sedative,Sedative,3.0
2018-01-30,MED-ATC-N05C,Hypnotic/Sedative,Sedative,0.0
2018-01-31,MED-ATC-N05C,Hypnotic/Sedative,Sedative,0.0
2018-02-01,MED-ATC-N05C,Hypnotic/Sedative,Sedative,0.0
2018-02-02,MED-ATC-N05C,Hypnotic/Sedative,Sedative,0.0
2018-02-03,MED-ATC-N05C,Hypnotic/Sedative,Sedative,0.0
2018-02-04,MED-ATC-N05C,Hypnotic/Sedative,Sedative,0.0
2018-02-05,MED-ATC-N05C,Hypnotic/Sedative,Sedative,0.0
2018-02-06,MED-ATC-N05C,Hypnotic/Sedative,Sedative,0.0
2018-02-07,MED-ATC-N05C,Hypnotic/Sedative,Sedative,0.0
2018-02-08,MED-ATC-N05C,Hypnotic/Sedative,Sedative,0.0
2018-02-09,MED-ATC-N05C,Hypnotic/Sedative,Sedative,0.0
2018-02-10,MED-ATC-N05C,Hypnotic/Sedative,Sedative,0.0
2018-02-11,MED-ATC-N05C,Hypnotic/Sedative,Sedative,0.0
2018-02-12,MED-ATC-N05C,Hypnotic/Sedative,Sedative,1.0
2018-02-13,MED-ATC-N05C,Hypnotic/Sedative,Sedative,0.0
2018-02-14,MED-ATC-N05C,Hypnotic/Sedative,Sedative,0.0
2018-02-15,MED-ATC-N05C,Hypnotic/Sedative,Sedative,0.0
2018-02-16,MED-ATC-N05C,Hypnotic/Sedative,Sedative,0.0
2018-02-17,MED-ATC-N05C,Hypnotic/Sedative,Sedative,0.0
2018-02-18,MED-ATC-N05C,Hypnotic/Sedative,Sedative,0.0
2018-02-19,MED-ATC-N05C,Hypnotic/Sedative,Sedative,0.0
2018-02-20,MED-ATC-N05C,Hypnotic/Sedative,Sedative,0.0
2018-02-21,MED-ATC-N05C,Hypnotic/Sedative,Sedative,0.0
2018-02-22,MED-ATC-N05C,Hypnotic/Sedative,Sedative,0.0
2018-02-23,MED-ATC-N05C,Hypnotic/Sedative,Sedative,0.0
2018-02-24,MED-ATC-N05C,Hypnotic/Sedative,Sedative,0.0
2018-02-25,MED-ATC-N05C,Hypnotic/Sedative,Sedative,0.0
2018-02-26,MED-ATC-N05C,Hypnotic/Sedative,Sedative,0.0
2018-02-27,MED-ATC-N05C,Hypnotic/Sedative,Sedative,9.0
2018-02-28,MED-ATC-N05C,Hypnotic/Sedative,Sedative,2.0
2018-03-01,MED-ATC-N05C,Hypnotic/Sedative,Sedative,1.0
2018-03-02,MED-ATC-N05C,Hypnotic/Sedative,Sedative,3.0
2018-03-03,MED-ATC-N05C,Hypnotic/Sedative,Sedative,1.0
2018-03-04,MED-ATC-N05C,Hypnotic/Sedative,Sedative,0.0
2018-03-05,MED-ATC-N05C,Hypnotic/Sedative,Sedative,0.0
2018-03-06,MED-ATC-N05C,Hypnotic/Sedative,Sedative,8.0
2018-03-07,MED-ATC-N05C,Hypnotic/Sedative,Sedative,5.0
2018-03-08,MED-ATC-N05C,Hypnotic/Sedative,Sedative,0.0
2018-03-09,MED-ATC-N05C,Hypnotic/Sedative,Sedative,1.0
2018-03-10,MED-ATC-N05C,Hypnotic/Sedative,Sedative,3.0
2018-03-11,MED-ATC-N05C,Hypnotic/Sedative,Sedative,0.0
2018-03-12,MED-ATC-N05C,Hypnotic/Sedative,Sedative,0.0
2018-03-13,MED-ATC-N05C,Hypnotic/Sedative,Sedative,0.0
2018-03-14,MED-ATC-N05C,Hypnotic/Sedative,Sedative,2.0
2018-03-15,MED-ATC-N05C,Hypnotic/Sedative,Sedative,0.0
2018-03-16,MED-ATC-N05C,Hypnotic/Sedative,Sedative,0.0
2018-03-17,MED-ATC-N05C,Hypnotic/Sedative,Sedative,0.0
2018-03-18,MED-ATC-N05C,Hypnotic/Sedative,Sedative,0.0
2018-03-19,MED-ATC-N05C,Hypnotic/Sedative,Sedative,2.0
2018-03-20,MED-ATC-N05C,Hypnotic/Sedative,Sedative,0.0
2018-03-21,MED-ATC-N05C,Hypnotic/Sedative,Sedative,0.0
2018-03-22,MED-ATC-N05C,Hypnotic/Sedative,Sedative,0.0
2018-03-23,MED-ATC-N05C,Hypnotic/Sedative,Sedative,0.0
2018-03-24,MED-ATC-N05C,Hypnotic/Sedative,Sedative,1.0
2018-03-25,MED-ATC-N05C,Hypnotic/Sedative,Sedative,0.0
2018-03-26,MED-ATC-N05C,Hypnotic/Sedative,Sedative,4.0
2018-03-27,MED-ATC-N05C,Hypnotic/Sedative,Sedative,1.0
2018-03-28,MED-ATC-N05C,Hypnotic/Sedative,Sedative,2.0
2018-03-29,MED-ATC-N05C,Hypnotic/Sedative,Sedative,0.0
2018-03-30,MED-ATC-N05C,Hypnotic/Sedative,Sedative,8.0
2018-03-31,MED-ATC-N05C,Hypnotic/Sedative,Sedative,0.0
2018-04-01,MED-ATC-N05C,Hypnotic/Sedative,Sedative,1.0
2018-04-02,MED-ATC-N05C,Hypnotic/Sedative,Sedative,0.0
2018-04-03,MED-ATC-N05C,Hypnotic/Sedative,Sedative,6.0
2018-04-04,MED-ATC-N05C,Hypnotic/Sedative,Sedative,0.0
2018-04-05,MED-ATC-N05C,Hypnotic/Sedative,Sedative,1.0
2018-04-06,MED-ATC-N05C,Hypnotic/Sedative,Sedative,0.0
2018-04-07,MED-ATC-N05C,Hypnotic/Sedative,Sedative,0.0
2018-04-08,MED-ATC-N05C,Hypnotic/Sedative,Sedative,0.0
2018-04-09,MED-ATC-N05C,Hypnotic/Sedative,Sedative,0.0
2018-04-10,MED-ATC-N05C,Hypnotic/Sedative,Sedative,3.0
2018-04-11,MED-ATC-N05C,Hypnotic/Sedative,Sedative,0.0
2018-04-12,MED-ATC-N05C,Hypnotic/Sedative,Sedative,0.0
2018-04-13,MED-ATC-N05C,Hypnotic/Sedative,Sedative,0.0
2018-04-14,MED-ATC-N05C,Hypnotic/Sedative,Sedative,0.0
2018-04-15,MED-ATC-N05C,Hypnotic/Sedative,Sedative,0.0
2018-04-16,MED-ATC-N05C,Hypnotic/Sedative,Sedative,0.0
2018-04-17,MED-ATC-N05C,Hypnotic/Sedative,Sedative,0.0
2018-04-18,MED-ATC-N05C,Hypnotic/Sedative,Sedative,0.0
2018-04-19,MED-ATC-N05C,Hypnotic/Sedative,Sedative,0.0
2018-04-20,MED-ATC-N05C,Hypnotic/Sedative,Sedative,0.0
2018-04-21,MED-ATC-N05C,Hypnotic/Sedative,Sedative,0.0
2018-04-22,MED-ATC-N05C,Hypnotic/Sedative,Sedative,0.0
2018-04-23,MED-ATC-N05C,Hypnotic/Sedative,Sedative,0.0
2018-04-24,MED-ATC-N05C,Hypnotic/Sedative,Sedative,0.0
2018-04-25,MED-ATC-N05C,Hypnotic/Sedative,Sedative,2.0
2018-04-26,MED-ATC-N05C,Hypnotic/Sedative,Sedative,0.0
2018-04-27,MED-ATC-N05C,Hypnotic/Sedative,Sedative,0.0
2018-04-28,MED-ATC-N05C,Hypnotic/Sedative,Sedative,1.0
2018-04-29,MED-ATC-N05C,Hypnotic/Sedative,Sedative,0.0
2018-04-30,MED-ATC-N05C,Hypnotic/Sedative,Sedative,0.0
2018-05-01,MED-ATC-N05C,Hypnotic/Sedative,Sedative,0.0
2018-05-02,MED-ATC-N05C,Hypnotic/Sedative,Sedative,0.0
2018-05-03,MED-ATC-N05C,Hypnotic/Sedative,Sedative,0.0
2018-05-04,MED-ATC-N05C,Hypnotic/Sedative,Sedative,0.0
2018-05-05,MED-ATC-N05C,Hypnotic/Sedative,Sedative,0.0
2018-05-06,MED-ATC-N05C,Hypnotic/Sedative,Sedative,0.0
2018-05-07,MED-ATC-N05C,Hypnotic/Sedative,Sedative,0.0
2018-05-08,MED-ATC-N05C,Hypnotic/Sedative,Sedative,2.0
2018-05-09,MED-ATC-N05C,Hypnotic/Sedative,Sedative,2.0
2018-05-10,MED-ATC-N05C,Hypnotic/Sedative,Sedative,0.0
2018-05-11,MED-ATC-N05C,Hypnotic/Sedative,Sedative,0.0
2018-05-12,MED-ATC-N05C,Hypnotic/Sedative,Sedative,0.0
2018-05-13,MED-ATC-N05C,Hypnotic/Sedative,Sedative,0.0
2018-05-14,MED-ATC-N05C,Hypnotic/Sedative,Sedative,1.0
2018-05-15,MED-ATC-N05C,Hypnotic/Sedative,Sedative,0.0
2018-05-16,MED-ATC-N05C,Hypnotic/Sedative,Sedative,0.0
2018-05-17,MED-ATC-N05C,Hypnotic/Sedative,Sedative,0.0
2018-05-18,MED-ATC-N05C,Hypnotic/Sedative,Sedative,0.0
2018-05-19,MED-ATC-N05C,Hypnotic/Sedative,Sedative,5.0
2018-05-20,MED-ATC-N05C,Hypnotic/Sedative,Sedative,1.0
2018-05-21,MED-ATC-N05C,Hypnotic/Sedative,Sedative,0.0
2018-05-22,MED-ATC-N05C,Hypnotic/Sedative,Sedative,0.0
2018-05-23,MED-ATC-N05C,Hypnotic/Sedative,Sedative,0.0
2018-05-24,MED-ATC-N05C,Hypnotic/Sedative,Sedative,1.0
2018-05-25,MED-ATC-N05C,Hypnotic/Sedative,Sedative,0.0
2018-05-26,MED-ATC-N05C,Hypnotic/Sedative,Sedative,0.0
2018-05-27,MED-ATC-N05C,Hypnotic/Sedative,Sedative,1.0
2018-05-28,MED-ATC-N05C,Hypnotic/Sedative,Sedative,0.0
2018-05-29,MED-ATC-N05C,Hypnotic/Sedative,Sedative,0.0
2018-05-30,MED-ATC-N05C,Hypnotic/Sedative,Sedative,0.0
2018-05-31,MED-ATC-N05C,Hypnotic/Sedative,Sedative,0.0
2018-06-01,MED-ATC-N05C,Hypnotic/Sedative,Sedative,0.0
2018-06-02,MED-ATC-N05C,Hypnotic/Sedative,Sedative,3.0
2018-06-03,MED-ATC-N05C,Hypnotic/Sedative,Sedative,1.0
2018-06-04,MED-ATC-N05C,Hypnotic/Sedative,Sedative,0.0
2018-06-05,MED-ATC-N05C,Hypnotic/Sedative,Sedative,2.0
2018-06-06,MED-ATC-N05C,Hypnotic/Sedative,Sedative,3.0
2018-06-07,MED-ATC-N05C,Hypnotic/Sedative,Sedative,1.0
2018-06-08,MED-ATC-N05C,Hypnotic/Sedative,Sedative,0.0
2018-06-09,MED-ATC-N05C,Hypnotic/Sedative,Sedative,0.0
2018-06-10,MED-ATC-N05C,Hypnotic/Sedative,Sedative,0.0
2018-06-11,MED-ATC-N05C,Hypnotic/Sedative,Sedative,0.0
2018-06-12,MED-ATC-N05C,Hypnotic/Sedative,Sedative,0.0
2018-06-13,MED-ATC-N05C,Hypnotic/Sedative,Sedative,0.0
2018-06-14,MED-ATC-N05C,Hypnotic/Sedative,Sedative,0.0
2018-06-15,MED-ATC-N05C,Hypnotic/Sedative,Sedative,0.0
2018-06-16,MED-ATC-N05C,Hypnotic/Sedative,Sedative,0.0
2018-06-17,MED-ATC-N05C,Hypnotic/Sedative,Sedative,0.0
2018-06-18,MED-ATC-N05C,Hypnotic/Sedative,Sedative,0.0
2018-06-19,MED-ATC-N05C,Hypnotic/Sedative,Sedative,0.0
2018-06-20,MED-ATC-N05C,Hypnotic/Sedative,Sedative,3.0
2018-06-21,MED-ATC-N05C,Hypnotic/Sedative,Sedative,0.0
2018-06-22,MED-ATC-N05C,Hypnotic/Sedative,Sedative,0.0
2018-06-23,MED-ATC-N05C,Hypnotic/Sedative,Sedative,0.0
2018-06-24,MED-ATC-N05C,Hypnotic/Sedative,Sedative,0.0
2018-06-25,MED-ATC-N05C,Hypnotic/Sedative,Sedative,3.0
2018-06-26,MED-ATC-N05C,Hypnotic/Sedative,Sedative,0.0
2018-06-27,MED-ATC-N05C,Hypnotic/Sedative,Sedative,0.0
2018-06-28,MED-ATC-N05C,Hypnotic/Sedative,Sedative,0.0
2018-06-29,MED-ATC-N05C,Hypnotic/Sedative,Sedative,0.0
2018-06-30,MED-ATC-N05C,Hypnotic/Sedative,Sedative,2.0
2018-07-01,MED-ATC-N05C,Hypnotic/Sedative,Sedative,0.0
2018-07-02,MED-ATC-N05C,Hypnotic/Sedative,Sedative,0.0
2018-07-03,MED-ATC-N05C,Hypnotic/Sedative,Sedative,0.0
2018-07-04,MED-ATC-N05C,Hypnotic/Sedative,Sedative,0.0
2018-07-05,MED-ATC-N05C,Hypnotic/Sedative,Sedative,3.0
2018-07-06,MED-ATC-N05C,Hypnotic/Sedative,Sedative,0.0
2018-07-07,MED-ATC-N05C,Hypnotic/Sedative,Sedative,0.0
2018-07-08,MED-ATC-N05C,Hypnotic/Sedative,Sedative,0.0
2018-07-09,MED-ATC-N05C,Hypnotic/Sedative,Sedative,3.0
2018-07-10,MED-ATC-N05C,Hypnotic/Sedative,Sedative,2.0
2018-07-11,MED-ATC-N05C,Hypnotic/Sedative,Sedative,0.0
2018-07-12,MED-ATC-N05C,Hypnotic/Sedative,Sedative,4.0
2018-07-13,MED-ATC-N05C,Hypnotic/Sedative,Sedative,0.0
2018-07-14,MED-ATC-N05C,Hypnotic/Sedative,Sedative,0.0
2018-07-15,MED-ATC-N05C,Hypnotic/Sedative,Sedative,0.0
2018-07-16,MED-ATC-N05C,Hypnotic/Sedative,Sedative,0.0
2018-07-17,MED-ATC-N05C,Hypnotic/Sedative,Sedative,0.0
2018-07-18,MED-ATC-N05C,Hypnotic/Sedative,Sedative,0.0
2018-07-19,MED-ATC-N05C,Hypnotic/Sedative,Sedative,1.0
2018-07-20,MED-ATC-N05C,Hypnotic/Sedative,Sedative,1.0
2018-07-21,MED-ATC-N05C,Hypnotic/Sedative,Sedative,0.0
2018-07-22,MED-ATC-N05C,Hypnotic/Sedative,Sedative,0.0
2018-07-23,MED-ATC-N05C,Hypnotic/Sedative,Sedative,1.0
2018-07-24,MED-ATC-N05C,Hypnotic/Sedative,Sedative,1.0
2018-07-25,MED-ATC-N05C,Hypnotic/Sedative,Sedative,0.0
2018-07-26,MED-ATC-N05C,Hypnotic/Sedative,Sedative,0.0
2018-07-27,MED-ATC-N05C,Hypnotic/Sedative,Sedative,0.0
2018-07-28,MED-ATC-N05C,Hypnotic/Sedative,Sedative,0.0
2018-07-29,MED-ATC-N05C,Hypnotic/Sedative,Sedative,1.0
2018-07-30,MED-ATC-N05C,Hypnotic/Sedative,Sedative,2.0
2018-07-31,MED-ATC-N05C,Hypnotic/Sedative,Sedative,0.0
2018-08-01,MED-ATC-N05C,Hypnotic/Sedative,Sedative,1.0
2018-08-02,MED-ATC-N05C,Hypnotic/Sedative,Sedative,0.0
2018-08-03,MED-ATC-N05C,Hypnotic/Sedative,Sedative,0.0
2018-08-04,MED-ATC-N05C,Hypnotic/Sedative,Sedative,3.0
2018-08-05,MED-ATC-N05C,Hypnotic/Sedative,Sedative,2.0
2018-08-06,MED-ATC-N05C,Hypnotic/Sedative,Sedative,0.0
2018-08-07,MED-ATC-N05C,Hypnotic/Sedative,Sedative,1.0
2018-08-08,MED-ATC-N05C,Hypnotic/Sedative,Sedative,0.0
2018-08-09,MED-ATC-N05C,Hypnotic/Sedative,Sedative,0.0
2018-08-10,MED-ATC-N05C,Hypnotic/Sedative,Sedative,0.0
2018-08-11,MED-ATC-N05C,Hypnotic/Sedative,Sedative,1.0
2018-08-12,MED-ATC-N05C,Hypnotic/Sedative,Sedative,0.0
2018-08-13,MED-ATC-N05C,Hypnotic/Sedative,Sedative,0.0
2018-08-14,MED-ATC-N05C,Hypnotic/Sedative,Sedative,0.0
2018-08-15,MED-ATC-N05C,Hypnotic/Sedative,Sedative,2.0
2018-08-16,MED-ATC-N05C,Hypnotic/Sedative,Sedative,3.0
2018-08-17,MED-ATC-N05C,Hypnotic/Sedative,Sedative,1.0
2018-08-18,MED-ATC-N05C,Hypnotic/Sedative,Sedative,1.0
2018-08-19,MED-ATC-N05C,Hypnotic/Sedative,Sedative,0.0
2018-08-20,MED-ATC-N05C,Hypnotic/Sedative,Sedative,0.0
2018-08-21,MED-ATC-N05C,Hypnotic/Sedative,Sedative,1.0
2018-08-22,MED-ATC-N05C,Hypnotic/Sedative,Sedative,1.0
2018-08-23,MED-ATC-N05C,Hypnotic/Sedative,Sedative,0.0
2018-08-24,MED-ATC-N05C,Hypnotic/Sedative,Sedative,0.0
2018-08-25,MED-ATC-N05C,Hypnotic/Sedative,Sedative,0.0
2018-08-26,MED-ATC-N05C,Hypnotic/Sedative,Sedative,0.0
2018-08-27,MED-ATC-N05C,Hypnotic/Sedative,Sedative,0.0
2018-08-28,MED-ATC-N05C,Hypnotic/Sedative,Sedative,1.0
2018-08-29,MED-ATC-N05C,Hypnotic/Sedative,Sedative,1.0
2018-08-30,MED-ATC-N05C,Hypnotic/Sedative,Sedative,0.0
2018-08-31,MED-ATC-N05C,Hypnotic/Sedative,Sedative,1.0
2018-09-01,MED-ATC-N05C,Hypnotic/Sedative,Sedative,1.0
2018-09-02,MED-ATC-N05C,Hypnotic/Sedative,Sedative,0.0
2018-09-03,MED-ATC-N05C,Hypnotic/Sedative,Sedative,0.0
2018-09-04,MED-ATC-N05C,Hypnotic/Sedative,Sedative,0.0
2018-09-05,MED-ATC-N05C,Hypnotic/Sedative,Sedative,0.0
2018-09-06,MED-ATC-N05C,Hypnotic/Sedative,Sedative,0.0
2018-09-07,MED-ATC-N05C,Hypnotic/Sedative,Sedative,0.0
2018-09-08,MED-ATC-N05C,Hypnotic/Sedative,Sedative,0.0
2018-09-09,MED-ATC-N05C,Hypnotic/Sedative,Sedative,0.0
2018-09-10,MED-ATC-N05C,Hypnotic/Sedative,Sedative,3.0
2018-09-11,MED-ATC-N05C,Hypnotic/Sedative,Sedative,0.0
2018-09-12,MED-ATC-N05C,Hypnotic/Sedative,Sedative,0.0
2018-09-13,MED-ATC-N05C,Hypnotic/Sedative,Sedative,2.0
2018-09-14,MED-ATC-N05C,Hypnotic/Sedative,Sedative,0.0
2018-09-15,MED-ATC-N05C,Hypnotic/Sedative,Sedative,0.0
2018-09-16,MED-ATC-N05C,Hypnotic/Sedative,Sedative,1.0
2018-09-17,MED-ATC-N05C,Hypnotic/Sedative,Sedative,1.0
2018-09-18,MED-ATC-N05C,Hypnotic/Sedative,Sedative,0.0
2018-09-19,MED-ATC-N05C,Hypnotic/Sedative,Sedative,0.0
2018-09-20,MED-ATC-N05C,Hypnotic/Sedative,Sedative,1.0
2018-09-21,MED-ATC-N05C,Hypnotic/Sedative,Sedative,0.0
2018-09-22,MED-ATC-N05C,Hypnotic/Sedative,Sedative,1.0
2018-09-23,MED-ATC-N05C,Hypnotic/Sedative,Sedative,0.0
2018-09-24,MED-ATC-N05C,Hypnotic/Sedative,Sedative,0.0
2018-09-25,MED-ATC-N05C,Hypnotic/Sedative,Sedative,0.0
2018-09-26,MED-ATC-N05C,Hypnotic/Sedative,Sedative,1.0
2018-09-27,MED-ATC-N05C,Hypnotic/Sedative,Sedative,0.0
2018-09-28,MED-ATC-N05C,Hypnotic/Sedative,Sedative,0.0
2018-09-29,MED-ATC-N05C,Hypnotic/Sedative,Sedative,0.0
2018-09-30,MED-ATC-N05C,Hypnotic/Sedative,Sedative,1.0
2018-10-01,MED-ATC-N05C,Hypnotic/Sedative,Sedative,0.0
2018-10-02,MED-ATC-N05C,Hypnotic/Sedative,Sedative,0.0
2018-10-03,MED-ATC-N05C,Hypnotic/Sedative,Sedative,2.0
2018-10-04,MED-ATC-N05C,Hypnotic/Sedative,Sedative,1.0
2018-10-05,MED-ATC-N05C,Hypnotic/Sedative,Sedative,0.0
2018-10-06,MED-ATC-N05C,Hypnotic/Sedative,Sedative,0.0
2018-10-07,MED-ATC-N05C,Hypnotic/Sedative,Sedative,0.0
2018-10-08,MED-ATC-N05C,Hypnotic/Sedative,Sedative,5.0
2018-10-09,MED-ATC-N05C,Hypnotic/Sedative,Sedative,0.0
2018-10-10,MED-ATC-N05C,Hypnotic/Sedative,Sedative,0.0
2018-10-11,MED-ATC-N05C,Hypnotic/Sedative,Sedative,0.0
2018-10-12,MED-ATC-N05C,Hypnotic/Sedative,Sedative,0.0
2018-10-13,MED-ATC-N05C,Hypnotic/Sedative,Sedative,0.0
2018-10-14,MED-ATC-N05C,Hypnotic/Sedative,Sedative,2.0
2018-10-15,MED-ATC-N05C,Hypnotic/Sedative,Sedative,0.0
2018-10-16,MED-ATC-N05C,Hypnotic/Sedative,Sedative,3.0
2018-10-17,MED-ATC-N05C,Hypnotic/Sedative,Sedative,0.0
2018-10-18,MED-ATC-N05C,Hypnotic/Sedative,Sedative,1.0
2018-10-19,MED-ATC-N05C,Hypnotic/Sedative,Sedative,2.0
2018-10-20,MED-ATC-N05C,Hypnotic/Sedative,Sedative,0.0
2018-10-21,MED-ATC-N05C,Hypnotic/Sedative,Sedative,3.0
2018-10-22,MED-ATC-N05C,Hypnotic/Sedative,Sedative,0.0
2018-10-23,MED-ATC-N05C,Hypnotic/Sedative,Sedative,1.0
2018-10-24,MED-ATC-N05C,Hypnotic/Sedative,Sedative,0.0
2018-10-25,MED-ATC-N05C,Hypnotic/Sedative,Sedative,0.0
2018-10-26,MED-ATC-N05C,Hypnotic/Sedative,Sedative,1.0
2018-10-27,MED-ATC-N05C,Hypnotic/Sedative,Sedative,1.0
2018-10-28,MED-ATC-N05C,Hypnotic/Sedative,Sedative,3.0
2018-10-29,MED-ATC-N05C,Hypnotic/Sedative,Sedative,0.0
2018-10-30,MED-ATC-N05C,Hypnotic/Sedative,Sedative,0.0
2018-10-31,MED-ATC-N05C,Hypnotic/Sedative,Sedative,0.0
2018-11-01,MED-ATC-N05C,Hypnotic/Sedative,Sedative,3.0
2018-11-02,MED-ATC-N05C,Hypnotic/Sedative,Sedative,0.0
2018-11-03,MED-ATC-N05C,Hypnotic/Sedative,Sedative,0.0
2018-11-04,MED-ATC-N05C,Hypnotic/Sedative,Sedative,0.0
2018-11-05,MED-ATC-N05C,Hypnotic/Sedative,Sedative,0.0
2018-11-06,MED-ATC-N05C,Hypnotic/Sedative,Sedative,0.0
2018-11-07,MED-ATC-N05C,Hypnotic/Sedative,Sedative,3.0
2018-11-08,MED-ATC-N05C,Hypnotic/Sedative,Sedative,0.0
2018-11-09,MED-ATC-N05C,Hypnotic/Sedative,Sedative,1.0
2018-11-10,MED-ATC-N05C,Hypnotic/Sedative,Sedative,1.0
2018-11-11,MED-ATC-N05C,Hypnotic/Sedative,Sedative,0.0
2018-11-12,MED-ATC-N05C,Hypnotic/Sedative,Sedative,2.0
2018-11-13,MED-ATC-N05C,Hypnotic/Sedative,Sedative,0.0
2018-11-14,MED-ATC-N05C,Hypnotic/Sedative,Sedative,0.0
2018-11-15,MED-ATC-N05C,Hypnotic/Sedative,Sedative,2.0
2018-11-16,MED-ATC-N05C,Hypnotic/Sedative,Sedative,0.0
2018-11-17,MED-ATC-N05C,Hypnotic/Sedative,Sedative,0.0
2018-11-18,MED-ATC-N05C,Hypnotic/Sedative,Sedative,1.0
2018-11-19,MED-ATC-N05C,Hypnotic/Sedative,Sedative,3.0
2018-11-20,MED-ATC-N05C,Hypnotic/Sedative,Sedative,1.0
2018-11-21,MED-ATC-N05C,Hypnotic/Sedative,Sedative,0.0
2018-11-22,MED-ATC-N05C,Hypnotic/Sedative,Sedative,0.0
2018-11-23,MED-ATC-N05C,Hypnotic/Sedative,Sedative,1.0
2018-11-24,MED-ATC-N05C,Hypnotic/Sedative,Sedative,0.0
2018-11-25,MED-ATC-N05C,Hypnotic/Sedative,Sedative,1.0
2018-11-26,MED-ATC-N05C,Hypnotic/Sedative,Sedative,1.0
2018-11-27,MED-ATC-N05C,Hypnotic/Sedative,Sedative,0.0
2018-11-28,MED-ATC-N05C,Hypnotic/Sedative,Sedative,2.0
2018-11-29,MED-ATC-N05C,Hypnotic/Sedative,Sedative,0.0
2018-11-30,MED-ATC-N05C,Hypnotic/Sedative,Sedative,0.0
2018-12-01,MED-ATC-N05C,Hypnotic/Sedative,Sedative,3.0
2018-12-02,MED-ATC-N05C,Hypnotic/Sedative,Sedative,0.0
2018-12-03,MED-ATC-N05C,Hypnotic/Sedative,Sedative,0.0
2018-12-04,MED-ATC-N05C,Hypnotic/Sedative,Sedative,0.0
2018-12-05,MED-ATC-N05C,Hypnotic/Sedative,Sedative,0.0
2018-12-06,MED-ATC-N05C,Hypnotic/Sedative,Sedative,0.0
2018-12-07,MED-ATC-N05C,Hypnotic/Sedative,Sedative,0.0
2018-12-08,MED-ATC-N05C,Hypnotic/Sedative,Sedative,0.0
2018-12-09,MED-ATC-N05C,Hypnotic/Sedative,Sedative,0.0
2018-12-10,MED-ATC-N05C,Hypnotic/Sedative,Sedative,1.0
2018-12-11,MED-ATC-N05C,Hypnotic/Sedative,Sedative,3.0
2018-12-12,MED-ATC-N05C,Hypnotic/Sedative,Sedative,0.0
2018-12-13,MED-ATC-N05C,Hypnotic/Sedative,Sedative,0.0
2018-12-14,MED-ATC-N05C,Hypnotic/Sedative,Sedative,1.0
2018-12-15,MED-ATC-N05C,Hypnotic/Sedative,Sedative,0.0
2018-12-16,MED-ATC-N05C,Hypnotic/Sedative,Sedative,0.0
2018-12-17,MED-ATC-N05C,Hypnotic/Sedative,Sedative,1.0
2018-12-18,MED-ATC-N05C,Hypnotic/Sedative,Sedative,3.0
2018-12-19,MED-ATC-N05C,Hypnotic/Sedative,Sedative,0.0
2018-12-20,MED-ATC-N05C,Hypnotic/Sedative,Sedative,3.0
2018-12-21,MED-ATC-N05C,Hypnotic/Sedative,Sedative,1.0
2018-12-22,MED-ATC-N05C,Hypnotic/Sedative,Sedative,1.0
2018-12-23,MED-ATC-N05C,Hypnotic/Sedative,Sedative,0.0
2018-12-24,MED-ATC-N05C,Hypnotic/Sedative,Sedative,0.0
2018-12-25,MED-ATC-N05C,Hypnotic/Sedative,Sedative,3.0
2018-12-26,MED-ATC-N05C,Hypnotic/Sedative,Sedative,1.0
2018-12-27,MED-ATC-N05C,Hypnotic/Sedative,Sedative,0.0
2018-12-28,MED-ATC-N05C,Hypnotic/Sedative,Sedative,6.0
2018-12-29,MED-ATC-N05C,Hypnotic/Sedative,Sedative,0.0
2018-12-30,MED-ATC-N05C,Hypnotic/Sedative,Sedative,0.0
2018-12-31,MED-ATC-N05C,Hypnotic/Sedative,Sedative,0.0
2014-01-02,MED-ATC-R03,Salbutamol,Respiratory,0.0
2014-01-03,MED-ATC-R03,Salbutamol,Respiratory,20.0
2014-01-04,MED-ATC-R03,Salbutamol,Respiratory,9.0
2014-01-05,MED-ATC-R03,Salbutamol,Respiratory,3.0
2014-01-06,MED-ATC-R03,Salbutamol,Respiratory,6.0
2014-01-07,MED-ATC-R03,Salbutamol,Respiratory,0.0
2014-01-08,MED-ATC-R03,Salbutamol,Respiratory,10.0
2014-01-09,MED-ATC-R03,Salbutamol,Respiratory,3.0
2014-01-10,MED-ATC-R03,Salbutamol,Respiratory,0.0
2014-01-11,MED-ATC-R03,Salbutamol,Respiratory,1.0
2014-01-12,MED-ATC-R03,Salbutamol,Respiratory,1.0
2014-01-13,MED-ATC-R03,Salbutamol,Respiratory,7.0
2014-01-14,MED-ATC-R03,Salbutamol,Respiratory,0.0
2014-01-15,MED-ATC-R03,Salbutamol,Respiratory,3.0
2014-01-16,MED-ATC-R03,Salbutamol,Respiratory,5.0
2014-01-17,MED-ATC-R03,Salbutamol,Respiratory,6.0
2014-01-18,MED-ATC-R03,Salbutamol,Respiratory,7.0
2014-01-19,MED-ATC-R03,Salbutamol,Respiratory,1.0
2014-01-20,MED-ATC-R03,Salbutamol,Respiratory,12.0
2014-01-21,MED-ATC-R03,Salbutamol,Respiratory,0.0
2014-01-22,MED-ATC-R03,Salbutamol,Respiratory,5.0
2014-01-23,MED-ATC-R03,Salbutamol,Respiratory,1.0
2014-01-24,MED-ATC-R03,Salbutamol,Respiratory,0.0
2014-01-25,MED-ATC-R03,Salbutamol,Respiratory,5.0
2014-01-26,MED-ATC-R03,Salbutamol,Respiratory,0.0
2014-01-27,MED-ATC-R03,Salbutamol,Respiratory,1.0
2014-01-28,MED-ATC-R03,Salbutamol,Respiratory,1.0
2014-01-29,MED-ATC-R03,Salbutamol,Respiratory,1.0
2014-01-30,MED-ATC-R03,Salbutamol,Respiratory,3.0
2014-01-31,MED-ATC-R03,Salbutamol,Respiratory,1.0
2014-02-01,MED-ATC-R03,Salbutamol,Respiratory,14.0
2014-02-02,MED-ATC-R03,Salbutamol,Respiratory,8.0
2014-02-03,MED-ATC-R03,Salbutamol,Respiratory,1.0
2014-02-04,MED-ATC-R03,Salbutamol,Respiratory,17.0
2014-02-05,MED-ATC-R03,Salbutamol,Respiratory,1.0
2014-02-06,MED-ATC-R03,Salbutamol,Respiratory,5.0
2014-02-07,MED-ATC-R03,Salbutamol,Respiratory,0.0
2014-02-08,MED-ATC-R03,Salbutamol,Respiratory,1.0
2014-02-09,MED-ATC-R03,Salbutamol,Respiratory,6.0
2014-02-10,MED-ATC-R03,Salbutamol,Respiratory,3.0
2014-02-11,MED-ATC-R03,Salbutamol,Respiratory,6.0
2014-02-12,MED-ATC-R03,Salbutamol,Respiratory,5.0
2014-02-13,MED-ATC-R03,Salbutamol,Respiratory,0.0
2014-02-14,MED-ATC-R03,Salbutamol,Respiratory,0.0
2014-02-15,MED-ATC-R03,Salbutamol,Respiratory,1.0
2014-02-16,MED-ATC-R03,Salbutamol,Respiratory,3.0
2014-02-17,MED-ATC-R03,Salbutamol,Respiratory,7.0
2014-02-18,MED-ATC-R03,Salbutamol,Respiratory,13.0
2014-02-19,MED-ATC-R03,Salbutamol,Respiratory,6.0
2014-02-20,MED-ATC-R03,Salbutamol,Respiratory,8.0
2014-02-21,MED-ATC-R03,Salbutamol,Respiratory,0.0
2014-02-22,MED-ATC-R03,Salbutamol,Respiratory,1.0
2014-02-23,MED-ATC-R03,Salbutamol,Respiratory,0.0
2014-02-24,MED-ATC-R03,Salbutamol,Respiratory,0.0
2014-02-25,MED-ATC-R03,Salbutamol,Respiratory,0.0
2014-02-26,MED-ATC-R03,Salbutamol,Respiratory,12.0
2014-02-27,MED-ATC-R03,Salbutamol,Respiratory,2.0
2014-02-28,MED-ATC-R03,Salbutamol,Respiratory,2.0
2014-03-01,MED-ATC-R03,Salbutamol,Respiratory,0.0
2014-03-02,MED-ATC-R03,Salbutamol,Respiratory,0.0
2014-03-03,MED-ATC-R03,Salbutamol,Respiratory,0.0
2014-03-04,MED-ATC-R03,Salbutamol,Respiratory,5.0
2014-03-05,MED-ATC-R03,Salbutamol,Respiratory,1.0
2014-03-06,MED-ATC-R03,Salbutamol,Respiratory,5.0
2014-03-07,MED-ATC-R03,Salbutamol,Respiratory,0.0
2014-03-08,MED-ATC-R03,Salbutamol,Respiratory,0.0
2014-03-09,MED-ATC-R03,Salbutamol,Respiratory,5.0
2014-03-10,MED-ATC-R03,Salbutamol,Respiratory,0.0
2014-03-11,MED-ATC-R03,Salbutamol,Respiratory,1.0
2014-03-12,MED-ATC-R03,Salbutamol,Respiratory,2.0
2014-03-13,MED-ATC-R03,Salbutamol,Respiratory,26.0
2014-03-14,MED-ATC-R03,Salbutamol,Respiratory,1.0
2014-03-15,MED-ATC-R03,Salbutamol,Respiratory,6.0
2014-03-16,MED-ATC-R03,Salbutamol,Respiratory,0.0
2014-03-17,MED-ATC-R03,Salbutamol,Respiratory,0.0
2014-03-18,MED-ATC-R03,Salbutamol,Respiratory,0.0
2014-03-19,MED-ATC-R03,Salbutamol,Respiratory,0.0
2014-03-20,MED-ATC-R03,Salbutamol,Respiratory,7.0
2014-03-21,MED-ATC-R03,Salbutamol,Respiratory,2.0
2014-03-22,MED-ATC-R03,Salbutamol,Respiratory,18.0
2014-03-23,MED-ATC-R03,Salbutamol,Respiratory,0.0
2014-03-24,MED-ATC-R03,Salbutamol,Respiratory,6.0
2014-03-25,MED-ATC-R03,Salbutamol,Respiratory,1.0
2014-03-26,MED-ATC-R03,Salbutamol,Respiratory,3.0
2014-03-27,MED-ATC-R03,Salbutamol,Respiratory,1.0
2014-03-28,MED-ATC-R03,Salbutamol,Respiratory,9.0
2014-03-29,MED-ATC-R03,Salbutamol,Respiratory,9.0
2014-03-30,MED-ATC-R03,Salbutamol,Respiratory,0.0
2014-03-31,MED-ATC-R03,Salbutamol,Respiratory,4.0
2014-04-01,MED-ATC-R03,Salbutamol,Respiratory,3.0
2014-04-02,MED-ATC-R03,Salbutamol,Respiratory,7.0
2014-04-03,MED-ATC-R03,Salbutamol,Respiratory,0.0
2014-04-04,MED-ATC-R03,Salbutamol,Respiratory,8.0
2014-04-05,MED-ATC-R03,Salbutamol,Respiratory,5.0
2014-04-06,MED-ATC-R03,Salbutamol,Respiratory,0.0
2014-04-07,MED-ATC-R03,Salbutamol,Respiratory,0.0
2014-04-08,MED-ATC-R03,Salbutamol,Respiratory,0.0
2014-04-09,MED-ATC-R03,Salbutamol,Respiratory,2.0
2014-04-10,MED-ATC-R03,Salbutamol,Respiratory,4.0
2014-04-11,MED-ATC-R03,Salbutamol,Respiratory,0.0
2014-04-12,MED-ATC-R03,Salbutamol,Respiratory,11.0
2014-04-13,MED-ATC-R03,Salbutamol,Respiratory,5.0
2014-04-14,MED-ATC-R03,Salbutamol,Respiratory,5.0
2014-04-15,MED-ATC-R03,Salbutamol,Respiratory,10.0
2014-04-16,MED-ATC-R03,Salbutamol,Respiratory,6.0
2014-04-17,MED-ATC-R03,Salbutamol,Respiratory,0.0
2014-04-18,MED-ATC-R03,Salbutamol,Respiratory,0.0
2014-04-19,MED-ATC-R03,Salbutamol,Respiratory,3.0
2014-04-20,MED-ATC-R03,Salbutamol,Respiratory,0.0
2014-04-21,MED-ATC-R03,Salbutamol,Respiratory,0.0
2014-04-22,MED-ATC-R03,Salbutamol,Respiratory,0.0
2014-04-23,MED-ATC-R03,Salbutamol,Respiratory,2.0
2014-04-24,MED-ATC-R03,Salbutamol,Respiratory,6.0
2014-04-25,MED-ATC-R03,Salbutamol,Respiratory,1.0
2014-04-26,MED-ATC-R03,Salbutamol,Respiratory,6.0
2014-04-27,MED-ATC-R03,Salbutamol,Respiratory,1.0
2014-04-28,MED-ATC-R03,Salbutamol,Respiratory,0.0
2014-04-29,MED-ATC-R03,Salbutamol,Respiratory,5.0
2014-04-30,MED-ATC-R03,Salbutamol,Respiratory,7.0
2014-05-01,MED-ATC-R03,Salbutamol,Respiratory,0.0
2014-05-02,MED-ATC-R03,Salbutamol,Respiratory,12.0
2014-05-03,MED-ATC-R03,Salbutamol,Respiratory,0.0
2014-05-04,MED-ATC-R03,Salbutamol,Respiratory,0.0
2014-05-05,MED-ATC-R03,Salbutamol,Respiratory,3.0
2014-05-06,MED-ATC-R03,Salbutamol,Respiratory,6.0
2014-05-07,MED-ATC-R03,Salbutamol,Respiratory,3.0
2014-05-08,MED-ATC-R03,Salbutamol,Respiratory,0.0
2014-05-09,MED-ATC-R03,Salbutamol,Respiratory,1.0
2014-05-10,MED-ATC-R03,Salbutamol,Respiratory,1.0
2014-05-11,MED-ATC-R03,Salbutamol,Respiratory,1.0
2014-05-12,MED-ATC-R03,Salbutamol,Respiratory,5.0
2014-05-13,MED-ATC-R03,Salbutamol,Respiratory,25.0
2014-05-14,MED-ATC-R03,Salbutamol,Respiratory,0.0
2014-05-15,MED-ATC-R03,Salbutamol,Respiratory,1.0
2014-05-16,MED-ATC-R03,Salbutamol,Respiratory,11.0
2014-05-17,MED-ATC-R03,Salbutamol,Respiratory,0.0
2014-05-18,MED-ATC-R03,Salbutamol,Respiratory,0.0
2014-05-19,MED-ATC-R03,Salbutamol,Respiratory,3.0
2014-05-20,MED-ATC-R03,Salbutamol,Respiratory,0.0
2014-05-21,MED-ATC-R03,Salbutamol,Respiratory,0.0
2014-05-22,MED-ATC-R03,Salbutamol,Respiratory,2.0
2014-05-23,MED-ATC-R03,Salbutamol,Respiratory,10.0
2014-05-24,MED-ATC-R03,Salbutamol,Respiratory,0.0
2014-05-25,MED-ATC-R03,Salbutamol,Respiratory,5.0
2014-05-26,MED-ATC-R03,Salbutamol,Respiratory,0.0
2014-05-27,MED-ATC-R03,Salbutamol,Respiratory,1.0
2014-05-28,MED-ATC-R03,Salbutamol,Respiratory,2.0
2014-05-29,MED-ATC-R03,Salbutamol,Respiratory,0.0
2014-05-30,MED-ATC-R03,Salbutamol,Respiratory,0.0
2014-05-31,MED-ATC-R03,Salbutamol,Respiratory,15.0
2014-06-01,MED-ATC-R03,Salbutamol,Respiratory,1.0
2014-06-02,MED-ATC-R03,Salbutamol,Respiratory,0.0
2014-06-03,MED-ATC-R03,Salbutamol,Respiratory,5.0
2014-06-04,MED-ATC-R03,Salbutamol,Respiratory,1.0
2014-06-05,MED-ATC-R03,Salbutamol,Respiratory,0.0
2014-06-06,MED-ATC-R03,Salbutamol,Respiratory,1.0
2014-06-07,MED-ATC-R03,Salbutamol,Respiratory,6.0
2014-06-08,MED-ATC-R03,Salbutamol,Respiratory,6.0
2014-06-09,MED-ATC-R03,Salbutamol,Respiratory,0.0
2014-06-10,MED-ATC-R03,Salbutamol,Respiratory,2.0
2014-06-11,MED-ATC-R03,Salbutamol,Respiratory,12.0
2014-06-12,MED-ATC-R03,Salbutamol,Respiratory,2.0
2014-06-13,MED-ATC-R03,Salbutamol,Respiratory,3.0
2014-06-14,MED-ATC-R03,Salbutamol,Respiratory,1.0
2014-06-15,MED-ATC-R03,Salbutamol,Respiratory,0.0
2014-06-16,MED-ATC-R03,Salbutamol,Respiratory,5.0
2014-06-17,MED-ATC-R03,Salbutamol,Respiratory,0.0
2014-06-18,MED-ATC-R03,Salbutamol,Respiratory,1.0
2014-06-19,MED-ATC-R03,Salbutamol,Respiratory,0.0
2014-06-20,MED-ATC-R03,Salbutamol,Respiratory,3.0
2014-06-21,MED-ATC-R03,Salbutamol,Respiratory,0.0
2014-06-22,MED-ATC-R03,Salbutamol,Respiratory,2.0
2014-06-23,MED-ATC-R03,Salbutamol,Respiratory,2.0
2014-06-24,MED-ATC-R03,Salbutamol,Respiratory,2.0
2014-06-25,MED-ATC-R03,Salbutamol,Respiratory,0.0
2014-06-26,MED-ATC-R03,Salbutamol,Respiratory,0.0
2014-06-27,MED-ATC-R03,Salbutamol,Respiratory,1.0
2014-06-28,MED-ATC-R03,Salbutamol,Respiratory,1.0
2014-06-29,MED-ATC-R03,Salbutamol,Respiratory,0.0
2014-06-30,MED-ATC-R03,Salbutamol,Respiratory,0.0
2014-07-01,MED-ATC-R03,Salbutamol,Respiratory,0.0
2014-07-02,MED-ATC-R03,Salbutamol,Respiratory,6.0
2014-07-03,MED-ATC-R03,Salbutamol,Respiratory,0.0
2014-07-04,MED-ATC-R03,Salbutamol,Respiratory,2.0
2014-07-05,MED-ATC-R03,Salbutamol,Respiratory,0.0
2014-07-06,MED-ATC-R03,Salbutamol,Respiratory,0.0
2014-07-07,MED-ATC-R03,Salbutamol,Respiratory,0.0
2014-07-08,MED-ATC-R03,Salbutamol,Respiratory,5.0
2014-07-09,MED-ATC-R03,Salbutamol,Respiratory,0.0
2014-07-10,MED-ATC-R03,Salbutamol,Respiratory,5.0
2014-07-11,MED-ATC-R03,Salbutamol,Respiratory,5.0
2014-07-12,MED-ATC-R03,Salbutamol,Respiratory,12.0
2014-07-13,MED-ATC-R03,Salbutamol,Respiratory,0.0
2014-07-14,MED-ATC-R03,Salbutamol,Respiratory,2.0
2014-07-15,MED-ATC-R03,Salbutamol,Respiratory,0.0
2014-07-16,MED-ATC-R03,Salbutamol,Respiratory,4.0
2014-07-17,MED-ATC-R03,Salbutamol,Respiratory,0.0
2014-07-18,MED-ATC-R03,Salbutamol,Respiratory,0.0
2014-07-19,MED-ATC-R03,Salbutamol,Respiratory,6.0
2014-07-20,MED-ATC-R03,Salbutamol,Respiratory,0.0
2014-07-21,MED-ATC-R03,Salbutamol,Respiratory,0.0
2014-07-22,MED-ATC-R03,Salbutamol,Respiratory,1.0
2014-07-23,MED-ATC-R03,Salbutamol,Respiratory,0.0
2014-07-24,MED-ATC-R03,Salbutamol,Respiratory,0.0
2014-07-25,MED-ATC-R03,Salbutamol,Respiratory,1.0
2014-07-26,MED-ATC-R03,Salbutamol,Respiratory,0.0
2014-07-27,MED-ATC-R03,Salbutamol,Respiratory,6.0
2014-07-28,MED-ATC-R03,Salbutamol,Respiratory,0.0
2014-07-29,MED-ATC-R03,Salbutamol,Respiratory,0.0
2014-07-30,MED-ATC-R03,Salbutamol,Respiratory,6.0
2014-07-31,MED-ATC-R03,Salbutamol,Respiratory,0.0
2014-08-01,MED-ATC-R03,Salbutamol,Respiratory,0.0
2014-08-02,MED-ATC-R03,Salbutamol,Respiratory,5.0
2014-08-03,MED-ATC-R03,Salbutamol,Respiratory,0.0
2014-08-04,MED-ATC-R03,Salbutamol,Respiratory,0.0
2014-08-05,MED-ATC-R03,Salbutamol,Respiratory,0.0
2014-08-06,MED-ATC-R03,Salbutamol,Respiratory,1.0
2014-08-07,MED-ATC-R03,Salbutamol,Respiratory,0.0
2014-08-08,MED-ATC-R03,Salbutamol,Respiratory,2.0
2014-08-09,MED-ATC-R03,Salbutamol,Respiratory,0.0
2014-08-10,MED-ATC-R03,Salbutamol,Respiratory,0.0
2014-08-11,MED-ATC-R03,Salbutamol,Respiratory,0.0
2014-08-12,MED-ATC-R03,Salbutamol,Respiratory,0.0
2014-08-13,MED-ATC-R03,Salbutamol,Respiratory,0.0
2014-08-14,MED-ATC-R03,Salbutamol,Respiratory,0.0
2014-08-15,MED-ATC-R03,Salbutamol,Respiratory,3.0
2014-08-16,MED-ATC-R03,Salbutamol,Respiratory,0.0
2014-08-17,MED-ATC-R03,Salbutamol,Respiratory,0.0
2014-08-18,MED-ATC-R03,Salbutamol,Respiratory,10.0
2014-08-19,MED-ATC-R03,Salbutamol,Respiratory,3.0
2014-08-20,MED-ATC-R03,Salbutamol,Respiratory,0.0
2014-08-21,MED-ATC-R03,Salbutamol,Respiratory,0.0
2014-08-22,MED-ATC-R03,Salbutamol,Respiratory,0.0
2014-08-23,MED-ATC-R03,Salbutamol,Respiratory,0.0
2014-08-24,MED-ATC-R03,Salbutamol,Respiratory,1.0
2014-08-25,MED-ATC-R03,Salbutamol,Respiratory,0.0
2014-08-26,MED-ATC-R03,Salbutamol,Respiratory,1.0
2014-08-27,MED-ATC-R03,Salbutamol,Respiratory,0.0
2014-08-28,MED-ATC-R03,Salbutamol,Respiratory,4.0
2014-08-29,MED-ATC-R03,Salbutamol,Respiratory,0.0
2014-08-30,MED-ATC-R03,Salbutamol,Respiratory,0.0
2014-08-31,MED-ATC-R03,Salbutamol,Respiratory,7.0
2014-09-01,MED-ATC-R03,Salbutamol,Respiratory,0.0
2014-09-02,MED-ATC-R03,Salbutamol,Respiratory,2.0
2014-09-03,MED-ATC-R03,Salbutamol,Respiratory,2.0
2014-09-04,MED-ATC-R03,Salbutamol,Respiratory,0.0
2014-09-05,MED-ATC-R03,Salbutamol,Respiratory,0.0
2014-09-06,MED-ATC-R03,Salbutamol,Respiratory,5.0
2014-09-07,MED-ATC-R03,Salbutamol,Respiratory,0.0
2014-09-08,MED-ATC-R03,Salbutamol,Respiratory,1.0
2014-09-09,MED-ATC-R03,Salbutamol,Respiratory,2.0
2014-09-10,MED-ATC-R03,Salbutamol,Respiratory,0.0
2014-09-11,MED-ATC-R03,Salbutamol,Respiratory,10.0
2014-09-12,MED-ATC-R03,Salbutamol,Respiratory,8.0
2014-09-13,MED-ATC-R03,Salbutamol,Respiratory,1.0
2014-09-14,MED-ATC-R03,Salbutamol,Respiratory,6.0
2014-09-15,MED-ATC-R03,Salbutamol,Respiratory,1.0
2014-09-16,MED-ATC-R03,Salbutamol,Respiratory,0.0
2014-09-17,MED-ATC-R03,Salbutamol,Respiratory,19.0
2014-09-18,MED-ATC-R03,Salbutamol,Respiratory,0.0
2014-09-19,MED-ATC-R03,Salbutamol,Respiratory,22.0
2014-09-20,MED-ATC-R03,Salbutamol,Respiratory,2.0
2014-09-21,MED-ATC-R03,Salbutamol,Respiratory,0.0
2014-09-22,MED-ATC-R03,Salbutamol,Respiratory,0.0
2014-09-23,MED-ATC-R03,Salbutamol,Respiratory,1.0
2014-09-24,MED-ATC-R03,Salbutamol,Respiratory,0.0
2014-09-25,MED-ATC-R03,Salbutamol,Respiratory,1.0
2014-09-26,MED-ATC-R03,Salbutamol,Respiratory,0.0
2014-09-27,MED-ATC-R03,Salbutamol,Respiratory,0.0
2014-09-28,MED-ATC-R03,Salbutamol,Respiratory,0.0
2014-09-29,MED-ATC-R03,Salbutamol,Respiratory,10.0
2014-09-30,MED-ATC-R03,Salbutamol,Respiratory,22.0
2014-10-01,MED-ATC-R03,Salbutamol,Respiratory,11.0
2014-10-02,MED-ATC-R03,Salbutamol,Respiratory,2.0
2014-10-03,MED-ATC-R03,Salbutamol,Respiratory,11.0
2014-10-04,MED-ATC-R03,Salbutamol,Respiratory,25.0
2014-10-05,MED-ATC-R03,Salbutamol,Respiratory,0.0
2014-10-06,MED-ATC-R03,Salbutamol,Respiratory,0.0
2014-10-07,MED-ATC-R03,Salbutamol,Respiratory,5.0
2014-10-08,MED-ATC-R03,Salbutamol,Respiratory,0.0
2014-10-09,MED-ATC-R03,Salbutamol,Respiratory,5.0
2014-10-10,MED-ATC-R03,Salbutamol,Respiratory,6.0
2014-10-11,MED-ATC-R03,Salbutamol,Respiratory,0.0
2014-10-12,MED-ATC-R03,Salbutamol,Respiratory,5.0
2014-10-13,MED-ATC-R03,Salbutamol,Respiratory,1.0
2014-10-14,MED-ATC-R03,Salbutamol,Respiratory,11.0
2014-10-15,MED-ATC-R03,Salbutamol,Respiratory,2.0
2014-10-16,MED-ATC-R03,Salbutamol,Respiratory,5.0
2014-10-17,MED-ATC-R03,Salbutamol,Respiratory,0.0
2014-10-18,MED-ATC-R03,Salbutamol,Respiratory,3.0
2014-10-19,MED-ATC-R03,Salbutamol,Respiratory,6.0
2014-10-20,MED-ATC-R03,Salbutamol,Respiratory,0.0
2014-10-21,MED-ATC-R03,Salbutamol,Respiratory,20.0
2014-10-22,MED-ATC-R03,Salbutamol,Respiratory,2.0
2014-10-23,MED-ATC-R03,Salbutamol,Respiratory,0.0
2014-10-24,MED-ATC-R03,Salbutamol,Respiratory,5.0
2014-10-25,MED-ATC-R03,Salbutamol,Respiratory,2.0
2014-10-26,MED-ATC-R03,Salbutamol,Respiratory,1.0
2014-10-27,MED-ATC-R03,Salbutamol,Respiratory,3.0
2014-10-28,MED-ATC-R03,Salbutamol,Respiratory,0.0
2014-10-29,MED-ATC-R03,Salbutamol,Respiratory,27.0
2014-10-30,MED-ATC-R03,Salbutamol,Respiratory,2.0
2014-10-31,MED-ATC-R03,Salbutamol,Respiratory,0.0
2014-11-01,MED-ATC-R03,Salbutamol,Respiratory,7.0
2014-11-02,MED-ATC-R03,Salbutamol,Respiratory,0.0
2014-11-03,MED-ATC-R03,Salbutamol,Respiratory,5.0
2014-11-04,MED-ATC-R03,Salbutamol,Respiratory,0.0
2014-11-05,MED-ATC-R03,Salbutamol,Respiratory,1.0
2014-11-06,MED-ATC-R03,Salbutamol,Respiratory,0.0
2014-11-07,MED-ATC-R03,Salbutamol,Respiratory,0.0
2014-11-08,MED-ATC-R03,Salbutamol,Respiratory,17.0
2014-11-09,MED-ATC-R03,Salbutamol,Respiratory,2.0
2014-11-10,MED-ATC-R03,Salbutamol,Respiratory,7.0
2014-11-11,MED-ATC-R03,Salbutamol,Respiratory,8.0
2014-11-12,MED-ATC-R03,Salbutamol,Respiratory,3.0
2014-11-13,MED-ATC-R03,Salbutamol,Respiratory,0.0
2014-11-14,MED-ATC-R03,Salbutamol,Respiratory,2.0
2014-11-15,MED-ATC-R03,Salbutamol,Respiratory,2.0
2014-11-16,MED-ATC-R03,Salbutamol,Respiratory,0.0
2014-11-17,MED-ATC-R03,Salbutamol,Respiratory,10.0
2014-11-18,MED-ATC-R03,Salbutamol,Respiratory,0.0
2014-11-19,MED-ATC-R03,Salbutamol,Respiratory,10.0
2014-11-20,MED-ATC-R03,Salbutamol,Respiratory,8.0
2014-11-21,MED-ATC-R03,Salbutamol,Respiratory,2.0
2014-11-22,MED-ATC-R03,Salbutamol,Respiratory,8.0
2014-11-23,MED-ATC-R03,Salbutamol,Respiratory,0.0
2014-11-24,MED-ATC-R03,Salbutamol,Respiratory,1.0
2014-11-25,MED-ATC-R03,Salbutamol,Respiratory,2.0
2014-11-26,MED-ATC-R03,Salbutamol,Respiratory,11.0
2014-11-27,MED-ATC-R03,Salbutamol,Respiratory,4.0
2014-11-28,MED-ATC-R03,Salbutamol,Respiratory,2.0
2014-11-29,MED-ATC-R03,Salbutamol,Respiratory,0.0
2014-11-30,MED-ATC-R03,Salbutamol,Respiratory,0.0
2014-12-01,MED-ATC-R03,Salbutamol,Respiratory,2.0
2014-12-02,MED-ATC-R03,Salbutamol,Respiratory,4.0
2014-12-03,MED-ATC-R03,Salbutamol,Respiratory,13.0
2014-12-04,MED-ATC-R03,Salbutamol,Respiratory,1.0
2014-12-05,MED-ATC-R03,Salbutamol,Respiratory,1.0
2014-12-06,MED-ATC-R03,Salbutamol,Respiratory,7.0
2014-12-07,MED-ATC-R03,Salbutamol,Respiratory,12.0
2014-12-08,MED-ATC-R03,Salbutamol,Respiratory,0.0
2014-12-09,MED-ATC-R03,Salbutamol,Respiratory,0.0
2014-12-10,MED-ATC-R03,Salbutamol,Respiratory,6.0
2014-12-11,MED-ATC-R03,Salbutamol,Respiratory,0.0
2014-12-12,MED-ATC-R03,Salbutamol,Respiratory,2.0
2014-12-13,MED-ATC-R03,Salbutamol,Respiratory,7.0
2014-12-14,MED-ATC-R03,Salbutamol,Respiratory,6.0
2014-12-15,MED-ATC-R03,Salbutamol,Respiratory,9.0
2014-12-16,MED-ATC-R03,Salbutamol,Respiratory,4.0
2014-12-17,MED-ATC-R03,Salbutamol,Respiratory,8.0
2014-12-18,MED-ATC-R03,Salbutamol,Respiratory,0.0
2014-12-19,MED-ATC-R03,Salbutamol,Respiratory,0.0
2014-12-20,MED-ATC-R03,Salbutamol,Respiratory,0.0
2014-12-21,MED-ATC-R03,Salbutamol,Respiratory,10.0
2014-12-22,MED-ATC-R03,Salbutamol,Respiratory,13.0
2014-12-23,MED-ATC-R03,Salbutamol,Respiratory,15.0
2014-12-24,MED-ATC-R03,Salbutamol,Respiratory,2.0
2014-12-25,MED-ATC-R03,Salbutamol,Respiratory,2.0
2014-12-26,MED-ATC-R03,Salbutamol,Respiratory,0.0
2014-12-27,MED-ATC-R03,Salbutamol,Respiratory,9.0
2014-12-28,MED-ATC-R03,Salbutamol,Respiratory,13.0
2014-12-29,MED-ATC-R03,Salbutamol,Respiratory,2.0
2014-12-30,MED-ATC-R03,Salbutamol,Respiratory,5.0
2014-12-31,MED-ATC-R03,Salbutamol,Respiratory,10.0
2015-01-01,MED-ATC-R03,Salbutamol,Respiratory,0.0
2015-01-02,MED-ATC-R03,Salbutamol,Respiratory,6.25
2015-01-03,MED-ATC-R03,Salbutamol,Respiratory,0.0
2015-01-04,MED-ATC-R03,Salbutamol,Respiratory,2.0
2015-01-05,MED-ATC-R03,Salbutamol,Respiratory,16.0
2015-01-06,MED-ATC-R03,Salbutamol,Respiratory,3.0
2015-01-07,MED-ATC-R03,Salbutamol,Respiratory,0.0
2015-01-08,MED-ATC-R03,Salbutamol,Respiratory,1.0
2015-01-09,MED-ATC-R03,Salbutamol,Respiratory,7.0
2015-01-10,MED-ATC-R03,Salbutamol,Respiratory,1.0
2015-01-11,MED-ATC-R03,Salbutamol,Respiratory,11.0
2015-01-12,MED-ATC-R03,Salbutamol,Respiratory,6.0
2015-01-13,MED-ATC-R03,Salbutamol,Respiratory,4.0
2015-01-14,MED-ATC-R03,Salbutamol,Respiratory,1.0
2015-01-15,MED-ATC-R03,Salbutamol,Respiratory,15.0
2015-01-16,MED-ATC-R03,Salbutamol,Respiratory,6.0
2015-01-17,MED-ATC-R03,Salbutamol,Respiratory,0.0
2015-01-18,MED-ATC-R03,Salbutamol,Respiratory,0.0
2015-01-19,MED-ATC-R03,Salbutamol,Respiratory,20.0
2015-01-20,MED-ATC-R03,Salbutamol,Respiratory,4.0
2015-01-21,MED-ATC-R03,Salbutamol,Respiratory,0.0
2015-01-22,MED-ATC-R03,Salbutamol,Respiratory,0.0
2015-01-23,MED-ATC-R03,Salbutamol,Respiratory,7.0
2015-01-24,MED-ATC-R03,Salbutamol,Respiratory,22.0
2015-01-25,MED-ATC-R03,Salbutamol,Respiratory,5.0
2015-01-26,MED-ATC-R03,Salbutamol,Respiratory,13.0
2015-01-27,MED-ATC-R03,Salbutamol,Respiratory,0.0
2015-01-28,MED-ATC-R03,Salbutamol,Respiratory,5.0
2015-01-29,MED-ATC-R03,Salbutamol,Respiratory,11.0
2015-01-30,MED-ATC-R03,Salbutamol,Respiratory,0.0
2015-01-31,MED-ATC-R03,Salbutamol,Respiratory,11.0
2015-02-01,MED-ATC-R03,Salbutamol,Respiratory,0.0
2015-02-02,MED-ATC-R03,Salbutamol,Respiratory,3.0
2015-02-03,MED-ATC-R03,Salbutamol,Respiratory,6.0
2015-02-04,MED-ATC-R03,Salbutamol,Respiratory,12.0
2015-02-05,MED-ATC-R03,Salbutamol,Respiratory,2.0
2015-02-06,MED-ATC-R03,Salbutamol,Respiratory,13.0
2015-02-07,MED-ATC-R03,Salbutamol,Respiratory,0.0
2015-02-08,MED-ATC-R03,Salbutamol,Respiratory,0.0
2015-02-09,MED-ATC-R03,Salbutamol,Respiratory,0.0
2015-02-10,MED-ATC-R03,Salbutamol,Respiratory,6.0
2015-02-11,MED-ATC-R03,Salbutamol,Respiratory,20.0
2015-02-12,MED-ATC-R03,Salbutamol,Respiratory,5.0
2015-02-13,MED-ATC-R03,Salbutamol,Respiratory,22.0
2015-02-14,MED-ATC-R03,Salbutamol,Respiratory,5.0
2015-02-15,MED-ATC-R03,Salbutamol,Respiratory,7.0
2015-02-16,MED-ATC-R03,Salbutamol,Respiratory,10.0
2015-02-17,MED-ATC-R03,Salbutamol,Respiratory,6.0
2015-02-18,MED-ATC-R03,Salbutamol,Respiratory,11.0
2015-02-19,MED-ATC-R03,Salbutamol,Respiratory,6.0
2015-02-20,MED-ATC-R03,Salbutamol,Respiratory,25.0
2015-02-21,MED-ATC-R03,Salbutamol,Respiratory,0.0
2015-02-22,MED-ATC-R03,Salbutamol,Respiratory,11.0
2015-02-23,MED-ATC-R03,Salbutamol,Respiratory,20.0
2015-02-24,MED-ATC-R03,Salbutamol,Respiratory,11.0
2015-02-25,MED-ATC-R03,Salbutamol,Respiratory,2.0
2015-02-26,MED-ATC-R03,Salbutamol,Respiratory,1.0
2015-02-27,MED-ATC-R03,Salbutamol,Respiratory,0.0
2015-02-28,MED-ATC-R03,Salbutamol,Respiratory,4.0
2015-03-01,MED-ATC-R03,Salbutamol,Respiratory,0.0
2015-03-02,MED-ATC-R03,Salbutamol,Respiratory,2.0
2015-03-03,MED-ATC-R03,Salbutamol,Respiratory,1.0
2015-03-04,MED-ATC-R03,Salbutamol,Respiratory,11.0
2015-03-05,MED-ATC-R03,Salbutamol,Respiratory,0.0
2015-03-06,MED-ATC-R03,Salbutamol,Respiratory,1.0
2015-03-07,MED-ATC-R03,Salbutamol,Respiratory,0.0
2015-03-08,MED-ATC-R03,Salbutamol,Respiratory,2.0
2015-03-09,MED-ATC-R03,Salbutamol,Respiratory,1.0
2015-03-10,MED-ATC-R03,Salbutamol,Respiratory,6.0
2015-03-11,MED-ATC-R03,Salbutamol,Respiratory,4.0
2015-03-12,MED-ATC-R03,Salbutamol,Respiratory,2.0
2015-03-13,MED-ATC-R03,Salbutamol,Respiratory,1.0
2015-03-14,MED-ATC-R03,Salbutamol,Respiratory,9.0
2015-03-15,MED-ATC-R03,Salbutamol,Respiratory,12.0
2015-03-16,MED-ATC-R03,Salbutamol,Respiratory,0.0
2015-03-17,MED-ATC-R03,Salbutamol,Respiratory,2.0
2015-03-18,MED-ATC-R03,Salbutamol,Respiratory,20.0
2015-03-19,MED-ATC-R03,Salbutamol,Respiratory,15.0
2015-03-20,MED-ATC-R03,Salbutamol,Respiratory,5.0
2015-03-21,MED-ATC-R03,Salbutamol,Respiratory,6.0
2015-03-22,MED-ATC-R03,Salbutamol,Respiratory,10.0
2015-03-23,MED-ATC-R03,Salbutamol,Respiratory,0.0
2015-03-24,MED-ATC-R03,Salbutamol,Respiratory,9.0
2015-03-25,MED-ATC-R03,Salbutamol,Respiratory,13.0
2015-03-26,MED-ATC-R03,Salbutamol,Respiratory,6.0
2015-03-27,MED-ATC-R03,Salbutamol,Respiratory,22.0
2015-03-28,MED-ATC-R03,Salbutamol,Respiratory,0.0
2015-03-29,MED-ATC-R03,Salbutamol,Respiratory,8.0
2015-03-30,MED-ATC-R03,Salbutamol,Respiratory,0.0
2015-03-31,MED-ATC-R03,Salbutamol,Respiratory,2.0
2015-04-01,MED-ATC-R03,Salbutamol,Respiratory,5.0
2015-04-02,MED-ATC-R03,Salbutamol,Respiratory,3.0
2015-04-03,MED-ATC-R03,Salbutamol,Respiratory,0.0
2015-04-04,MED-ATC-R03,Salbutamol,Respiratory,5.0
2015-04-05,MED-ATC-R03,Salbutamol,Respiratory,0.0
2015-04-06,MED-ATC-R03,Salbutamol,Respiratory,3.0
2015-04-07,MED-ATC-R03,Salbutamol,Respiratory,8.0
2015-04-08,MED-ATC-R03,Salbutamol,Respiratory,10.0
2015-04-09,MED-ATC-R03,Salbutamol,Respiratory,6.0
2015-04-10,MED-ATC-R03,Salbutamol,Respiratory,8.0
2015-04-11,MED-ATC-R03,Salbutamol,Respiratory,5.0
2015-04-12,MED-ATC-R03,Salbutamol,Respiratory,0.0
2015-04-13,MED-ATC-R03,Salbutamol,Respiratory,3.0
2015-04-14,MED-ATC-R03,Salbutamol,Respiratory,5.0
2015-04-15,MED-ATC-R03,Salbutamol,Respiratory,0.0
2015-04-16,MED-ATC-R03,Salbutamol,Respiratory,9.0
2015-04-17,MED-ATC-R03,Salbutamol,Respiratory,1.0
2015-04-18,MED-ATC-R03,Salbutamol,Respiratory,1.0
2015-04-19,MED-ATC-R03,Salbutamol,Respiratory,0.0
2015-04-20,MED-ATC-R03,Salbutamol,Respiratory,1.0
2015-04-21,MED-ATC-R03,Salbutamol,Respiratory,0.0
2015-04-22,MED-ATC-R03,Salbutamol,Respiratory,1.0
2015-04-23,MED-ATC-R03,Salbutamol,Respiratory,1.0
2015-04-24,MED-ATC-R03,Salbutamol,Respiratory,1.0
2015-04-25,MED-ATC-R03,Salbutamol,Respiratory,1.0
2015-04-26,MED-ATC-R03,Salbutamol,Respiratory,1.0
2015-04-27,MED-ATC-R03,Salbutamol,Respiratory,0.0
2015-04-28,MED-ATC-R03,Salbutamol,Respiratory,5.0
2015-04-29,MED-ATC-R03,Salbutamol,Respiratory,11.0
2015-04-30,MED-ATC-R03,Salbutamol,Respiratory,3.0
2015-05-01,MED-ATC-R03,Salbutamol,Respiratory,0.0
2015-05-02,MED-ATC-R03,Salbutamol,Respiratory,0.0
2015-05-03,MED-ATC-R03,Salbutamol,Respiratory,1.0
2015-05-04,MED-ATC-R03,Salbutamol,Respiratory,10.0
2015-05-05,MED-ATC-R03,Salbutamol,Respiratory,5.0
2015-05-06,MED-ATC-R03,Salbutamol,Respiratory,0.0
2015-05-07,MED-ATC-R03,Salbutamol,Respiratory,5.0
2015-05-08,MED-ATC-R03,Salbutamol,Respiratory,4.0
2015-05-09,MED-ATC-R03,Salbutamol,Respiratory,1.0
2015-05-10,MED-ATC-R03,Salbutamol,Respiratory,1.0
2015-05-11,MED-ATC-R03,Salbutamol,Respiratory,6.0
2015-05-12,MED-ATC-R03,Salbutamol,Respiratory,0.0
2015-05-13,MED-ATC-R03,Salbutamol,Respiratory,2.0
2015-05-14,MED-ATC-R03,Salbutamol,Respiratory,0.0
2015-05-15,MED-ATC-R03,Salbutamol,Respiratory,4.0
2015-05-16,MED-ATC-R03,Salbutamol,Respiratory,0.0
2015-05-17,MED-ATC-R03,Salbutamol,Respiratory,0.0
2015-05-18,MED-ATC-R03,Salbutamol,Respiratory,2.0
2015-05-19,MED-ATC-R03,Salbutamol,Respiratory,0.0
2015-05-20,MED-ATC-R03,Salbutamol,Respiratory,5.0
2015-05-21,MED-ATC-R03,Salbutamol,Respiratory,1.0
2015-05-22,MED-ATC-R03,Salbutamol,Respiratory,0.0
2015-05-23,MED-ATC-R03,Salbutamol,Respiratory,2.0
2015-05-24,MED-ATC-R03,Salbutamol,Respiratory,0.0
2015-05-25,MED-ATC-R03,Salbutamol,Respiratory,0.0
2015-05-26,MED-ATC-R03,Salbutamol,Respiratory,22.0
2015-05-27,MED-ATC-R03,Salbutamol,Respiratory,0.0
2015-05-28,MED-ATC-R03,Salbutamol,Respiratory,20.0
2015-05-29,MED-ATC-R03,Salbutamol,Respiratory,5.0
2015-05-30,MED-ATC-R03,Salbutamol,Respiratory,4.0
2015-05-31,MED-ATC-R03,Salbutamol,Respiratory,0.0
2015-06-01,MED-ATC-R03,Salbutamol,Respiratory,2.0
2015-06-02,MED-ATC-R03,Salbutamol,Respiratory,3.0
2015-06-03,MED-ATC-R03,Salbutamol,Respiratory,6.0
2015-06-04,MED-ATC-R03,Salbutamol,Respiratory,2.0
2015-06-05,MED-ATC-R03,Salbutamol,Respiratory,1.0
2015-06-06,MED-ATC-R03,Salbutamol,Respiratory,17.0
2015-06-07,MED-ATC-R03,Salbutamol,Respiratory,22.0
2015-06-08,MED-ATC-R03,Salbutamol,Respiratory,3.0
2015-06-09,MED-ATC-R03,Salbutamol,Respiratory,0.0
2015-06-10,MED-ATC-R03,Salbutamol,Respiratory,7.0
2015-06-11,MED-ATC-R03,Salbutamol,Respiratory,1.0
2015-06-12,MED-ATC-R03,Salbutamol,Respiratory,0.0
2015-06-13,MED-ATC-R03,Salbutamol,Respiratory,12.0
2015-06-14,MED-ATC-R03,Salbutamol,Respiratory,3.0
2015-06-15,MED-ATC-R03,Salbutamol,Respiratory,6.0
2015-06-16,MED-ATC-R03,Salbutamol,Respiratory,8.0
2015-06-17,MED-ATC-R03,Salbutamol,Respiratory,20.0
2015-06-18,MED-ATC-R03,Salbutamol,Respiratory,23.0
2015-06-19,MED-ATC-R03,Salbutamol,Respiratory,10.0
2015-06-20,MED-ATC-R03,Salbutamol,Respiratory,10.0
2015-06-21,MED-ATC-R03,Salbutamol,Respiratory,6.0
2015-06-22,MED-ATC-R03,Salbutamol,Respiratory,1.0
2015-06-23,MED-ATC-R03,Salbutamol,Respiratory,5.0
2015-06-24,MED-ATC-R03,Salbutamol,Respiratory,4.0
2015-06-25,MED-ATC-R03,Salbutamol,Respiratory,0.0
2015-06-26,MED-ATC-R03,Salbutamol,Respiratory,1.0
2015-06-27,MED-ATC-R03,Salbutamol,Respiratory,1.0
2015-06-28,MED-ATC-R03,Salbutamol,Respiratory,6.0
2015-06-29,MED-ATC-R03,Salbutamol,Respiratory,11.0
2015-06-30,MED-ATC-R03,Salbutamol,Respiratory,2.0
2015-07-01,MED-ATC-R03,Salbutamol,Respiratory,12.0
2015-07-02,MED-ATC-R03,Salbutamol,Respiratory,1.0
2015-07-03,MED-ATC-R03,Salbutamol,Respiratory,8.0
2015-07-04,MED-ATC-R03,Salbutamol,Respiratory,0.0
2015-07-05,MED-ATC-R03,Salbutamol,Respiratory,1.0
2015-07-06,MED-ATC-R03,Salbutamol,Respiratory,3.0
2015-07-07,MED-ATC-R03,Salbutamol,Respiratory,3.0
2015-07-08,MED-ATC-R03,Salbutamol,Respiratory,5.0
2015-07-09,MED-ATC-R03,Salbutamol,Respiratory,0.0
2015-07-10,MED-ATC-R03,Salbutamol,Respiratory,8.0
2015-07-11,MED-ATC-R03,Salbutamol,Respiratory,2.0
2015-07-12,MED-ATC-R03,Salbutamol,Respiratory,0.0
2015-07-13,MED-ATC-R03,Salbutamol,Respiratory,0.0
2015-07-14,MED-ATC-R03,Salbutamol,Respiratory,2.0
2015-07-15,MED-ATC-R03,Salbutamol,Respiratory,1.0
2015-07-16,MED-ATC-R03,Salbutamol,Respiratory,2.0
2015-07-17,MED-ATC-R03,Salbutamol,Respiratory,0.0
2015-07-18,MED-ATC-R03,Salbutamol,Respiratory,1.0
2015-07-19,MED-ATC-R03,Salbutamol,Respiratory,1.0
2015-07-20,MED-ATC-R03,Salbutamol,Respiratory,0.0
2015-07-21,MED-ATC-R03,Salbutamol,Respiratory,1.0
2015-07-22,MED-ATC-R03,Salbutamol,Respiratory,5.0
2015-07-23,MED-ATC-R03,Salbutamol,Respiratory,0.0
2015-07-24,MED-ATC-R03,Salbutamol,Respiratory,1.0
2015-07-25,MED-ATC-R03,Salbutamol,Respiratory,0.0
2015-07-26,MED-ATC-R03,Salbutamol,Respiratory,0.0
2015-07-27,MED-ATC-R03,Salbutamol,Respiratory,0.0
2015-07-28,MED-ATC-R03,Salbutamol,Respiratory,1.0
2015-07-29,MED-ATC-R03,Salbutamol,Respiratory,2.0
2015-07-30,MED-ATC-R03,Salbutamol,Respiratory,0.0
2015-07-31,MED-ATC-R03,Salbutamol,Respiratory,0.0
2015-08-01,MED-ATC-R03,Salbutamol,Respiratory,0.0
2015-08-02,MED-ATC-R03,Salbutamol,Respiratory,0.0
2015-08-03,MED-ATC-R03,Salbutamol,Respiratory,5.0
2015-08-04,MED-ATC-R03,Salbutamol,Respiratory,0.0
2015-08-05,MED-ATC-R03,Salbutamol,Respiratory,0.0
2015-08-06,MED-ATC-R03,Salbutamol,Respiratory,3.0
2015-08-07,MED-ATC-R03,Salbutamol,Respiratory,1.0
2015-08-08,MED-ATC-R03,Salbutamol,Respiratory,0.0
2015-08-09,MED-ATC-R03,Salbutamol,Respiratory,2.0
2015-08-10,MED-ATC-R03,Salbutamol,Respiratory,1.0
2015-08-11,MED-ATC-R03,Salbutamol,Respiratory,0.0
2015-08-12,MED-ATC-R03,Salbutamol,Respiratory,1.0
2015-08-13,MED-ATC-R03,Salbutamol,Respiratory,3.0
2015-08-14,MED-ATC-R03,Salbutamol,Respiratory,1.0
2015-08-15,MED-ATC-R03,Salbutamol,Respiratory,1.0
2015-08-16,MED-ATC-R03,Salbutamol,Respiratory,0.0
2015-08-17,MED-ATC-R03,Salbutamol,Respiratory,0.0
2015-08-18,MED-ATC-R03,Salbutamol,Respiratory,3.0
2015-08-19,MED-ATC-R03,Salbutamol,Respiratory,3.0
2015-08-20,MED-ATC-R03,Salbutamol,Respiratory,0.0
2015-08-21,MED-ATC-R03,Salbutamol,Respiratory,1.0
2015-08-22,MED-ATC-R03,Salbutamol,Respiratory,1.0
2015-08-23,MED-ATC-R03,Salbutamol,Respiratory,2.0
2015-08-24,MED-ATC-R03,Salbutamol,Respiratory,0.0
2015-08-25,MED-ATC-R03,Salbutamol,Respiratory,1.0
2015-08-26,MED-ATC-R03,Salbutamol,Respiratory,1.0
2015-08-27,MED-ATC-R03,Salbutamol,Respiratory,0.0
2015-08-28,MED-ATC-R03,Salbutamol,Respiratory,0.0
2015-08-29,MED-ATC-R03,Salbutamol,Respiratory,3.0
2015-08-30,MED-ATC-R03,Salbutamol,Respiratory,6.0
2015-08-31,MED-ATC-R03,Salbutamol,Respiratory,6.0
2015-09-01,MED-ATC-R03,Salbutamol,Respiratory,0.0
2015-09-02,MED-ATC-R03,Salbutamol,Respiratory,5.0
2015-09-03,MED-ATC-R03,Salbutamol,Respiratory,4.0
2015-09-04,MED-ATC-R03,Salbutamol,Respiratory,1.0
2015-09-05,MED-ATC-R03,Salbutamol,Respiratory,6.0
2015-09-06,MED-ATC-R03,Salbutamol,Respiratory,0.0
2015-09-07,MED-ATC-R03,Salbutamol,Respiratory,5.0
2015-09-08,MED-ATC-R03,Salbutamol,Respiratory,2.0
2015-09-09,MED-ATC-R03,Salbutamol,Respiratory,2.0
2015-09-10,MED-ATC-R03,Salbutamol,Respiratory,2.0
2015-09-11,MED-ATC-R03,Salbutamol,Respiratory,2.0
2015-09-12,MED-ATC-R03,Salbutamol,Respiratory,0.0
2015-09-13,MED-ATC-R03,Salbutamol,Respiratory,11.0
2015-09-14,MED-ATC-R03,Salbutamol,Respiratory,0.0
2015-09-15,MED-ATC-R03,Salbutamol,Respiratory,6.0
2015-09-16,MED-ATC-R03,Salbutamol,Respiratory,2.0
2015-09-17,MED-ATC-R03,Salbutamol,Respiratory,1.0
2015-09-18,MED-ATC-R03,Salbutamol,Respiratory,4.0
2015-09-19,MED-ATC-R03,Salbutamol,Respiratory,4.0
2015-09-20,MED-ATC-R03,Salbutamol,Respiratory,0.0
2015-09-21,MED-ATC-R03,Salbutamol,Respiratory,0.0
2015-09-22,MED-ATC-R03,Salbutamol,Respiratory,5.0
2015-09-23,MED-ATC-R03,Salbutamol,Respiratory,2.0
2015-09-24,MED-ATC-R03,Salbutamol,Respiratory,0.0
2015-09-25,MED-ATC-R03,Salbutamol,Respiratory,1.0
2015-09-26,MED-ATC-R03,Salbutamol,Respiratory,7.0
2015-09-27,MED-ATC-R03,Salbutamol,Respiratory,2.0
2015-09-28,MED-ATC-R03,Salbutamol,Respiratory,17.0
2015-09-29,MED-ATC-R03,Salbutamol,Respiratory,0.0
2015-09-30,MED-ATC-R03,Salbutamol,Respiratory,0.0
2015-10-01,MED-ATC-R03,Salbutamol,Respiratory,5.0
2015-10-02,MED-ATC-R03,Salbutamol,Respiratory,5.0
2015-10-03,MED-ATC-R03,Salbutamol,Respiratory,7.0
2015-10-04,MED-ATC-R03,Salbutamol,Respiratory,16.0
2015-10-05,MED-ATC-R03,Salbutamol,Respiratory,7.0
2015-10-06,MED-ATC-R03,Salbutamol,Respiratory,5.0
2015-10-07,MED-ATC-R03,Salbutamol,Respiratory,5.0
2015-10-08,MED-ATC-R03,Salbutamol,Respiratory,20.0
2015-10-09,MED-ATC-R03,Salbutamol,Respiratory,10.0
2015-10-10,MED-ATC-R03,Salbutamol,Respiratory,1.0
2015-10-11,MED-ATC-R03,Salbutamol,Respiratory,3.0
2015-10-12,MED-ATC-R03,Salbutamol,Respiratory,5.0
2015-10-13,MED-ATC-R03,Salbutamol,Respiratory,5.0
2015-10-14,MED-ATC-R03,Salbutamol,Respiratory,0.0
2015-10-15,MED-ATC-R03,Salbutamol,Respiratory,9.0
2015-10-16,MED-ATC-R03,Salbutamol,Respiratory,5.0
2015-10-17,MED-ATC-R03,Salbutamol,Respiratory,0.0
2015-10-18,MED-ATC-R03,Salbutamol,Respiratory,8.0
2015-10-19,MED-ATC-R03,Salbutamol,Respiratory,17.0
2015-10-20,MED-ATC-R03,Salbutamol,Respiratory,10.0
2015-10-21,MED-ATC-R03,Salbutamol,Respiratory,1.0
2015-10-22,MED-ATC-R03,Salbutamol,Respiratory,2.0
2015-10-23,MED-ATC-R03,Salbutamol,Respiratory,6.0
2015-10-24,MED-ATC-R03,Salbutamol,Respiratory,4.0
2015-10-25,MED-ATC-R03,Salbutamol,Respiratory,0.0
2015-10-26,MED-ATC-R03,Salbutamol,Respiratory,2.0
2015-10-27,MED-ATC-R03,Salbutamol,Respiratory,8.0
2015-10-28,MED-ATC-R03,Salbutamol,Respiratory,6.0
2015-10-29,MED-ATC-R03,Salbutamol,Respiratory,0.0
2015-10-30,MED-ATC-R03,Salbutamol,Respiratory,5.0
2015-10-31,MED-ATC-R03,Salbutamol,Respiratory,7.0
2015-11-01,MED-ATC-R03,Salbutamol,Respiratory,5.0
2015-11-02,MED-ATC-R03,Salbutamol,Respiratory,7.0
2015-11-03,MED-ATC-R03,Salbutamol,Respiratory,3.0
2015-11-04,MED-ATC-R03,Salbutamol,Respiratory,3.0
2015-11-05,MED-ATC-R03,Salbutamol,Respiratory,0.0
2015-11-06,MED-ATC-R03,Salbutamol,Respiratory,1.0
2015-11-07,MED-ATC-R03,Salbutamol,Respiratory,6.0
2015-11-08,MED-ATC-R03,Salbutamol,Respiratory,13.0
2015-11-09,MED-ATC-R03,Salbutamol,Respiratory,12.0
2015-11-10,MED-ATC-R03,Salbutamol,Respiratory,9.0
2015-11-11,MED-ATC-R03,Salbutamol,Respiratory,12.0
2015-11-12,MED-ATC-R03,Salbutamol,Respiratory,20.0
2015-11-13,MED-ATC-R03,Salbutamol,Respiratory,0.0
2015-11-14,MED-ATC-R03,Salbutamol,Respiratory,0.0
2015-11-15,MED-ATC-R03,Salbutamol,Respiratory,17.0
2015-11-16,MED-ATC-R03,Salbutamol,Respiratory,3.0
2015-11-17,MED-ATC-R03,Salbutamol,Respiratory,0.0
2015-11-18,MED-ATC-R03,Salbutamol,Respiratory,0.0
2015-11-19,MED-ATC-R03,Salbutamol,Respiratory,0.0
2015-11-20,MED-ATC-R03,Salbutamol,Respiratory,10.0
2015-11-21,MED-ATC-R03,Salbutamol,Respiratory,17.0
2015-11-22,MED-ATC-R03,Salbutamol,Respiratory,2.0
2015-11-23,MED-ATC-R03,Salbutamol,Respiratory,1.0
2015-11-24,MED-ATC-R03,Salbutamol,Respiratory,1.0
2015-11-25,MED-ATC-R03,Salbutamol,Respiratory,3.0
2015-11-26,MED-ATC-R03,Salbutamol,Respiratory,0.0
2015-11-27,MED-ATC-R03,Salbutamol,Respiratory,0.0
2015-11-28,MED-ATC-R03,Salbutamol,Respiratory,10.0
2015-11-29,MED-ATC-R03,Salbutamol,Respiratory,4.0
2015-11-30,MED-ATC-R03,Salbutamol,Respiratory,6.0
2015-12-01,MED-ATC-R03,Salbutamol,Respiratory,5.0
2015-12-02,MED-ATC-R03,Salbutamol,Respiratory,0.0
2015-12-03,MED-ATC-R03,Salbutamol,Respiratory,1.0
2015-12-04,MED-ATC-R03,Salbutamol,Respiratory,3.0
2015-12-05,MED-ATC-R03,Salbutamol,Respiratory,7.0
2015-12-06,MED-ATC-R03,Salbutamol,Respiratory,3.0
2015-12-07,MED-ATC-R03,Salbutamol,Respiratory,11.0
2015-12-08,MED-ATC-R03,Salbutamol,Respiratory,0.0
2015-12-09,MED-ATC-R03,Salbutamol,Respiratory,3.0
2015-12-10,MED-ATC-R03,Salbutamol,Respiratory,9.0
2015-12-11,MED-ATC-R03,Salbutamol,Respiratory,16.0
2015-12-12,MED-ATC-R03,Salbutamol,Respiratory,6.0
2015-12-13,MED-ATC-R03,Salbutamol,Respiratory,27.0
2015-12-14,MED-ATC-R03,Salbutamol,Respiratory,21.0
2015-12-15,MED-ATC-R03,Salbutamol,Respiratory,2.0
2015-12-16,MED-ATC-R03,Salbutamol,Respiratory,11.0
2015-12-17,MED-ATC-R03,Salbutamol,Respiratory,0.0
2015-12-18,MED-ATC-R03,Salbutamol,Respiratory,2.0
2015-12-19,MED-ATC-R03,Salbutamol,Respiratory,0.0
2015-12-20,MED-ATC-R03,Salbutamol,Respiratory,16.0
2015-12-21,MED-ATC-R03,Salbutamol,Respiratory,6.0
2015-12-22,MED-ATC-R03,Salbutamol,Respiratory,13.0
2015-12-23,MED-ATC-R03,Salbutamol,Respiratory,0.0
2015-12-24,MED-ATC-R03,Salbutamol,Respiratory,16.0
2015-12-25,MED-ATC-R03,Salbutamol,Respiratory,1.0
2015-12-26,MED-ATC-R03,Salbutamol,Respiratory,0.0
2015-12-27,MED-ATC-R03,Salbutamol,Respiratory,14.0
2015-12-28,MED-ATC-R03,Salbutamol,Respiratory,26.0
2015-12-29,MED-ATC-R03,Salbutamol,Respiratory,2.0
2015-12-30,MED-ATC-R03,Salbutamol,Respiratory,4.0
2015-12-31,MED-ATC-R03,Salbutamol,Respiratory,6.0
2016-01-01,MED-ATC-R03,Salbutamol,Respiratory,0.0
2016-01-02,MED-ATC-R03,Salbutamol,Respiratory,5.0
2016-01-03,MED-ATC-R03,Salbutamol,Respiratory,5.0
2016-01-04,MED-ATC-R03,Salbutamol,Respiratory,12.0
2016-01-05,MED-ATC-R03,Salbutamol,Respiratory,5.0
2016-01-06,MED-ATC-R03,Salbutamol,Respiratory,12.0
2016-01-07,MED-ATC-R03,Salbutamol,Respiratory,0.0
2016-01-08,MED-ATC-R03,Salbutamol,Respiratory,2.0
2016-01-09,MED-ATC-R03,Salbutamol,Respiratory,3.0
2016-01-10,MED-ATC-R03,Salbutamol,Respiratory,1.0
2016-01-11,MED-ATC-R03,Salbutamol,Respiratory,0.0
2016-01-12,MED-ATC-R03,Salbutamol,Respiratory,0.0
2016-01-13,MED-ATC-R03,Salbutamol,Respiratory,1.0
2016-01-14,MED-ATC-R03,Salbutamol,Respiratory,8.0
2016-01-15,MED-ATC-R03,Salbutamol,Respiratory,10.0
2016-01-16,MED-ATC-R03,Salbutamol,Respiratory,2.0
2016-01-17,MED-ATC-R03,Salbutamol,Respiratory,0.0
2016-01-18,MED-ATC-R03,Salbutamol,Respiratory,9.0
2016-01-19,MED-ATC-R03,Salbutamol,Respiratory,0.0
2016-01-20,MED-ATC-R03,Salbutamol,Respiratory,3.0
2016-01-21,MED-ATC-R03,Salbutamol,Respiratory,6.0
2016-01-22,MED-ATC-R03,Salbutamol,Respiratory,10.0
2016-01-23,MED-ATC-R03,Salbutamol,Respiratory,6.0
2016-01-24,MED-ATC-R03,Salbutamol,Respiratory,12.0
2016-01-25,MED-ATC-R03,Salbutamol,Respiratory,10.0
2016-01-26,MED-ATC-R03,Salbutamol,Respiratory,15.0
2016-01-27,MED-ATC-R03,Salbutamol,Respiratory,5.0
2016-01-28,MED-ATC-R03,Salbutamol,Respiratory,4.0
2016-01-29,MED-ATC-R03,Salbutamol,Respiratory,17.0
2016-01-30,MED-ATC-R03,Salbutamol,Respiratory,5.0
2016-01-31,MED-ATC-R03,Salbutamol,Respiratory,6.0
2016-02-01,MED-ATC-R03,Salbutamol,Respiratory,6.0
2016-02-02,MED-ATC-R03,Salbutamol,Respiratory,0.0
2016-02-03,MED-ATC-R03,Salbutamol,Respiratory,0.0
2016-02-04,MED-ATC-R03,Salbutamol,Respiratory,4.0
2016-02-05,MED-ATC-R03,Salbutamol,Respiratory,3.0
2016-02-06,MED-ATC-R03,Salbutamol,Respiratory,11.0
2016-02-07,MED-ATC-R03,Salbutamol,Respiratory,13.0
2016-02-08,MED-ATC-R03,Salbutamol,Respiratory,23.0
2016-02-09,MED-ATC-R03,Salbutamol,Respiratory,1.0
2016-02-10,MED-ATC-R03,Salbutamol,Respiratory,4.0
2016-02-11,MED-ATC-R03,Salbutamol,Respiratory,13.0
2016-02-12,MED-ATC-R03,Salbutamol,Respiratory,20.0
2016-02-13,MED-ATC-R03,Salbutamol,Respiratory,10.0
2016-02-14,MED-ATC-R03,Salbutamol,Respiratory,7.0
2016-02-15,MED-ATC-R03,Salbutamol,Respiratory,0.0
2016-02-16,MED-ATC-R03,Salbutamol,Respiratory,9.0
2016-02-17,MED-ATC-R03,Salbutamol,Respiratory,1.0
2016-02-18,MED-ATC-R03,Salbutamol,Respiratory,9.0
2016-02-19,MED-ATC-R03,Salbutamol,Respiratory,26.0
2016-02-20,MED-ATC-R03,Salbutamol,Respiratory,8.0
2016-02-21,MED-ATC-R03,Salbutamol,Respiratory,7.0
2016-02-22,MED-ATC-R03,Salbutamol,Respiratory,12.0
2016-02-23,MED-ATC-R03,Salbutamol,Respiratory,15.0
2016-02-24,MED-ATC-R03,Salbutamol,Respiratory,5.0
2016-02-25,MED-ATC-R03,Salbutamol,Respiratory,4.0
2016-02-26,MED-ATC-R03,Salbutamol,Respiratory,0.0
2016-02-27,MED-ATC-R03,Salbutamol,Respiratory,5.0
2016-02-28,MED-ATC-R03,Salbutamol,Respiratory,26.0
2016-02-29,MED-ATC-R03,Salbutamol,Respiratory,3.0
2016-03-01,MED-ATC-R03,Salbutamol,Respiratory,0.0
2016-03-02,MED-ATC-R03,Salbutamol,Respiratory,1.0
2016-03-03,MED-ATC-R03,Salbutamol,Respiratory,9.0
2016-03-04,MED-ATC-R03,Salbutamol,Respiratory,0.0
2016-03-05,MED-ATC-R03,Salbutamol,Respiratory,10.0
2016-03-06,MED-ATC-R03,Salbutamol,Respiratory,5.0
2016-03-07,MED-ATC-R03,Salbutamol,Respiratory,6.0
2016-03-08,MED-ATC-R03,Salbutamol,Respiratory,3.0
2016-03-09,MED-ATC-R03,Salbutamol,Respiratory,6.0
2016-03-10,MED-ATC-R03,Salbutamol,Respiratory,2.0
2016-03-11,MED-ATC-R03,Salbutamol,Respiratory,18.0
2016-03-12,MED-ATC-R03,Salbutamol,Respiratory,23.0
2016-03-13,MED-ATC-R03,Salbutamol,Respiratory,4.0
2016-03-14,MED-ATC-R03,Salbutamol,Respiratory,23.0
2016-03-15,MED-ATC-R03,Salbutamol,Respiratory,18.0
2016-03-16,MED-ATC-R03,Salbutamol,Respiratory,4.0
2016-03-17,MED-ATC-R03,Salbutamol,Respiratory,8.0
2016-03-18,MED-ATC-R03,Salbutamol,Respiratory,8.0
2016-03-19,MED-ATC-R03,Salbutamol,Respiratory,5.0
2016-03-20,MED-ATC-R03,Salbutamol,Respiratory,15.0
2016-03-21,MED-ATC-R03,Salbutamol,Respiratory,36.0
2016-03-22,MED-ATC-R03,Salbutamol,Respiratory,4.0
2016-03-23,MED-ATC-R03,Salbutamol,Respiratory,0.0
2016-03-24,MED-ATC-R03,Salbutamol,Respiratory,8.0
2016-03-25,MED-ATC-R03,Salbutamol,Respiratory,3.0
2016-03-26,MED-ATC-R03,Salbutamol,Respiratory,0.0
2016-03-27,MED-ATC-R03,Salbutamol,Respiratory,1.0
2016-03-28,MED-ATC-R03,Salbutamol,Respiratory,4.0
2016-03-29,MED-ATC-R03,Salbutamol,Respiratory,12.0
2016-03-30,MED-ATC-R03,Salbutamol,Respiratory,12.0
2016-03-31,MED-ATC-R03,Salbutamol,Respiratory,5.0
2016-04-01,MED-ATC-R03,Salbutamol,Respiratory,16.0
2016-04-02,MED-ATC-R03,Salbutamol,Respiratory,19.0
2016-04-03,MED-ATC-R03,Salbutamol,Respiratory,6.0
2016-04-04,MED-ATC-R03,Salbutamol,Respiratory,11.0
2016-04-05,MED-ATC-R03,Salbutamol,Respiratory,11.0
2016-04-06,MED-ATC-R03,Salbutamol,Respiratory,6.0
2016-04-07,MED-ATC-R03,Salbutamol,Respiratory,4.0
2016-04-08,MED-ATC-R03,Salbutamol,Respiratory,3.0
2016-04-09,MED-ATC-R03,Salbutamol,Respiratory,14.0
2016-04-10,MED-ATC-R03,Salbutamol,Respiratory,11.0
2016-04-11,MED-ATC-R03,Salbutamol,Respiratory,17.0
2016-04-12,MED-ATC-R03,Salbutamol,Respiratory,2.0
2016-04-13,MED-ATC-R03,Salbutamol,Respiratory,2.0
2016-04-14,MED-ATC-R03,Salbutamol,Respiratory,4.0
2016-04-15,MED-ATC-R03,Salbutamol,Respiratory,10.0
2016-04-16,MED-ATC-R03,Salbutamol,Respiratory,8.0
2016-04-17,MED-ATC-R03,Salbutamol,Respiratory,7.0
2016-04-18,MED-ATC-R03,Salbutamol,Respiratory,7.0
2016-04-19,MED-ATC-R03,Salbutamol,Respiratory,6.0
2016-04-20,MED-ATC-R03,Salbutamol,Respiratory,15.0
2016-04-21,MED-ATC-R03,Salbutamol,Respiratory,0.0
2016-04-22,MED-ATC-R03,Salbutamol,Respiratory,6.0
2016-04-23,MED-ATC-R03,Salbutamol,Respiratory,0.0
2016-04-24,MED-ATC-R03,Salbutamol,Respiratory,6.0
2016-04-25,MED-ATC-R03,Salbutamol,Respiratory,3.0
2016-04-26,MED-ATC-R03,Salbutamol,Respiratory,7.0
2016-04-27,MED-ATC-R03,Salbutamol,Respiratory,1.0
2016-04-28,MED-ATC-R03,Salbutamol,Respiratory,12.0
2016-04-29,MED-ATC-R03,Salbutamol,Respiratory,1.0
2016-04-30,MED-ATC-R03,Salbutamol,Respiratory,1.0
2016-05-01,MED-ATC-R03,Salbutamol,Respiratory,0.0
2016-05-02,MED-ATC-R03,Salbutamol,Respiratory,5.0
2016-05-03,MED-ATC-R03,Salbutamol,Respiratory,0.0
2016-05-04,MED-ATC-R03,Salbutamol,Respiratory,1.0
2016-05-05,MED-ATC-R03,Salbutamol,Respiratory,1.0
2016-05-06,MED-ATC-R03,Salbutamol,Respiratory,1.0
2016-05-07,MED-ATC-R03,Salbutamol,Respiratory,0.0
2016-05-08,MED-ATC-R03,Salbutamol,Respiratory,1.0
2016-05-09,MED-ATC-R03,Salbutamol,Respiratory,2.0
2016-05-10,MED-ATC-R03,Salbutamol,Respiratory,2.0
2016-05-11,MED-ATC-R03,Salbutamol,Respiratory,3.0
2016-05-12,MED-ATC-R03,Salbutamol,Respiratory,2.0
2016-05-13,MED-ATC-R03,Salbutamol,Respiratory,0.0
2016-05-14,MED-ATC-R03,Salbutamol,Respiratory,21.0
2016-05-15,MED-ATC-R03,Salbutamol,Respiratory,5.0
2016-05-16,MED-ATC-R03,Salbutamol,Respiratory,2.0
2016-05-17,MED-ATC-R03,Salbutamol,Respiratory,1.0
2016-05-18,MED-ATC-R03,Salbutamol,Respiratory,1.0
2016-05-19,MED-ATC-R03,Salbutamol,Respiratory,16.0
2016-05-20,MED-ATC-R03,Salbutamol,Respiratory,9.0
2016-05-21,MED-ATC-R03,Salbutamol,Respiratory,17.0
2016-05-22,MED-ATC-R03,Salbutamol,Respiratory,0.0
2016-05-23,MED-ATC-R03,Salbutamol,Respiratory,7.0
2016-05-24,MED-ATC-R03,Salbutamol,Respiratory,3.0
2016-05-25,MED-ATC-R03,Salbutamol,Respiratory,0.0
2016-05-26,MED-ATC-R03,Salbutamol,Respiratory,0.0
2016-05-27,MED-ATC-R03,Salbutamol,Respiratory,2.0
2016-05-28,MED-ATC-R03,Salbutamol,Respiratory,4.0
2016-05-29,MED-ATC-R03,Salbutamol,Respiratory,5.0
2016-05-30,MED-ATC-R03,Salbutamol,Respiratory,7.0
2016-05-31,MED-ATC-R03,Salbutamol,Respiratory,13.0
2016-06-01,MED-ATC-R03,Salbutamol,Respiratory,7.0
2016-06-02,MED-ATC-R03,Salbutamol,Respiratory,4.0
2016-06-03,MED-ATC-R03,Salbutamol,Respiratory,1.0
2016-06-04,MED-ATC-R03,Salbutamol,Respiratory,0.0
2016-06-05,MED-ATC-R03,Salbutamol,Respiratory,3.0
2016-06-06,MED-ATC-R03,Salbutamol,Respiratory,6.0
2016-06-07,MED-ATC-R03,Salbutamol,Respiratory,10.0
2016-06-08,MED-ATC-R03,Salbutamol,Respiratory,5.0
2016-06-09,MED-ATC-R03,Salbutamol,Respiratory,1.0
2016-06-10,MED-ATC-R03,Salbutamol,Respiratory,0.0
2016-06-11,MED-ATC-R03,Salbutamol,Respiratory,10.0
2016-06-12,MED-ATC-R03,Salbutamol,Respiratory,4.0
2016-06-13,MED-ATC-R03,Salbutamol,Respiratory,1.0
2016-06-14,MED-ATC-R03,Salbutamol,Respiratory,2.0
2016-06-15,MED-ATC-R03,Salbutamol,Respiratory,1.0
2016-06-16,MED-ATC-R03,Salbutamol,Respiratory,22.0
2016-06-17,MED-ATC-R03,Salbutamol,Respiratory,4.0
2016-06-18,MED-ATC-R03,Salbutamol,Respiratory,5.0
2016-06-19,MED-ATC-R03,Salbutamol,Respiratory,7.0
2016-06-20,MED-ATC-R03,Salbutamol,Respiratory,8.0
2016-06-21,MED-ATC-R03,Salbutamol,Respiratory,7.0
2016-06-22,MED-ATC-R03,Salbutamol,Respiratory,2.0
2016-06-23,MED-ATC-R03,Salbutamol,Respiratory,1.0
2016-06-24,MED-ATC-R03,Salbutamol,Respiratory,1.0
2016-06-25,MED-ATC-R03,Salbutamol,Respiratory,1.0
2016-06-26,MED-ATC-R03,Salbutamol,Respiratory,2.0
2016-06-27,MED-ATC-R03,Salbutamol,Respiratory,9.0
2016-06-28,MED-ATC-R03,Salbutamol,Respiratory,2.0
2016-06-29,MED-ATC-R03,Salbutamol,Respiratory,1.0
2016-06-30,MED-ATC-R03,Salbutamol,Respiratory,0.0
2016-07-01,MED-ATC-R03,Salbutamol,Respiratory,20.0
2016-07-02,MED-ATC-R03,Salbutamol,Respiratory,2.0
2016-07-03,MED-ATC-R03,Salbutamol,Respiratory,11.0
2016-07-04,MED-ATC-R03,Salbutamol,Respiratory,7.0
2016-07-05,MED-ATC-R03,Salbutamol,Respiratory,0.0
2016-07-06,MED-ATC-R03,Salbutamol,Respiratory,8.0
2016-07-07,MED-ATC-R03,Salbutamol,Respiratory,0.0
2016-07-08,MED-ATC-R03,Salbutamol,Respiratory,0.0
2016-07-09,MED-ATC-R03,Salbutamol,Respiratory,0.0
2016-07-10,MED-ATC-R03,Salbutamol,Respiratory,0.0
2016-07-11,MED-ATC-R03,Salbutamol,Respiratory,4.0
2016-07-12,MED-ATC-R03,Salbutamol,Respiratory,3.0
2016-07-13,MED-ATC-R03,Salbutamol,Respiratory,3.0
2016-07-14,MED-ATC-R03,Salbutamol,Respiratory,3.0
2016-07-15,MED-ATC-R03,Salbutamol,Respiratory,0.0
2016-07-16,MED-ATC-R03,Salbutamol,Respiratory,1.0
2016-07-17,MED-ATC-R03,Salbutamol,Respiratory,7.0
2016-07-18,MED-ATC-R03,Salbutamol,Respiratory,3.0
2016-07-19,MED-ATC-R03,Salbutamol,Respiratory,1.0
2016-07-20,MED-ATC-R03,Salbutamol,Respiratory,5.0
2016-07-21,MED-ATC-R03,Salbutamol,Respiratory,1.0
2016-07-22,MED-ATC-R03,Salbutamol,Respiratory,0.0
2016-07-23,MED-ATC-R03,Salbutamol,Respiratory,0.0
2016-07-24,MED-ATC-R03,Salbutamol,Respiratory,0.0
2016-07-25,MED-ATC-R03,Salbutamol,Respiratory,4.0
2016-07-26,MED-ATC-R03,Salbutamol,Respiratory,0.0
2016-07-27,MED-ATC-R03,Salbutamol,Respiratory,9.0
2016-07-28,MED-ATC-R03,Salbutamol,Respiratory,5.0
2016-07-29,MED-ATC-R03,Salbutamol,Respiratory,11.0
2016-07-30,MED-ATC-R03,Salbutamol,Respiratory,1.0
2016-07-31,MED-ATC-R03,Salbutamol,Respiratory,0.0
2016-08-01,MED-ATC-R03,Salbutamol,Respiratory,1.0
2016-08-02,MED-ATC-R03,Salbutamol,Respiratory,1.0
2016-08-03,MED-ATC-R03,Salbutamol,Respiratory,13.0
2016-08-04,MED-ATC-R03,Salbutamol,Respiratory,17.0
2016-08-05,MED-ATC-R03,Salbutamol,Respiratory,24.0
2016-08-06,MED-ATC-R03,Salbutamol,Respiratory,1.0
2016-08-07,MED-ATC-R03,Salbutamol,Respiratory,5.0
2016-08-08,MED-ATC-R03,Salbutamol,Respiratory,1.0
2016-08-09,MED-ATC-R03,Salbutamol,Respiratory,2.0
2016-08-10,MED-ATC-R03,Salbutamol,Respiratory,3.0
2016-08-11,MED-ATC-R03,Salbutamol,Respiratory,0.0
2016-08-12,MED-ATC-R03,Salbutamol,Respiratory,0.0
2016-08-13,MED-ATC-R03,Salbutamol,Respiratory,0.0
2016-08-14,MED-ATC-R03,Salbutamol,Respiratory,7.0
2016-08-15,MED-ATC-R03,Salbutamol,Respiratory,0.0
2016-08-16,MED-ATC-R03,Salbutamol,Respiratory,11.0
2016-08-17,MED-ATC-R03,Salbutamol,Respiratory,5.0
2016-08-18,MED-ATC-R03,Salbutamol,Respiratory,0.0
2016-08-19,MED-ATC-R03,Salbutamol,Respiratory,0.0
2016-08-20,MED-ATC-R03,Salbutamol,Respiratory,0.0
2016-08-21,MED-ATC-R03,Salbutamol,Respiratory,1.0
2016-08-22,MED-ATC-R03,Salbutamol,Respiratory,0.0
2016-08-23,MED-ATC-R03,Salbutamol,Respiratory,0.0
2016-08-24,MED-ATC-R03,Salbutamol,Respiratory,0.0
2016-08-25,MED-ATC-R03,Salbutamol,Respiratory,4.0
2016-08-26,MED-ATC-R03,Salbutamol,Respiratory,0.0
2016-08-27,MED-ATC-R03,Salbutamol,Respiratory,11.0
2016-08-28,MED-ATC-R03,Salbutamol,Respiratory,6.0
2016-08-29,MED-ATC-R03,Salbutamol,Respiratory,1.0
2016-08-30,MED-ATC-R03,Salbutamol,Respiratory,1.0
2016-08-31,MED-ATC-R03,Salbutamol,Respiratory,1.0
2016-09-01,MED-ATC-R03,Salbutamol,Respiratory,0.0
2016-09-02,MED-ATC-R03,Salbutamol,Respiratory,5.0
2016-09-03,MED-ATC-R03,Salbutamol,Respiratory,4.0
2016-09-04,MED-ATC-R03,Salbutamol,Respiratory,4.0
2016-09-05,MED-ATC-R03,Salbutamol,Respiratory,2.0
2016-09-06,MED-ATC-R03,Salbutamol,Respiratory,0.0
2016-09-07,MED-ATC-R03,Salbutamol,Respiratory,0.0
2016-09-08,MED-ATC-R03,Salbutamol,Respiratory,0.0
2016-09-09,MED-ATC-R03,Salbutamol,Respiratory,10.0
2016-09-10,MED-ATC-R03,Salbutamol,Respiratory,4.0
2016-09-11,MED-ATC-R03,Salbutamol,Respiratory,10.0
2016-09-12,MED-ATC-R03,Salbutamol,Respiratory,8.0
2016-09-13,MED-ATC-R03,Salbutamol,Respiratory,2.0
2016-09-14,MED-ATC-R03,Salbutamol,Respiratory,8.0
2016-09-15,MED-ATC-R03,Salbutamol,Respiratory,3.0
2016-09-16,MED-ATC-R03,Salbutamol,Respiratory,3.0
2016-09-17,MED-ATC-R03,Salbutamol,Respiratory,5.0
2016-09-18,MED-ATC-R03,Salbutamol,Respiratory,8.0
2016-09-19,MED-ATC-R03,Salbutamol,Respiratory,0.0
2016-09-20,MED-ATC-R03,Salbutamol,Respiratory,4.0
2016-09-21,MED-ATC-R03,Salbutamol,Respiratory,3.0
2016-09-22,MED-ATC-R03,Salbutamol,Respiratory,4.0
2016-09-23,MED-ATC-R03,Salbutamol,Respiratory,7.0
2016-09-24,MED-ATC-R03,Salbutamol,Respiratory,1.0
2016-09-25,MED-ATC-R03,Salbutamol,Respiratory,10.0
2016-09-26,MED-ATC-R03,Salbutamol,Respiratory,4.0
2016-09-27,MED-ATC-R03,Salbutamol,Respiratory,1.0
2016-09-28,MED-ATC-R03,Salbutamol,Respiratory,0.0
2016-09-29,MED-ATC-R03,Salbutamol,Respiratory,1.0
2016-09-30,MED-ATC-R03,Salbutamol,Respiratory,10.0
2016-10-01,MED-ATC-R03,Salbutamol,Respiratory,4.0
2016-10-02,MED-ATC-R03,Salbutamol,Respiratory,18.0
2016-10-03,MED-ATC-R03,Salbutamol,Respiratory,17.0
2016-10-04,MED-ATC-R03,Salbutamol,Respiratory,10.0
2016-10-05,MED-ATC-R03,Salbutamol,Respiratory,1.0
2016-10-06,MED-ATC-R03,Salbutamol,Respiratory,3.0
2016-10-07,MED-ATC-R03,Salbutamol,Respiratory,0.0
2016-10-08,MED-ATC-R03,Salbutamol,Respiratory,6.0
2016-10-09,MED-ATC-R03,Salbutamol,Respiratory,9.0
2016-10-10,MED-ATC-R03,Salbutamol,Respiratory,3.0
2016-10-11,MED-ATC-R03,Salbutamol,Respiratory,8.0
2016-10-12,MED-ATC-R03,Salbutamol,Respiratory,17.0
2016-10-13,MED-ATC-R03,Salbutamol,Respiratory,3.0
2016-10-14,MED-ATC-R03,Salbutamol,Respiratory,9.0
2016-10-15,MED-ATC-R03,Salbutamol,Respiratory,13.0
2016-10-16,MED-ATC-R03,Salbutamol,Respiratory,6.0
2016-10-17,MED-ATC-R03,Salbutamol,Respiratory,9.0
2016-10-18,MED-ATC-R03,Salbutamol,Respiratory,7.0
2016-10-19,MED-ATC-R03,Salbutamol,Respiratory,2.0
2016-10-20,MED-ATC-R03,Salbutamol,Respiratory,2.0
2016-10-21,MED-ATC-R03,Salbutamol,Respiratory,6.0
2016-10-22,MED-ATC-R03,Salbutamol,Respiratory,10.0
2016-10-23,MED-ATC-R03,Salbutamol,Respiratory,11.0
2016-10-24,MED-ATC-R03,Salbutamol,Respiratory,2.0
2016-10-25,MED-ATC-R03,Salbutamol,Respiratory,7.0
2016-10-26,MED-ATC-R03,Salbutamol,Respiratory,2.0
2016-10-27,MED-ATC-R03,Salbutamol,Respiratory,4.0
2016-10-28,MED-ATC-R03,Salbutamol,Respiratory,5.0
2016-10-29,MED-ATC-R03,Salbutamol,Respiratory,9.0
2016-10-30,MED-ATC-R03,Salbutamol,Respiratory,0.0
2016-10-31,MED-ATC-R03,Salbutamol,Respiratory,17.0
2016-11-01,MED-ATC-R03,Salbutamol,Respiratory,6.0
2016-11-02,MED-ATC-R03,Salbutamol,Respiratory,2.0
2016-11-03,MED-ATC-R03,Salbutamol,Respiratory,0.0
2016-11-04,MED-ATC-R03,Salbutamol,Respiratory,6.0
2016-11-05,MED-ATC-R03,Salbutamol,Respiratory,0.0
2016-11-06,MED-ATC-R03,Salbutamol,Respiratory,11.0
2016-11-07,MED-ATC-R03,Salbutamol,Respiratory,5.0
2016-11-08,MED-ATC-R03,Salbutamol,Respiratory,8.0
2016-11-09,MED-ATC-R03,Salbutamol,Respiratory,4.0
2016-11-10,MED-ATC-R03,Salbutamol,Respiratory,12.0
2016-11-11,MED-ATC-R03,Salbutamol,Respiratory,1.0
2016-11-12,MED-ATC-R03,Salbutamol,Respiratory,1.0
2016-11-13,MED-ATC-R03,Salbutamol,Respiratory,5.0
2016-11-14,MED-ATC-R03,Salbutamol,Respiratory,1.0
2016-11-15,MED-ATC-R03,Salbutamol,Respiratory,5.0
2016-11-16,MED-ATC-R03,Salbutamol,Respiratory,10.0
2016-11-17,MED-ATC-R03,Salbutamol,Respiratory,1.0
2016-11-18,MED-ATC-R03,Salbutamol,Respiratory,2.0
2016-11-19,MED-ATC-R03,Salbutamol,Respiratory,3.0
2016-11-20,MED-ATC-R03,Salbutamol,Respiratory,0.0
2016-11-21,MED-ATC-R03,Salbutamol,Respiratory,13.0
2016-11-22,MED-ATC-R03,Salbutamol,Respiratory,7.0
2016-11-23,MED-ATC-R03,Salbutamol,Respiratory,0.0
2016-11-24,MED-ATC-R03,Salbutamol,Respiratory,10.0
2016-11-25,MED-ATC-R03,Salbutamol,Respiratory,5.0
2016-11-26,MED-ATC-R03,Salbutamol,Respiratory,12.0
2016-11-27,MED-ATC-R03,Salbutamol,Respiratory,1.0
2016-11-28,MED-ATC-R03,Salbutamol,Respiratory,12.0
2016-11-29,MED-ATC-R03,Salbutamol,Respiratory,0.0
2016-11-30,MED-ATC-R03,Salbutamol,Respiratory,7.0
2016-12-01,MED-ATC-R03,Salbutamol,Respiratory,9.0
2016-12-02,MED-ATC-R03,Salbutamol,Respiratory,26.0
2016-12-03,MED-ATC-R03,Salbutamol,Respiratory,1.0
2016-12-04,MED-ATC-R03,Salbutamol,Respiratory,0.0
2016-12-05,MED-ATC-R03,Salbutamol,Respiratory,13.0
2016-12-06,MED-ATC-R03,Salbutamol,Respiratory,20.0
2016-12-07,MED-ATC-R03,Salbutamol,Respiratory,7.0
2016-12-08,MED-ATC-R03,Salbutamol,Respiratory,2.0
2016-12-09,MED-ATC-R03,Salbutamol,Respiratory,0.0
2016-12-10,MED-ATC-R03,Salbutamol,Respiratory,15.0
2016-12-11,MED-ATC-R03,Salbutamol,Respiratory,14.0
2016-12-12,MED-ATC-R03,Salbutamol,Respiratory,21.0
2016-12-13,MED-ATC-R03,Salbutamol,Respiratory,18.0
2016-12-14,MED-ATC-R03,Salbutamol,Respiratory,10.0
2016-12-15,MED-ATC-R03,Salbutamol,Respiratory,5.0
2016-12-16,MED-ATC-R03,Salbutamol,Respiratory,23.0
2016-12-17,MED-ATC-R03,Salbutamol,Respiratory,6.0
2016-12-18,MED-ATC-R03,Salbutamol,Respiratory,5.0
2016-12-19,MED-ATC-R03,Salbutamol,Respiratory,0.0
2016-12-20,MED-ATC-R03,Salbutamol,Respiratory,1.0
2016-12-21,MED-ATC-R03,Salbutamol,Respiratory,6.0
2016-12-22,MED-ATC-R03,Salbutamol,Respiratory,5.0
2016-12-23,MED-ATC-R03,Salbutamol,Respiratory,8.0
2016-12-24,MED-ATC-R03,Salbutamol,Respiratory,2.0
2016-12-25,MED-ATC-R03,Salbutamol,Respiratory,9.0
2016-12-26,MED-ATC-R03,Salbutamol,Respiratory,2.0
2016-12-27,MED-ATC-R03,Salbutamol,Respiratory,13.0
2016-12-28,MED-ATC-R03,Salbutamol,Respiratory,13.0
2016-12-29,MED-ATC-R03,Salbutamol,Respiratory,6.0
2016-12-30,MED-ATC-R03,Salbutamol,Respiratory,3.0
2016-12-31,MED-ATC-R03,Salbutamol,Respiratory,12.0
2017-01-01,MED-ATC-R03,Salbutamol,Respiratory,6.25
2017-01-02,MED-ATC-R03,Salbutamol,Respiratory,3.125
2017-01-03,MED-ATC-R03,Salbutamol,Respiratory,7.0312
2017-01-04,MED-ATC-R03,Salbutamol,Respiratory,5.0
2017-01-05,MED-ATC-R03,Salbutamol,Respiratory,11.25
2017-01-06,MED-ATC-R03,Salbutamol,Respiratory,15.4167
2017-01-07,MED-ATC-R03,Salbutamol,Respiratory,2.5
2017-01-08,MED-ATC-R03,Salbutamol,Respiratory,3.3333
2017-01-09,MED-ATC-R03,Salbutamol,Respiratory,1.6667
2017-01-10,MED-ATC-R03,Salbutamol,Respiratory,7.5
2017-01-11,MED-ATC-R03,Salbutamol,Respiratory,1.6667
2017-01-12,MED-ATC-R03,Salbutamol,Respiratory,4.5833
2017-01-13,MED-ATC-R03,Salbutamol,Respiratory,3.3333
2017-01-14,MED-ATC-R03,Salbutamol,Respiratory,5.4167
2017-01-15,MED-ATC-R03,Salbutamol,Respiratory,7.5
2017-01-16,MED-ATC-R03,Salbutamol,Respiratory,7.0833
2017-01-17,MED-ATC-R03,Salbutamol,Respiratory,3.75
2017-01-18,MED-ATC-R03,Salbutamol,Respiratory,5.8333
2017-01-19,MED-ATC-R03,Salbutamol,Respiratory,2.5
2017-01-20,MED-ATC-R03,Salbutamol,Respiratory,12.5
2017-01-21,MED-ATC-R03,Salbutamol,Respiratory,4.5833
2017-01-22,MED-ATC-R03,Salbutamol,Respiratory,9.1667
2017-01-23,MED-ATC-R03,Salbutamol,Respiratory,2.5
2017-01-24,MED-ATC-R03,Salbutamol,Respiratory,10.0
2017-01-25,MED-ATC-R03,Salbutamol,Respiratory,13.75
2017-01-26,MED-ATC-R03,Salbutamol,Respiratory,8.3333
2017-01-27,MED-ATC-R03,Salbutamol,Respiratory,9.5833
2017-01-28,MED-ATC-R03,Salbutamol,Respiratory,1.6667
2017-01-29,MED-ATC-R03,Salbutamol,Respiratory,9.5833
2017-01-30,MED-ATC-R03,Salbutamol,Respiratory,7.0833
2017-01-31,MED-ATC-R03,Salbutamol,Respiratory,2.9167
2017-02-01,MED-ATC-R03,Salbutamol,Respiratory,8.3333
2017-02-02,MED-ATC-R03,Salbutamol,Respiratory,0.4167
2017-02-03,MED-ATC-R03,Salbutamol,Respiratory,7.0833
2017-02-04,MED-ATC-R03,Salbutamol,Respiratory,7.5
2017-02-05,MED-ATC-R03,Salbutamol,Respiratory,11.0
2017-02-06,MED-ATC-R03,Salbutamol,Respiratory,5.0
2017-02-07,MED-ATC-R03,Salbutamol,Respiratory,7.0
2017-02-08,MED-ATC-R03,Salbutamol,Respiratory,10.0
2017-02-09,MED-ATC-R03,Salbutamol,Respiratory,0.0
2017-02-10,MED-ATC-R03,Salbutamol,Respiratory,2.0
2017-02-11,MED-ATC-R03,Salbutamol,Respiratory,1.0
2017-02-12,MED-ATC-R03,Salbutamol,Respiratory,2.0
2017-02-13,MED-ATC-R03,Salbutamol,Respiratory,0.0
2017-02-14,MED-ATC-R03,Salbutamol,Respiratory,1.0
2017-02-15,MED-ATC-R03,Salbutamol,Respiratory,1.0
2017-02-16,MED-ATC-R03,Salbutamol,Respiratory,0.0
2017-02-17,MED-ATC-R03,Salbutamol,Respiratory,8.0
2017-02-18,MED-ATC-R03,Salbutamol,Respiratory,0.0
2017-02-19,MED-ATC-R03,Salbutamol,Respiratory,8.0
2017-02-20,MED-ATC-R03,Salbutamol,Respiratory,1.0
2017-02-21,MED-ATC-R03,Salbutamol,Respiratory,8.0
2017-02-22,MED-ATC-R03,Salbutamol,Respiratory,5.0
2017-02-23,MED-ATC-R03,Salbutamol,Respiratory,8.0
2017-02-24,MED-ATC-R03,Salbutamol,Respiratory,7.0
2017-02-25,MED-ATC-R03,Salbutamol,Respiratory,2.0
2017-02-26,MED-ATC-R03,Salbutamol,Respiratory,5.0
2017-02-27,MED-ATC-R03,Salbutamol,Respiratory,7.0
2017-02-28,MED-ATC-R03,Salbutamol,Respiratory,18.0
2017-03-01,MED-ATC-R03,Salbutamol,Respiratory,5.0
2017-03-02,MED-ATC-R03,Salbutamol,Respiratory,1.0
2017-03-03,MED-ATC-R03,Salbutamol,Respiratory,6.0
2017-03-04,MED-ATC-R03,Salbutamol,Respiratory,5.0
2017-03-05,MED-ATC-R03,Salbutamol,Respiratory,6.0
2017-03-06,MED-ATC-R03,Salbutamol,Respiratory,0.0
2017-03-07,MED-ATC-R03,Salbutamol,Respiratory,0.0
2017-03-08,MED-ATC-R03,Salbutamol,Respiratory,0.0
2017-03-09,MED-ATC-R03,Salbutamol,Respiratory,0.0
2017-03-10,MED-ATC-R03,Salbutamol,Respiratory,0.0
2017-03-11,MED-ATC-R03,Salbutamol,Respiratory,5.0
2017-03-12,MED-ATC-R03,Salbutamol,Respiratory,15.0
2017-03-13,MED-ATC-R03,Salbutamol,Respiratory,10.0
2017-03-14,MED-ATC-R03,Salbutamol,Respiratory,5.0
2017-03-15,MED-ATC-R03,Salbutamol,Respiratory,0.0
2017-03-16,MED-ATC-R03,Salbutamol,Respiratory,1.0
2017-03-17,MED-ATC-R03,Salbutamol,Respiratory,3.0
2017-03-18,MED-ATC-R03,Salbutamol,Respiratory,1.0
2017-03-19,MED-ATC-R03,Salbutamol,Respiratory,5.0
2017-03-20,MED-ATC-R03,Salbutamol,Respiratory,7.0
2017-03-21,MED-ATC-R03,Salbutamol,Respiratory,1.0
2017-03-22,MED-ATC-R03,Salbutamol,Respiratory,2.0
2017-03-23,MED-ATC-R03,Salbutamol,Respiratory,6.0
2017-03-24,MED-ATC-R03,Salbutamol,Respiratory,5.0
2017-03-25,MED-ATC-R03,Salbutamol,Respiratory,0.0
2017-03-26,MED-ATC-R03,Salbutamol,Respiratory,10.0
2017-03-27,MED-ATC-R03,Salbutamol,Respiratory,1.0
2017-03-28,MED-ATC-R03,Salbutamol,Respiratory,0.0
2017-03-29,MED-ATC-R03,Salbutamol,Respiratory,7.0
2017-03-30,MED-ATC-R03,Salbutamol,Respiratory,0.0
2017-03-31,MED-ATC-R03,Salbutamol,Respiratory,2.0
2017-04-01,MED-ATC-R03,Salbutamol,Respiratory,1.0
2017-04-02,MED-ATC-R03,Salbutamol,Respiratory,9.0
2017-04-03,MED-ATC-R03,Salbutamol,Respiratory,20.0
2017-04-04,MED-ATC-R03,Salbutamol,Respiratory,5.0
2017-04-05,MED-ATC-R03,Salbutamol,Respiratory,6.0
2017-04-06,MED-ATC-R03,Salbutamol,Respiratory,0.0
2017-04-07,MED-ATC-R03,Salbutamol,Respiratory,5.0
2017-04-08,MED-ATC-R03,Salbutamol,Respiratory,11.0
2017-04-09,MED-ATC-R03,Salbutamol,Respiratory,0.0
2017-04-10,MED-ATC-R03,Salbutamol,Respiratory,4.0
2017-04-11,MED-ATC-R03,Salbutamol,Respiratory,11.0
2017-04-12,MED-ATC-R03,Salbutamol,Respiratory,10.0
2017-04-13,MED-ATC-R03,Salbutamol,Respiratory,2.0
2017-04-14,MED-ATC-R03,Salbutamol,Respiratory,16.0
2017-04-15,MED-ATC-R03,Salbutamol,Respiratory,15.0
2017-04-16,MED-ATC-R03,Salbutamol,Respiratory,0.0
2017-04-17,MED-ATC-R03,Salbutamol,Respiratory,5.0
2017-04-18,MED-ATC-R03,Salbutamol,Respiratory,2.0
2017-04-19,MED-ATC-R03,Salbutamol,Respiratory,0.0
2017-04-20,MED-ATC-R03,Salbutamol,Respiratory,7.0
2017-04-21,MED-ATC-R03,Salbutamol,Respiratory,1.875
2017-04-22,MED-ATC-R03,Salbutamol,Respiratory,1.0
2017-04-23,MED-ATC-R03,Salbutamol,Respiratory,1.0
2017-04-24,MED-ATC-R03,Salbutamol,Respiratory,1.0
2017-04-25,MED-ATC-R03,Salbutamol,Respiratory,26.0
2017-04-26,MED-ATC-R03,Salbutamol,Respiratory,1.0
2017-04-27,MED-ATC-R03,Salbutamol,Respiratory,0.0
2017-04-28,MED-ATC-R03,Salbutamol,Respiratory,7.0
2017-04-29,MED-ATC-R03,Salbutamol,Respiratory,1.0
2017-04-30,MED-ATC-R03,Salbutamol,Respiratory,12.0
2017-05-01,MED-ATC-R03,Salbutamol,Respiratory,0.0
2017-05-02,MED-ATC-R03,Salbutamol,Respiratory,6.0
2017-05-03,MED-ATC-R03,Salbutamol,Respiratory,20.0
2017-05-04,MED-ATC-R03,Salbutamol,Respiratory,2.0
2017-05-05,MED-ATC-R03,Salbutamol,Respiratory,12.0
2017-05-06,MED-ATC-R03,Salbutamol,Respiratory,0.0
2017-05-07,MED-ATC-R03,Salbutamol,Respiratory,4.0
2017-05-08,MED-ATC-R03,Salbutamol,Respiratory,1.0
2017-05-09,MED-ATC-R03,Salbutamol,Respiratory,2.0
2017-05-10,MED-ATC-R03,Salbutamol,Respiratory,14.0
2017-05-11,MED-ATC-R03,Salbutamol,Respiratory,1.0
2017-05-12,MED-ATC-R03,Salbutamol,Respiratory,0.0
2017-05-13,MED-ATC-R03,Salbutamol,Respiratory,1.0
2017-05-14,MED-ATC-R03,Salbutamol,Respiratory,5.0
2017-05-15,MED-ATC-R03,Salbutamol,Respiratory,3.0
2017-05-16,MED-ATC-R03,Salbutamol,Respiratory,6.0
2017-05-17,MED-ATC-R03,Salbutamol,Respiratory,0.0
2017-05-18,MED-ATC-R03,Salbutamol,Respiratory,0.0
2017-05-19,MED-ATC-R03,Salbutamol,Respiratory,0.0
2017-05-20,MED-ATC-R03,Salbutamol,Respiratory,6.0
2017-05-21,MED-ATC-R03,Salbutamol,Respiratory,12.0
2017-05-22,MED-ATC-R03,Salbutamol,Respiratory,7.0
2017-05-23,MED-ATC-R03,Salbutamol,Respiratory,2.0
2017-05-24,MED-ATC-R03,Salbutamol,Respiratory,4.0
2017-05-25,MED-ATC-R03,Salbutamol,Respiratory,2.0
2017-05-26,MED-ATC-R03,Salbutamol,Respiratory,8.0
2017-05-27,MED-ATC-R03,Salbutamol,Respiratory,0.0
2017-05-28,MED-ATC-R03,Salbutamol,Respiratory,0.0
2017-05-29,MED-ATC-R03,Salbutamol,Respiratory,4.0
2017-05-30,MED-ATC-R03,Salbutamol,Respiratory,5.0
2017-05-31,MED-ATC-R03,Salbutamol,Respiratory,1.0
2017-06-01,MED-ATC-R03,Salbutamol,Respiratory,2.0
2017-06-02,MED-ATC-R03,Salbutamol,Respiratory,5.0
2017-06-03,MED-ATC-R03,Salbutamol,Respiratory,22.0
2017-06-04,MED-ATC-R03,Salbutamol,Respiratory,5.0
2017-06-05,MED-ATC-R03,Salbutamol,Respiratory,0.0
2017-06-06,MED-ATC-R03,Salbutamol,Respiratory,6.0
2017-06-07,MED-ATC-R03,Salbutamol,Respiratory,20.0
2017-06-08,MED-ATC-R03,Salbutamol,Respiratory,2.0
2017-06-09,MED-ATC-R03,Salbutamol,Respiratory,0.0
2017-06-10,MED-ATC-R03,Salbutamol,Respiratory,7.0
2017-06-11,MED-ATC-R03,Salbutamol,Respiratory,2.0
2017-06-12,MED-ATC-R03,Salbutamol,Respiratory,13.0
2017-06-13,MED-ATC-R03,Salbutamol,Respiratory,0.0
2017-06-14,MED-ATC-R03,Salbutamol,Respiratory,5.0
2017-06-15,MED-ATC-R03,Salbutamol,Respiratory,5.0
2017-06-16,MED-ATC-R03,Salbutamol,Respiratory,0.0
2017-06-17,MED-ATC-R03,Salbutamol,Respiratory,5.0
2017-06-18,MED-ATC-R03,Salbutamol,Respiratory,12.0
2017-06-19,MED-ATC-R03,Salbutamol,Respiratory,8.0
2017-06-20,MED-ATC-R03,Salbutamol,Respiratory,5.0
2017-06-21,MED-ATC-R03,Salbutamol,Respiratory,2.0
2017-06-22,MED-ATC-R03,Salbutamol,Respiratory,8.0
2017-06-23,MED-ATC-R03,Salbutamol,Respiratory,0.0
2017-06-24,MED-ATC-R03,Salbutamol,Respiratory,0.0
2017-06-25,MED-ATC-R03,Salbutamol,Respiratory,0.0
2017-06-26,MED-ATC-R03,Salbutamol,Respiratory,0.0
2017-06-27,MED-ATC-R03,Salbutamol,Respiratory,3.0
2017-06-28,MED-ATC-R03,Salbutamol,Respiratory,5.0
2017-06-29,MED-ATC-R03,Salbutamol,Respiratory,21.0
2017-06-30,MED-ATC-R03,Salbutamol,Respiratory,0.0
2017-07-01,MED-ATC-R03,Salbutamol,Respiratory,10.0
2017-07-02,MED-ATC-R03,Salbutamol,Respiratory,0.0
2017-07-03,MED-ATC-R03,Salbutamol,Respiratory,11.0
2017-07-04,MED-ATC-R03,Salbutamol,Respiratory,0.0
2017-07-05,MED-ATC-R03,Salbutamol,Respiratory,22.0
2017-07-06,MED-ATC-R03,Salbutamol,Respiratory,1.0
2017-07-07,MED-ATC-R03,Salbutamol,Respiratory,1.0
2017-07-08,MED-ATC-R03,Salbutamol,Respiratory,1.0
2017-07-09,MED-ATC-R03,Salbutamol,Respiratory,1.0
2017-07-10,MED-ATC-R03,Salbutamol,Respiratory,7.0
2017-07-11,MED-ATC-R03,Salbutamol,Respiratory,7.0
2017-07-12,MED-ATC-R03,Salbutamol,Respiratory,3.0
2017-07-13,MED-ATC-R03,Salbutamol,Respiratory,3.0
2017-07-14,MED-ATC-R03,Salbutamol,Respiratory,5.0
2017-07-15,MED-ATC-R03,Salbutamol,Respiratory,0.0
2017-07-16,MED-ATC-R03,Salbutamol,Respiratory,0.0
2017-07-17,MED-ATC-R03,Salbutamol,Respiratory,4.0
2017-07-18,MED-ATC-R03,Salbutamol,Respiratory,20.0
2017-07-19,MED-ATC-R03,Salbutamol,Respiratory,1.0
2017-07-20,MED-ATC-R03,Salbutamol,Respiratory,2.0
2017-07-21,MED-ATC-R03,Salbutamol,Respiratory,0.0
2017-07-22,MED-ATC-R03,Salbutamol,Respiratory,0.0
2017-07-23,MED-ATC-R03,Salbutamol,Respiratory,4.0
2017-07-24,MED-ATC-R03,Salbutamol,Respiratory,0.0
2017-07-25,MED-ATC-R03,Salbutamol,Respiratory,6.0
2017-07-26,MED-ATC-R03,Salbutamol,Respiratory,1.0
2017-07-27,MED-ATC-R03,Salbutamol,Respiratory,0.0
2017-07-28,MED-ATC-R03,Salbutamol,Respiratory,0.0
2017-07-29,MED-ATC-R03,Salbutamol,Respiratory,0.0
2017-07-30,MED-ATC-R03,Salbutamol,Respiratory,0.0
2017-07-31,MED-ATC-R03,Salbutamol,Respiratory,5.0
2017-08-01,MED-ATC-R03,Salbutamol,Respiratory,1.0
2017-08-02,MED-ATC-R03,Salbutamol,Respiratory,1.0
2017-08-03,MED-ATC-R03,Salbutamol,Respiratory,1.0
2017-08-04,MED-ATC-R03,Salbutamol,Respiratory,5.0
2017-08-05,MED-ATC-R03,Salbutamol,Respiratory,0.0
2017-08-06,MED-ATC-R03,Salbutamol,Respiratory,0.0
2017-08-07,MED-ATC-R03,Salbutamol,Respiratory,0.0
2017-08-08,MED-ATC-R03,Salbutamol,Respiratory,0.0
2017-08-09,MED-ATC-R03,Salbutamol,Respiratory,2.0
2017-08-10,MED-ATC-R03,Salbutamol,Respiratory,3.0
2017-08-11,MED-ATC-R03,Salbutamol,Respiratory,0.0
2017-08-12,MED-ATC-R03,Salbutamol,Respiratory,6.0
2017-08-13,MED-ATC-R03,Salbutamol,Respiratory,1.0
2017-08-14,MED-ATC-R03,Salbutamol,Respiratory,0.0
2017-08-15,MED-ATC-R03,Salbutamol,Respiratory,2.0
2017-08-16,MED-ATC-R03,Salbutamol,Respiratory,4.0
2017-08-17,MED-ATC-R03,Salbutamol,Respiratory,1.0
2017-08-18,MED-ATC-R03,Salbutamol,Respiratory,0.0
2017-08-19,MED-ATC-R03,Salbutamol,Respiratory,11.0
2017-08-20,MED-ATC-R03,Salbutamol,Respiratory,2.0
2017-08-21,MED-ATC-R03,Salbutamol,Respiratory,0.0
2017-08-22,MED-ATC-R03,Salbutamol,Respiratory,0.0
2017-08-23,MED-ATC-R03,Salbutamol,Respiratory,9.0
2017-08-24,MED-ATC-R03,Salbutamol,Respiratory,1.0
2017-08-25,MED-ATC-R03,Salbutamol,Respiratory,0.0
2017-08-26,MED-ATC-R03,Salbutamol,Respiratory,6.0
2017-08-27,MED-ATC-R03,Salbutamol,Respiratory,7.0
2017-08-28,MED-ATC-R03,Salbutamol,Respiratory,1.0
2017-08-29,MED-ATC-R03,Salbutamol,Respiratory,11.0
2017-08-30,MED-ATC-R03,Salbutamol,Respiratory,0.0
2017-08-31,MED-ATC-R03,Salbutamol,Respiratory,0.0
2017-09-01,MED-ATC-R03,Salbutamol,Respiratory,2.0
2017-09-02,MED-ATC-R03,Salbutamol,Respiratory,1.0
2017-09-03,MED-ATC-R03,Salbutamol,Respiratory,1.0
2017-09-04,MED-ATC-R03,Salbutamol,Respiratory,0.0
2017-09-05,MED-ATC-R03,Salbutamol,Respiratory,2.0
2017-09-06,MED-ATC-R03,Salbutamol,Respiratory,3.0
2017-09-07,MED-ATC-R03,Salbutamol,Respiratory,0.0
2017-09-08,MED-ATC-R03,Salbutamol,Respiratory,3.0
2017-09-09,MED-ATC-R03,Salbutamol,Respiratory,0.0
2017-09-10,MED-ATC-R03,Salbutamol,Respiratory,0.0
2017-09-11,MED-ATC-R03,Salbutamol,Respiratory,0.0
2017-09-12,MED-ATC-R03,Salbutamol,Respiratory,1.0
2017-09-13,MED-ATC-R03,Salbutamol,Respiratory,5.0
2017-09-14,MED-ATC-R03,Salbutamol,Respiratory,9.0
2017-09-15,MED-ATC-R03,Salbutamol,Respiratory,8.0
2017-09-16,MED-ATC-R03,Salbutamol,Respiratory,0.0
2017-09-17,MED-ATC-R03,Salbutamol,Respiratory,7.0
2017-09-18,MED-ATC-R03,Salbutamol,Respiratory,1.0
2017-09-19,MED-ATC-R03,Salbutamol,Respiratory,6.0
2017-09-20,MED-ATC-R03,Salbutamol,Respiratory,6.0
2017-09-21,MED-ATC-R03,Salbutamol,Respiratory,0.0
2017-09-22,MED-ATC-R03,Salbutamol,Respiratory,0.0
2017-09-23,MED-ATC-R03,Salbutamol,Respiratory,0.0
2017-09-24,MED-ATC-R03,Salbutamol,Respiratory,6.0
2017-09-25,MED-ATC-R03,Salbutamol,Respiratory,26.0
2017-09-26,MED-ATC-R03,Salbutamol,Respiratory,6.0
2017-09-27,MED-ATC-R03,Salbutamol,Respiratory,3.0
2017-09-28,MED-ATC-R03,Salbutamol,Respiratory,10.0
2017-09-29,MED-ATC-R03,Salbutamol,Respiratory,5.0
2017-09-30,MED-ATC-R03,Salbutamol,Respiratory,28.0
2017-10-01,MED-ATC-R03,Salbutamol,Respiratory,20.0
2017-10-02,MED-ATC-R03,Salbutamol,Respiratory,0.0
2017-10-03,MED-ATC-R03,Salbutamol,Respiratory,5.0
2017-10-04,MED-ATC-R03,Salbutamol,Respiratory,2.0
2017-10-05,MED-ATC-R03,Salbutamol,Respiratory,11.0
2017-10-06,MED-ATC-R03,Salbutamol,Respiratory,6.0
2017-10-07,MED-ATC-R03,Salbutamol,Respiratory,10.0
2017-10-08,MED-ATC-R03,Salbutamol,Respiratory,15.0
2017-10-09,MED-ATC-R03,Salbutamol,Respiratory,0.0
2017-10-10,MED-ATC-R03,Salbutamol,Respiratory,11.0
2017-10-11,MED-ATC-R03,Salbutamol,Respiratory,6.0
2017-10-12,MED-ATC-R03,Salbutamol,Respiratory,1.0
2017-10-13,MED-ATC-R03,Salbutamol,Respiratory,3.0
2017-10-14,MED-ATC-R03,Salbutamol,Respiratory,20.0
2017-10-15,MED-ATC-R03,Salbutamol,Respiratory,11.0
2017-10-16,MED-ATC-R03,Salbutamol,Respiratory,2.0
2017-10-17,MED-ATC-R03,Salbutamol,Respiratory,6.0
2017-10-18,MED-ATC-R03,Salbutamol,Respiratory,1.0
2017-10-19,MED-ATC-R03,Salbutamol,Respiratory,13.0
2017-10-20,MED-ATC-R03,Salbutamol,Respiratory,8.0
2017-10-21,MED-ATC-R03,Salbutamol,Respiratory,5.0
2017-10-22,MED-ATC-R03,Salbutamol,Respiratory,9.0
2017-10-23,MED-ATC-R03,Salbutamol,Respiratory,28.0
2017-10-24,MED-ATC-R03,Salbutamol,Respiratory,10.0
2017-10-25,MED-ATC-R03,Salbutamol,Respiratory,1.0
2017-10-26,MED-ATC-R03,Salbutamol,Respiratory,5.0
2017-10-27,MED-ATC-R03,Salbutamol,Respiratory,21.0
2017-10-28,MED-ATC-R03,Salbutamol,Respiratory,7.0
2017-10-29,MED-ATC-R03,Salbutamol,Respiratory,1.0
2017-10-30,MED-ATC-R03,Salbutamol,Respiratory,9.0
2017-10-31,MED-ATC-R03,Salbutamol,Respiratory,0.0
2017-11-01,MED-ATC-R03,Salbutamol,Respiratory,3.0
2017-11-02,MED-ATC-R03,Salbutamol,Respiratory,11.0
2017-11-03,MED-ATC-R03,Salbutamol,Respiratory,6.0
2017-11-04,MED-ATC-R03,Salbutamol,Respiratory,1.0
2017-11-05,MED-ATC-R03,Salbutamol,Respiratory,5.0
2017-11-06,MED-ATC-R03,Salbutamol,Respiratory,8.0
2017-11-07,MED-ATC-R03,Salbutamol,Respiratory,0.0
2017-11-08,MED-ATC-R03,Salbutamol,Respiratory,5.0
2017-11-09,MED-ATC-R03,Salbutamol,Respiratory,11.0
2017-11-10,MED-ATC-R03,Salbutamol,Respiratory,22.0
2017-11-11,MED-ATC-R03,Salbutamol,Respiratory,2.0
2017-11-12,MED-ATC-R03,Salbutamol,Respiratory,3.0
2017-11-13,MED-ATC-R03,Salbutamol,Respiratory,5.0
2017-11-14,MED-ATC-R03,Salbutamol,Respiratory,19.0
2017-11-15,MED-ATC-R03,Salbutamol,Respiratory,0.0
2017-11-16,MED-ATC-R03,Salbutamol,Respiratory,1.0
2017-11-17,MED-ATC-R03,Salbutamol,Respiratory,30.0
2017-11-18,MED-ATC-R03,Salbutamol,Respiratory,8.0
2017-11-19,MED-ATC-R03,Salbutamol,Respiratory,6.0
2017-11-20,MED-ATC-R03,Salbutamol,Respiratory,2.0
2017-11-21,MED-ATC-R03,Salbutamol,Respiratory,2.0
2017-11-22,MED-ATC-R03,Salbutamol,Respiratory,1.0
2017-11-23,MED-ATC-R03,Salbutamol,Respiratory,0.0
2017-11-24,MED-ATC-R03,Salbutamol,Respiratory,2.0
2017-11-25,MED-ATC-R03,Salbutamol,Respiratory,2.0
2017-11-26,MED-ATC-R03,Salbutamol,Respiratory,12.0
2017-11-27,MED-ATC-R03,Salbutamol,Respiratory,7.0
2017-11-28,MED-ATC-R03,Salbutamol,Respiratory,8.0
2017-11-29,MED-ATC-R03,Salbutamol,Respiratory,5.0
2017-11-30,MED-ATC-R03,Salbutamol,Respiratory,9.0
2017-12-01,MED-ATC-R03,Salbutamol,Respiratory,5.0
2017-12-02,MED-ATC-R03,Salbutamol,Respiratory,0.0
2017-12-03,MED-ATC-R03,Salbutamol,Respiratory,6.0
2017-12-04,MED-ATC-R03,Salbutamol,Respiratory,13.0
2017-12-05,MED-ATC-R03,Salbutamol,Respiratory,6.0
2017-12-06,MED-ATC-R03,Salbutamol,Respiratory,6.0
2017-12-07,MED-ATC-R03,Salbutamol,Respiratory,7.0
2017-12-08,MED-ATC-R03,Salbutamol,Respiratory,7.0
2017-12-09,MED-ATC-R03,Salbutamol,Respiratory,7.0
2017-12-10,MED-ATC-R03,Salbutamol,Respiratory,18.0
2017-12-11,MED-ATC-R03,Salbutamol,Respiratory,6.0
2017-12-12,MED-ATC-R03,Salbutamol,Respiratory,12.0
2017-12-13,MED-ATC-R03,Salbutamol,Respiratory,0.0
2017-12-14,MED-ATC-R03,Salbutamol,Respiratory,0.0
2017-12-15,MED-ATC-R03,Salbutamol,Respiratory,0.0
2017-12-16,MED-ATC-R03,Salbutamol,Respiratory,1.0
2017-12-17,MED-ATC-R03,Salbutamol,Respiratory,15.0
2017-12-18,MED-ATC-R03,Salbutamol,Respiratory,8.0
2017-12-19,MED-ATC-R03,Salbutamol,Respiratory,0.0
2017-12-20,MED-ATC-R03,Salbutamol,Respiratory,11.0
2017-12-21,MED-ATC-R03,Salbutamol,Respiratory,6.0
2017-12-22,MED-ATC-R03,Salbutamol,Respiratory,1.0
2017-12-23,MED-ATC-R03,Salbutamol,Respiratory,1.0
2017-12-24,MED-ATC-R03,Salbutamol,Respiratory,5.0
2017-12-25,MED-ATC-R03,Salbutamol,Respiratory,6.0
2017-12-26,MED-ATC-R03,Salbutamol,Respiratory,9.0
2017-12-27,MED-ATC-R03,Salbutamol,Respiratory,3.0
2017-12-28,MED-ATC-R03,Salbutamol,Respiratory,24.0
2017-12-29,MED-ATC-R03,Salbutamol,Respiratory,11.0
2017-12-30,MED-ATC-R03,Salbutamol,Respiratory,10.0
2017-12-31,MED-ATC-R03,Salbutamol,Respiratory,0.0
2018-01-01,MED-ATC-R03,Salbutamol,Respiratory,0.0
2018-01-02,MED-ATC-R03,Salbutamol,Respiratory,2.0
2018-01-03,MED-ATC-R03,Salbutamol,Respiratory,10.0
2018-01-04,MED-ATC-R03,Salbutamol,Respiratory,1.0
2018-01-05,MED-ATC-R03,Salbutamol,Respiratory,21.0
2018-01-06,MED-ATC-R03,Salbutamol,Respiratory,5.0
2018-01-07,MED-ATC-R03,Salbutamol,Respiratory,0.0
2018-01-08,MED-ATC-R03,Salbutamol,Respiratory,0.0
2018-01-09,MED-ATC-R03,Salbutamol,Respiratory,10.0
2018-01-10,MED-ATC-R03,Salbutamol,Respiratory,6.0
2018-01-11,MED-ATC-R03,Salbutamol,Respiratory,5.0
2018-01-12,MED-ATC-R03,Salbutamol,Respiratory,10.0
2018-01-13,MED-ATC-R03,Salbutamol,Respiratory,8.0
2018-01-14,MED-ATC-R03,Salbutamol,Respiratory,5.0
2018-01-15,MED-ATC-R03,Salbutamol,Respiratory,15.0
2018-01-16,MED-ATC-R03,Salbutamol,Respiratory,8.0
2018-01-17,MED-ATC-R03,Salbutamol,Respiratory,41.0
2018-01-18,MED-ATC-R03,Salbutamol,Respiratory,2.0
2018-01-19,MED-ATC-R03,Salbutamol,Respiratory,3.0
2018-01-20,MED-ATC-R03,Salbutamol,Respiratory,5.0
2018-01-21,MED-ATC-R03,Salbutamol,Respiratory,1.0
2018-01-22,MED-ATC-R03,Salbutamol,Respiratory,6.0
2018-01-23,MED-ATC-R03,Salbutamol,Respiratory,5.0
2018-01-24,MED-ATC-R03,Salbutamol,Respiratory,4.0
2018-01-25,MED-ATC-R03,Salbutamol,Respiratory,7.0
2018-01-26,MED-ATC-R03,Salbutamol,Respiratory,12.0
2018-01-27,MED-ATC-R03,Salbutamol,Respiratory,3.0
2018-01-28,MED-ATC-R03,Salbutamol,Respiratory,10.0
2018-01-29,MED-ATC-R03,Salbutamol,Respiratory,4.0
2018-01-30,MED-ATC-R03,Salbutamol,Respiratory,4.0
2018-01-31,MED-ATC-R03,Salbutamol,Respiratory,6.0
2018-02-01,MED-ATC-R03,Salbutamol,Respiratory,6.0
2018-02-02,MED-ATC-R03,Salbutamol,Respiratory,6.0
2018-02-03,MED-ATC-R03,Salbutamol,Respiratory,5.0
2018-02-04,MED-ATC-R03,Salbutamol,Respiratory,3.0
2018-02-05,MED-ATC-R03,Salbutamol,Respiratory,6.0
2018-02-06,MED-ATC-R03,Salbutamol,Respiratory,5.0
2018-02-07,MED-ATC-R03,Salbutamol,Respiratory,23.0
2018-02-08,MED-ATC-R03,Salbutamol,Respiratory,1.25
2018-02-09,MED-ATC-R03,Salbutamol,Respiratory,11.0
2018-02-10,MED-ATC-R03,Salbutamol,Respiratory,15.0
2018-02-11,MED-ATC-R03,Salbutamol,Respiratory,10.0
2018-02-12,MED-ATC-R03,Salbutamol,Respiratory,1.0
2018-02-13,MED-ATC-R03,Salbutamol,Respiratory,10.0
2018-02-14,MED-ATC-R03,Salbutamol,Respiratory,14.0
2018-02-15,MED-ATC-R03,Salbutamol,Respiratory,10.0
2018-02-16,MED-ATC-R03,Salbutamol,Respiratory,0.0
2018-02-17,MED-ATC-R03,Salbutamol,Respiratory,9.0
2018-02-18,MED-ATC-R03,Salbutamol,Respiratory,4.0
2018-02-19,MED-ATC-R03,Salbutamol,Respiratory,12.0
2018-02-20,MED-ATC-R03,Salbutamol,Respiratory,2.0
2018-02-21,MED-ATC-R03,Salbutamol,Respiratory,6.0
2018-02-22,MED-ATC-R03,Salbutamol,Respiratory,20.0
2018-02-23,MED-ATC-R03,Salbutamol,Respiratory,12.0
2018-02-24,MED-ATC-R03,Salbutamol,Respiratory,8.0
2018-02-25,MED-ATC-R03,Salbutamol,Respiratory,10.0
2018-02-26,MED-ATC-R03,Salbutamol,Respiratory,7.0
2018-02-27,MED-ATC-R03,Salbutamol,Respiratory,8.0
2018-02-28,MED-ATC-R03,Salbutamol,Respiratory,0.0
2018-03-01,MED-ATC-R03,Salbutamol,Respiratory,12.0
2018-03-02,MED-ATC-R03,Salbutamol,Respiratory,17.0
2018-03-03,MED-ATC-R03,Salbutamol,Respiratory,10.0
2018-03-04,MED-ATC-R03,Salbutamol,Respiratory,14.0
2018-03-05,MED-ATC-R03,Salbutamol,Respiratory,17.0
2018-03-06,MED-ATC-R03,Salbutamol,Respiratory,2.0
2018-03-07,MED-ATC-R03,Salbutamol,Respiratory,11.0
2018-03-08,MED-ATC-R03,Salbutamol,Respiratory,0.0
2018-03-09,MED-ATC-R03,Salbutamol,Respiratory,10.0
2018-03-10,MED-ATC-R03,Salbutamol,Respiratory,17.0
2018-03-11,MED-ATC-R03,Salbutamol,Respiratory,11.0
2018-03-12,MED-ATC-R03,Salbutamol,Respiratory,13.0
2018-03-13,MED-ATC-R03,Salbutamol,Respiratory,21.0
2018-03-14,MED-ATC-R03,Salbutamol,Respiratory,8.0
2018-03-15,MED-ATC-R03,Salbutamol,Respiratory,10.0
2018-03-16,MED-ATC-R03,Salbutamol,Respiratory,2.0
2018-03-17,MED-ATC-R03,Salbutamol,Respiratory,5.0
2018-03-18,MED-ATC-R03,Salbutamol,Respiratory,2.0
2018-03-19,MED-ATC-R03,Salbutamol,Respiratory,18.0
2018-03-20,MED-ATC-R03,Salbutamol,Respiratory,15.0
2018-03-21,MED-ATC-R03,Salbutamol,Respiratory,9.0
2018-03-22,MED-ATC-R03,Salbutamol,Respiratory,0.0
2018-03-23,MED-ATC-R03,Salbutamol,Respiratory,11.0
2018-03-24,MED-ATC-R03,Salbutamol,Respiratory,2.0
2018-03-25,MED-ATC-R03,Salbutamol,Respiratory,3.0
2018-03-26,MED-ATC-R03,Salbutamol,Respiratory,5.0
2018-03-27,MED-ATC-R03,Salbutamol,Respiratory,5.0
2018-03-28,MED-ATC-R03,Salbutamol,Respiratory,6.0
2018-03-29,MED-ATC-R03,Salbutamol,Respiratory,7.0
2018-03-30,MED-ATC-R03,Salbutamol,Respiratory,3.0
2018-03-31,MED-ATC-R03,Salbutamol,Respiratory,3.0
2018-04-01,MED-ATC-R03,Salbutamol,Respiratory,22.0
2018-04-02,MED-ATC-R03,Salbutamol,Respiratory,10.0
2018-04-03,MED-ATC-R03,Salbutamol,Respiratory,5.0
2018-04-04,MED-ATC-R03,Salbutamol,Respiratory,1.0
2018-04-05,MED-ATC-R03,Salbutamol,Respiratory,16.0
2018-04-06,MED-ATC-R03,Salbutamol,Respiratory,23.0
2018-04-07,MED-ATC-R03,Salbutamol,Respiratory,5.0
2018-04-08,MED-ATC-R03,Salbutamol,Respiratory,0.0
2018-04-09,MED-ATC-R03,Salbutamol,Respiratory,10.0
2018-04-10,MED-ATC-R03,Salbutamol,Respiratory,7.0
2018-04-11,MED-ATC-R03,Salbutamol,Respiratory,3.0
2018-04-12,MED-ATC-R03,Salbutamol,Respiratory,6.0
2018-04-13,MED-ATC-R03,Salbutamol,Respiratory,23.0
2018-04-14,MED-ATC-R03,Salbutamol,Respiratory,3.0
2018-04-15,MED-ATC-R03,Salbutamol,Respiratory,0.0
2018-04-16,MED-ATC-R03,Salbutamol,Respiratory,4.0
2018-04-17,MED-ATC-R03,Salbutamol,Respiratory,6.0
2018-04-18,MED-ATC-R03,Salbutamol,Respiratory,7.0
2018-04-19,MED-ATC-R03,Salbutamol,Respiratory,1.0
2018-04-20,MED-ATC-R03,Salbutamol,Respiratory,6.0
2018-04-21,MED-ATC-R03,Salbutamol,Respiratory,4.0
2018-04-22,MED-ATC-R03,Salbutamol,Respiratory,0.0
2018-04-23,MED-ATC-R03,Salbutamol,Respiratory,2.0
2018-04-24,MED-ATC-R03,Salbutamol,Respiratory,1.0
2018-04-25,MED-ATC-R03,Salbutamol,Respiratory,30.0
2018-04-26,MED-ATC-R03,Salbutamol,Respiratory,7.0
2018-04-27,MED-ATC-R03,Salbutamol,Respiratory,6.0
2018-04-28,MED-ATC-R03,Salbutamol,Respiratory,6.0
2018-04-29,MED-ATC-R03,Salbutamol,Respiratory,14.0
2018-04-30,MED-ATC-R03,Salbutamol,Respiratory,1.0
2018-05-01,MED-ATC-R03,Salbutamol,Respiratory,1.0
2018-05-02,MED-ATC-R03,Salbutamol,Respiratory,3.0
2018-05-03,MED-ATC-R03,Salbutamol,Respiratory,16.0
2018-05-04,MED-ATC-R03,Salbutamol,Respiratory,2.0
2018-05-05,MED-ATC-R03,Salbutamol,Respiratory,0.0
2018-05-06,MED-ATC-R03,Salbutamol,Respiratory,3.0
2018-05-07,MED-ATC-R03,Salbutamol,Respiratory,7.0
2018-05-08,MED-ATC-R03,Salbutamol,Respiratory,1.0
2018-05-09,MED-ATC-R03,Salbutamol,Respiratory,2.0
2018-05-10,MED-ATC-R03,Salbutamol,Respiratory,1.0
2018-05-11,MED-ATC-R03,Salbutamol,Respiratory,2.0
2018-05-12,MED-ATC-R03,Salbutamol,Respiratory,11.0
2018-05-13,MED-ATC-R03,Salbutamol,Respiratory,7.0
2018-05-14,MED-ATC-R03,Salbutamol,Respiratory,37.0
2018-05-15,MED-ATC-R03,Salbutamol,Respiratory,5.0
2018-05-16,MED-ATC-R03,Salbutamol,Respiratory,2.0
2018-05-17,MED-ATC-R03,Salbutamol,Respiratory,1.0
2018-05-18,MED-ATC-R03,Salbutamol,Respiratory,2.0
2018-05-19,MED-ATC-R03,Salbutamol,Respiratory,0.0
2018-05-20,MED-ATC-R03,Salbutamol,Respiratory,0.0
2018-05-21,MED-ATC-R03,Salbutamol,Respiratory,11.0
2018-05-22,MED-ATC-R03,Salbutamol,Respiratory,6.0
2018-05-23,MED-ATC-R03,Salbutamol,Respiratory,0.0
2018-05-24,MED-ATC-R03,Salbutamol,Respiratory,10.0
2018-05-25,MED-ATC-R03,Salbutamol,Respiratory,1.0
2018-05-26,MED-ATC-R03,Salbutamol,Respiratory,3.0
2018-05-27,MED-ATC-R03,Salbutamol,Respiratory,0.0
2018-05-28,MED-ATC-R03,Salbutamol,Respiratory,7.0
2018-05-29,MED-ATC-R03,Salbutamol,Respiratory,4.0
2018-05-30,MED-ATC-R03,Salbutamol,Respiratory,14.0
2018-05-31,MED-ATC-R03,Salbutamol,Respiratory,8.0
2018-06-01,MED-ATC-R03,Salbutamol,Respiratory,5.0
2018-06-02,MED-ATC-R03,Salbutamol,Respiratory,7.0
2018-06-03,MED-ATC-R03,Salbutamol,Respiratory,0.0
2018-06-04,MED-ATC-R03,Salbutamol,Respiratory,6.0
2018-06-05,MED-ATC-R03,Salbutamol,Respiratory,0.0
2018-06-06,MED-ATC-R03,Salbutamol,Respiratory,0.0
2018-06-07,MED-ATC-R03,Salbutamol,Respiratory,10.0
2018-06-08,MED-ATC-R03,Salbutamol,Respiratory,2.0
2018-06-09,MED-ATC-R03,Salbutamol,Respiratory,5.0
2018-06-10,MED-ATC-R03,Salbutamol,Respiratory,0.0
2018-06-11,MED-ATC-R03,Salbutamol,Respiratory,0.0
2018-06-12,MED-ATC-R03,Salbutamol,Respiratory,1.0
2018-06-13,MED-ATC-R03,Salbutamol,Respiratory,0.0
2018-06-14,MED-ATC-R03,Salbutamol,Respiratory,0.0
2018-06-15,MED-ATC-R03,Salbutamol,Respiratory,8.0
2018-06-16,MED-ATC-R03,Salbutamol,Respiratory,2.0
2018-06-17,MED-ATC-R03,Salbutamol,Respiratory,5.0
2018-06-18,MED-ATC-R03,Salbutamol,Respiratory,1.0
2018-06-19,MED-ATC-R03,Salbutamol,Respiratory,5.0
2018-06-20,MED-ATC-R03,Salbutamol,Respiratory,11.0
2018-06-21,MED-ATC-R03,Salbutamol,Respiratory,5.0
2018-06-22,MED-ATC-R03,Salbutamol,Respiratory,6.0
2018-06-23,MED-ATC-R03,Salbutamol,Respiratory,1.0
2018-06-24,MED-ATC-R03,Salbutamol,Respiratory,0.0
2018-06-25,MED-ATC-R03,Salbutamol,Respiratory,5.0
2018-06-26,MED-ATC-R03,Salbutamol,Respiratory,9.0
2018-06-27,MED-ATC-R03,Salbutamol,Respiratory,2.0
2018-06-28,MED-ATC-R03,Salbutamol,Respiratory,5.0
2018-06-29,MED-ATC-R03,Salbutamol,Respiratory,0.0
2018-06-30,MED-ATC-R03,Salbutamol,Respiratory,0.0
2018-07-01,MED-ATC-R03,Salbutamol,Respiratory,10.0
2018-07-02,MED-ATC-R03,Salbutamol,Respiratory,3.0
2018-07-03,MED-ATC-R03,Salbutamol,Respiratory,8.0
2018-07-04,MED-ATC-R03,Salbutamol,Respiratory,22.0
2018-07-05,MED-ATC-R03,Salbutamol,Respiratory,3.0
2018-07-06,MED-ATC-R03,Salbutamol,Respiratory,0.0
2018-07-07,MED-ATC-R03,Salbutamol,Respiratory,0.0
2018-07-08,MED-ATC-R03,Salbutamol,Respiratory,5.0
2018-07-09,MED-ATC-R03,Salbutamol,Respiratory,0.0
2018-07-10,MED-ATC-R03,Salbutamol,Respiratory,2.0
2018-07-11,MED-ATC-R03,Salbutamol,Respiratory,6.0
2018-07-12,MED-ATC-R03,Salbutamol,Respiratory,0.0
2018-07-13,MED-ATC-R03,Salbutamol,Respiratory,2.0
2018-07-14,MED-ATC-R03,Salbutamol,Respiratory,0.0
2018-07-15,MED-ATC-R03,Salbutamol,Respiratory,1.0
2018-07-16,MED-ATC-R03,Salbutamol,Respiratory,0.0
2018-07-17,MED-ATC-R03,Salbutamol,Respiratory,0.0
2018-07-18,MED-ATC-R03,Salbutamol,Respiratory,12.0
2018-07-19,MED-ATC-R03,Salbutamol,Respiratory,0.0
2018-07-20,MED-ATC-R03,Salbutamol,Respiratory,2.0
2018-07-21,MED-ATC-R03,Salbutamol,Respiratory,5.0
2018-07-22,MED-ATC-R03,Salbutamol,Respiratory,5.0
2018-07-23,MED-ATC-R03,Salbutamol,Respiratory,0.0
2018-07-24,MED-ATC-R03,Salbutamol,Respiratory,2.0
2018-07-25,MED-ATC-R03,Salbutamol,Respiratory,0.0
2018-07-26,MED-ATC-R03,Salbutamol,Respiratory,1.0
2018-07-27,MED-ATC-R03,Salbutamol,Respiratory,1.0
2018-07-28,MED-ATC-R03,Salbutamol,Respiratory,0.0
2018-07-29,MED-ATC-R03,Salbutamol,Respiratory,0.0
2018-07-30,MED-ATC-R03,Salbutamol,Respiratory,0.0
2018-07-31,MED-ATC-R03,Salbutamol,Respiratory,0.0
2018-08-01,MED-ATC-R03,Salbutamol,Respiratory,1.0
2018-08-02,MED-ATC-R03,Salbutamol,Respiratory,2.0
2018-08-03,MED-ATC-R03,Salbutamol,Respiratory,0.0
2018-08-04,MED-ATC-R03,Salbutamol,Respiratory,0.0
2018-08-05,MED-ATC-R03,Salbutamol,Respiratory,6.0
2018-08-06,MED-ATC-R03,Salbutamol,Respiratory,6.0
2018-08-07,MED-ATC-R03,Salbutamol,Respiratory,1.0
2018-08-08,MED-ATC-R03,Salbutamol,Respiratory,0.0
2018-08-09,MED-ATC-R03,Salbutamol,Respiratory,0.0
2018-08-10,MED-ATC-R03,Salbutamol,Respiratory,0.0
2018-08-11,MED-ATC-R03,Salbutamol,Respiratory,5.0
2018-08-12,MED-ATC-R03,Salbutamol,Respiratory,1.0
2018-08-13,MED-ATC-R03,Salbutamol,Respiratory,3.0
2018-08-14,MED-ATC-R03,Salbutamol,Respiratory,4.0
2018-08-15,MED-ATC-R03,Salbutamol,Respiratory,0.0
2018-08-16,MED-ATC-R03,Salbutamol,Respiratory,5.0
2018-08-17,MED-ATC-R03,Salbutamol,Respiratory,5.0
2018-08-18,MED-ATC-R03,Salbutamol,Respiratory,6.0
2018-08-19,MED-ATC-R03,Salbutamol,Respiratory,5.0
2018-08-20,MED-ATC-R03,Salbutamol,Respiratory,20.0
2018-08-21,MED-ATC-R03,Salbutamol,Respiratory,1.0
2018-08-22,MED-ATC-R03,Salbutamol,Respiratory,0.0
2018-08-23,MED-ATC-R03,Salbutamol,Respiratory,23.0
2018-08-24,MED-ATC-R03,Salbutamol,Respiratory,21.0
2018-08-25,MED-ATC-R03,Salbutamol,Respiratory,6.0
2018-08-26,MED-ATC-R03,Salbutamol,Respiratory,8.0
2018-08-27,MED-ATC-R03,Salbutamol,Respiratory,1.0
2018-08-28,MED-ATC-R03,Salbutamol,Respiratory,0.0
2018-08-29,MED-ATC-R03,Salbutamol,Respiratory,5.0
2018-08-30,MED-ATC-R03,Salbutamol,Respiratory,4.0
2018-08-31,MED-ATC-R03,Salbutamol,Respiratory,20.0
2018-09-01,MED-ATC-R03,Salbutamol,Respiratory,1.0
2018-09-02,MED-ATC-R03,Salbutamol,Respiratory,5.0
2018-09-03,MED-ATC-R03,Salbutamol,Respiratory,0.0
2018-09-04,MED-ATC-R03,Salbutamol,Respiratory,3.0
2018-09-05,MED-ATC-R03,Salbutamol,Respiratory,3.0
2018-09-06,MED-ATC-R03,Salbutamol,Respiratory,5.0
2018-09-07,MED-ATC-R03,Salbutamol,Respiratory,22.0
2018-09-08,MED-ATC-R03,Salbutamol,Respiratory,10.0
2018-09-09,MED-ATC-R03,Salbutamol,Respiratory,0.0
2018-09-10,MED-ATC-R03,Salbutamol,Respiratory,1.0
2018-09-11,MED-ATC-R03,Salbutamol,Respiratory,6.0
2018-09-12,MED-ATC-R03,Salbutamol,Respiratory,5.0
2018-09-13,MED-ATC-R03,Salbutamol,Respiratory,12.0
2018-09-14,MED-ATC-R03,Salbutamol,Respiratory,1.0
2018-09-15,MED-ATC-R03,Salbutamol,Respiratory,10.0
2018-09-16,MED-ATC-R03,Salbutamol,Respiratory,7.0
2018-09-17,MED-ATC-R03,Salbutamol,Respiratory,5.0
2018-09-18,MED-ATC-R03,Salbutamol,Respiratory,1.0
2018-09-19,MED-ATC-R03,Salbutamol,Respiratory,9.0
2018-09-20,MED-ATC-R03,Salbutamol,Respiratory,0.0
2018-09-21,MED-ATC-R03,Salbutamol,Respiratory,1.0
2018-09-22,MED-ATC-R03,Salbutamol,Respiratory,23.0
2018-09-23,MED-ATC-R03,Salbutamol,Respiratory,8.0
2018-09-24,MED-ATC-R03,Salbutamol,Respiratory,9.0
2018-09-25,MED-ATC-R03,Salbutamol,Respiratory,22.0
2018-09-26,MED-ATC-R03,Salbutamol,Respiratory,0.0
2018-09-27,MED-ATC-R03,Salbutamol,Respiratory,7.0
2018-09-28,MED-ATC-R03,Salbutamol,Respiratory,5.0
2018-09-29,MED-ATC-R03,Salbutamol,Respiratory,21.0
2018-09-30,MED-ATC-R03,Salbutamol,Respiratory,3.0
2018-10-01,MED-ATC-R03,Salbutamol,Respiratory,21.0
2018-10-02,MED-ATC-R03,Salbutamol,Respiratory,6.0
2018-10-03,MED-ATC-R03,Salbutamol,Respiratory,5.0
2018-10-04,MED-ATC-R03,Salbutamol,Respiratory,5.0
2018-10-05,MED-ATC-R03,Salbutamol,Respiratory,14.0
2018-10-06,MED-ATC-R03,Salbutamol,Respiratory,3.0
2018-10-07,MED-ATC-R03,Salbutamol,Respiratory,9.0
2018-10-08,MED-ATC-R03,Salbutamol,Respiratory,0.0
2018-10-09,MED-ATC-R03,Salbutamol,Respiratory,29.0
2018-10-10,MED-ATC-R03,Salbutamol,Respiratory,20.0
2018-10-11,MED-ATC-R03,Salbutamol,Respiratory,0.0
2018-10-12,MED-ATC-R03,Salbutamol,Respiratory,1.0
2018-10-13,MED-ATC-R03,Salbutamol,Respiratory,6.0
2018-10-14,MED-ATC-R03,Salbutamol,Respiratory,0.0
2018-10-15,MED-ATC-R03,Salbutamol,Respiratory,5.0
2018-10-16,MED-ATC-R03,Salbutamol,Respiratory,6.0
2018-10-17,MED-ATC-R03,Salbutamol,Respiratory,1.0
2018-10-18,MED-ATC-R03,Salbutamol,Respiratory,10.0
2018-10-19,MED-ATC-R03,Salbutamol,Respiratory,6.0
2018-10-20,MED-ATC-R03,Salbutamol,Respiratory,34.0
2018-10-21,MED-ATC-R03,Salbutamol,Respiratory,5.0
2018-10-22,MED-ATC-R03,Salbutamol,Respiratory,28.0
2018-10-23,MED-ATC-R03,Salbutamol,Respiratory,11.0
2018-10-24,MED-ATC-R03,Salbutamol,Respiratory,10.0
2018-10-25,MED-ATC-R03,Salbutamol,Respiratory,33.0
2018-10-26,MED-ATC-R03,Salbutamol,Respiratory,14.0
2018-10-27,MED-ATC-R03,Salbutamol,Respiratory,7.0
2018-10-28,MED-ATC-R03,Salbutamol,Respiratory,13.0
2018-10-29,MED-ATC-R03,Salbutamol,Respiratory,10.0
2018-10-30,MED-ATC-R03,Salbutamol,Respiratory,13.0
2018-10-31,MED-ATC-R03,Salbutamol,Respiratory,2.0
2018-11-01,MED-ATC-R03,Salbutamol,Respiratory,7.0
2018-11-02,MED-ATC-R03,Salbutamol,Respiratory,1.0
2018-11-03,MED-ATC-R03,Salbutamol,Respiratory,0.0
2018-11-04,MED-ATC-R03,Salbutamol,Respiratory,13.0
2018-11-05,MED-ATC-R03,Salbutamol,Respiratory,13.0
2018-11-06,MED-ATC-R03,Salbutamol,Respiratory,13.0
2018-11-07,MED-ATC-R03,Salbutamol,Respiratory,8.0
2018-11-08,MED-ATC-R03,Salbutamol,Respiratory,16.0
2018-11-09,MED-ATC-R03,Salbutamol,Respiratory,22.0
2018-11-10,MED-ATC-R03,Salbutamol,Respiratory,11.0
2018-11-11,MED-ATC-R03,Salbutamol,Respiratory,10.0
2018-11-12,MED-ATC-R03,Salbutamol,Respiratory,24.0
2018-11-13,MED-ATC-R03,Salbutamol,Respiratory,18.0
2018-11-14,MED-ATC-R03,Salbutamol,Respiratory,0.0
2018-11-15,MED-ATC-R03,Salbutamol,Respiratory,29.0
2018-11-16,MED-ATC-R03,Salbutamol,Respiratory,6.0
2018-11-17,MED-ATC-R03,Salbutamol,Respiratory,13.0
2018-11-18,MED-ATC-R03,Salbutamol,Respiratory,10.0
2018-11-19,MED-ATC-R03,Salbutamol,Respiratory,3.0
2018-11-20,MED-ATC-R03,Salbutamol,Respiratory,10.0
2018-11-21,MED-ATC-R03,Salbutamol,Respiratory,5.0
2018-11-22,MED-ATC-R03,Salbutamol,Respiratory,15.0
2018-11-23,MED-ATC-R03,Salbutamol,Respiratory,24.0
2018-11-24,MED-ATC-R03,Salbutamol,Respiratory,7.0
2018-11-25,MED-ATC-R03,Salbutamol,Respiratory,3.0
2018-11-26,MED-ATC-R03,Salbutamol,Respiratory,16.0
2018-11-27,MED-ATC-R03,Salbutamol,Respiratory,5.0
2018-11-28,MED-ATC-R03,Salbutamol,Respiratory,8.0
2018-11-29,MED-ATC-R03,Salbutamol,Respiratory,1.0
2018-11-30,MED-ATC-R03,Salbutamol,Respiratory,0.0
2018-12-01,MED-ATC-R03,Salbutamol,Respiratory,13.0
2018-12-02,MED-ATC-R03,Salbutamol,Respiratory,27.0
2018-12-03,MED-ATC-R03,Salbutamol,Respiratory,13.0
2018-12-04,MED-ATC-R03,Salbutamol,Respiratory,5.0
2018-12-05,MED-ATC-R03,Salbutamol,Respiratory,15.0
2018-12-06,MED-ATC-R03,Salbutamol,Respiratory,0.0
2018-12-07,MED-ATC-R03,Salbutamol,Respiratory,12.0
2018-12-08,MED-ATC-R03,Salbutamol,Respiratory,0.0
2018-12-09,MED-ATC-R03,Salbutamol,Respiratory,11.0
2018-12-10,MED-ATC-R03,Salbutamol,Respiratory,7.0
2018-12-11,MED-ATC-R03,Salbutamol,Respiratory,2.0
2018-12-12,MED-ATC-R03,Salbutamol,Respiratory,21.0
2018-12-13,MED-ATC-R03,Salbutamol,Respiratory,6.0
2018-12-14,MED-ATC-R03,Salbutamol,Respiratory,29.0
2018-12-15,MED-ATC-R03,Salbutamol,Respiratory,26.0
2018-12-16,MED-ATC-R03,Salbutamol,Respiratory,7.0
2018-12-17,MED-ATC-R03,Salbutamol,Respiratory,22.0
2018-12-18,MED-ATC-R03,Salbutamol,Respiratory,9.0
2018-12-19,MED-ATC-R03,Salbutamol,Respiratory,0.0
2018-12-20,MED-ATC-R03,Salbutamol,Respiratory,1.0
2018-12-21,MED-ATC-R03,Salbutamol,Respiratory,13.0
2018-12-22,MED-ATC-R03,Salbutamol,Respiratory,0.0
2018-12-23,MED-ATC-R03,Salbutamol,Respiratory,13.0
2018-12-24,MED-ATC-R03,Salbutamol,Respiratory,8.0
2018-12-25,MED-ATC-R03,Salbutamol,Respiratory,21.0
2018-12-26,MED-ATC-R03,Salbutamol,Respiratory,13.0
2018-12-27,MED-ATC-R03,Salbutamol,Respiratory,7.0
2018-12-28,MED-ATC-R03,Salbutamol,Respiratory,9.0
2018-12-29,MED-ATC-R03,Salbutamol,Respiratory,7.0
2018-12-30,MED-ATC-R03,Salbutamol,Respiratory,31.0
2018-12-31,MED-ATC-R03,Salbutamol,Respiratory,6.0
2014-01-02,MED-ATC-R06,Cetirizine,Antihistamine,2.0
2014-01-03,MED-ATC-R06,Cetirizine,Antihistamine,4.0
2014-01-04,MED-ATC-R06,Cetirizine,Antihistamine,1.0
2014-01-05,MED-ATC-R06,Cetirizine,Antihistamine,0.0
2014-01-06,MED-ATC-R06,Cetirizine,Antihistamine,2.0
2014-01-07,MED-ATC-R06,Cetirizine,Antihistamine,0.0
2014-01-08,MED-ATC-R06,Cetirizine,Antihistamine,0.0
2014-01-09,MED-ATC-R06,Cetirizine,Antihistamine,2.0
2014-01-10,MED-ATC-R06,Cetirizine,Antihistamine,2.0
2014-01-11,MED-ATC-R06,Cetirizine,Antihistamine,0.2
2014-01-12,MED-ATC-R06,Cetirizine,Antihistamine,1.0
2014-01-13,MED-ATC-R06,Cetirizine,Antihistamine,1.0
2014-01-14,MED-ATC-R06,Cetirizine,Antihistamine,2.0
2014-01-15,MED-ATC-R06,Cetirizine,Antihistamine,3.0
2014-01-16,MED-ATC-R06,Cetirizine,Antihistamine,0.0
2014-01-17,MED-ATC-R06,Cetirizine,Antihistamine,3.0
2014-01-18,MED-ATC-R06,Cetirizine,Antihistamine,2.0
2014-01-19,MED-ATC-R06,Cetirizine,Antihistamine,1.0
2014-01-20,MED-ATC-R06,Cetirizine,Antihistamine,3.0
2014-01-21,MED-ATC-R06,Cetirizine,Antihistamine,1.0
2014-01-22,MED-ATC-R06,Cetirizine,Antihistamine,2.0
2014-01-23,MED-ATC-R06,Cetirizine,Antihistamine,3.0
2014-01-24,MED-ATC-R06,Cetirizine,Antihistamine,0.0
2014-01-25,MED-ATC-R06,Cetirizine,Antihistamine,1.0
2014-01-26,MED-ATC-R06,Cetirizine,Antihistamine,0.0
2014-01-27,MED-ATC-R06,Cetirizine,Antihistamine,3.0
2014-01-28,MED-ATC-R06,Cetirizine,Antihistamine,5.0
2014-01-29,MED-ATC-R06,Cetirizine,Antihistamine,2.0
2014-01-30,MED-ATC-R06,Cetirizine,Antihistamine,2.0
2014-01-31,MED-ATC-R06,Cetirizine,Antihistamine,0.0
2014-02-01,MED-ATC-R06,Cetirizine,Antihistamine,0.0
2014-02-02,MED-ATC-R06,Cetirizine,Antihistamine,0.0
2014-02-03,MED-ATC-R06,Cetirizine,Antihistamine,0.0
2014-02-04,MED-ATC-R06,Cetirizine,Antihistamine,2.0
2014-02-05,MED-ATC-R06,Cetirizine,Antihistamine,1.0
2014-02-06,MED-ATC-R06,Cetirizine,Antihistamine,2.0
2014-02-07,MED-ATC-R06,Cetirizine,Antihistamine,0.0
2014-02-08,MED-ATC-R06,Cetirizine,Antihistamine,1.0
2014-02-09,MED-ATC-R06,Cetirizine,Antihistamine,0.0
2014-02-10,MED-ATC-R06,Cetirizine,Antihistamine,1.0
2014-02-11,MED-ATC-R06,Cetirizine,Antihistamine,2.2
2014-02-12,MED-ATC-R06,Cetirizine,Antihistamine,0.0
2014-02-13,MED-ATC-R06,Cetirizine,Antihistamine,1.0
2014-02-14,MED-ATC-R06,Cetirizine,Antihistamine,6.0
2014-02-15,MED-ATC-R06,Cetirizine,Antihistamine,5.0
2014-02-16,MED-ATC-R06,Cetirizine,Antihistamine,1.0
2014-02-17,MED-ATC-R06,Cetirizine,Antihistamine,0.0
2014-02-18,MED-ATC-R06,Cetirizine,Antihistamine,5.0
2014-02-19,MED-ATC-R06,Cetirizine,Antihistamine,1.0
2014-02-20,MED-ATC-R06,Cetirizine,Antihistamine,1.0
2014-02-21,MED-ATC-R06,Cetirizine,Antihistamine,0.0
2014-02-22,MED-ATC-R06,Cetirizine,Antihistamine,0.0
2014-02-23,MED-ATC-R06,Cetirizine,Antihistamine,0.0
2014-02-24,MED-ATC-R06,Cetirizine,Antihistamine,3.0
2014-02-25,MED-ATC-R06,Cetirizine,Antihistamine,2.0
2014-02-26,MED-ATC-R06,Cetirizine,Antihistamine,1.0
2014-02-27,MED-ATC-R06,Cetirizine,Antihistamine,1.0
2014-02-28,MED-ATC-R06,Cetirizine,Antihistamine,0.0
2014-03-01,MED-ATC-R06,Cetirizine,Antihistamine,2.1
2014-03-02,MED-ATC-R06,Cetirizine,Antihistamine,1.0
2014-03-03,MED-ATC-R06,Cetirizine,Antihistamine,2.2
2014-03-04,MED-ATC-R06,Cetirizine,Antihistamine,4.0
2014-03-05,MED-ATC-R06,Cetirizine,Antihistamine,0.0
2014-03-06,MED-ATC-R06,Cetirizine,Antihistamine,1.0
2014-03-07,MED-ATC-R06,Cetirizine,Antihistamine,2.0
2014-03-08,MED-ATC-R06,Cetirizine,Antihistamine,0.0
2014-03-09,MED-ATC-R06,Cetirizine,Antihistamine,0.0
2014-03-10,MED-ATC-R06,Cetirizine,Antihistamine,2.0
2014-03-11,MED-ATC-R06,Cetirizine,Antihistamine,5.0
2014-03-12,MED-ATC-R06,Cetirizine,Antihistamine,2.0
2014-03-13,MED-ATC-R06,Cetirizine,Antihistamine,2.0
2014-03-14,MED-ATC-R06,Cetirizine,Antihistamine,2.0
2014-03-15,MED-ATC-R06,Cetirizine,Antihistamine,2.0
2014-03-16,MED-ATC-R06,Cetirizine,Antihistamine,4.0
2014-03-17,MED-ATC-R06,Cetirizine,Antihistamine,1.0
2014-03-18,MED-ATC-R06,Cetirizine,Antihistamine,4.0
2014-03-19,MED-ATC-R06,Cetirizine,Antihistamine,2.0
2014-03-20,MED-ATC-R06,Cetirizine,Antihistamine,4.2
2014-03-21,MED-ATC-R06,Cetirizine,Antihistamine,1.0
2014-03-22,MED-ATC-R06,Cetirizine,Antihistamine,8.4
2014-03-23,MED-ATC-R06,Cetirizine,Antihistamine,3.0
2014-03-24,MED-ATC-R06,Cetirizine,Antihistamine,3.5
2014-03-25,MED-ATC-R06,Cetirizine,Antihistamine,1.0
2014-03-26,MED-ATC-R06,Cetirizine,Antihistamine,0.0
2014-03-27,MED-ATC-R06,Cetirizine,Antihistamine,5.0
2014-03-28,MED-ATC-R06,Cetirizine,Antihistamine,5.0
2014-03-29,MED-ATC-R06,Cetirizine,Antihistamine,3.0
2014-03-30,MED-ATC-R06,Cetirizine,Antihistamine,7.0
2014-03-31,MED-ATC-R06,Cetirizine,Antihistamine,6.0
2014-04-01,MED-ATC-R06,Cetirizine,Antihistamine,1.0
2014-04-02,MED-ATC-R06,Cetirizine,Antihistamine,3.0
2014-04-03,MED-ATC-R06,Cetirizine,Antihistamine,4.0
2014-04-04,MED-ATC-R06,Cetirizine,Antihistamine,2.0
2014-04-05,MED-ATC-R06,Cetirizine,Antihistamine,3.0
2014-04-06,MED-ATC-R06,Cetirizine,Antihistamine,1.0
2014-04-07,MED-ATC-R06,Cetirizine,Antihistamine,1.0
2014-04-08,MED-ATC-R06,Cetirizine,Antihistamine,4.7
2014-04-09,MED-ATC-R06,Cetirizine,Antihistamine,2.6
2014-04-10,MED-ATC-R06,Cetirizine,Antihistamine,4.0
2014-04-11,MED-ATC-R06,Cetirizine,Antihistamine,2.0
2014-04-12,MED-ATC-R06,Cetirizine,Antihistamine,4.0
2014-04-13,MED-ATC-R06,Cetirizine,Antihistamine,2.0
2014-04-14,MED-ATC-R06,Cetirizine,Antihistamine,5.0
2014-04-15,MED-ATC-R06,Cetirizine,Antihistamine,1.0
2014-04-16,MED-ATC-R06,Cetirizine,Antihistamine,4.0
2014-04-17,MED-ATC-R06,Cetirizine,Antihistamine,0.0
2014-04-18,MED-ATC-R06,Cetirizine,Antihistamine,5.0
2014-04-19,MED-ATC-R06,Cetirizine,Antihistamine,5.0
2014-04-20,MED-ATC-R06,Cetirizine,Antihistamine,0.0
2014-04-21,MED-ATC-R06,Cetirizine,Antihistamine,1.0
2014-04-22,MED-ATC-R06,Cetirizine,Antihistamine,1.0
2014-04-23,MED-ATC-R06,Cetirizine,Antihistamine,1.0
2014-04-24,MED-ATC-R06,Cetirizine,Antihistamine,2.0
2014-04-25,MED-ATC-R06,Cetirizine,Antihistamine,3.0
2014-04-26,MED-ATC-R06,Cetirizine,Antihistamine,4.0
2014-04-27,MED-ATC-R06,Cetirizine,Antihistamine,1.0
2014-04-28,MED-ATC-R06,Cetirizine,Antihistamine,2.0
2014-04-29,MED-ATC-R06,Cetirizine,Antihistamine,0.4
2014-04-30,MED-ATC-R06,Cetirizine,Antihistamine,4.0
2014-05-01,MED-ATC-R06,Cetirizine,Antihistamine,0.0
2014-05-02,MED-ATC-R06,Cetirizine,Antihistamine,2.0
2014-05-03,MED-ATC-R06,Cetirizine,Antihistamine,2.5
2014-05-04,MED-ATC-R06,Cetirizine,Antihistamine,3.0
2014-05-05,MED-ATC-R06,Cetirizine,Antihistamine,4.0
2014-05-06,MED-ATC-R06,Cetirizine,Antihistamine,5.0
2014-05-07,MED-ATC-R06,Cetirizine,Antihistamine,11.0
2014-05-08,MED-ATC-R06,Cetirizine,Antihistamine,5.0
2014-05-09,MED-ATC-R06,Cetirizine,Antihistamine,2.0
2014-05-10,MED-ATC-R06,Cetirizine,Antihistamine,5.0
2014-05-11,MED-ATC-R06,Cetirizine,Antihistamine,4.0
2014-05-12,MED-ATC-R06,Cetirizine,Antihistamine,2.0
2014-05-13,MED-ATC-R06,Cetirizine,Antihistamine,7.5
2014-05-14,MED-ATC-R06,Cetirizine,Antihistamine,3.0
2014-05-15,MED-ATC-R06,Cetirizine,Antihistamine,2.0
2014-05-16,MED-ATC-R06,Cetirizine,Antihistamine,1.0
2014-05-17,MED-ATC-R06,Cetirizine,Antihistamine,2.0
2014-05-18,MED-ATC-R06,Cetirizine,Antihistamine,1.0
2014-05-19,MED-ATC-R06,Cetirizine,Antihistamine,9.0
2014-05-20,MED-ATC-R06,Cetirizine,Antihistamine,3.6
2014-05-21,MED-ATC-R06,Cetirizine,Antihistamine,3.0
2014-05-22,MED-ATC-R06,Cetirizine,Antihistamine,4.0
2014-05-23,MED-ATC-R06,Cetirizine,Antihistamine,7.0
2014-05-24,MED-ATC-R06,Cetirizine,Antihistamine,9.0
2014-05-25,MED-ATC-R06,Cetirizine,Antihistamine,1.0
2014-05-26,MED-ATC-R06,Cetirizine,Antihistamine,5.0
2014-05-27,MED-ATC-R06,Cetirizine,Antihistamine,6.0
2014-05-28,MED-ATC-R06,Cetirizine,Antihistamine,5.1
2014-05-29,MED-ATC-R06,Cetirizine,Antihistamine,2.0
2014-05-30,MED-ATC-R06,Cetirizine,Antihistamine,5.0
2014-05-31,MED-ATC-R06,Cetirizine,Antihistamine,2.0
2014-06-01,MED-ATC-R06,Cetirizine,Antihistamine,3.0
2014-06-02,MED-ATC-R06,Cetirizine,Antihistamine,3.0
2014-06-03,MED-ATC-R06,Cetirizine,Antihistamine,3.0
2014-06-04,MED-ATC-R06,Cetirizine,Antihistamine,2.5
2014-06-05,MED-ATC-R06,Cetirizine,Antihistamine,5.0
2014-06-06,MED-ATC-R06,Cetirizine,Antihistamine,5.0
2014-06-07,MED-ATC-R06,Cetirizine,Antihistamine,7.0
2014-06-08,MED-ATC-R06,Cetirizine,Antihistamine,2.0
2014-06-09,MED-ATC-R06,Cetirizine,Antihistamine,11.0
2014-06-10,MED-ATC-R06,Cetirizine,Antihistamine,6.5
2014-06-11,MED-ATC-R06,Cetirizine,Antihistamine,9.0
2014-06-12,MED-ATC-R06,Cetirizine,Antihistamine,3.0
2014-06-13,MED-ATC-R06,Cetirizine,Antihistamine,1.0
2014-06-14,MED-ATC-R06,Cetirizine,Antihistamine,3.0
2014-06-15,MED-ATC-R06,Cetirizine,Antihistamine,3.3
2014-06-16,MED-ATC-R06,Cetirizine,Antihistamine,5.0
2014-06-17,MED-ATC-R06,Cetirizine,Antihistamine,3.0
2014-06-18,MED-ATC-R06,Cetirizine,Antihistamine,3.0
2014-06-19,MED-ATC-R06,Cetirizine,Antihistamine,1.0
2014-06-20,MED-ATC-R06,Cetirizine,Antihistamine,6.0
2014-06-21,MED-ATC-R06,Cetirizine,Antihistamine,3.0
2014-06-22,MED-ATC-R06,Cetirizine,Antihistamine,3.0
2014-06-23,MED-ATC-R06,Cetirizine,Antihistamine,3.0
2014-06-24,MED-ATC-R06,Cetirizine,Antihistamine,4.0
2014-06-25,MED-ATC-R06,Cetirizine,Antihistamine,1.0
2014-06-26,MED-ATC-R06,Cetirizine,Antihistamine,1.0
2014-06-27,MED-ATC-R06,Cetirizine,Antihistamine,3.0
2014-06-28,MED-ATC-R06,Cetirizine,Antihistamine,5.0
2014-06-29,MED-ATC-R06,Cetirizine,Antihistamine,1.0
2014-06-30,MED-ATC-R06,Cetirizine,Antihistamine,0.0
2014-07-01,MED-ATC-R06,Cetirizine,Antihistamine,2.0
2014-07-02,MED-ATC-R06,Cetirizine,Antihistamine,3.0
2014-07-03,MED-ATC-R06,Cetirizine,Antihistamine,2.0
2014-07-04,MED-ATC-R06,Cetirizine,Antihistamine,3.0
2014-07-05,MED-ATC-R06,Cetirizine,Antihistamine,0.0
2014-07-06,MED-ATC-R06,Cetirizine,Antihistamine,0.0
2014-07-07,MED-ATC-R06,Cetirizine,Antihistamine,4.0
2014-07-08,MED-ATC-R06,Cetirizine,Antihistamine,1.0
2014-07-09,MED-ATC-R06,Cetirizine,Antihistamine,2.2
2014-07-10,MED-ATC-R06,Cetirizine,Antihistamine,4.0
2014-07-11,MED-ATC-R06,Cetirizine,Antihistamine,1.0
2014-07-12,MED-ATC-R06,Cetirizine,Antihistamine,4.0
2014-07-13,MED-ATC-R06,Cetirizine,Antihistamine,0.0
2014-07-14,MED-ATC-R06,Cetirizine,Antihistamine,2.0
2014-07-15,MED-ATC-R06,Cetirizine,Antihistamine,1.3
2014-07-16,MED-ATC-R06,Cetirizine,Antihistamine,0.0
2014-07-17,MED-ATC-R06,Cetirizine,Antihistamine,1.0
2014-07-18,MED-ATC-R06,Cetirizine,Antihistamine,4.0
2014-07-19,MED-ATC-R06,Cetirizine,Antihistamine,6.0
2014-07-20,MED-ATC-R06,Cetirizine,Antihistamine,0.1
2014-07-21,MED-ATC-R06,Cetirizine,Antihistamine,2.0
2014-07-22,MED-ATC-R06,Cetirizine,Antihistamine,2.0
2014-07-23,MED-ATC-R06,Cetirizine,Antihistamine,3.0
2014-07-24,MED-ATC-R06,Cetirizine,Antihistamine,2.0
2014-07-25,MED-ATC-R06,Cetirizine,Antihistamine,2.0
2014-07-26,MED-ATC-R06,Cetirizine,Antihistamine,4.0
2014-07-27,MED-ATC-R06,Cetirizine,Antihistamine,1.0
2014-07-28,MED-ATC-R06,Cetirizine,Antihistamine,2.0
2014-07-29,MED-ATC-R06,Cetirizine,Antihistamine,5.0
2014-07-30,MED-ATC-R06,Cetirizine,Antihistamine,4.5
2014-07-31,MED-ATC-R06,Cetirizine,Antihistamine,1.0
2014-08-01,MED-ATC-R06,Cetirizine,Antihistamine,1.0
2014-08-02,MED-ATC-R06,Cetirizine,Antihistamine,3.0
2014-08-03,MED-ATC-R06,Cetirizine,Antihistamine,0.0
2014-08-04,MED-ATC-R06,Cetirizine,Antihistamine,4.0
2014-08-05,MED-ATC-R06,Cetirizine,Antihistamine,0.0
2014-08-06,MED-ATC-R06,Cetirizine,Antihistamine,1.0
2014-08-07,MED-ATC-R06,Cetirizine,Antihistamine,2.0
2014-08-08,MED-ATC-R06,Cetirizine,Antihistamine,2.0
2014-08-09,MED-ATC-R06,Cetirizine,Antihistamine,5.9
2014-08-10,MED-ATC-R06,Cetirizine,Antihistamine,2.0
2014-08-11,MED-ATC-R06,Cetirizine,Antihistamine,2.0
2014-08-12,MED-ATC-R06,Cetirizine,Antihistamine,4.6
2014-08-13,MED-ATC-R06,Cetirizine,Antihistamine,7.0
2014-08-14,MED-ATC-R06,Cetirizine,Antihistamine,6.0
2014-08-15,MED-ATC-R06,Cetirizine,Antihistamine,2.0
2014-08-16,MED-ATC-R06,Cetirizine,Antihistamine,1.0
2014-08-17,MED-ATC-R06,Cetirizine,Antihistamine,1.0
2014-08-18,MED-ATC-R06,Cetirizine,Antihistamine,2.0
2014-08-19,MED-ATC-R06,Cetirizine,Antihistamine,1.1
2014-08-20,MED-ATC-R06,Cetirizine,Antihistamine,1.0
2014-08-21,MED-ATC-R06,Cetirizine,Antihistamine,2.2
2014-08-22,MED-ATC-R06,Cetirizine,Antihistamine,1.0
2014-08-23,MED-ATC-R06,Cetirizine,Antihistamine,4.0
2014-08-24,MED-ATC-R06,Cetirizine,Antihistamine,0.0
2014-08-25,MED-ATC-R06,Cetirizine,Antihistamine,0.0
2014-08-26,MED-ATC-R06,Cetirizine,Antihistamine,3.0
2014-08-27,MED-ATC-R06,Cetirizine,Antihistamine,3.0
2014-08-28,MED-ATC-R06,Cetirizine,Antihistamine,0.0
2014-08-29,MED-ATC-R06,Cetirizine,Antihistamine,3.0
2014-08-30,MED-ATC-R06,Cetirizine,Antihistamine,4.0
2014-08-31,MED-ATC-R06,Cetirizine,Antihistamine,2.0
2014-09-01,MED-ATC-R06,Cetirizine,Antihistamine,5.5
2014-09-02,MED-ATC-R06,Cetirizine,Antihistamine,3.0
2014-09-03,MED-ATC-R06,Cetirizine,Antihistamine,3.0
2014-09-04,MED-ATC-R06,Cetirizine,Antihistamine,1.0
2014-09-05,MED-ATC-R06,Cetirizine,Antihistamine,2.0
2014-09-06,MED-ATC-R06,Cetirizine,Antihistamine,3.1
2014-09-07,MED-ATC-R06,Cetirizine,Antihistamine,1.0
2014-09-08,MED-ATC-R06,Cetirizine,Antihistamine,4.0
2014-09-09,MED-ATC-R06,Cetirizine,Antihistamine,1.2
2014-09-10,MED-ATC-R06,Cetirizine,Antihistamine,1.0
2014-09-11,MED-ATC-R06,Cetirizine,Antihistamine,0.0
2014-09-12,MED-ATC-R06,Cetirizine,Antihistamine,1.0
2014-09-13,MED-ATC-R06,Cetirizine,Antihistamine,3.0
2014-09-14,MED-ATC-R06,Cetirizine,Antihistamine,0.0
2014-09-15,MED-ATC-R06,Cetirizine,Antihistamine,0.0
2014-09-16,MED-ATC-R06,Cetirizine,Antihistamine,0.0
2014-09-17,MED-ATC-R06,Cetirizine,Antihistamine,4.0
2014-09-18,MED-ATC-R06,Cetirizine,Antihistamine,1.0
2014-09-19,MED-ATC-R06,Cetirizine,Antihistamine,0.0
2014-09-20,MED-ATC-R06,Cetirizine,Antihistamine,0.0
2014-09-21,MED-ATC-R06,Cetirizine,Antihistamine,3.0
2014-09-22,MED-ATC-R06,Cetirizine,Antihistamine,2.0
2014-09-23,MED-ATC-R06,Cetirizine,Antihistamine,2.0
2014-09-24,MED-ATC-R06,Cetirizine,Antihistamine,0.0
2014-09-25,MED-ATC-R06,Cetirizine,Antihistamine,5.0
2014-09-26,MED-ATC-R06,Cetirizine,Antihistamine,1.0
2014-09-27,MED-ATC-R06,Cetirizine,Antihistamine,4.0
2014-09-28,MED-ATC-R06,Cetirizine,Antihistamine,2.0
2014-09-29,MED-ATC-R06,Cetirizine,Antihistamine,4.0
2014-09-30,MED-ATC-R06,Cetirizine,Antihistamine,2.0
2014-10-01,MED-ATC-R06,Cetirizine,Antihistamine,2.0
2014-10-02,MED-ATC-R06,Cetirizine,Antihistamine,1.0
2014-10-03,MED-ATC-R06,Cetirizine,Antihistamine,2.0
2014-10-04,MED-ATC-R06,Cetirizine,Antihistamine,0.0
2014-10-05,MED-ATC-R06,Cetirizine,Antihistamine,3.0
2014-10-06,MED-ATC-R06,Cetirizine,Antihistamine,1.0
2014-10-07,MED-ATC-R06,Cetirizine,Antihistamine,0.0
2014-10-08,MED-ATC-R06,Cetirizine,Antihistamine,2.0
2014-10-09,MED-ATC-R06,Cetirizine,Antihistamine,0.0
2014-10-10,MED-ATC-R06,Cetirizine,Antihistamine,0.5
2014-10-11,MED-ATC-R06,Cetirizine,Antihistamine,5.0
2014-10-12,MED-ATC-R06,Cetirizine,Antihistamine,2.0
2014-10-13,MED-ATC-R06,Cetirizine,Antihistamine,2.0
2014-10-14,MED-ATC-R06,Cetirizine,Antihistamine,0.0
2014-10-15,MED-ATC-R06,Cetirizine,Antihistamine,4.0
2014-10-16,MED-ATC-R06,Cetirizine,Antihistamine,2.1875
2014-10-17,MED-ATC-R06,Cetirizine,Antihistamine,2.0
2014-10-18,MED-ATC-R06,Cetirizine,Antihistamine,2.0
2014-10-19,MED-ATC-R06,Cetirizine,Antihistamine,1.0
2014-10-20,MED-ATC-R06,Cetirizine,Antihistamine,1.0
2014-10-21,MED-ATC-R06,Cetirizine,Antihistamine,1.0
2014-10-22,MED-ATC-R06,Cetirizine,Antihistamine,1.0
2014-10-23,MED-ATC-R06,Cetirizine,Antihistamine,0.0
2014-10-24,MED-ATC-R06,Cetirizine,Antihistamine,1.0
2014-10-25,MED-ATC-R06,Cetirizine,Antihistamine,5.0
2014-10-26,MED-ATC-R06,Cetirizine,Antihistamine,1.0
2014-10-27,MED-ATC-R06,Cetirizine,Antihistamine,0.0
2014-10-28,MED-ATC-R06,Cetirizine,Antihistamine,2.0
2014-10-29,MED-ATC-R06,Cetirizine,Antihistamine,1.0
2014-10-30,MED-ATC-R06,Cetirizine,Antihistamine,0.0
2014-10-31,MED-ATC-R06,Cetirizine,Antihistamine,2.0
2014-11-01,MED-ATC-R06,Cetirizine,Antihistamine,1.0
2014-11-02,MED-ATC-R06,Cetirizine,Antihistamine,1.0
2014-11-03,MED-ATC-R06,Cetirizine,Antihistamine,1.0
2014-11-04,MED-ATC-R06,Cetirizine,Antihistamine,1.0
2014-11-05,MED-ATC-R06,Cetirizine,Antihistamine,0.0
2014-11-06,MED-ATC-R06,Cetirizine,Antihistamine,0.0
2014-11-07,MED-ATC-R06,Cetirizine,Antihistamine,1.0
2014-11-08,MED-ATC-R06,Cetirizine,Antihistamine,2.2
2014-11-09,MED-ATC-R06,Cetirizine,Antihistamine,1.0
2014-11-10,MED-ATC-R06,Cetirizine,Antihistamine,1.0
2014-11-11,MED-ATC-R06,Cetirizine,Antihistamine,2.0
2014-11-12,MED-ATC-R06,Cetirizine,Antihistamine,0.0
2014-11-13,MED-ATC-R06,Cetirizine,Antihistamine,2.2
2014-11-14,MED-ATC-R06,Cetirizine,Antihistamine,3.0
2014-11-15,MED-ATC-R06,Cetirizine,Antihistamine,2.0
2014-11-16,MED-ATC-R06,Cetirizine,Antihistamine,0.0
2014-11-17,MED-ATC-R06,Cetirizine,Antihistamine,0.2
2014-11-18,MED-ATC-R06,Cetirizine,Antihistamine,1.0
2014-11-19,MED-ATC-R06,Cetirizine,Antihistamine,4.0
2014-11-20,MED-ATC-R06,Cetirizine,Antihistamine,0.0
2014-11-21,MED-ATC-R06,Cetirizine,Antihistamine,1.0
2014-11-22,MED-ATC-R06,Cetirizine,Antihistamine,1.4
2014-11-23,MED-ATC-R06,Cetirizine,Antihistamine,1.1
2014-11-24,MED-ATC-R06,Cetirizine,Antihistamine,2.1
2014-11-25,MED-ATC-R06,Cetirizine,Antihistamine,3.0
2014-11-26,MED-ATC-R06,Cetirizine,Antihistamine,2.0
2014-11-27,MED-ATC-R06,Cetirizine,Antihistamine,3.0
2014-11-28,MED-ATC-R06,Cetirizine,Antihistamine,1.0
2014-11-29,MED-ATC-R06,Cetirizine,Antihistamine,5.0
2014-11-30,MED-ATC-R06,Cetirizine,Antihistamine,2.0
2014-12-01,MED-ATC-R06,Cetirizine,Antihistamine,2.0
2014-12-02,MED-ATC-R06,Cetirizine,Antihistamine,1.0
2014-12-03,MED-ATC-R06,Cetirizine,Antihistamine,3.2
2014-12-04,MED-ATC-R06,Cetirizine,Antihistamine,0.0
2014-12-05,MED-ATC-R06,Cetirizine,Antihistamine,2.2
2014-12-06,MED-ATC-R06,Cetirizine,Antihistamine,1.0
2014-12-07,MED-ATC-R06,Cetirizine,Antihistamine,0.0
2014-12-08,MED-ATC-R06,Cetirizine,Antihistamine,0.0
2014-12-09,MED-ATC-R06,Cetirizine,Antihistamine,2.0
2014-12-10,MED-ATC-R06,Cetirizine,Antihistamine,0.0
2014-12-11,MED-ATC-R06,Cetirizine,Antihistamine,0.0
2014-12-12,MED-ATC-R06,Cetirizine,Antihistamine,0.0
2014-12-13,MED-ATC-R06,Cetirizine,Antihistamine,0.0
2014-12-14,MED-ATC-R06,Cetirizine,Antihistamine,1.0
2014-12-15,MED-ATC-R06,Cetirizine,Antihistamine,1.0
2014-12-16,MED-ATC-R06,Cetirizine,Antihistamine,1.0
2014-12-17,MED-ATC-R06,Cetirizine,Antihistamine,0.0
2014-12-18,MED-ATC-R06,Cetirizine,Antihistamine,0.0
2014-12-19,MED-ATC-R06,Cetirizine,Antihistamine,0.0
2014-12-20,MED-ATC-R06,Cetirizine,Antihistamine,3.0
2014-12-21,MED-ATC-R06,Cetirizine,Antihistamine,1.0
2014-12-22,MED-ATC-R06,Cetirizine,Antihistamine,4.0
2014-12-23,MED-ATC-R06,Cetirizine,Antihistamine,0.0
2014-12-24,MED-ATC-R06,Cetirizine,Antihistamine,2.0
2014-12-25,MED-ATC-R06,Cetirizine,Antihistamine,2.0
2014-12-26,MED-ATC-R06,Cetirizine,Antihistamine,0.0
2014-12-27,MED-ATC-R06,Cetirizine,Antihistamine,3.0
2014-12-28,MED-ATC-R06,Cetirizine,Antihistamine,1.0
2014-12-29,MED-ATC-R06,Cetirizine,Antihistamine,0.0
2014-12-30,MED-ATC-R06,Cetirizine,Antihistamine,2.0
2014-12-31,MED-ATC-R06,Cetirizine,Antihistamine,1.0
2015-01-01,MED-ATC-R06,Cetirizine,Antihistamine,0.0
2015-01-02,MED-ATC-R06,Cetirizine,Antihistamine,2.0
2015-01-03,MED-ATC-R06,Cetirizine,Antihistamine,4.0
2015-01-04,MED-ATC-R06,Cetirizine,Antihistamine,1.0
2015-01-05,MED-ATC-R06,Cetirizine,Antihistamine,3.0
2015-01-06,MED-ATC-R06,Cetirizine,Antihistamine,0.0
2015-01-07,MED-ATC-R06,Cetirizine,Antihistamine,0.0
2015-01-08,MED-ATC-R06,Cetirizine,Antihistamine,2.0
2015-01-09,MED-ATC-R06,Cetirizine,Antihistamine,2.0
2015-01-10,MED-ATC-R06,Cetirizine,Antihistamine,1.0
2015-01-11,MED-ATC-R06,Cetirizine,Antihistamine,2.0
2015-01-12,MED-ATC-R06,Cetirizine,Antihistamine,1.0
2015-01-13,MED-ATC-R06,Cetirizine,Antihistamine,2.0
2015-01-14,MED-ATC-R06,Cetirizine,Antihistamine,0.0
2015-01-15,MED-ATC-R06,Cetirizine,Antihistamine,2.0
2015-01-16,MED-ATC-R06,Cetirizine,Antihistamine,2.0
2015-01-17,MED-ATC-R06,Cetirizine,Antihistamine,0.0
2015-01-18,MED-ATC-R06,Cetirizine,Antihistamine,2.0
2015-01-19,MED-ATC-R06,Cetirizine,Antihistamine,2.0
2015-01-20,MED-ATC-R06,Cetirizine,Antihistamine,1.0
2015-01-21,MED-ATC-R06,Cetirizine,Antihistamine,1.0
2015-01-22,MED-ATC-R06,Cetirizine,Antihistamine,1.0
2015-01-23,MED-ATC-R06,Cetirizine,Antihistamine,2.0
2015-01-24,MED-ATC-R06,Cetirizine,Antihistamine,1.0
2015-01-25,MED-ATC-R06,Cetirizine,Antihistamine,0.0
2015-01-26,MED-ATC-R06,Cetirizine,Antihistamine,0.0
2015-01-27,MED-ATC-R06,Cetirizine,Antihistamine,0.0
2015-01-28,MED-ATC-R06,Cetirizine,Antihistamine,3.0
2015-01-29,MED-ATC-R06,Cetirizine,Antihistamine,3.0
2015-01-30,MED-ATC-R06,Cetirizine,Antihistamine,0.0
2015-01-31,MED-ATC-R06,Cetirizine,Antihistamine,2.0
2015-02-01,MED-ATC-R06,Cetirizine,Antihistamine,1.0
2015-02-02,MED-ATC-R06,Cetirizine,Antihistamine,2.0
2015-02-03,MED-ATC-R06,Cetirizine,Antihistamine,5.0
2015-02-04,MED-ATC-R06,Cetirizine,Antihistamine,0.0
2015-02-05,MED-ATC-R06,Cetirizine,Antihistamine,1.0
2015-02-06,MED-ATC-R06,Cetirizine,Antihistamine,1.0
2015-02-07,MED-ATC-R06,Cetirizine,Antihistamine,2.0
2015-02-08,MED-ATC-R06,Cetirizine,Antihistamine,0.0
2015-02-09,MED-ATC-R06,Cetirizine,Antihistamine,1.0
2015-02-10,MED-ATC-R06,Cetirizine,Antihistamine,3.0
2015-02-11,MED-ATC-R06,Cetirizine,Antihistamine,2.0
2015-02-12,MED-ATC-R06,Cetirizine,Antihistamine,0.0
2015-02-13,MED-ATC-R06,Cetirizine,Antihistamine,1.0
2015-02-14,MED-ATC-R06,Cetirizine,Antihistamine,4.0
2015-02-15,MED-ATC-R06,Cetirizine,Antihistamine,2.0
2015-02-16,MED-ATC-R06,Cetirizine,Antihistamine,0.0
2015-02-17,MED-ATC-R06,Cetirizine,Antihistamine,1.0
2015-02-18,MED-ATC-R06,Cetirizine,Antihistamine,0.0
2015-02-19,MED-ATC-R06,Cetirizine,Antihistamine,3.0
2015-02-20,MED-ATC-R06,Cetirizine,Antihistamine,6.0
2015-02-21,MED-ATC-R06,Cetirizine,Antihistamine,3.0
2015-02-22,MED-ATC-R06,Cetirizine,Antihistamine,1.0
2015-02-23,MED-ATC-R06,Cetirizine,Antihistamine,0.0
2015-02-24,MED-ATC-R06,Cetirizine,Antihistamine,2.0
2015-02-25,MED-ATC-R06,Cetirizine,Antihistamine,2.0
2015-02-26,MED-ATC-R06,Cetirizine,Antihistamine,1.0
2015-02-27,MED-ATC-R06,Cetirizine,Antihistamine,0.0
2015-02-28,MED-ATC-R06,Cetirizine,Antihistamine,3.0
2015-03-01,MED-ATC-R06,Cetirizine,Antihistamine,4.0
2015-03-02,MED-ATC-R06,Cetirizine,Antihistamine,3.0
2015-03-03,MED-ATC-R06,Cetirizine,Antihistamine,4.0
2015-03-04,MED-ATC-R06,Cetirizine,Antihistamine,1.0
2015-03-05,MED-ATC-R06,Cetirizine,Antihistamine,0.0
2015-03-06,MED-ATC-R06,Cetirizine,Antihistamine,1.0
2015-03-07,MED-ATC-R06,Cetirizine,Antihistamine,0.0
2015-03-08,MED-ATC-R06,Cetirizine,Antihistamine,1.0
2015-03-09,MED-ATC-R06,Cetirizine,Antihistamine,1.0
2015-03-10,MED-ATC-R06,Cetirizine,Antihistamine,3.0
2015-03-11,MED-ATC-R06,Cetirizine,Antihistamine,0.0
2015-03-12,MED-ATC-R06,Cetirizine,Antihistamine,3.0
2015-03-13,MED-ATC-R06,Cetirizine,Antihistamine,0.0
2015-03-14,MED-ATC-R06,Cetirizine,Antihistamine,3.0
2015-03-15,MED-ATC-R06,Cetirizine,Antihistamine,3.0
2015-03-16,MED-ATC-R06,Cetirizine,Antihistamine,1.0
2015-03-17,MED-ATC-R06,Cetirizine,Antihistamine,0.0
2015-03-18,MED-ATC-R06,Cetirizine,Antihistamine,2.0
2015-03-19,MED-ATC-R06,Cetirizine,Antihistamine,0.0
2015-03-20,MED-ATC-R06,Cetirizine,Antihistamine,1.0
2015-03-21,MED-ATC-R06,Cetirizine,Antihistamine,2.0
2015-03-22,MED-ATC-R06,Cetirizine,Antihistamine,0.0
2015-03-23,MED-ATC-R06,Cetirizine,Antihistamine,2.0
2015-03-24,MED-ATC-R06,Cetirizine,Antihistamine,4.0
2015-03-25,MED-ATC-R06,Cetirizine,Antihistamine,1.0
2015-03-26,MED-ATC-R06,Cetirizine,Antihistamine,5.0
2015-03-27,MED-ATC-R06,Cetirizine,Antihistamine,1.0
2015-03-28,MED-ATC-R06,Cetirizine,Antihistamine,2.0
2015-03-29,MED-ATC-R06,Cetirizine,Antihistamine,2.0
2015-03-30,MED-ATC-R06,Cetirizine,Antihistamine,0.0
2015-03-31,MED-ATC-R06,Cetirizine,Antihistamine,4.0
2015-04-01,MED-ATC-R06,Cetirizine,Antihistamine,1.0
2015-04-02,MED-ATC-R06,Cetirizine,Antihistamine,5.0
2015-04-03,MED-ATC-R06,Cetirizine,Antihistamine,4.0
2015-04-04,MED-ATC-R06,Cetirizine,Antihistamine,6.0
2015-04-05,MED-ATC-R06,Cetirizine,Antihistamine,1.0
2015-04-06,MED-ATC-R06,Cetirizine,Antihistamine,2.0
2015-04-07,MED-ATC-R06,Cetirizine,Antihistamine,1.0
2015-04-08,MED-ATC-R06,Cetirizine,Antihistamine,4.0
2015-04-09,MED-ATC-R06,Cetirizine,Antihistamine,1.0
2015-04-10,MED-ATC-R06,Cetirizine,Antihistamine,5.0
2015-04-11,MED-ATC-R06,Cetirizine,Antihistamine,6.0
2015-04-12,MED-ATC-R06,Cetirizine,Antihistamine,0.0
2015-04-13,MED-ATC-R06,Cetirizine,Antihistamine,7.0
2015-04-14,MED-ATC-R06,Cetirizine,Antihistamine,2.0
2015-04-15,MED-ATC-R06,Cetirizine,Antihistamine,2.0
2015-04-16,MED-ATC-R06,Cetirizine,Antihistamine,4.0
2015-04-17,MED-ATC-R06,Cetirizine,Antihistamine,5.0
2015-04-18,MED-ATC-R06,Cetirizine,Antihistamine,4.0
2015-04-19,MED-ATC-R06,Cetirizine,Antihistamine,2.0
2015-04-20,MED-ATC-R06,Cetirizine,Antihistamine,3.0
2015-04-21,MED-ATC-R06,Cetirizine,Antihistamine,6.0
2015-04-22,MED-ATC-R06,Cetirizine,Antihistamine,2.0
2015-04-23,MED-ATC-R06,Cetirizine,Antihistamine,4.0
2015-04-24,MED-ATC-R06,Cetirizine,Antihistamine,5.0
2015-04-25,MED-ATC-R06,Cetirizine,Antihistamine,3.0
2015-04-26,MED-ATC-R06,Cetirizine,Antihistamine,1.0
2015-04-27,MED-ATC-R06,Cetirizine,Antihistamine,10.0
2015-04-28,MED-ATC-R06,Cetirizine,Antihistamine,6.0
2015-04-29,MED-ATC-R06,Cetirizine,Antihistamine,3.0
2015-04-30,MED-ATC-R06,Cetirizine,Antihistamine,7.0
2015-05-01,MED-ATC-R06,Cetirizine,Antihistamine,4.7
2015-05-02,MED-ATC-R06,Cetirizine,Antihistamine,5.0
2015-05-03,MED-ATC-R06,Cetirizine,Antihistamine,6.0
2015-05-04,MED-ATC-R06,Cetirizine,Antihistamine,3.3
2015-05-05,MED-ATC-R06,Cetirizine,Antihistamine,2.5
2015-05-06,MED-ATC-R06,Cetirizine,Antihistamine,6.0
2015-05-07,MED-ATC-R06,Cetirizine,Antihistamine,10.0
2015-05-08,MED-ATC-R06,Cetirizine,Antihistamine,1.0
2015-05-09,MED-ATC-R06,Cetirizine,Antihistamine,6.0
2015-05-10,MED-ATC-R06,Cetirizine,Antihistamine,10.0
2015-05-11,MED-ATC-R06,Cetirizine,Antihistamine,4.0
2015-05-12,MED-ATC-R06,Cetirizine,Antihistamine,8.0
2015-05-13,MED-ATC-R06,Cetirizine,Antihistamine,4.5
2015-05-14,MED-ATC-R06,Cetirizine,Antihistamine,5.0
2015-05-15,MED-ATC-R06,Cetirizine,Antihistamine,3.2
2015-05-16,MED-ATC-R06,Cetirizine,Antihistamine,4.0
2015-05-17,MED-ATC-R06,Cetirizine,Antihistamine,8.0
2015-05-18,MED-ATC-R06,Cetirizine,Antihistamine,2.2
2015-05-19,MED-ATC-R06,Cetirizine,Antihistamine,3.0
2015-05-20,MED-ATC-R06,Cetirizine,Antihistamine,6.0
2015-05-21,MED-ATC-R06,Cetirizine,Antihistamine,3.3
2015-05-22,MED-ATC-R06,Cetirizine,Antihistamine,7.0
2015-05-23,MED-ATC-R06,Cetirizine,Antihistamine,7.0
2015-05-24,MED-ATC-R06,Cetirizine,Antihistamine,1.3
2015-05-25,MED-ATC-R06,Cetirizine,Antihistamine,3.0
2015-05-26,MED-ATC-R06,Cetirizine,Antihistamine,10.0
2015-05-27,MED-ATC-R06,Cetirizine,Antihistamine,1.0
2015-05-28,MED-ATC-R06,Cetirizine,Antihistamine,3.0
2015-05-29,MED-ATC-R06,Cetirizine,Antihistamine,3.0
2015-05-30,MED-ATC-R06,Cetirizine,Antihistamine,8.0
2015-05-31,MED-ATC-R06,Cetirizine,Antihistamine,10.5
2015-06-01,MED-ATC-R06,Cetirizine,Antihistamine,3.0
2015-06-02,MED-ATC-R06,Cetirizine,Antihistamine,6.0
2015-06-03,MED-ATC-R06,Cetirizine,Antihistamine,2.0
2015-06-04,MED-ATC-R06,Cetirizine,Antihistamine,2.0
2015-06-05,MED-ATC-R06,Cetirizine,Antihistamine,7.0
2015-06-06,MED-ATC-R06,Cetirizine,Antihistamine,2.0
2015-06-07,MED-ATC-R06,Cetirizine,Antihistamine,6.0
2015-06-08,MED-ATC-R06,Cetirizine,Antihistamine,7.0
2015-06-09,MED-ATC-R06,Cetirizine,Antihistamine,4.6
2015-06-10,MED-ATC-R06,Cetirizine,Antihistamine,2.0
2015-06-11,MED-ATC-R06,Cetirizine,Antihistamine,3.0
2015-06-12,MED-ATC-R06,Cetirizine,Antihistamine,5.0
2015-06-13,MED-ATC-R06,Cetirizine,Antihistamine,4.0
2015-06-14,MED-ATC-R06,Cetirizine,Antihistamine,2.0
2015-06-15,MED-ATC-R06,Cetirizine,Antihistamine,9.0
2015-06-16,MED-ATC-R06,Cetirizine,Antihistamine,5.0
2015-06-17,MED-ATC-R06,Cetirizine,Antihistamine,2.0
2015-06-18,MED-ATC-R06,Cetirizine,Antihistamine,3.6
2015-06-19,MED-ATC-R06,Cetirizine,Antihistamine,6.3
2015-06-20,MED-ATC-R06,Cetirizine,Antihistamine,7.0
2015-06-21,MED-ATC-R06,Cetirizine,Antihistamine,2.0
2015-06-22,MED-ATC-R06,Cetirizine,Antihistamine,5.0
2015-06-23,MED-ATC-R06,Cetirizine,Antihistamine,5.0
2015-06-24,MED-ATC-R06,Cetirizine,Antihistamine,3.0
2015-06-25,MED-ATC-R06,Cetirizine,Antihistamine,3.0
2015-06-26,MED-ATC-R06,Cetirizine,Antihistamine,4.0
2015-06-27,MED-ATC-R06,Cetirizine,Antihistamine,2.0
2015-06-28,MED-ATC-R06,Cetirizine,Antihistamine,6.0
2015-06-29,MED-ATC-R06,Cetirizine,Antihistamine,3.0
2015-06-30,MED-ATC-R06,Cetirizine,Antihistamine,4.3
2015-07-01,MED-ATC-R06,Cetirizine,Antihistamine,10.0
2015-07-02,MED-ATC-R06,Cetirizine,Antihistamine,2.0
2015-07-03,MED-ATC-R06,Cetirizine,Antihistamine,4.0
2015-07-04,MED-ATC-R06,Cetirizine,Antihistamine,3.0
2015-07-05,MED-ATC-R06,Cetirizine,Antihistamine,4.0
2015-07-06,MED-ATC-R06,Cetirizine,Antihistamine,3.0
2015-07-07,MED-ATC-R06,Cetirizine,Antihistamine,7.0
2015-07-08,MED-ATC-R06,Cetirizine,Antihistamine,3.0
2015-07-09,MED-ATC-R06,Cetirizine,Antihistamine,5.0
2015-07-10,MED-ATC-R06,Cetirizine,Antihistamine,6.0
2015-07-11,MED-ATC-R06,Cetirizine,Antihistamine,10.0
2015-07-12,MED-ATC-R06,Cetirizine,Antihistamine,6.5
2015-07-13,MED-ATC-R06,Cetirizine,Antihistamine,3.0
2015-07-14,MED-ATC-R06,Cetirizine,Antihistamine,2.0
2015-07-15,MED-ATC-R06,Cetirizine,Antihistamine,9.0
2015-07-16,MED-ATC-R06,Cetirizine,Antihistamine,4.0
2015-07-17,MED-ATC-R06,Cetirizine,Antihistamine,2.3
2015-07-18,MED-ATC-R06,Cetirizine,Antihistamine,3.0
2015-07-19,MED-ATC-R06,Cetirizine,Antihistamine,3.0
2015-07-20,MED-ATC-R06,Cetirizine,Antihistamine,2.0
2015-07-21,MED-ATC-R06,Cetirizine,Antihistamine,4.0
2015-07-22,MED-ATC-R06,Cetirizine,Antihistamine,3.0
2015-07-23,MED-ATC-R06,Cetirizine,Antihistamine,2.0
2015-07-24,MED-ATC-R06,Cetirizine,Antihistamine,10.0
2015-07-25,MED-ATC-R06,Cetirizine,Antihistamine,4.0
2015-07-26,MED-ATC-R06,Cetirizine,Antihistamine,0.0
2015-07-27,MED-ATC-R06,Cetirizine,Antihistamine,1.5
2015-07-28,MED-ATC-R06,Cetirizine,Antihistamine,3.0
2015-07-29,MED-ATC-R06,Cetirizine,Antihistamine,1.0
2015-07-30,MED-ATC-R06,Cetirizine,Antihistamine,4.0
2015-07-31,MED-ATC-R06,Cetirizine,Antihistamine,6.0
2015-08-01,MED-ATC-R06,Cetirizine,Antihistamine,2.0
2015-08-02,MED-ATC-R06,Cetirizine,Antihistamine,2.0
2015-08-03,MED-ATC-R06,Cetirizine,Antihistamine,1.0
2015-08-04,MED-ATC-R06,Cetirizine,Antihistamine,4.0
2015-08-05,MED-ATC-R06,Cetirizine,Antihistamine,1.0
2015-08-06,MED-ATC-R06,Cetirizine,Antihistamine,2.0
2015-08-07,MED-ATC-R06,Cetirizine,Antihistamine,6.0
2015-08-08,MED-ATC-R06,Cetirizine,Antihistamine,0.7
2015-08-09,MED-ATC-R06,Cetirizine,Antihistamine,3.0
2015-08-10,MED-ATC-R06,Cetirizine,Antihistamine,5.0
2015-08-11,MED-ATC-R06,Cetirizine,Antihistamine,4.0
2015-08-12,MED-ATC-R06,Cetirizine,Antihistamine,1.0
2015-08-13,MED-ATC-R06,Cetirizine,Antihistamine,3.0
2015-08-14,MED-ATC-R06,Cetirizine,Antihistamine,4.0
2015-08-15,MED-ATC-R06,Cetirizine,Antihistamine,1.0
2015-08-16,MED-ATC-R06,Cetirizine,Antihistamine,2.0
2015-08-17,MED-ATC-R06,Cetirizine,Antihistamine,2.0
2015-08-18,MED-ATC-R06,Cetirizine,Antihistamine,1.0
2015-08-19,MED-ATC-R06,Cetirizine,Antihistamine,3.0
2015-08-20,MED-ATC-R06,Cetirizine,Antihistamine,0.0
2015-08-21,MED-ATC-R06,Cetirizine,Antihistamine,4.0
2015-08-22,MED-ATC-R06,Cetirizine,Antihistamine,6.0
2015-08-23,MED-ATC-R06,Cetirizine,Antihistamine,2.0
2015-08-24,MED-ATC-R06,Cetirizine,Antihistamine,1.0
2015-08-25,MED-ATC-R06,Cetirizine,Antihistamine,3.0
2015-08-26,MED-ATC-R06,Cetirizine,Antihistamine,6.0
2015-08-27,MED-ATC-R06,Cetirizine,Antihistamine,3.0
2015-08-28,MED-ATC-R06,Cetirizine,Antihistamine,3.0
2015-08-29,MED-ATC-R06,Cetirizine,Antihistamine,2.0
2015-08-30,MED-ATC-R06,Cetirizine,Antihistamine,4.0
2015-08-31,MED-ATC-R06,Cetirizine,Antihistamine,2.0
2015-09-01,MED-ATC-R06,Cetirizine,Antihistamine,3.0
2015-09-02,MED-ATC-R06,Cetirizine,Antihistamine,5.0
2015-09-03,MED-ATC-R06,Cetirizine,Antihistamine,2.0
2015-09-04,MED-ATC-R06,Cetirizine,Antihistamine,2.0
2015-09-05,MED-ATC-R06,Cetirizine,Antihistamine,4.0
2015-09-06,MED-ATC-R06,Cetirizine,Antihistamine,3.0
2015-09-07,MED-ATC-R06,Cetirizine,Antihistamine,2.0
2015-09-08,MED-ATC-R06,Cetirizine,Antihistamine,4.0
2015-09-09,MED-ATC-R06,Cetirizine,Antihistamine,2.0
2015-09-10,MED-ATC-R06,Cetirizine,Antihistamine,2.0
2015-09-11,MED-ATC-R06,Cetirizine,Antihistamine,2.0
2015-09-12,MED-ATC-R06,Cetirizine,Antihistamine,2.0
2015-09-13,MED-ATC-R06,Cetirizine,Antihistamine,3.0
2015-09-14,MED-ATC-R06,Cetirizine,Antihistamine,0.0
2015-09-15,MED-ATC-R06,Cetirizine,Antihistamine,5.0
2015-09-16,MED-ATC-R06,Cetirizine,Antihistamine,1.0
2015-09-17,MED-ATC-R06,Cetirizine,Antihistamine,2.0
2015-09-18,MED-ATC-R06,Cetirizine,Antihistamine,3.0
2015-09-19,MED-ATC-R06,Cetirizine,Antihistamine,5.0
2015-09-20,MED-ATC-R06,Cetirizine,Antihistamine,2.0
2015-09-21,MED-ATC-R06,Cetirizine,Antihistamine,2.0
2015-09-22,MED-ATC-R06,Cetirizine,Antihistamine,5.0
2015-09-23,MED-ATC-R06,Cetirizine,Antihistamine,1.0
2015-09-24,MED-ATC-R06,Cetirizine,Antihistamine,0.0
2015-09-25,MED-ATC-R06,Cetirizine,Antihistamine,3.0
2015-09-26,MED-ATC-R06,Cetirizine,Antihistamine,2.0
2015-09-27,MED-ATC-R06,Cetirizine,Antihistamine,1.0
2015-09-28,MED-ATC-R06,Cetirizine,Antihistamine,2.0
2015-09-29,MED-ATC-R06,Cetirizine,Antihistamine,0.0
2015-09-30,MED-ATC-R06,Cetirizine,Antihistamine,1.0
2015-10-01,MED-ATC-R06,Cetirizine,Antihistamine,2.0
2015-10-02,MED-ATC-R06,Cetirizine,Antihistamine,1.0
2015-10-03,MED-ATC-R06,Cetirizine,Antihistamine,2.0
2015-10-04,MED-ATC-R06,Cetirizine,Antihistamine,2.0
2015-10-05,MED-ATC-R06,Cetirizine,Antihistamine,5.0
2015-10-06,MED-ATC-R06,Cetirizine,Antihistamine,4.0
2015-10-07,MED-ATC-R06,Cetirizine,Antihistamine,2.0
2015-10-08,MED-ATC-R06,Cetirizine,Antihistamine,0.0
2015-10-09,MED-ATC-R06,Cetirizine,Antihistamine,2.0
2015-10-10,MED-ATC-R06,Cetirizine,Antihistamine,0.0
2015-10-11,MED-ATC-R06,Cetirizine,Antihistamine,5.0
2015-10-12,MED-ATC-R06,Cetirizine,Antihistamine,3.0
2015-10-13,MED-ATC-R06,Cetirizine,Antihistamine,1.0
2015-10-14,MED-ATC-R06,Cetirizine,Antihistamine,1.0
2015-10-15,MED-ATC-R06,Cetirizine,Antihistamine,1.0
2015-10-16,MED-ATC-R06,Cetirizine,Antihistamine,1.0
2015-10-17,MED-ATC-R06,Cetirizine,Antihistamine,1.0
2015-10-18,MED-ATC-R06,Cetirizine,Antihistamine,8.0
2015-10-19,MED-ATC-R06,Cetirizine,Antihistamine,0.0
2015-10-20,MED-ATC-R06,Cetirizine,Antihistamine,5.0
2015-10-21,MED-ATC-R06,Cetirizine,Antihistamine,4.0
2015-10-22,MED-ATC-R06,Cetirizine,Antihistamine,2.0
2015-10-23,MED-ATC-R06,Cetirizine,Antihistamine,2.0
2015-10-24,MED-ATC-R06,Cetirizine,Antihistamine,2.0
2015-10-25,MED-ATC-R06,Cetirizine,Antihistamine,4.0
2015-10-26,MED-ATC-R06,Cetirizine,Antihistamine,2.0
2015-10-27,MED-ATC-R06,Cetirizine,Antihistamine,3.0
2015-10-28,MED-ATC-R06,Cetirizine,Antihistamine,2.0
2015-10-29,MED-ATC-R06,Cetirizine,Antihistamine,1.0
2015-10-30,MED-ATC-R06,Cetirizine,Antihistamine,3.0
2015-10-31,MED-ATC-R06,Cetirizine,Antihistamine,1.0
2015-11-01,MED-ATC-R06,Cetirizine,Antihistamine,0.0
2015-11-02,MED-ATC-R06,Cetirizine,Antihistamine,2.0
2015-11-03,MED-ATC-R06,Cetirizine,Antihistamine,0.0
2015-11-04,MED-ATC-R06,Cetirizine,Antihistamine,4.0
2015-11-05,MED-ATC-R06,Cetirizine,Antihistamine,2.0
2015-11-06,MED-ATC-R06,Cetirizine,Antihistamine,0.0
2015-11-07,MED-ATC-R06,Cetirizine,Antihistamine,1.0
2015-11-08,MED-ATC-R06,Cetirizine,Antihistamine,1.0
2015-11-09,MED-ATC-R06,Cetirizine,Antihistamine,1.0
2015-11-10,MED-ATC-R06,Cetirizine,Antihistamine,2.0
2015-11-11,MED-ATC-R06,Cetirizine,Antihistamine,3.0
2015-11-12,MED-ATC-R06,Cetirizine,Antihistamine,0.0
2015-11-13,MED-ATC-R06,Cetirizine,Antihistamine,0.0
2015-11-14,MED-ATC-R06,Cetirizine,Antihistamine,1.0
2015-11-15,MED-ATC-R06,Cetirizine,Antihistamine,0.0
2015-11-16,MED-ATC-R06,Cetirizine,Antihistamine,2.0
2015-11-17,MED-ATC-R06,Cetirizine,Antihistamine,2.0
2015-11-18,MED-ATC-R06,Cetirizine,Antihistamine,2.0
2015-11-19,MED-ATC-R06,Cetirizine,Antihistamine,0.0
2015-11-20,MED-ATC-R06,Cetirizine,Antihistamine,3.0
2015-11-21,MED-ATC-R06,Cetirizine,Antihistamine,3.0
2015-11-22,MED-ATC-R06,Cetirizine,Antihistamine,1.0
2015-11-23,MED-ATC-R06,Cetirizine,Antihistamine,2.0
2015-11-24,MED-ATC-R06,Cetirizine,Antihistamine,5.0
2015-11-25,MED-ATC-R06,Cetirizine,Antihistamine,3.0
2015-11-26,MED-ATC-R06,Cetirizine,Antihistamine,0.0
2015-11-27,MED-ATC-R06,Cetirizine,Antihistamine,0.0
2015-11-28,MED-ATC-R06,Cetirizine,Antihistamine,1.0
2015-11-29,MED-ATC-R06,Cetirizine,Antihistamine,0.0
2015-11-30,MED-ATC-R06,Cetirizine,Antihistamine,3.0
2015-12-01,MED-ATC-R06,Cetirizine,Antihistamine,1.0
2015-12-02,MED-ATC-R06,Cetirizine,Antihistamine,0.0
2015-12-03,MED-ATC-R06,Cetirizine,Antihistamine,1.0
2015-12-04,MED-ATC-R06,Cetirizine,Antihistamine,1.0
2015-12-05,MED-ATC-R06,Cetirizine,Antihistamine,2.33
2015-12-06,MED-ATC-R06,Cetirizine,Antihistamine,1.0
2015-12-07,MED-ATC-R06,Cetirizine,Antihistamine,6.0
2015-12-08,MED-ATC-R06,Cetirizine,Antihistamine,0.0
2015-12-09,MED-ATC-R06,Cetirizine,Antihistamine,1.0
2015-12-10,MED-ATC-R06,Cetirizine,Antihistamine,2.1
2015-12-11,MED-ATC-R06,Cetirizine,Antihistamine,1.0
2015-12-12,MED-ATC-R06,Cetirizine,Antihistamine,1.0
2015-12-13,MED-ATC-R06,Cetirizine,Antihistamine,0.0
2015-12-14,MED-ATC-R06,Cetirizine,Antihistamine,1.0
2015-12-15,MED-ATC-R06,Cetirizine,Antihistamine,1.0
2015-12-16,MED-ATC-R06,Cetirizine,Antihistamine,0.0
2015-12-17,MED-ATC-R06,Cetirizine,Antihistamine,2.0
2015-12-18,MED-ATC-R06,Cetirizine,Antihistamine,1.0
2015-12-19,MED-ATC-R06,Cetirizine,Antihistamine,0.0
2015-12-20,MED-ATC-R06,Cetirizine,Antihistamine,1.0
2015-12-21,MED-ATC-R06,Cetirizine,Antihistamine,0.4
2015-12-22,MED-ATC-R06,Cetirizine,Antihistamine,1.0
2015-12-23,MED-ATC-R06,Cetirizine,Antihistamine,0.0
2015-12-24,MED-ATC-R06,Cetirizine,Antihistamine,0.0
2015-12-25,MED-ATC-R06,Cetirizine,Antihistamine,1.0
2015-12-26,MED-ATC-R06,Cetirizine,Antihistamine,4.3
2015-12-27,MED-ATC-R06,Cetirizine,Antihistamine,4.6
2015-12-28,MED-ATC-R06,Cetirizine,Antihistamine,1.0
2015-12-29,MED-ATC-R06,Cetirizine,Antihistamine,3.0
2015-12-30,MED-ATC-R06,Cetirizine,Antihistamine,2.0
2015-12-31,MED-ATC-R06,Cetirizine,Antihistamine,1.0
2016-01-01,MED-ATC-R06,Cetirizine,Antihistamine,0.0
2016-01-02,MED-ATC-R06,Cetirizine,Antihistamine,5.0
2016-01-03,MED-ATC-R06,Cetirizine,Antihistamine,1.0
2016-01-04,MED-ATC-R06,Cetirizine,Antihistamine,1.0
2016-01-05,MED-ATC-R06,Cetirizine,Antihistamine,1.0
2016-01-06,MED-ATC-R06,Cetirizine,Antihistamine,2.0
2016-01-07,MED-ATC-R06,Cetirizine,Antihistamine,0.0
2016-01-08,MED-ATC-R06,Cetirizine,Antihistamine,2.0
2016-01-09,MED-ATC-R06,Cetirizine,Antihistamine,3.0
2016-01-10,MED-ATC-R06,Cetirizine,Antihistamine,0.0
2016-01-11,MED-ATC-R06,Cetirizine,Antihistamine,4.0
2016-01-12,MED-ATC-R06,Cetirizine,Antihistamine,0.0
2016-01-13,MED-ATC-R06,Cetirizine,Antihistamine,2.0
2016-01-14,MED-ATC-R06,Cetirizine,Antihistamine,2.0
2016-01-15,MED-ATC-R06,Cetirizine,Antihistamine,2.0
2016-01-16,MED-ATC-R06,Cetirizine,Antihistamine,1.0
2016-01-17,MED-ATC-R06,Cetirizine,Antihistamine,1.0
2016-01-18,MED-ATC-R06,Cetirizine,Antihistamine,2.0
2016-01-19,MED-ATC-R06,Cetirizine,Antihistamine,3.0
2016-01-20,MED-ATC-R06,Cetirizine,Antihistamine,2.0
2016-01-21,MED-ATC-R06,Cetirizine,Antihistamine,5.0
2016-01-22,MED-ATC-R06,Cetirizine,Antihistamine,0.0
2016-01-23,MED-ATC-R06,Cetirizine,Antihistamine,2.0
2016-01-24,MED-ATC-R06,Cetirizine,Antihistamine,3.0
2016-01-25,MED-ATC-R06,Cetirizine,Antihistamine,1.5
2016-01-26,MED-ATC-R06,Cetirizine,Antihistamine,0.0
2016-01-27,MED-ATC-R06,Cetirizine,Antihistamine,2.0
2016-01-28,MED-ATC-R06,Cetirizine,Antihistamine,3.0
2016-01-29,MED-ATC-R06,Cetirizine,Antihistamine,2.0
2016-01-30,MED-ATC-R06,Cetirizine,Antihistamine,2.0
2016-01-31,MED-ATC-R06,Cetirizine,Antihistamine,2.0
2016-02-01,MED-ATC-R06,Cetirizine,Antihistamine,1.0
2016-02-02,MED-ATC-R06,Cetirizine,Antihistamine,1.0
2016-02-03,MED-ATC-R06,Cetirizine,Antihistamine,0.0
2016-02-04,MED-ATC-R06,Cetirizine,Antihistamine,4.0
2016-02-05,MED-ATC-R06,Cetirizine,Antihistamine,1.0
2016-02-06,MED-ATC-R06,Cetirizine,Antihistamine,2.0
2016-02-07,MED-ATC-R06,Cetirizine,Antihistamine,1.0
2016-02-08,MED-ATC-R06,Cetirizine,Antihistamine,1.0
2016-02-09,MED-ATC-R06,Cetirizine,Antihistamine,2.0
2016-02-10,MED-ATC-R06,Cetirizine,Antihistamine,2.0
2016-02-11,MED-ATC-R06,Cetirizine,Antihistamine,4.0
2016-02-12,MED-ATC-R06,Cetirizine,Antihistamine,1.0
2016-02-13,MED-ATC-R06,Cetirizine,Antihistamine,2.0
2016-02-14,MED-ATC-R06,Cetirizine,Antihistamine,4.0
2016-02-15,MED-ATC-R06,Cetirizine,Antihistamine,0.0
2016-02-16,MED-ATC-R06,Cetirizine,Antihistamine,3.0
2016-02-17,MED-ATC-R06,Cetirizine,Antihistamine,0.0
2016-02-18,MED-ATC-R06,Cetirizine,Antihistamine,1.0
2016-02-19,MED-ATC-R06,Cetirizine,Antihistamine,1.0
2016-02-20,MED-ATC-R06,Cetirizine,Antihistamine,3.0
2016-02-21,MED-ATC-R06,Cetirizine,Antihistamine,4.0
2016-02-22,MED-ATC-R06,Cetirizine,Antihistamine,4.0
2016-02-23,MED-ATC-R06,Cetirizine,Antihistamine,3.0
2016-02-24,MED-ATC-R06,Cetirizine,Antihistamine,1.0
2016-02-25,MED-ATC-R06,Cetirizine,Antihistamine,3.0
2016-02-26,MED-ATC-R06,Cetirizine,Antihistamine,1.0
2016-02-27,MED-ATC-R06,Cetirizine,Antihistamine,2.0
2016-02-28,MED-ATC-R06,Cetirizine,Antihistamine,5.0
2016-02-29,MED-ATC-R06,Cetirizine,Antihistamine,1.0
2016-03-01,MED-ATC-R06,Cetirizine,Antihistamine,2.0
2016-03-02,MED-ATC-R06,Cetirizine,Antihistamine,0.0
2016-03-03,MED-ATC-R06,Cetirizine,Antihistamine,4.0
2016-03-04,MED-ATC-R06,Cetirizine,Antihistamine,0.0
2016-03-05,MED-ATC-R06,Cetirizine,Antihistamine,5.0
2016-03-06,MED-ATC-R06,Cetirizine,Antihistamine,7.0
2016-03-07,MED-ATC-R06,Cetirizine,Antihistamine,1.0
2016-03-08,MED-ATC-R06,Cetirizine,Antihistamine,3.0
2016-03-09,MED-ATC-R06,Cetirizine,Antihistamine,4.0
2016-03-10,MED-ATC-R06,Cetirizine,Antihistamine,2.0
2016-03-11,MED-ATC-R06,Cetirizine,Antihistamine,1.0
2016-03-12,MED-ATC-R06,Cetirizine,Antihistamine,1.0
2016-03-13,MED-ATC-R06,Cetirizine,Antihistamine,0.34
2016-03-14,MED-ATC-R06,Cetirizine,Antihistamine,1.0
2016-03-15,MED-ATC-R06,Cetirizine,Antihistamine,3.0
2016-03-16,MED-ATC-R06,Cetirizine,Antihistamine,4.0
2016-03-17,MED-ATC-R06,Cetirizine,Antihistamine,5.0
2016-03-18,MED-ATC-R06,Cetirizine,Antihistamine,3.0
2016-03-19,MED-ATC-R06,Cetirizine,Antihistamine,5.0
2016-03-20,MED-ATC-R06,Cetirizine,Antihistamine,5.0
2016-03-21,MED-ATC-R06,Cetirizine,Antihistamine,7.0
2016-03-22,MED-ATC-R06,Cetirizine,Antihistamine,2.0
2016-03-23,MED-ATC-R06,Cetirizine,Antihistamine,3.0
2016-03-24,MED-ATC-R06,Cetirizine,Antihistamine,2.0
2016-03-25,MED-ATC-R06,Cetirizine,Antihistamine,3.0
2016-03-26,MED-ATC-R06,Cetirizine,Antihistamine,5.0
2016-03-27,MED-ATC-R06,Cetirizine,Antihistamine,4.0
2016-03-28,MED-ATC-R06,Cetirizine,Antihistamine,4.5
2016-03-29,MED-ATC-R06,Cetirizine,Antihistamine,1.0
2016-03-30,MED-ATC-R06,Cetirizine,Antihistamine,5.0
2016-03-31,MED-ATC-R06,Cetirizine,Antihistamine,5.0
2016-04-01,MED-ATC-R06,Cetirizine,Antihistamine,10.5
2016-04-02,MED-ATC-R06,Cetirizine,Antihistamine,7.4
2016-04-03,MED-ATC-R06,Cetirizine,Antihistamine,11.0
2016-04-04,MED-ATC-R06,Cetirizine,Antihistamine,2.0
2016-04-05,MED-ATC-R06,Cetirizine,Antihistamine,12.0
2016-04-06,MED-ATC-R06,Cetirizine,Antihistamine,3.0
2016-04-07,MED-ATC-R06,Cetirizine,Antihistamine,8.2
2016-04-08,MED-ATC-R06,Cetirizine,Antihistamine,4.4
2016-04-09,MED-ATC-R06,Cetirizine,Antihistamine,3.0
2016-04-10,MED-ATC-R06,Cetirizine,Antihistamine,8.0
2016-04-11,MED-ATC-R06,Cetirizine,Antihistamine,6.0
2016-04-12,MED-ATC-R06,Cetirizine,Antihistamine,5.0
2016-04-13,MED-ATC-R06,Cetirizine,Antihistamine,3.0
2016-04-14,MED-ATC-R06,Cetirizine,Antihistamine,6.0
2016-04-15,MED-ATC-R06,Cetirizine,Antihistamine,4.2
2016-04-16,MED-ATC-R06,Cetirizine,Antihistamine,8.5
2016-04-17,MED-ATC-R06,Cetirizine,Antihistamine,7.2
2016-04-18,MED-ATC-R06,Cetirizine,Antihistamine,7.0
2016-04-19,MED-ATC-R06,Cetirizine,Antihistamine,4.0
2016-04-20,MED-ATC-R06,Cetirizine,Antihistamine,3.0
2016-04-21,MED-ATC-R06,Cetirizine,Antihistamine,2.3
2016-04-22,MED-ATC-R06,Cetirizine,Antihistamine,1.0
2016-04-23,MED-ATC-R06,Cetirizine,Antihistamine,4.5
2016-04-24,MED-ATC-R06,Cetirizine,Antihistamine,5.0
2016-04-25,MED-ATC-R06,Cetirizine,Antihistamine,2.5
2016-04-26,MED-ATC-R06,Cetirizine,Antihistamine,2.0
2016-04-27,MED-ATC-R06,Cetirizine,Antihistamine,2.0
2016-04-28,MED-ATC-R06,Cetirizine,Antihistamine,12.0
2016-04-29,MED-ATC-R06,Cetirizine,Antihistamine,3.2
2016-04-30,MED-ATC-R06,Cetirizine,Antihistamine,4.5
2016-05-01,MED-ATC-R06,Cetirizine,Antihistamine,0.0
2016-05-02,MED-ATC-R06,Cetirizine,Antihistamine,2.0
2016-05-03,MED-ATC-R06,Cetirizine,Antihistamine,2.0
2016-05-04,MED-ATC-R06,Cetirizine,Antihistamine,2.0
2016-05-05,MED-ATC-R06,Cetirizine,Antihistamine,2.0
2016-05-06,MED-ATC-R06,Cetirizine,Antihistamine,3.0
2016-05-07,MED-ATC-R06,Cetirizine,Antihistamine,10.0
2016-05-08,MED-ATC-R06,Cetirizine,Antihistamine,11.0
2016-05-09,MED-ATC-R06,Cetirizine,Antihistamine,5.0
2016-05-10,MED-ATC-R06,Cetirizine,Antihistamine,3.5
2016-05-11,MED-ATC-R06,Cetirizine,Antihistamine,2.0
2016-05-12,MED-ATC-R06,Cetirizine,Antihistamine,0.0
2016-05-13,MED-ATC-R06,Cetirizine,Antihistamine,5.0
2016-05-14,MED-ATC-R06,Cetirizine,Antihistamine,1.0
2016-05-15,MED-ATC-R06,Cetirizine,Antihistamine,4.0
2016-05-16,MED-ATC-R06,Cetirizine,Antihistamine,3.0
2016-05-17,MED-ATC-R06,Cetirizine,Antihistamine,3.2
2016-05-18,MED-ATC-R06,Cetirizine,Antihistamine,5.0
2016-05-19,MED-ATC-R06,Cetirizine,Antihistamine,3.0
2016-05-20,MED-ATC-R06,Cetirizine,Antihistamine,5.0
2016-05-21,MED-ATC-R06,Cetirizine,Antihistamine,5.0
2016-05-22,MED-ATC-R06,Cetirizine,Antihistamine,10.0
2016-05-23,MED-ATC-R06,Cetirizine,Antihistamine,4.0
2016-05-24,MED-ATC-R06,Cetirizine,Antihistamine,2.0
2016-05-25,MED-ATC-R06,Cetirizine,Antihistamine,1.2
2016-05-26,MED-ATC-R06,Cetirizine,Antihistamine,9.0
2016-05-27,MED-ATC-R06,Cetirizine,Antihistamine,6.0
2016-05-28,MED-ATC-R06,Cetirizine,Antihistamine,9.0
2016-05-29,MED-ATC-R06,Cetirizine,Antihistamine,9.2
2016-05-30,MED-ATC-R06,Cetirizine,Antihistamine,8.0
2016-05-31,MED-ATC-R06,Cetirizine,Antihistamine,2.0
2016-06-01,MED-ATC-R06,Cetirizine,Antihistamine,5.0
2016-06-02,MED-ATC-R06,Cetirizine,Antihistamine,1.0
2016-06-03,MED-ATC-R06,Cetirizine,Antihistamine,7.0
2016-06-04,MED-ATC-R06,Cetirizine,Antihistamine,4.0
2016-06-05,MED-ATC-R06,Cetirizine,Antihistamine,4.0
2016-06-06,MED-ATC-R06,Cetirizine,Antihistamine,6.0
2016-06-07,MED-ATC-R06,Cetirizine,Antihistamine,3.0
2016-06-08,MED-ATC-R06,Cetirizine,Antihistamine,6.0
2016-06-09,MED-ATC-R06,Cetirizine,Antihistamine,4.2
2016-06-10,MED-ATC-R06,Cetirizine,Antihistamine,5.0
2016-06-11,MED-ATC-R06,Cetirizine,Antihistamine,8.0
2016-06-12,MED-ATC-R06,Cetirizine,Antihistamine,6.0
2016-06-13,MED-ATC-R06,Cetirizine,Antihistamine,2.0
2016-06-14,MED-ATC-R06,Cetirizine,Antihistamine,3.0
2016-06-15,MED-ATC-R06,Cetirizine,Antihistamine,6.0
2016-06-16,MED-ATC-R06,Cetirizine,Antihistamine,3.0
2016-06-17,MED-ATC-R06,Cetirizine,Antihistamine,4.0
2016-06-18,MED-ATC-R06,Cetirizine,Antihistamine,4.0
2016-06-19,MED-ATC-R06,Cetirizine,Antihistamine,15.0
2016-06-20,MED-ATC-R06,Cetirizine,Antihistamine,6.0
2016-06-21,MED-ATC-R06,Cetirizine,Antihistamine,5.6
2016-06-22,MED-ATC-R06,Cetirizine,Antihistamine,2.0
2016-06-23,MED-ATC-R06,Cetirizine,Antihistamine,3.0
2016-06-24,MED-ATC-R06,Cetirizine,Antihistamine,2.0
2016-06-25,MED-ATC-R06,Cetirizine,Antihistamine,4.0
2016-06-26,MED-ATC-R06,Cetirizine,Antihistamine,3.0
2016-06-27,MED-ATC-R06,Cetirizine,Antihistamine,2.0
2016-06-28,MED-ATC-R06,Cetirizine,Antihistamine,7.0
2016-06-29,MED-ATC-R06,Cetirizine,Antihistamine,2.0
2016-06-30,MED-ATC-R06,Cetirizine,Antihistamine,2.0
2016-07-01,MED-ATC-R06,Cetirizine,Antihistamine,7.0
2016-07-02,MED-ATC-R06,Cetirizine,Antihistamine,3.0
2016-07-03,MED-ATC-R06,Cetirizine,Antihistamine,5.0
2016-07-04,MED-ATC-R06,Cetirizine,Antihistamine,6.0
2016-07-05,MED-ATC-R06,Cetirizine,Antihistamine,3.0
2016-07-06,MED-ATC-R06,Cetirizine,Antihistamine,4.0
2016-07-07,MED-ATC-R06,Cetirizine,Antihistamine,2.0
2016-07-08,MED-ATC-R06,Cetirizine,Antihistamine,4.3
2016-07-09,MED-ATC-R06,Cetirizine,Antihistamine,2.0
2016-07-10,MED-ATC-R06,Cetirizine,Antihistamine,3.0
2016-07-11,MED-ATC-R06,Cetirizine,Antihistamine,6.2
2016-07-12,MED-ATC-R06,Cetirizine,Antihistamine,4.0
2016-07-13,MED-ATC-R06,Cetirizine,Antihistamine,2.0
2016-07-14,MED-ATC-R06,Cetirizine,Antihistamine,5.0
2016-07-15,MED-ATC-R06,Cetirizine,Antihistamine,3.33
2016-07-16,MED-ATC-R06,Cetirizine,Antihistamine,8.0
2016-07-17,MED-ATC-R06,Cetirizine,Antihistamine,4.0
2016-07-18,MED-ATC-R06,Cetirizine,Antihistamine,4.0
2016-07-19,MED-ATC-R06,Cetirizine,Antihistamine,2.0
2016-07-20,MED-ATC-R06,Cetirizine,Antihistamine,5.0
2016-07-21,MED-ATC-R06,Cetirizine,Antihistamine,2.0
2016-07-22,MED-ATC-R06,Cetirizine,Antihistamine,2.0
2016-07-23,MED-ATC-R06,Cetirizine,Antihistamine,5.0
2016-07-24,MED-ATC-R06,Cetirizine,Antihistamine,2.0
2016-07-25,MED-ATC-R06,Cetirizine,Antihistamine,4.0
2016-07-26,MED-ATC-R06,Cetirizine,Antihistamine,2.0
2016-07-27,MED-ATC-R06,Cetirizine,Antihistamine,2.0
2016-07-28,MED-ATC-R06,Cetirizine,Antihistamine,3.0
2016-07-29,MED-ATC-R06,Cetirizine,Antihistamine,2.0
2016-07-30,MED-ATC-R06,Cetirizine,Antihistamine,6.0
2016-07-31,MED-ATC-R06,Cetirizine,Antihistamine,4.0
2016-08-01,MED-ATC-R06,Cetirizine,Antihistamine,6.0
2016-08-02,MED-ATC-R06,Cetirizine,Antihistamine,1.0
2016-08-03,MED-ATC-R06,Cetirizine,Antihistamine,3.0
2016-08-04,MED-ATC-R06,Cetirizine,Antihistamine,4.0
2016-08-05,MED-ATC-R06,Cetirizine,Antihistamine,1.3
2016-08-06,MED-ATC-R06,Cetirizine,Antihistamine,2.0
2016-08-07,MED-ATC-R06,Cetirizine,Antihistamine,3.0
2016-08-08,MED-ATC-R06,Cetirizine,Antihistamine,4.0
2016-08-09,MED-ATC-R06,Cetirizine,Antihistamine,4.0
2016-08-10,MED-ATC-R06,Cetirizine,Antihistamine,2.0
2016-08-11,MED-ATC-R06,Cetirizine,Antihistamine,2.0
2016-08-12,MED-ATC-R06,Cetirizine,Antihistamine,2.0
2016-08-13,MED-ATC-R06,Cetirizine,Antihistamine,5.0
2016-08-14,MED-ATC-R06,Cetirizine,Antihistamine,0.0
2016-08-15,MED-ATC-R06,Cetirizine,Antihistamine,2.0
2016-08-16,MED-ATC-R06,Cetirizine,Antihistamine,3.5
2016-08-17,MED-ATC-R06,Cetirizine,Antihistamine,5.0
2016-08-18,MED-ATC-R06,Cetirizine,Antihistamine,1.0
2016-08-19,MED-ATC-R06,Cetirizine,Antihistamine,4.0
2016-08-20,MED-ATC-R06,Cetirizine,Antihistamine,6.0
2016-08-21,MED-ATC-R06,Cetirizine,Antihistamine,1.0
2016-08-22,MED-ATC-R06,Cetirizine,Antihistamine,6.0
2016-08-23,MED-ATC-R06,Cetirizine,Antihistamine,1.2
2016-08-24,MED-ATC-R06,Cetirizine,Antihistamine,3.0
2016-08-25,MED-ATC-R06,Cetirizine,Antihistamine,5.0
2016-08-26,MED-ATC-R06,Cetirizine,Antihistamine,0.0
2016-08-27,MED-ATC-R06,Cetirizine,Antihistamine,0.0
2016-08-28,MED-ATC-R06,Cetirizine,Antihistamine,2.0
2016-08-29,MED-ATC-R06,Cetirizine,Antihistamine,1.3
2016-08-30,MED-ATC-R06,Cetirizine,Antihistamine,0.0
2016-08-31,MED-ATC-R06,Cetirizine,Antihistamine,5.0
2016-09-01,MED-ATC-R06,Cetirizine,Antihistamine,3.0
2016-09-02,MED-ATC-R06,Cetirizine,Antihistamine,2.0
2016-09-03,MED-ATC-R06,Cetirizine,Antihistamine,4.0
2016-09-04,MED-ATC-R06,Cetirizine,Antihistamine,5.0
2016-09-05,MED-ATC-R06,Cetirizine,Antihistamine,4.0
2016-09-06,MED-ATC-R06,Cetirizine,Antihistamine,3.0
2016-09-07,MED-ATC-R06,Cetirizine,Antihistamine,3.0
2016-09-08,MED-ATC-R06,Cetirizine,Antihistamine,0.0
2016-09-09,MED-ATC-R06,Cetirizine,Antihistamine,3.0
2016-09-10,MED-ATC-R06,Cetirizine,Antihistamine,3.0
2016-09-11,MED-ATC-R06,Cetirizine,Antihistamine,4.0
2016-09-12,MED-ATC-R06,Cetirizine,Antihistamine,4.0
2016-09-13,MED-ATC-R06,Cetirizine,Antihistamine,0.0
2016-09-14,MED-ATC-R06,Cetirizine,Antihistamine,2.0
2016-09-15,MED-ATC-R06,Cetirizine,Antihistamine,1.0
2016-09-16,MED-ATC-R06,Cetirizine,Antihistamine,0.0
2016-09-17,MED-ATC-R06,Cetirizine,Antihistamine,4.1
2016-09-18,MED-ATC-R06,Cetirizine,Antihistamine,1.0
2016-09-19,MED-ATC-R06,Cetirizine,Antihistamine,1.0
2016-09-20,MED-ATC-R06,Cetirizine,Antihistamine,1.0
2016-09-21,MED-ATC-R06,Cetirizine,Antihistamine,2.0
2016-09-22,MED-ATC-R06,Cetirizine,Antihistamine,3.0
2016-09-23,MED-ATC-R06,Cetirizine,Antihistamine,1.0
2016-09-24,MED-ATC-R06,Cetirizine,Antihistamine,1.0
2016-09-25,MED-ATC-R06,Cetirizine,Antihistamine,2.0
2016-09-26,MED-ATC-R06,Cetirizine,Antihistamine,1.0
2016-09-27,MED-ATC-R06,Cetirizine,Antihistamine,3.0
2016-09-28,MED-ATC-R06,Cetirizine,Antihistamine,4.0
2016-09-29,MED-ATC-R06,Cetirizine,Antihistamine,1.2
2016-09-30,MED-ATC-R06,Cetirizine,Antihistamine,3.0
2016-10-01,MED-ATC-R06,Cetirizine,Antihistamine,2.0
2016-10-02,MED-ATC-R06,Cetirizine,Antihistamine,3.0
2016-10-03,MED-ATC-R06,Cetirizine,Antihistamine,3.0
2016-10-04,MED-ATC-R06,Cetirizine,Antihistamine,2.5
2016-10-05,MED-ATC-R06,Cetirizine,Antihistamine,1.0
2016-10-06,MED-ATC-R06,Cetirizine,Antihistamine,0.0
2016-10-07,MED-ATC-R06,Cetirizine,Antihistamine,1.0
2016-10-08,MED-ATC-R06,Cetirizine,Antihistamine,5.0
2016-10-09,MED-ATC-R06,Cetirizine,Antihistamine,1.0
2016-10-10,MED-ATC-R06,Cetirizine,Antihistamine,1.0
2016-10-11,MED-ATC-R06,Cetirizine,Antihistamine,1.0
2016-10-12,MED-ATC-R06,Cetirizine,Antihistamine,2.0
2016-10-13,MED-ATC-R06,Cetirizine,Antihistamine,2.3
2016-10-14,MED-ATC-R06,Cetirizine,Antihistamine,1.0
2016-10-15,MED-ATC-R06,Cetirizine,Antihistamine,1.0
2016-10-16,MED-ATC-R06,Cetirizine,Antihistamine,5.0
2016-10-17,MED-ATC-R06,Cetirizine,Antihistamine,1.0
2016-10-18,MED-ATC-R06,Cetirizine,Antihistamine,3.1
2016-10-19,MED-ATC-R06,Cetirizine,Antihistamine,1.0
2016-10-20,MED-ATC-R06,Cetirizine,Antihistamine,2.0
2016-10-21,MED-ATC-R06,Cetirizine,Antihistamine,2.0
2016-10-22,MED-ATC-R06,Cetirizine,Antihistamine,4.0
2016-10-23,MED-ATC-R06,Cetirizine,Antihistamine,2.0
2016-10-24,MED-ATC-R06,Cetirizine,Antihistamine,1.0
2016-10-25,MED-ATC-R06,Cetirizine,Antihistamine,0.0
2016-10-26,MED-ATC-R06,Cetirizine,Antihistamine,1.0
2016-10-27,MED-ATC-R06,Cetirizine,Antihistamine,0.0
2016-10-28,MED-ATC-R06,Cetirizine,Antihistamine,0.0
2016-10-29,MED-ATC-R06,Cetirizine,Antihistamine,5.0
2016-10-30,MED-ATC-R06,Cetirizine,Antihistamine,2.0
2016-10-31,MED-ATC-R06,Cetirizine,Antihistamine,5.0
2016-11-01,MED-ATC-R06,Cetirizine,Antihistamine,3.0
2016-11-02,MED-ATC-R06,Cetirizine,Antihistamine,3.0
2016-11-03,MED-ATC-R06,Cetirizine,Antihistamine,1.0
2016-11-04,MED-ATC-R06,Cetirizine,Antihistamine,4.2
2016-11-05,MED-ATC-R06,Cetirizine,Antihistamine,2.0
2016-11-06,MED-ATC-R06,Cetirizine,Antihistamine,5.0
2016-11-07,MED-ATC-R06,Cetirizine,Antihistamine,1.0
2016-11-08,MED-ATC-R06,Cetirizine,Antihistamine,3.0
2016-11-09,MED-ATC-R06,Cetirizine,Antihistamine,0.0
2016-11-10,MED-ATC-R06,Cetirizine,Antihistamine,3.4
2016-11-11,MED-ATC-R06,Cetirizine,Antihistamine,1.0
2016-11-12,MED-ATC-R06,Cetirizine,Antihistamine,1.2
2016-11-13,MED-ATC-R06,Cetirizine,Antihistamine,1.0
2016-11-14,MED-ATC-R06,Cetirizine,Antihistamine,1.0
2016-11-15,MED-ATC-R06,Cetirizine,Antihistamine,1.0
2016-11-16,MED-ATC-R06,Cetirizine,Antihistamine,1.0
2016-11-17,MED-ATC-R06,Cetirizine,Antihistamine,1.4
2016-11-18,MED-ATC-R06,Cetirizine,Antihistamine,2.0
2016-11-19,MED-ATC-R06,Cetirizine,Antihistamine,2.0
2016-11-20,MED-ATC-R06,Cetirizine,Antihistamine,2.0
2016-11-21,MED-ATC-R06,Cetirizine,Antihistamine,3.0
2016-11-22,MED-ATC-R06,Cetirizine,Antihistamine,2.0
2016-11-23,MED-ATC-R06,Cetirizine,Antihistamine,1.0
2016-11-24,MED-ATC-R06,Cetirizine,Antihistamine,3.0
2016-11-25,MED-ATC-R06,Cetirizine,Antihistamine,1.0
2016-11-26,MED-ATC-R06,Cetirizine,Antihistamine,2.0
2016-11-27,MED-ATC-R06,Cetirizine,Antihistamine,0.0
2016-11-28,MED-ATC-R06,Cetirizine,Antihistamine,0.0
2016-11-29,MED-ATC-R06,Cetirizine,Antihistamine,0.0
2016-11-30,MED-ATC-R06,Cetirizine,Antihistamine,0.0
2016-12-01,MED-ATC-R06,Cetirizine,Antihistamine,0.0
2016-12-02,MED-ATC-R06,Cetirizine,Antihistamine,0.2
2016-12-03,MED-ATC-R06,Cetirizine,Antihistamine,4.0
2016-12-04,MED-ATC-R06,Cetirizine,Antihistamine,0.0
2016-12-05,MED-ATC-R06,Cetirizine,Antihistamine,2.0
2016-12-06,MED-ATC-R06,Cetirizine,Antihistamine,1.0
2016-12-07,MED-ATC-R06,Cetirizine,Antihistamine,3.0
2016-12-08,MED-ATC-R06,Cetirizine,Antihistamine,0.0
2016-12-09,MED-ATC-R06,Cetirizine,Antihistamine,2.0
2016-12-10,MED-ATC-R06,Cetirizine,Antihistamine,2.0
2016-12-11,MED-ATC-R06,Cetirizine,Antihistamine,1.0
2016-12-12,MED-ATC-R06,Cetirizine,Antihistamine,4.0
2016-12-13,MED-ATC-R06,Cetirizine,Antihistamine,0.0
2016-12-14,MED-ATC-R06,Cetirizine,Antihistamine,1.2
2016-12-15,MED-ATC-R06,Cetirizine,Antihistamine,1.0
2016-12-16,MED-ATC-R06,Cetirizine,Antihistamine,1.0
2016-12-17,MED-ATC-R06,Cetirizine,Antihistamine,1.0
2016-12-18,MED-ATC-R06,Cetirizine,Antihistamine,1.0
2016-12-19,MED-ATC-R06,Cetirizine,Antihistamine,0.0
2016-12-20,MED-ATC-R06,Cetirizine,Antihistamine,0.0
2016-12-21,MED-ATC-R06,Cetirizine,Antihistamine,2.5
2016-12-22,MED-ATC-R06,Cetirizine,Antihistamine,0.0
2016-12-23,MED-ATC-R06,Cetirizine,Antihistamine,2.0
2016-12-24,MED-ATC-R06,Cetirizine,Antihistamine,1.0
2016-12-25,MED-ATC-R06,Cetirizine,Antihistamine,1.0
2016-12-26,MED-ATC-R06,Cetirizine,Antihistamine,2.0
2016-12-27,MED-ATC-R06,Cetirizine,Antihistamine,0.0
2016-12-28,MED-ATC-R06,Cetirizine,Antihistamine,0.0
2016-12-29,MED-ATC-R06,Cetirizine,Antihistamine,2.0
2016-12-30,MED-ATC-R06,Cetirizine,Antihistamine,0.0
2016-12-31,MED-ATC-R06,Cetirizine,Antihistamine,0.0
2017-01-01,MED-ATC-R06,Cetirizine,Antihistamine,0.625
2017-01-02,MED-ATC-R06,Cetirizine,Antihistamine,3.125
2017-01-03,MED-ATC-R06,Cetirizine,Antihistamine,1.875
2017-01-04,MED-ATC-R06,Cetirizine,Antihistamine,2.9167
2017-01-05,MED-ATC-R06,Cetirizine,Antihistamine,2.5
2017-01-06,MED-ATC-R06,Cetirizine,Antihistamine,2.5
2017-01-07,MED-ATC-R06,Cetirizine,Antihistamine,0.0
2017-01-08,MED-ATC-R06,Cetirizine,Antihistamine,1.6667
2017-01-09,MED-ATC-R06,Cetirizine,Antihistamine,2.0833
2017-01-10,MED-ATC-R06,Cetirizine,Antihistamine,0.8333
2017-01-11,MED-ATC-R06,Cetirizine,Antihistamine,2.9167
2017-01-12,MED-ATC-R06,Cetirizine,Antihistamine,1.6667
2017-01-13,MED-ATC-R06,Cetirizine,Antihistamine,1.3333
2017-01-14,MED-ATC-R06,Cetirizine,Antihistamine,2.0833
2017-01-15,MED-ATC-R06,Cetirizine,Antihistamine,1.25
2017-01-16,MED-ATC-R06,Cetirizine,Antihistamine,2.0833
2017-01-17,MED-ATC-R06,Cetirizine,Antihistamine,2.5
2017-01-18,MED-ATC-R06,Cetirizine,Antihistamine,0.8333
2017-01-19,MED-ATC-R06,Cetirizine,Antihistamine,3.3333
2017-01-20,MED-ATC-R06,Cetirizine,Antihistamine,2.5
2017-01-21,MED-ATC-R06,Cetirizine,Antihistamine,2.9167
2017-01-22,MED-ATC-R06,Cetirizine,Antihistamine,1.6667
2017-01-23,MED-ATC-R06,Cetirizine,Antihistamine,1.6667
2017-01-24,MED-ATC-R06,Cetirizine,Antihistamine,2.9167
2017-01-25,MED-ATC-R06,Cetirizine,Antihistamine,2.2917
2017-01-26,MED-ATC-R06,Cetirizine,Antihistamine,0.0
2017-01-27,MED-ATC-R06,Cetirizine,Antihistamine,1.25
2017-01-28,MED-ATC-R06,Cetirizine,Antihistamine,1.25
2017-01-29,MED-ATC-R06,Cetirizine,Antihistamine,3.3333
2017-01-30,MED-ATC-R06,Cetirizine,Antihistamine,4.1667
2017-01-31,MED-ATC-R06,Cetirizine,Antihistamine,1.6667
2017-02-01,MED-ATC-R06,Cetirizine,Antihistamine,2.0833
2017-02-02,MED-ATC-R06,Cetirizine,Antihistamine,0.8333
2017-02-03,MED-ATC-R06,Cetirizine,Antihistamine,0.8333
2017-02-04,MED-ATC-R06,Cetirizine,Antihistamine,3.75
2017-02-05,MED-ATC-R06,Cetirizine,Antihistamine,1.1
2017-02-06,MED-ATC-R06,Cetirizine,Antihistamine,0.0
2017-02-07,MED-ATC-R06,Cetirizine,Antihistamine,2.0
2017-02-08,MED-ATC-R06,Cetirizine,Antihistamine,2.0
2017-02-09,MED-ATC-R06,Cetirizine,Antihistamine,1.0
2017-02-10,MED-ATC-R06,Cetirizine,Antihistamine,0.0
2017-02-11,MED-ATC-R06,Cetirizine,Antihistamine,3.0
2017-02-12,MED-ATC-R06,Cetirizine,Antihistamine,1.0
2017-02-13,MED-ATC-R06,Cetirizine,Antihistamine,0.0
2017-02-14,MED-ATC-R06,Cetirizine,Antihistamine,1.0
2017-02-15,MED-ATC-R06,Cetirizine,Antihistamine,1.0
2017-02-16,MED-ATC-R06,Cetirizine,Antihistamine,3.0
2017-02-17,MED-ATC-R06,Cetirizine,Antihistamine,1.2
2017-02-18,MED-ATC-R06,Cetirizine,Antihistamine,3.1
2017-02-19,MED-ATC-R06,Cetirizine,Antihistamine,1.0
2017-02-20,MED-ATC-R06,Cetirizine,Antihistamine,3.0
2017-02-21,MED-ATC-R06,Cetirizine,Antihistamine,1.0
2017-02-22,MED-ATC-R06,Cetirizine,Antihistamine,0.0
2017-02-23,MED-ATC-R06,Cetirizine,Antihistamine,2.0
2017-02-24,MED-ATC-R06,Cetirizine,Antihistamine,1.0
2017-02-25,MED-ATC-R06,Cetirizine,Antihistamine,0.0
2017-02-26,MED-ATC-R06,Cetirizine,Antihistamine,1.2
2017-02-27,MED-ATC-R06,Cetirizine,Antihistamine,2.0
2017-02-28,MED-ATC-R06,Cetirizine,Antihistamine,0.0
2017-03-01,MED-ATC-R06,Cetirizine,Antihistamine,2.0
2017-03-02,MED-ATC-R06,Cetirizine,Antihistamine,2.0
2017-03-03,MED-ATC-R06,Cetirizine,Antihistamine,4.0
2017-03-04,MED-ATC-R06,Cetirizine,Antihistamine,4.5
2017-03-05,MED-ATC-R06,Cetirizine,Antihistamine,5.0
2017-03-06,MED-ATC-R06,Cetirizine,Antihistamine,3.0
2017-03-07,MED-ATC-R06,Cetirizine,Antihistamine,2.0
2017-03-08,MED-ATC-R06,Cetirizine,Antihistamine,3.0
2017-03-09,MED-ATC-R06,Cetirizine,Antihistamine,2.5
2017-03-10,MED-ATC-R06,Cetirizine,Antihistamine,1.0
2017-03-11,MED-ATC-R06,Cetirizine,Antihistamine,3.5
2017-03-12,MED-ATC-R06,Cetirizine,Antihistamine,2.0
2017-03-13,MED-ATC-R06,Cetirizine,Antihistamine,0.0
2017-03-14,MED-ATC-R06,Cetirizine,Antihistamine,1.0
2017-03-15,MED-ATC-R06,Cetirizine,Antihistamine,0.0
2017-03-16,MED-ATC-R06,Cetirizine,Antihistamine,3.0
2017-03-17,MED-ATC-R06,Cetirizine,Antihistamine,3.0
2017-03-18,MED-ATC-R06,Cetirizine,Antihistamine,1.0
2017-03-19,MED-ATC-R06,Cetirizine,Antihistamine,3.0
2017-03-20,MED-ATC-R06,Cetirizine,Antihistamine,3.0
2017-03-21,MED-ATC-R06,Cetirizine,Antihistamine,5.3
2017-03-22,MED-ATC-R06,Cetirizine,Antihistamine,2.0
2017-03-23,MED-ATC-R06,Cetirizine,Antihistamine,3.5
2017-03-24,MED-ATC-R06,Cetirizine,Antihistamine,6.3
2017-03-25,MED-ATC-R06,Cetirizine,Antihistamine,4.0
2017-03-26,MED-ATC-R06,Cetirizine,Antihistamine,8.0
2017-03-27,MED-ATC-R06,Cetirizine,Antihistamine,4.0
2017-03-28,MED-ATC-R06,Cetirizine,Antihistamine,6.0
2017-03-29,MED-ATC-R06,Cetirizine,Antihistamine,4.5
2017-03-30,MED-ATC-R06,Cetirizine,Antihistamine,2.0
2017-03-31,MED-ATC-R06,Cetirizine,Antihistamine,6.0
2017-04-01,MED-ATC-R06,Cetirizine,Antihistamine,3.0
2017-04-02,MED-ATC-R06,Cetirizine,Antihistamine,12.4
2017-04-03,MED-ATC-R06,Cetirizine,Antihistamine,3.0
2017-04-04,MED-ATC-R06,Cetirizine,Antihistamine,5.5
2017-04-05,MED-ATC-R06,Cetirizine,Antihistamine,1.0
2017-04-06,MED-ATC-R06,Cetirizine,Antihistamine,1.0
2017-04-07,MED-ATC-R06,Cetirizine,Antihistamine,5.0
2017-04-08,MED-ATC-R06,Cetirizine,Antihistamine,6.0
2017-04-09,MED-ATC-R06,Cetirizine,Antihistamine,1.0
2017-04-10,MED-ATC-R06,Cetirizine,Antihistamine,4.0
2017-04-11,MED-ATC-R06,Cetirizine,Antihistamine,1.0
2017-04-12,MED-ATC-R06,Cetirizine,Antihistamine,4.0
2017-04-13,MED-ATC-R06,Cetirizine,Antihistamine,5.0
2017-04-14,MED-ATC-R06,Cetirizine,Antihistamine,4.0
2017-04-15,MED-ATC-R06,Cetirizine,Antihistamine,5.2
2017-04-16,MED-ATC-R06,Cetirizine,Antihistamine,0.0
2017-04-17,MED-ATC-R06,Cetirizine,Antihistamine,1.0
2017-04-18,MED-ATC-R06,Cetirizine,Antihistamine,2.0
2017-04-19,MED-ATC-R06,Cetirizine,Antihistamine,1.0
2017-04-20,MED-ATC-R06,Cetirizine,Antihistamine,2.0
2017-04-21,MED-ATC-R06,Cetirizine,Antihistamine,3.0
2017-04-22,MED-ATC-R06,Cetirizine,Antihistamine,2.0
2017-04-23,MED-ATC-R06,Cetirizine,Antihistamine,5.0
2017-04-24,MED-ATC-R06,Cetirizine,Antihistamine,5.0
2017-04-25,MED-ATC-R06,Cetirizine,Antihistamine,5.0
2017-04-26,MED-ATC-R06,Cetirizine,Antihistamine,8.3
2017-04-27,MED-ATC-R06,Cetirizine,Antihistamine,10.0
2017-04-28,MED-ATC-R06,Cetirizine,Antihistamine,7.0
2017-04-29,MED-ATC-R06,Cetirizine,Antihistamine,8.0
2017-04-30,MED-ATC-R06,Cetirizine,Antihistamine,2.0
2017-05-01,MED-ATC-R06,Cetirizine,Antihistamine,1.0
2017-05-02,MED-ATC-R06,Cetirizine,Antihistamine,5.0
2017-05-03,MED-ATC-R06,Cetirizine,Antihistamine,2.0
2017-05-04,MED-ATC-R06,Cetirizine,Antihistamine,4.1
2017-05-05,MED-ATC-R06,Cetirizine,Antihistamine,3.0
2017-05-06,MED-ATC-R06,Cetirizine,Antihistamine,6.0
2017-05-07,MED-ATC-R06,Cetirizine,Antihistamine,4.0
2017-05-08,MED-ATC-R06,Cetirizine,Antihistamine,5.6
2017-05-09,MED-ATC-R06,Cetirizine,Antihistamine,3.0
2017-05-10,MED-ATC-R06,Cetirizine,Antihistamine,7.0
2017-05-11,MED-ATC-R06,Cetirizine,Antihistamine,10.0
2017-05-12,MED-ATC-R06,Cetirizine,Antihistamine,6.0
2017-05-13,MED-ATC-R06,Cetirizine,Antihistamine,7.0
2017-05-14,MED-ATC-R06,Cetirizine,Antihistamine,2.1
2017-05-15,MED-ATC-R06,Cetirizine,Antihistamine,7.0
2017-05-16,MED-ATC-R06,Cetirizine,Antihistamine,7.0
2017-05-17,MED-ATC-R06,Cetirizine,Antihistamine,2.0
2017-05-18,MED-ATC-R06,Cetirizine,Antihistamine,3.0
2017-05-19,MED-ATC-R06,Cetirizine,Antihistamine,10.0
2017-05-20,MED-ATC-R06,Cetirizine,Antihistamine,6.0
2017-05-21,MED-ATC-R06,Cetirizine,Antihistamine,4.0
2017-05-22,MED-ATC-R06,Cetirizine,Antihistamine,11.0
2017-05-23,MED-ATC-R06,Cetirizine,Antihistamine,7.0
2017-05-24,MED-ATC-R06,Cetirizine,Antihistamine,4.71
2017-05-25,MED-ATC-R06,Cetirizine,Antihistamine,4.3
2017-05-26,MED-ATC-R06,Cetirizine,Antihistamine,2.0
2017-05-27,MED-ATC-R06,Cetirizine,Antihistamine,10.0
2017-05-28,MED-ATC-R06,Cetirizine,Antihistamine,3.0
2017-05-29,MED-ATC-R06,Cetirizine,Antihistamine,5.0
2017-05-30,MED-ATC-R06,Cetirizine,Antihistamine,5.0
2017-05-31,MED-ATC-R06,Cetirizine,Antihistamine,5.0
2017-06-01,MED-ATC-R06,Cetirizine,Antihistamine,2.0
2017-06-02,MED-ATC-R06,Cetirizine,Antihistamine,3.0
2017-06-03,MED-ATC-R06,Cetirizine,Antihistamine,2.0
2017-06-04,MED-ATC-R06,Cetirizine,Antihistamine,4.0
2017-06-05,MED-ATC-R06,Cetirizine,Antihistamine,8.0
2017-06-06,MED-ATC-R06,Cetirizine,Antihistamine,7.5
2017-06-07,MED-ATC-R06,Cetirizine,Antihistamine,7.0
2017-06-08,MED-ATC-R06,Cetirizine,Antihistamine,4.2
2017-06-09,MED-ATC-R06,Cetirizine,Antihistamine,6.0
2017-06-10,MED-ATC-R06,Cetirizine,Antihistamine,3.0
2017-06-11,MED-ATC-R06,Cetirizine,Antihistamine,3.0
2017-06-12,MED-ATC-R06,Cetirizine,Antihistamine,12.0
2017-06-13,MED-ATC-R06,Cetirizine,Antihistamine,9.1
2017-06-14,MED-ATC-R06,Cetirizine,Antihistamine,3.0
2017-06-15,MED-ATC-R06,Cetirizine,Antihistamine,6.5
2017-06-16,MED-ATC-R06,Cetirizine,Antihistamine,5.44
2017-06-17,MED-ATC-R06,Cetirizine,Antihistamine,5.0
2017-06-18,MED-ATC-R06,Cetirizine,Antihistamine,3.33
2017-06-19,MED-ATC-R06,Cetirizine,Antihistamine,3.0
2017-06-20,MED-ATC-R06,Cetirizine,Antihistamine,8.63
2017-06-21,MED-ATC-R06,Cetirizine,Antihistamine,5.4
2017-06-22,MED-ATC-R06,Cetirizine,Antihistamine,11.0
2017-06-23,MED-ATC-R06,Cetirizine,Antihistamine,1.2
2017-06-24,MED-ATC-R06,Cetirizine,Antihistamine,1.0
2017-06-25,MED-ATC-R06,Cetirizine,Antihistamine,4.6
2017-06-26,MED-ATC-R06,Cetirizine,Antihistamine,3.0
2017-06-27,MED-ATC-R06,Cetirizine,Antihistamine,6.0
2017-06-28,MED-ATC-R06,Cetirizine,Antihistamine,3.0
2017-06-29,MED-ATC-R06,Cetirizine,Antihistamine,5.0
2017-06-30,MED-ATC-R06,Cetirizine,Antihistamine,6.0
2017-07-01,MED-ATC-R06,Cetirizine,Antihistamine,4.0
2017-07-02,MED-ATC-R06,Cetirizine,Antihistamine,4.0
2017-07-03,MED-ATC-R06,Cetirizine,Antihistamine,0.0
2017-07-04,MED-ATC-R06,Cetirizine,Antihistamine,6.0
2017-07-05,MED-ATC-R06,Cetirizine,Antihistamine,6.0
2017-07-06,MED-ATC-R06,Cetirizine,Antihistamine,1.0
2017-07-07,MED-ATC-R06,Cetirizine,Antihistamine,0.0
2017-07-08,MED-ATC-R06,Cetirizine,Antihistamine,3.0
2017-07-09,MED-ATC-R06,Cetirizine,Antihistamine,4.0
2017-07-10,MED-ATC-R06,Cetirizine,Antihistamine,3.0
2017-07-11,MED-ATC-R06,Cetirizine,Antihistamine,2.0
2017-07-12,MED-ATC-R06,Cetirizine,Antihistamine,0.0
2017-07-13,MED-ATC-R06,Cetirizine,Antihistamine,2.0
2017-07-14,MED-ATC-R06,Cetirizine,Antihistamine,3.0
2017-07-15,MED-ATC-R06,Cetirizine,Antihistamine,2.0
2017-07-16,MED-ATC-R06,Cetirizine,Antihistamine,1.0
2017-07-17,MED-ATC-R06,Cetirizine,Antihistamine,3.0
2017-07-18,MED-ATC-R06,Cetirizine,Antihistamine,4.0
2017-07-19,MED-ATC-R06,Cetirizine,Antihistamine,6.0
2017-07-20,MED-ATC-R06,Cetirizine,Antihistamine,2.0
2017-07-21,MED-ATC-R06,Cetirizine,Antihistamine,3.0
2017-07-22,MED-ATC-R06,Cetirizine,Antihistamine,2.0
2017-07-23,MED-ATC-R06,Cetirizine,Antihistamine,5.0
2017-07-24,MED-ATC-R06,Cetirizine,Antihistamine,3.0
2017-07-25,MED-ATC-R06,Cetirizine,Antihistamine,0.1
2017-07-26,MED-ATC-R06,Cetirizine,Antihistamine,1.0
2017-07-27,MED-ATC-R06,Cetirizine,Antihistamine,1.0
2017-07-28,MED-ATC-R06,Cetirizine,Antihistamine,3.0
2017-07-29,MED-ATC-R06,Cetirizine,Antihistamine,4.0
2017-07-30,MED-ATC-R06,Cetirizine,Antihistamine,1.0
2017-07-31,MED-ATC-R06,Cetirizine,Antihistamine,2.0
2017-08-01,MED-ATC-R06,Cetirizine,Antihistamine,1.0
2017-08-02,MED-ATC-R06,Cetirizine,Antihistamine,4.0
2017-08-03,MED-ATC-R06,Cetirizine,Antihistamine,3.0
2017-08-04,MED-ATC-R06,Cetirizine,Antihistamine,2.0
2017-08-05,MED-ATC-R06,Cetirizine,Antihistamine,2.0
2017-08-06,MED-ATC-R06,Cetirizine,Antihistamine,3.0
2017-08-07,MED-ATC-R06,Cetirizine,Antihistamine,0.0
2017-08-08,MED-ATC-R06,Cetirizine,Antihistamine,4.2
2017-08-09,MED-ATC-R06,Cetirizine,Antihistamine,2.2
2017-08-10,MED-ATC-R06,Cetirizine,Antihistamine,1.1
2017-08-11,MED-ATC-R06,Cetirizine,Antihistamine,0.0
2017-08-12,MED-ATC-R06,Cetirizine,Antihistamine,2.0
2017-08-13,MED-ATC-R06,Cetirizine,Antihistamine,1.0
2017-08-14,MED-ATC-R06,Cetirizine,Antihistamine,2.0
2017-08-15,MED-ATC-R06,Cetirizine,Antihistamine,3.0
2017-08-16,MED-ATC-R06,Cetirizine,Antihistamine,2.0
2017-08-17,MED-ATC-R06,Cetirizine,Antihistamine,1.5
2017-08-18,MED-ATC-R06,Cetirizine,Antihistamine,3.0
2017-08-19,MED-ATC-R06,Cetirizine,Antihistamine,2.0
2017-08-20,MED-ATC-R06,Cetirizine,Antihistamine,1.0
2017-08-21,MED-ATC-R06,Cetirizine,Antihistamine,0.0
2017-08-22,MED-ATC-R06,Cetirizine,Antihistamine,2.0
2017-08-23,MED-ATC-R06,Cetirizine,Antihistamine,3.0
2017-08-24,MED-ATC-R06,Cetirizine,Antihistamine,3.0
2017-08-25,MED-ATC-R06,Cetirizine,Antihistamine,1.0
2017-08-26,MED-ATC-R06,Cetirizine,Antihistamine,2.0
2017-08-27,MED-ATC-R06,Cetirizine,Antihistamine,1.0
2017-08-28,MED-ATC-R06,Cetirizine,Antihistamine,3.0
2017-08-29,MED-ATC-R06,Cetirizine,Antihistamine,2.1
2017-08-30,MED-ATC-R06,Cetirizine,Antihistamine,2.0
2017-08-31,MED-ATC-R06,Cetirizine,Antihistamine,1.0
2017-09-01,MED-ATC-R06,Cetirizine,Antihistamine,0.0
2017-09-02,MED-ATC-R06,Cetirizine,Antihistamine,3.0
2017-09-03,MED-ATC-R06,Cetirizine,Antihistamine,3.0
2017-09-04,MED-ATC-R06,Cetirizine,Antihistamine,3.0
2017-09-05,MED-ATC-R06,Cetirizine,Antihistamine,1.3
2017-09-06,MED-ATC-R06,Cetirizine,Antihistamine,3.0
2017-09-07,MED-ATC-R06,Cetirizine,Antihistamine,2.0
2017-09-08,MED-ATC-R06,Cetirizine,Antihistamine,4.0
2017-09-09,MED-ATC-R06,Cetirizine,Antihistamine,4.0
2017-09-10,MED-ATC-R06,Cetirizine,Antihistamine,4.2
2017-09-11,MED-ATC-R06,Cetirizine,Antihistamine,2.0
2017-09-12,MED-ATC-R06,Cetirizine,Antihistamine,2.2
2017-09-13,MED-ATC-R06,Cetirizine,Antihistamine,0.0
2017-09-14,MED-ATC-R06,Cetirizine,Antihistamine,5.0
2017-09-15,MED-ATC-R06,Cetirizine,Antihistamine,3.0
2017-09-16,MED-ATC-R06,Cetirizine,Antihistamine,1.2
2017-09-17,MED-ATC-R06,Cetirizine,Antihistamine,5.0
2017-09-18,MED-ATC-R06,Cetirizine,Antihistamine,2.0
2017-09-19,MED-ATC-R06,Cetirizine,Antihistamine,9.0
2017-09-20,MED-ATC-R06,Cetirizine,Antihistamine,0.0
2017-09-21,MED-ATC-R06,Cetirizine,Antihistamine,1.0
2017-09-22,MED-ATC-R06,Cetirizine,Antihistamine,3.0
2017-09-23,MED-ATC-R06,Cetirizine,Antihistamine,2.0
2017-09-24,MED-ATC-R06,Cetirizine,Antihistamine,1.0
2017-09-25,MED-ATC-R06,Cetirizine,Antihistamine,1.0
2017-09-26,MED-ATC-R06,Cetirizine,Antihistamine,1.0
2017-09-27,MED-ATC-R06,Cetirizine,Antihistamine,0.0
2017-09-28,MED-ATC-R06,Cetirizine,Antihistamine,0.0
2017-09-29,MED-ATC-R06,Cetirizine,Antihistamine,1.0
2017-09-30,MED-ATC-R06,Cetirizine,Antihistamine,0.0
2017-10-01,MED-ATC-R06,Cetirizine,Antihistamine,1.0
2017-10-02,MED-ATC-R06,Cetirizine,Antihistamine,0.0
2017-10-03,MED-ATC-R06,Cetirizine,Antihistamine,2.0
2017-10-04,MED-ATC-R06,Cetirizine,Antihistamine,1.0
2017-10-05,MED-ATC-R06,Cetirizine,Antihistamine,2.0
2017-10-06,MED-ATC-R06,Cetirizine,Antihistamine,2.0
2017-10-07,MED-ATC-R06,Cetirizine,Antihistamine,1.0
2017-10-08,MED-ATC-R06,Cetirizine,Antihistamine,4.0
2017-10-09,MED-ATC-R06,Cetirizine,Antihistamine,0.0
2017-10-10,MED-ATC-R06,Cetirizine,Antihistamine,3.0
2017-10-11,MED-ATC-R06,Cetirizine,Antihistamine,2.5
2017-10-12,MED-ATC-R06,Cetirizine,Antihistamine,2.0
2017-10-13,MED-ATC-R06,Cetirizine,Antihistamine,4.0
2017-10-14,MED-ATC-R06,Cetirizine,Antihistamine,0.0
2017-10-15,MED-ATC-R06,Cetirizine,Antihistamine,2.0
2017-10-16,MED-ATC-R06,Cetirizine,Antihistamine,2.0
2017-10-17,MED-ATC-R06,Cetirizine,Antihistamine,1.0
2017-10-18,MED-ATC-R06,Cetirizine,Antihistamine,1.0
2017-10-19,MED-ATC-R06,Cetirizine,Antihistamine,0.0
2017-10-20,MED-ATC-R06,Cetirizine,Antihistamine,0.0
2017-10-21,MED-ATC-R06,Cetirizine,Antihistamine,4.0
2017-10-22,MED-ATC-R06,Cetirizine,Antihistamine,2.0
2017-10-23,MED-ATC-R06,Cetirizine,Antihistamine,1.0
2017-10-24,MED-ATC-R06,Cetirizine,Antihistamine,1.0
2017-10-25,MED-ATC-R06,Cetirizine,Antihistamine,1.0
2017-10-26,MED-ATC-R06,Cetirizine,Antihistamine,2.3
2017-10-27,MED-ATC-R06,Cetirizine,Antihistamine,2.0
2017-10-28,MED-ATC-R06,Cetirizine,Antihistamine,3.0
2017-10-29,MED-ATC-R06,Cetirizine,Antihistamine,2.2
2017-10-30,MED-ATC-R06,Cetirizine,Antihistamine,1.0
2017-10-31,MED-ATC-R06,Cetirizine,Antihistamine,1.0
2017-11-01,MED-ATC-R06,Cetirizine,Antihistamine,1.0
2017-11-02,MED-ATC-R06,Cetirizine,Antihistamine,3.0
2017-11-03,MED-ATC-R06,Cetirizine,Antihistamine,1.0
2017-11-04,MED-ATC-R06,Cetirizine,Antihistamine,3.2
2017-11-05,MED-ATC-R06,Cetirizine,Antihistamine,2.0
2017-11-06,MED-ATC-R06,Cetirizine,Antihistamine,1.0
2017-11-07,MED-ATC-R06,Cetirizine,Antihistamine,1.5
2017-11-08,MED-ATC-R06,Cetirizine,Antihistamine,1.0
2017-11-09,MED-ATC-R06,Cetirizine,Antihistamine,1.0
2017-11-10,MED-ATC-R06,Cetirizine,Antihistamine,2.0
2017-11-11,MED-ATC-R06,Cetirizine,Antihistamine,0.0
2017-11-12,MED-ATC-R06,Cetirizine,Antihistamine,2.0
2017-11-13,MED-ATC-R06,Cetirizine,Antihistamine,0.2
2017-11-14,MED-ATC-R06,Cetirizine,Antihistamine,1.0
2017-11-15,MED-ATC-R06,Cetirizine,Antihistamine,1.0
2017-11-16,MED-ATC-R06,Cetirizine,Antihistamine,1.0
2017-11-17,MED-ATC-R06,Cetirizine,Antihistamine,2.0
2017-11-18,MED-ATC-R06,Cetirizine,Antihistamine,1.2
2017-11-19,MED-ATC-R06,Cetirizine,Antihistamine,2.5
2017-11-20,MED-ATC-R06,Cetirizine,Antihistamine,0.0
2017-11-21,MED-ATC-R06,Cetirizine,Antihistamine,1.0
2017-11-22,MED-ATC-R06,Cetirizine,Antihistamine,1.0
2017-11-23,MED-ATC-R06,Cetirizine,Antihistamine,3.0
2017-11-24,MED-ATC-R06,Cetirizine,Antihistamine,0.0
2017-11-25,MED-ATC-R06,Cetirizine,Antihistamine,0.0
2017-11-26,MED-ATC-R06,Cetirizine,Antihistamine,2.0
2017-11-27,MED-ATC-R06,Cetirizine,Antihistamine,3.0
2017-11-28,MED-ATC-R06,Cetirizine,Antihistamine,3.0
2017-11-29,MED-ATC-R06,Cetirizine,Antihistamine,3.0
2017-11-30,MED-ATC-R06,Cetirizine,Antihistamine,3.0
2017-12-01,MED-ATC-R06,Cetirizine,Antihistamine,2.0
2017-12-02,MED-ATC-R06,Cetirizine,Antihistamine,1.5
2017-12-03,MED-ATC-R06,Cetirizine,Antihistamine,2.0
2017-12-04,MED-ATC-R06,Cetirizine,Antihistamine,3.0
2017-12-05,MED-ATC-R06,Cetirizine,Antihistamine,2.0
2017-12-06,MED-ATC-R06,Cetirizine,Antihistamine,1.0
2017-12-07,MED-ATC-R06,Cetirizine,Antihistamine,1.0
2017-12-08,MED-ATC-R06,Cetirizine,Antihistamine,2.0
2017-12-09,MED-ATC-R06,Cetirizine,Antihistamine,2.0
2017-12-10,MED-ATC-R06,Cetirizine,Antihistamine,2.0
2017-12-11,MED-ATC-R06,Cetirizine,Antihistamine,1.0
2017-12-12,MED-ATC-R06,Cetirizine,Antihistamine,2.0
2017-12-13,MED-ATC-R06,Cetirizine,Antihistamine,1.0
2017-12-14,MED-ATC-R06,Cetirizine,Antihistamine,3.0
2017-12-15,MED-ATC-R06,Cetirizine,Antihistamine,1.0
2017-12-16,MED-ATC-R06,Cetirizine,Antihistamine,2.0
2017-12-17,MED-ATC-R06,Cetirizine,Antihistamine,2.0
2017-12-18,MED-ATC-R06,Cetirizine,Antihistamine,0.0
2017-12-19,MED-ATC-R06,Cetirizine,Antihistamine,0.0
2017-12-20,MED-ATC-R06,Cetirizine,Antihistamine,2.0
2017-12-21,MED-ATC-R06,Cetirizine,Antihistamine,0.0
2017-12-22,MED-ATC-R06,Cetirizine,Antihistamine,1.6
2017-12-23,MED-ATC-R06,Cetirizine,Antihistamine,1.0
2017-12-24,MED-ATC-R06,Cetirizine,Antihistamine,1.0
2017-12-25,MED-ATC-R06,Cetirizine,Antihistamine,2.0
2017-12-26,MED-ATC-R06,Cetirizine,Antihistamine,2.0
2017-12-27,MED-ATC-R06,Cetirizine,Antihistamine,0.0
2017-12-28,MED-ATC-R06,Cetirizine,Antihistamine,1.0
2017-12-29,MED-ATC-R06,Cetirizine,Antihistamine,2.0
2017-12-30,MED-ATC-R06,Cetirizine,Antihistamine,3.0
2017-12-31,MED-ATC-R06,Cetirizine,Antihistamine,1.0
2018-01-01,MED-ATC-R06,Cetirizine,Antihistamine,0.0
2018-01-02,MED-ATC-R06,Cetirizine,Antihistamine,2.0
2018-01-03,MED-ATC-R06,Cetirizine,Antihistamine,3.0
2018-01-04,MED-ATC-R06,Cetirizine,Antihistamine,2.0
2018-01-05,MED-ATC-R06,Cetirizine,Antihistamine,1.0
2018-01-06,MED-ATC-R06,Cetirizine,Antihistamine,8.0
2018-01-07,MED-ATC-R06,Cetirizine,Antihistamine,0.0
2018-01-08,MED-ATC-R06,Cetirizine,Antihistamine,1.0
2018-01-09,MED-ATC-R06,Cetirizine,Antihistamine,1.0
2018-01-10,MED-ATC-R06,Cetirizine,Antihistamine,2.0
2018-01-11,MED-ATC-R06,Cetirizine,Antihistamine,0.0
2018-01-12,MED-ATC-R06,Cetirizine,Antihistamine,0.0
2018-01-13,MED-ATC-R06,Cetirizine,Antihistamine,1.0
2018-01-14,MED-ATC-R06,Cetirizine,Antihistamine,1.0
2018-01-15,MED-ATC-R06,Cetirizine,Antihistamine,2.0
2018-01-16,MED-ATC-R06,Cetirizine,Antihistamine,0.0
2018-01-17,MED-ATC-R06,Cetirizine,Antihistamine,2.0
2018-01-18,MED-ATC-R06,Cetirizine,Antihistamine,1.0
2018-01-19,MED-ATC-R06,Cetirizine,Antihistamine,1.0
2018-01-20,MED-ATC-R06,Cetirizine,Antihistamine,0.0
2018-01-21,MED-ATC-R06,Cetirizine,Antihistamine,3.5
2018-01-22,MED-ATC-R06,Cetirizine,Antihistamine,1.0
2018-01-23,MED-ATC-R06,Cetirizine,Antihistamine,1.0
2018-01-24,MED-ATC-R06,Cetirizine,Antihistamine,1.0
2018-01-25,MED-ATC-R06,Cetirizine,Antihistamine,3.0
2018-01-26,MED-ATC-R06,Cetirizine,Antihistamine,1.0
2018-01-27,MED-ATC-R06,Cetirizine,Antihistamine,4.0
2018-01-28,MED-ATC-R06,Cetirizine,Antihistamine,2.0
2018-01-29,MED-ATC-R06,Cetirizine,Antihistamine,1.0
2018-01-30,MED-ATC-R06,Cetirizine,Antihistamine,3.0
2018-01-31,MED-ATC-R06,Cetirizine,Antihistamine,1.0
2018-02-01,MED-ATC-R06,Cetirizine,Antihistamine,3.0
2018-02-02,MED-ATC-R06,Cetirizine,Antihistamine,4.4
2018-02-03,MED-ATC-R06,Cetirizine,Antihistamine,2.0
2018-02-04,MED-ATC-R06,Cetirizine,Antihistamine,3.0
2018-02-05,MED-ATC-R06,Cetirizine,Antihistamine,0.66
2018-02-06,MED-ATC-R06,Cetirizine,Antihistamine,1.0
2018-02-07,MED-ATC-R06,Cetirizine,Antihistamine,0.0
2018-02-08,MED-ATC-R06,Cetirizine,Antihistamine,0.0
2018-02-09,MED-ATC-R06,Cetirizine,Antihistamine,0.0
2018-02-10,MED-ATC-R06,Cetirizine,Antihistamine,3.0
2018-02-11,MED-ATC-R06,Cetirizine,Antihistamine,2.0
2018-02-12,MED-ATC-R06,Cetirizine,Antihistamine,1.0
2018-02-13,MED-ATC-R06,Cetirizine,Antihistamine,3.0
2018-02-14,MED-ATC-R06,Cetirizine,Antihistamine,0.0
2018-02-15,MED-ATC-R06,Cetirizine,Antihistamine,0.0
2018-02-16,MED-ATC-R06,Cetirizine,Antihistamine,1.0
2018-02-17,MED-ATC-R06,Cetirizine,Antihistamine,0.0
2018-02-18,MED-ATC-R06,Cetirizine,Antihistamine,1.0
2018-02-19,MED-ATC-R06,Cetirizine,Antihistamine,2.0
2018-02-20,MED-ATC-R06,Cetirizine,Antihistamine,3.0
2018-02-21,MED-ATC-R06,Cetirizine,Antihistamine,1.0
2018-02-22,MED-ATC-R06,Cetirizine,Antihistamine,0.0
2018-02-23,MED-ATC-R06,Cetirizine,Antihistamine,0.0
2018-02-24,MED-ATC-R06,Cetirizine,Antihistamine,3.0
2018-02-25,MED-ATC-R06,Cetirizine,Antihistamine,2.0
2018-02-26,MED-ATC-R06,Cetirizine,Antihistamine,1.0
2018-02-27,MED-ATC-R06,Cetirizine,Antihistamine,1.0
2018-02-28,MED-ATC-R06,Cetirizine,Antihistamine,1.0
2018-03-01,MED-ATC-R06,Cetirizine,Antihistamine,1.0
2018-03-02,MED-ATC-R06,Cetirizine,Antihistamine,5.5
2018-03-03,MED-ATC-R06,Cetirizine,Antihistamine,4.0
2018-03-04,MED-ATC-R06,Cetirizine,Antihistamine,1.0
2018-03-05,MED-ATC-R06,Cetirizine,Antihistamine,1.0
2018-03-06,MED-ATC-R06,Cetirizine,Antihistamine,1.0
2018-03-07,MED-ATC-R06,Cetirizine,Antihistamine,1.4
2018-03-08,MED-ATC-R06,Cetirizine,Antihistamine,4.0
2018-03-09,MED-ATC-R06,Cetirizine,Antihistamine,0.0
2018-03-10,MED-ATC-R06,Cetirizine,Antihistamine,6.0
2018-03-11,MED-ATC-R06,Cetirizine,Antihistamine,3.0
2018-03-12,MED-ATC-R06,Cetirizine,Antihistamine,8.0
2018-03-13,MED-ATC-R06,Cetirizine,Antihistamine,5.0
2018-03-14,MED-ATC-R06,Cetirizine,Antihistamine,4.0
2018-03-15,MED-ATC-R06,Cetirizine,Antihistamine,0.0
2018-03-16,MED-ATC-R06,Cetirizine,Antihistamine,1.0
2018-03-17,MED-ATC-R06,Cetirizine,Antihistamine,4.0
2018-03-18,MED-ATC-R06,Cetirizine,Antihistamine,2.0
2018-03-19,MED-ATC-R06,Cetirizine,Antihistamine,1.0
2018-03-20,MED-ATC-R06,Cetirizine,Antihistamine,5.0
2018-03-21,MED-ATC-R06,Cetirizine,Antihistamine,0.0
2018-03-22,MED-ATC-R06,Cetirizine,Antihistamine,1.0
2018-03-23,MED-ATC-R06,Cetirizine,Antihistamine,8.5
2018-03-24,MED-ATC-R06,Cetirizine,Antihistamine,0.0
2018-03-25,MED-ATC-R06,Cetirizine,Antihistamine,2.0
2018-03-26,MED-ATC-R06,Cetirizine,Antihistamine,3.3
2018-03-27,MED-ATC-R06,Cetirizine,Antihistamine,2.0
2018-03-28,MED-ATC-R06,Cetirizine,Antihistamine,1.5
2018-03-29,MED-ATC-R06,Cetirizine,Antihistamine,3.3
2018-03-30,MED-ATC-R06,Cetirizine,Antihistamine,2.0
2018-03-31,MED-ATC-R06,Cetirizine,Antihistamine,4.0
2018-04-01,MED-ATC-R06,Cetirizine,Antihistamine,5.0
2018-04-02,MED-ATC-R06,Cetirizine,Antihistamine,10.0
2018-04-03,MED-ATC-R06,Cetirizine,Antihistamine,3.5
2018-04-04,MED-ATC-R06,Cetirizine,Antihistamine,8.0
2018-04-05,MED-ATC-R06,Cetirizine,Antihistamine,3.0
2018-04-06,MED-ATC-R06,Cetirizine,Antihistamine,5.0
2018-04-07,MED-ATC-R06,Cetirizine,Antihistamine,7.0
2018-04-08,MED-ATC-R06,Cetirizine,Antihistamine,0.0
2018-04-09,MED-ATC-R06,Cetirizine,Antihistamine,6.0
2018-04-10,MED-ATC-R06,Cetirizine,Antihistamine,10.0
2018-04-11,MED-ATC-R06,Cetirizine,Antihistamine,11.0
2018-04-12,MED-ATC-R06,Cetirizine,Antihistamine,4.5
2018-04-13,MED-ATC-R06,Cetirizine,Antihistamine,4.0
2018-04-14,MED-ATC-R06,Cetirizine,Antihistamine,12.0
2018-04-15,MED-ATC-R06,Cetirizine,Antihistamine,6.0
2018-04-16,MED-ATC-R06,Cetirizine,Antihistamine,3.0
2018-04-17,MED-ATC-R06,Cetirizine,Antihistamine,6.0
2018-04-18,MED-ATC-R06,Cetirizine,Antihistamine,1.0
2018-04-19,MED-ATC-R06,Cetirizine,Antihistamine,7.0
2018-04-20,MED-ATC-R06,Cetirizine,Antihistamine,9.0
2018-04-21,MED-ATC-R06,Cetirizine,Antihistamine,6.2
2018-04-22,MED-ATC-R06,Cetirizine,Antihistamine,6.5
2018-04-23,MED-ATC-R06,Cetirizine,Antihistamine,9.0
2018-04-24,MED-ATC-R06,Cetirizine,Antihistamine,12.0
2018-04-25,MED-ATC-R06,Cetirizine,Antihistamine,9.0
2018-04-26,MED-ATC-R06,Cetirizine,Antihistamine,5.0
2018-04-27,MED-ATC-R06,Cetirizine,Antihistamine,4.0
2018-04-28,MED-ATC-R06,Cetirizine,Antihistamine,7.0
2018-04-29,MED-ATC-R06,Cetirizine,Antihistamine,10.4
2018-04-30,MED-ATC-R06,Cetirizine,Antihistamine,7.0
2018-05-01,MED-ATC-R06,Cetirizine,Antihistamine,8.0
2018-05-02,MED-ATC-R06,Cetirizine,Antihistamine,9.0
2018-05-03,MED-ATC-R06,Cetirizine,Antihistamine,10.0
2018-05-04,MED-ATC-R06,Cetirizine,Antihistamine,10.5
2018-05-05,MED-ATC-R06,Cetirizine,Antihistamine,7.0
2018-05-06,MED-ATC-R06,Cetirizine,Antihistamine,13.5
2018-05-07,MED-ATC-R06,Cetirizine,Antihistamine,3.0
2018-05-08,MED-ATC-R06,Cetirizine,Antihistamine,9.0
2018-05-09,MED-ATC-R06,Cetirizine,Antihistamine,5.0
2018-05-10,MED-ATC-R06,Cetirizine,Antihistamine,6.0
2018-05-11,MED-ATC-R06,Cetirizine,Antihistamine,10.0
2018-05-12,MED-ATC-R06,Cetirizine,Antihistamine,8.0
2018-05-13,MED-ATC-R06,Cetirizine,Antihistamine,10.0
2018-05-14,MED-ATC-R06,Cetirizine,Antihistamine,3.0
2018-05-15,MED-ATC-R06,Cetirizine,Antihistamine,7.0
2018-05-16,MED-ATC-R06,Cetirizine,Antihistamine,8.0
2018-05-17,MED-ATC-R06,Cetirizine,Antihistamine,4.0
2018-05-18,MED-ATC-R06,Cetirizine,Antihistamine,2.4
2018-05-19,MED-ATC-R06,Cetirizine,Antihistamine,5.0
2018-05-20,MED-ATC-R06,Cetirizine,Antihistamine,10.0
2018-05-21,MED-ATC-R06,Cetirizine,Antihistamine,5.0
2018-05-22,MED-ATC-R06,Cetirizine,Antihistamine,6.0
2018-05-23,MED-ATC-R06,Cetirizine,Antihistamine,7.0
2018-05-24,MED-ATC-R06,Cetirizine,Antihistamine,1.0
2018-05-25,MED-ATC-R06,Cetirizine,Antihistamine,2.0
2018-05-26,MED-ATC-R06,Cetirizine,Antihistamine,5.0
2018-05-27,MED-ATC-R06,Cetirizine,Antihistamine,11.0
2018-05-28,MED-ATC-R06,Cetirizine,Antihistamine,6.0
2018-05-29,MED-ATC-R06,Cetirizine,Antihistamine,6.0
2018-05-30,MED-ATC-R06,Cetirizine,Antihistamine,10.0
2018-05-31,MED-ATC-R06,Cetirizine,Antihistamine,5.64
2018-06-01,MED-ATC-R06,Cetirizine,Antihistamine,3.0
2018-06-02,MED-ATC-R06,Cetirizine,Antihistamine,9.0
2018-06-03,MED-ATC-R06,Cetirizine,Antihistamine,2.0
2018-06-04,MED-ATC-R06,Cetirizine,Antihistamine,6.0
2018-06-05,MED-ATC-R06,Cetirizine,Antihistamine,7.0
2018-06-06,MED-ATC-R06,Cetirizine,Antihistamine,2.0
2018-06-07,MED-ATC-R06,Cetirizine,Antihistamine,2.0
2018-06-08,MED-ATC-R06,Cetirizine,Antihistamine,4.4
2018-06-09,MED-ATC-R06,Cetirizine,Antihistamine,0.0
2018-06-10,MED-ATC-R06,Cetirizine,Antihistamine,3.0
2018-06-11,MED-ATC-R06,Cetirizine,Antihistamine,6.0
2018-06-12,MED-ATC-R06,Cetirizine,Antihistamine,7.4
2018-06-13,MED-ATC-R06,Cetirizine,Antihistamine,2.0
2018-06-14,MED-ATC-R06,Cetirizine,Antihistamine,2.0
2018-06-15,MED-ATC-R06,Cetirizine,Antihistamine,2.0
2018-06-16,MED-ATC-R06,Cetirizine,Antihistamine,7.0
2018-06-17,MED-ATC-R06,Cetirizine,Antihistamine,4.0
2018-06-18,MED-ATC-R06,Cetirizine,Antihistamine,6.0
2018-06-19,MED-ATC-R06,Cetirizine,Antihistamine,3.0
2018-06-20,MED-ATC-R06,Cetirizine,Antihistamine,2.6
2018-06-21,MED-ATC-R06,Cetirizine,Antihistamine,10.5
2018-06-22,MED-ATC-R06,Cetirizine,Antihistamine,5.5
2018-06-23,MED-ATC-R06,Cetirizine,Antihistamine,2.0
2018-06-24,MED-ATC-R06,Cetirizine,Antihistamine,3.0
2018-06-25,MED-ATC-R06,Cetirizine,Antihistamine,2.0
2018-06-26,MED-ATC-R06,Cetirizine,Antihistamine,4.4
2018-06-27,MED-ATC-R06,Cetirizine,Antihistamine,3.0
2018-06-28,MED-ATC-R06,Cetirizine,Antihistamine,2.0
2018-06-29,MED-ATC-R06,Cetirizine,Antihistamine,4.0
2018-06-30,MED-ATC-R06,Cetirizine,Antihistamine,4.0
2018-07-01,MED-ATC-R06,Cetirizine,Antihistamine,4.0
2018-07-02,MED-ATC-R06,Cetirizine,Antihistamine,7.0
2018-07-03,MED-ATC-R06,Cetirizine,Antihistamine,3.0
2018-07-04,MED-ATC-R06,Cetirizine,Antihistamine,7.0
2018-07-05,MED-ATC-R06,Cetirizine,Antihistamine,1.0
2018-07-06,MED-ATC-R06,Cetirizine,Antihistamine,6.0
2018-07-07,MED-ATC-R06,Cetirizine,Antihistamine,5.5
2018-07-08,MED-ATC-R06,Cetirizine,Antihistamine,4.0
2018-07-09,MED-ATC-R06,Cetirizine,Antihistamine,3.0
2018-07-10,MED-ATC-R06,Cetirizine,Antihistamine,4.0
2018-07-11,MED-ATC-R06,Cetirizine,Antihistamine,2.0
2018-07-12,MED-ATC-R06,Cetirizine,Antihistamine,3.0
2018-07-13,MED-ATC-R06,Cetirizine,Antihistamine,3.0
2018-07-14,MED-ATC-R06,Cetirizine,Antihistamine,1.4
2018-07-15,MED-ATC-R06,Cetirizine,Antihistamine,7.0
2018-07-16,MED-ATC-R06,Cetirizine,Antihistamine,3.0
2018-07-17,MED-ATC-R06,Cetirizine,Antihistamine,6.0
2018-07-18,MED-ATC-R06,Cetirizine,Antihistamine,6.0
2018-07-19,MED-ATC-R06,Cetirizine,Antihistamine,3.0
2018-07-20,MED-ATC-R06,Cetirizine,Antihistamine,4.0
2018-07-21,MED-ATC-R06,Cetirizine,Antihistamine,1.0
2018-07-22,MED-ATC-R06,Cetirizine,Antihistamine,6.0
2018-07-23,MED-ATC-R06,Cetirizine,Antihistamine,5.3
2018-07-24,MED-ATC-R06,Cetirizine,Antihistamine,2.0
2018-07-25,MED-ATC-R06,Cetirizine,Antihistamine,2.0
2018-07-26,MED-ATC-R06,Cetirizine,Antihistamine,4.0
2018-07-27,MED-ATC-R06,Cetirizine,Antihistamine,6.0
2018-07-28,MED-ATC-R06,Cetirizine,Antihistamine,3.0
2018-07-29,MED-ATC-R06,Cetirizine,Antihistamine,3.0
2018-07-30,MED-ATC-R06,Cetirizine,Antihistamine,4.0
2018-07-31,MED-ATC-R06,Cetirizine,Antihistamine,3.0
2018-08-01,MED-ATC-R06,Cetirizine,Antihistamine,7.0
2018-08-02,MED-ATC-R06,Cetirizine,Antihistamine,5.0
2018-08-03,MED-ATC-R06,Cetirizine,Antihistamine,1.0
2018-08-04,MED-ATC-R06,Cetirizine,Antihistamine,8.0
2018-08-05,MED-ATC-R06,Cetirizine,Antihistamine,1.3
2018-08-06,MED-ATC-R06,Cetirizine,Antihistamine,2.0
2018-08-07,MED-ATC-R06,Cetirizine,Antihistamine,3.0
2018-08-08,MED-ATC-R06,Cetirizine,Antihistamine,2.0
2018-08-09,MED-ATC-R06,Cetirizine,Antihistamine,2.0
2018-08-10,MED-ATC-R06,Cetirizine,Antihistamine,2.0
2018-08-11,MED-ATC-R06,Cetirizine,Antihistamine,10.0
2018-08-12,MED-ATC-R06,Cetirizine,Antihistamine,2.0
2018-08-13,MED-ATC-R06,Cetirizine,Antihistamine,2.0
2018-08-14,MED-ATC-R06,Cetirizine,Antihistamine,5.0
2018-08-15,MED-ATC-R06,Cetirizine,Antihistamine,1.0
2018-08-16,MED-ATC-R06,Cetirizine,Antihistamine,5.0
2018-08-17,MED-ATC-R06,Cetirizine,Antihistamine,1.0
2018-08-18,MED-ATC-R06,Cetirizine,Antihistamine,0.0
2018-08-19,MED-ATC-R06,Cetirizine,Antihistamine,6.0
2018-08-20,MED-ATC-R06,Cetirizine,Antihistamine,3.0
2018-08-21,MED-ATC-R06,Cetirizine,Antihistamine,4.0
2018-08-22,MED-ATC-R06,Cetirizine,Antihistamine,4.0
2018-08-23,MED-ATC-R06,Cetirizine,Antihistamine,3.0
2018-08-24,MED-ATC-R06,Cetirizine,Antihistamine,4.0
2018-08-25,MED-ATC-R06,Cetirizine,Antihistamine,2.5
2018-08-26,MED-ATC-R06,Cetirizine,Antihistamine,4.3
2018-08-27,MED-ATC-R06,Cetirizine,Antihistamine,1.0
2018-08-28,MED-ATC-R06,Cetirizine,Antihistamine,3.0
2018-08-29,MED-ATC-R06,Cetirizine,Antihistamine,3.0
2018-08-30,MED-ATC-R06,Cetirizine,Antihistamine,2.0
2018-08-31,MED-ATC-R06,Cetirizine,Antihistamine,4.0
2018-09-01,MED-ATC-R06,Cetirizine,Antihistamine,2.0
2018-09-02,MED-ATC-R06,Cetirizine,Antihistamine,2.0
2018-09-03,MED-ATC-R06,Cetirizine,Antihistamine,4.0
2018-09-04,MED-ATC-R06,Cetirizine,Antihistamine,2.0
2018-09-05,MED-ATC-R06,Cetirizine,Antihistamine,2.0
2018-09-06,MED-ATC-R06,Cetirizine,Antihistamine,0.0
2018-09-07,MED-ATC-R06,Cetirizine,Antihistamine,7.7
2018-09-08,MED-ATC-R06,Cetirizine,Antihistamine,1.0
2018-09-09,MED-ATC-R06,Cetirizine,Antihistamine,5.0
2018-09-10,MED-ATC-R06,Cetirizine,Antihistamine,2.0
2018-09-11,MED-ATC-R06,Cetirizine,Antihistamine,4.0
2018-09-12,MED-ATC-R06,Cetirizine,Antihistamine,0.0
2018-09-13,MED-ATC-R06,Cetirizine,Antihistamine,2.0
2018-09-14,MED-ATC-R06,Cetirizine,Antihistamine,2.0
2018-09-15,MED-ATC-R06,Cetirizine,Antihistamine,4.4
2018-09-16,MED-ATC-R06,Cetirizine,Antihistamine,3.0
2018-09-17,MED-ATC-R06,Cetirizine,Antihistamine,0.0
2018-09-18,MED-ATC-R06,Cetirizine,Antihistamine,5.0
2018-09-19,MED-ATC-R06,Cetirizine,Antihistamine,7.0
2018-09-20,MED-ATC-R06,Cetirizine,Antihistamine,5.0
2018-09-21,MED-ATC-R06,Cetirizine,Antihistamine,3.0
2018-09-22,MED-ATC-R06,Cetirizine,Antihistamine,3.0
2018-09-23,MED-ATC-R06,Cetirizine,Antihistamine,5.0
2018-09-24,MED-ATC-R06,Cetirizine,Antihistamine,2.0
2018-09-25,MED-ATC-R06,Cetirizine,Antihistamine,2.0
2018-09-26,MED-ATC-R06,Cetirizine,Antihistamine,3.0
2018-09-27,MED-ATC-R06,Cetirizine,Antihistamine,3.0
2018-09-28,MED-ATC-R06,Cetirizine,Antihistamine,3.0
2018-09-29,MED-ATC-R06,Cetirizine,Antihistamine,1.0
2018-09-30,MED-ATC-R06,Cetirizine,Antihistamine,3.0
2018-10-01,MED-ATC-R06,Cetirizine,Antihistamine,3.0
2018-10-02,MED-ATC-R06,Cetirizine,Antihistamine,0.0
2018-10-03,MED-ATC-R06,Cetirizine,Antihistamine,4.0
2018-10-04,MED-ATC-R06,Cetirizine,Antihistamine,0.0
2018-10-05,MED-ATC-R06,Cetirizine,Antihistamine,1.0
2018-10-06,MED-ATC-R06,Cetirizine,Antihistamine,0.1
2018-10-07,MED-ATC-R06,Cetirizine,Antihistamine,1.0
2018-10-08,MED-ATC-R06,Cetirizine,Antihistamine,3.0
2018-10-09,MED-ATC-R06,Cetirizine,Antihistamine,1.0
2018-10-10,MED-ATC-R06,Cetirizine,Antihistamine,2.0
2018-10-11,MED-ATC-R06,Cetirizine,Antihistamine,1.0
2018-10-12,MED-ATC-R06,Cetirizine,Antihistamine,6.0
2018-10-13,MED-ATC-R06,Cetirizine,Antihistamine,3.0
2018-10-14,MED-ATC-R06,Cetirizine,Antihistamine,6.0
2018-10-15,MED-ATC-R06,Cetirizine,Antihistamine,6.0
2018-10-16,MED-ATC-R06,Cetirizine,Antihistamine,0.0
2018-10-17,MED-ATC-R06,Cetirizine,Antihistamine,4.0
2018-10-18,MED-ATC-R06,Cetirizine,Antihistamine,5.0
2018-10-19,MED-ATC-R06,Cetirizine,Antihistamine,4.0
2018-10-20,MED-ATC-R06,Cetirizine,Antihistamine,5.0
2018-10-21,MED-ATC-R06,Cetirizine,Antihistamine,1.0
2018-10-22,MED-ATC-R06,Cetirizine,Antihistamine,1.3
2018-10-23,MED-ATC-R06,Cetirizine,Antihistamine,3.0
2018-10-24,MED-ATC-R06,Cetirizine,Antihistamine,1.5
2018-10-25,MED-ATC-R06,Cetirizine,Antihistamine,3.0
2018-10-26,MED-ATC-R06,Cetirizine,Antihistamine,1.0
2018-10-27,MED-ATC-R06,Cetirizine,Antihistamine,2.0
2018-10-28,MED-ATC-R06,Cetirizine,Antihistamine,3.0
2018-10-29,MED-ATC-R06,Cetirizine,Antihistamine,3.0
2018-10-30,MED-ATC-R06,Cetirizine,Antihistamine,1.0
2018-10-31,MED-ATC-R06,Cetirizine,Antihistamine,2.0
2018-11-01,MED-ATC-R06,Cetirizine,Antihistamine,0.0
2018-11-02,MED-ATC-R06,Cetirizine,Antihistamine,3.3
2018-11-03,MED-ATC-R06,Cetirizine,Antihistamine,2.0
2018-11-04,MED-ATC-R06,Cetirizine,Antihistamine,1.0
2018-11-05,MED-ATC-R06,Cetirizine,Antihistamine,2.3
2018-11-06,MED-ATC-R06,Cetirizine,Antihistamine,2.5
2018-11-07,MED-ATC-R06,Cetirizine,Antihistamine,0.0
2018-11-08,MED-ATC-R06,Cetirizine,Antihistamine,2.0
2018-11-09,MED-ATC-R06,Cetirizine,Antihistamine,0.0
2018-11-10,MED-ATC-R06,Cetirizine,Antihistamine,1.1
2018-11-11,MED-ATC-R06,Cetirizine,Antihistamine,1.0
2018-11-12,MED-ATC-R06,Cetirizine,Antihistamine,1.0
2018-11-13,MED-ATC-R06,Cetirizine,Antihistamine,3.0
2018-11-14,MED-ATC-R06,Cetirizine,Antihistamine,0.0
2018-11-15,MED-ATC-R06,Cetirizine,Antihistamine,0.0
2018-11-16,MED-ATC-R06,Cetirizine,Antihistamine,0.4
2018-11-17,MED-ATC-R06,Cetirizine,Antihistamine,2.0
2018-11-18,MED-ATC-R06,Cetirizine,Antihistamine,1.0
2018-11-19,MED-ATC-R06,Cetirizine,Antihistamine,0.0
2018-11-20,MED-ATC-R06,Cetirizine,Antihistamine,3.0
2018-11-21,MED-ATC-R06,Cetirizine,Antihistamine,1.0
2018-11-22,MED-ATC-R06,Cetirizine,Antihistamine,2.0
2018-11-23,MED-ATC-R06,Cetirizine,Antihistamine,3.0
2018-11-24,MED-ATC-R06,Cetirizine,Antihistamine,0.3
2018-11-25,MED-ATC-R06,Cetirizine,Antihistamine,2.0
2018-11-26,MED-ATC-R06,Cetirizine,Antihistamine,3.0
2018-11-27,MED-ATC-R06,Cetirizine,Antihistamine,2.0
2018-11-28,MED-ATC-R06,Cetirizine,Antihistamine,4.0
2018-11-29,MED-ATC-R06,Cetirizine,Antihistamine,3.0
2018-11-30,MED-ATC-R06,Cetirizine,Antihistamine,2.5
2018-12-01,MED-ATC-R06,Cetirizine,Antihistamine,2.0
2018-12-02,MED-ATC-R06,Cetirizine,Antihistamine,8.0
2018-12-03,MED-ATC-R06,Cetirizine,Antihistamine,1.0
2018-12-04,MED-ATC-R06,Cetirizine,Antihistamine,3.0
2018-12-05,MED-ATC-R06,Cetirizine,Antihistamine,2.0
2018-12-06,MED-ATC-R06,Cetirizine,Antihistamine,0.0
2018-12-07,MED-ATC-R06,Cetirizine,Antihistamine,3.0
2018-12-08,MED-ATC-R06,Cetirizine,Antihistamine,0.0
2018-12-09,MED-ATC-R06,Cetirizine,Antihistamine,0.0
2018-12-10,MED-ATC-R06,Cetirizine,Antihistamine,1.0
2018-12-11,MED-ATC-R06,Cetirizine,Antihistamine,5.5
2018-12-12,MED-ATC-R06,Cetirizine,Antihistamine,0.0
2018-12-13,MED-ATC-R06,Cetirizine,Antihistamine,0.0
2018-12-14,MED-ATC-R06,Cetirizine,Antihistamine,1.0
2018-12-15,MED-ATC-R06,Cetirizine,Antihistamine,2.3
2018-12-16,MED-ATC-R06,Cetirizine,Antihistamine,1.0
2018-12-17,MED-ATC-R06,Cetirizine,Antihistamine,2.0
2018-12-18,MED-ATC-R06,Cetirizine,Antihistamine,2.0
2018-12-19,MED-ATC-R06,Cetirizine,Antihistamine,0.0
2018-12-20,MED-ATC-R06,Cetirizine,Antihistamine,0.0
2018-12-21,MED-ATC-R06,Cetirizine,Antihistamine,1.0
2018-12-22,MED-ATC-R06,Cetirizine,Antihistamine,0.0
2018-12-23,MED-ATC-R06,Cetirizine,Antihistamine,4.0
2018-12-24,MED-ATC-R06,Cetirizine,Antihistamine,1.0
2018-12-25,MED-ATC-R06,Cetirizine,Antihistamine,2.0
2018-12-26,MED-ATC-R06,Cetirizine,Antihistamine,2.0
2018-12-27,MED-ATC-R06,Cetirizine,Antihistamine,0.0
2018-12-28,MED-ATC-R06,Cetirizine,Antihistamine,0.0
2018-12-29,MED-ATC-R06,Cetirizine,Antihistamine,2.0
2018-12-30,MED-ATC-R06,Cetirizine,Antihistamine,3.3
2018-12-31,MED-ATC-R06,Cetirizine,Antihistamine,4.0
